length_m,width_m,hull_area_m2,voronoi_entropy,tactical_h1_persistence,match_id,frame_idx
83.25999999999999,32.83,1458.8962999999997,2.5204940150425523,0.0,2017461,0
83.37,25.849999999999998,1126.3492499999998,1.8455792430673816,0.0,2017461,1
74.74000000000001,41.8,1752.9395500000003,2.011105936516381,0.0,2017461,2
77.72999999999999,43.2,1842.6435999999997,2.446724192203377,0.0,2017461,3
77.41,48.870000000000005,2098.7763,1.9524576031438474,2.62103271484375,2017461,4
79.03999999999999,39.57,1736.5007,1.8311315537288808,0.0,2017461,5
79.73,29.43,1235.5935000000002,0.8830153116606178,0.0,2017461,6
83.28999999999999,40.19,1945.365,0.6412394445973935,0.0,2017461,7
77.23,47.78,2036.1835,2.192866425840111,0.0,2017461,8
78.66,55.1,2253.39915,1.7723571115582224,0.0,2017461,9
80.28999999999999,50.04,2112.9757,2.1065972496785426,0.0,2017461,10
80.24000000000001,49.379999999999995,2230.69115,1.942499527889944,0.0,2017461,11
79.09,51.800000000000004,2321.3375,1.1848260681181677,6.089656829833984,2017461,12
81.8,55.120000000000005,2779.5805,2.5008086135537972,4.7637939453125,2017461,13
80.28999999999999,44.33,1951.3535500000003,2.4505992023636383,1.1172904968261719,2017461,14
77.13,33.54,1428.98365,1.878136686376746,0.0,2017461,15
78.13,35.28,1518.6681500000002,2.060654204815309,0.0,2017461,16
76.96,33.17,1467.9594999999997,1.3174138373623145,0.0,2017461,17
72.89,31.470000000000002,1260.05855,2.238213479705796,0.0,2017461,18
76.22,52.07,2326.6172499999993,1.9777143288137737,0.0,2017461,19
73.39,63.92,2430.817,2.290391065261995,0.0,2017461,20
78.49000000000001,40.46,1753.8061500000001,2.4279785241340677,0.0,2017461,21
78.03999999999999,35.230000000000004,1463.7598,1.774078133983108,0.0,2017461,22
75.55,48.620000000000005,2124.3556000000003,1.4132103764515616,0.0,2017461,23
77.17999999999999,41.08,1840.7277500000002,2.0810066657876027,0.0,2017461,24
75.28999999999999,54.61,2221.2371,2.3777932028235376,1.2366104125976562,2017461,25
79.62,43.3,2108.53975,2.4310513422209956,0.0,2017461,26
78.05,47.99,2024.0016500000002,2.47050952150465,3.8346691131591797,2017461,27
79.06,44.54,2038.8060500000001,2.4209767431093523,0.0,2017461,28
82.41,37.85,1717.69175,2.4071464577799606,0.0,2017461,29
76.53999999999999,29.28,1305.6826,2.162984794082817,0.0,2017461,30
76.74,34.730000000000004,1415.1254499999998,1.6511670557491278,0.0,2017461,31
74.54,34.01,1311.0225,0.532152452300151,0.0,2017461,32
74.93,31.959999999999997,1307.01305,1.9625082563663117,0.0,2017461,33
74.01,37.29,1655.4469000000001,1.6374057147043213,1.1076126098632812,2017461,34
75.05,36.01,1570.8518000000004,2.0331374412325767,0.0,2017461,35
75.21000000000001,35.1,1341.5791,1.821440125327726,0.0,2017461,36
74.72,32.89,1273.5863999999997,1.767160075988919,0.0,2017461,37
76.84,43.28,1684.00425,1.0012833238058119,0.0,2017461,38
77.75999999999999,37.02,1635.6954,1.5826583796100424,0.0,2017461,39
75.82,27.08,1158.76615,1.254389820492011,0.0,2017461,40
74.69,28.009999999999998,1125.7663499999999,1.4895978960861154,0.0,2017461,41
74.87,33.02,1268.28035,1.605362675885013,0.0,2017461,42
76.9,31.36,1422.37425,1.8734631246436646,0.0,2017461,43
77.59,39.2,1654.5109,1.3364756401327618,0.0,2017461,44
79.88,45.47,1914.3832499999999,2.52523867554107,0.0,2017461,45
81.53999999999999,32.98,1662.6028999999996,2.2226617184867856,0.0,2017461,46
73.94,38.8,1439.6223499999999,1.6465094081164224,0.0,2017461,47
79.61,21.93,1025.5016999999998,1.347243049068417,0.0,2017461,48
74.61,37.64,1584.4352000000003,2.5189831961872877,0.0,2017461,49
78.31,51.059999999999995,2179.87785,0.6293090832281777,0.0,2017461,50
74.28,49.47,1998.7760000000003,1.5433921286392425,1.0668907165527344,2017461,51
73.99000000000001,53.52,2435.1896500000007,2.5405188045065223,2.566526412963867,2017461,52
78.05,49.519999999999996,2310.05265,0.35933874735058957,0.0,2017461,53
79.78,41.14,1891.5845000000002,2.454613937244163,0.0,2017461,54
80.81,43.46,1892.27745,2.0511636112028677,1.6738128662109375,2017461,55
80.14,38.78,1853.9499999999998,2.2937770303483522,0.0,2017461,56
80.64,35.370000000000005,1549.18275,1.2018033828365233,0.0,2017461,57
79.88,40.29,1799.8917999999999,1.3461068507713798,0.0,2017461,58
79.84,52.93,2295.8233,2.262350469012194,0.0,2017461,59
75.57,55.629999999999995,2352.97205,1.4387707857865375,3.7277278900146484,2017461,60
76.50999999999999,56.03,2434.8189500000003,1.4125316750088466,7.015890121459961,2017461,61
76.17,49.86,2237.65425,2.413675295973499,0.1886005401611328,2017461,62
82.72,50.400000000000006,2623.3199000000004,1.2893489629535755,0.0,2017461,63
76.42,33.7,1499.3233000000005,1.914680473562844,0.0,2017461,64
80.94999999999999,45.25,2082.3588499999996,1.6554988738246372,0.0,2017461,65
77.87,48.07,2086.1791,1.8266013858078956,0.0,2017461,66
81.28,32.54,1464.8975500000004,1.6462794709217752,0.0,2017461,67
73.81,29.1,1189.9688500000004,1.4311563389873128,0.0,2017461,68
71.72999999999999,50.49,1822.1398000000004,1.6527423063817492,0.0,2017461,69
75.66,51.78,1946.8901999999994,2.085084190606443,0.0,2017461,70
78.63,45.4,1781.124,1.6391439728773483,0.0,2017461,71
77.33,54.81,2246.69875,1.4535874182775421,0.0,2017461,72
77.22999999999999,60.2,2430.4384,1.3339918603241332,2.0318145751953125,2017461,73
78.4,52.150000000000006,2167.7787500000004,1.120590317513334,0.0,2017461,74
75.56,56.16,2332.8108,2.5373331532973293,0.0,2017461,75
77.58,47.19,1825.4986999999999,1.538643920296095,0.0,2017461,76
77.58000000000001,54.019999999999996,2160.86515,1.4008099108296206,0.0,2017461,77
77.88,58.15,2263.02585,2.2945116471016167,0.0,2017461,78
79.17,43.269999999999996,1714.1673,1.925762523160381,0.0,2017461,79
73.1,52.06,1996.23115,2.481236811419457,2.341419219970703,2017461,80
76.84,50.87,2194.7426,2.46761993571525,0.0,2017461,81
82.41999999999999,41.24,2047.0499,2.0984789543888427,0.0,2017461,82
73.94,17.35,753.9191999999999,0.6362791832584492,0.0,2017461,83
75.59,36.540000000000006,1435.2506500000004,1.6305463246915837,0.0,2017461,84
69.25,42.57,1472.6984500000003,1.8152585373193229,0.0,2017461,85
69.05,27.62,1128.3472,0.751451915922847,0.0,2017461,86
77.80000000000001,36.89,1635.4824500000002,2.4276573698171995,0.0,2017461,87
80.81,24.08,1117.2153500000002,0.5770458573150079,0.0,2017461,88
76.55000000000001,29.810000000000002,1421.66105,2.0369731698811795,0.0,2017461,89
81.42,38.339999999999996,1788.3894,1.5564630464479539,0.1410350799560547,2017461,90
76.97999999999999,54.54,2464.8065500000002,1.722279773665116,2.7267208099365234,2017461,91
83.86,44.18,2043.6770000000001,1.5591376750046984,1.8113441467285156,2017461,92
84.51,28.77,1327.0374,1.8553870282516327,0.0,2017461,93
75.95,44.31,1902.52805,2.03135609490648,0.0,2017461,94
81.42,42.03,2018.59295,2.030429867996314,2.1282882690429688,2017461,95
75.89,36.68,1475.6142999999997,1.6779860397077175,0.0,2017461,96
70.91,37.72,1344.5279000000003,0.5847642553024968,0.0,2017461,97
73.21000000000001,35.05,1299.829,1.420032907839345,0.0,2017461,98
80.1,56.91,2573.0871,0.7292525749714656,4.796125411987305,2017461,99
80.61,40.16,1800.7853000000002,2.439458468629738,0.0,2017461,100
83.47,40.0,1980.1321000000003,2.2701991058352418,0.0,2017461,101
80.28999999999999,27.869999999999997,1340.4726,1.3091592876991598,0.0,2017461,102
80.05,32.73,1482.49685,1.3670138406378558,0.0,2017461,103
81.84,33.480000000000004,1870.06975,2.28056937976775,5.107913970947266,2017461,104
80.93,40.14,1720.4857499999998,2.5247154173738617,0.0,2017461,105
78.9,32.129999999999995,1378.7673,1.5497799633644591,0.0,2017461,106
77.17,47.31999999999999,1827.8602999999998,1.4061058849048114,0.0,2017461,107
71.31,36.68,1396.9433500000002,2.3015481069311168,0.0,2017461,108
78.7,38.84,1670.4378499999998,2.277312731477077,0.0,2017461,109
73.02000000000001,42.48,1666.9494,2.501146823408409,0.0,2017461,110
71.89,58.989999999999995,2353.0530000000003,2.3577855447734795,0.0,2017461,111
74.78,59.59,2270.3249,2.4251754591138823,0.0,2017461,112
76.87,50.67,2186.6882,2.304536639860314,0.0,2017461,113
79.47,37.51,1494.9107000000001,1.0561599391080896,0.0,2017461,114
74.14,21.080000000000002,835.62075,1.3591435698369856,0.0,2017461,115
83.03999999999999,49.41,2112.30715,2.081428559776726,0.0,2017461,116
80.62,31.6,1639.6333000000004,2.430010808505973,0.0,2017461,117
78.36,43.8,1864.2146500000001,2.0483796471817004,0.0,2017461,118
77.15,46.5,1986.86835,2.211640995890835,0.0,2017461,119
78.57,54.599999999999994,2558.6536500000007,2.4679573509972155,6.994279861450195,2017461,120
79.08000000000001,44.8,1982.8262500000005,2.4669739819387297,0.0,2017461,121
78.59,53.67,2247.05025,0.45126364160124344,0.0,2017461,122
77.65,54.03,2363.39865,2.4793419612245877,1.0674209594726562,2017461,123
77.91,41.51,2017.79095,2.488091819290456,3.467205047607422,2017461,124
75.39,59.68,2310.3657000000003,2.0963127805282054,0.0,2017461,125
75.89,50.019999999999996,1994.7787,1.9338491236062294,0.0,2017461,126
74.93,55.059999999999995,2089.8199,1.2552348760927474,0.0,2017461,127
73.63,29.130000000000003,1257.4205500000003,2.0293937932171926,0.0,2017461,128
82.97,30.65,1350.2337999999997,1.8329131412261637,0.0,2017461,129
81.37,29.2,1242.3701000000003,1.1843763336254822,0.0,2017461,130
78.49000000000001,32.57,1478.2260499999998,1.7805222670808627,0.0,2017461,131
75.48,33.87,1351.5732499999995,0.9712777770971588,0.0,2017461,132
70.52,30.5,1164.3803500000001,2.2520272270802137,0.0,2017461,133
71.08,35.03,1257.5427999999997,0.9815277093217346,0.0,2017461,134
81.11,48.66,2200.53705,2.4392406742784614,0.0,2017461,135
80.89,40.36,1888.8360999999998,2.259892611054127,0.0,2017461,136
77.95,37.72,1621.5123499999997,1.2351072273202413,0.0,2017461,137
80.68,37.32,1671.9192,2.0889489949432223,0.0,2017461,138
77.79,39.51,1613.3303,2.2094442644786327,0.0,2017461,139
78.93,40.78,1812.2996,2.0555653599123462,0.0,2017461,140
73.6,54.17,2081.5926999999997,2.0787683066338603,0.0,2017461,141
76.00999999999999,47.19,2055.9352,2.3145040681834423,1.7490005493164062,2017461,142
79.12,48.92,2047.2643999999998,2.050464472459272,0.0,2017461,143
78.73,34.76,1608.0770000000002,0.17578443538390578,0.0,2017461,144
79.16,30.45,1580.68205,1.4300456395844998,2.485189437866211,2017461,145
80.27000000000001,37.67,1779.1788499999996,1.9032920652009515,0.0,2017461,146
79.98,48.7,2066.6879000000004,2.2868268825581013,0.0,2017461,147
80.34,44.65,1935.57325,0.8462141603694866,0.0,2017461,148
80.75999999999999,47.97,2348.7480499999997,2.324707218210096,0.0,2017461,149
82.14,40.92,1896.8257,2.3178268183965343,0.0,2015213,0
85.18,37.65,1792.9221499999999,1.2154401019098249,0.0,2015213,1
68.68,55.03,2425.0275500000002,2.4820023282186767,2.4173355102539062,2015213,2
82.16,42.84,2047.0711499999998,1.98401220097186,0.0,2015213,3
79.07,29.130000000000003,1274.0593,1.7023349211977499,0.0,2015213,4
76.19999999999999,43.59,1945.1589999999997,2.4336996663235593,0.0,2015213,5
75.69,54.36,2221.802,2.248439498760419,8.380552291870117,2015213,6
73.42,38.56,1539.4185499999999,2.3129117189554553,0.0,2015213,7
76.33,35.94,1481.3020999999999,2.318345883183751,0.0,2015213,8
65.97,55.349999999999994,2014.1857499999999,2.560021458454874,0.0,2015213,9
73.97,42.04,1941.7785000000001,1.6905988418376645,6.758707046508789,2015213,10
73.06,37.84,1444.4684000000002,1.774980684000713,0.0,2015213,11
77.91,45.67,1936.8907,1.9755916929950157,0.0,2015213,12
83.21000000000001,44.55,2149.2959499999997,2.5907066511164425,0.0,2015213,13
84.11,28.89,1267.4392,2.0743489863119184,0.0,2015213,14
78.35,34.68,1496.8223999999998,1.9075366429173375,0.0,2015213,15
79.85,55.269999999999996,2379.9528999999998,2.0976631990425427,8.196474075317383,2015213,16
80.35,56.22,2444.34055,1.7838064367930777,3.9957275390625,2015213,17
84.56,39.769999999999996,1949.37655,0.9663562472855749,0.0,2015213,18
81.78,60.02,2673.5521500000004,1.6165977152083397,1.9542427062988281,2015213,19
80.16,44.61,1962.0454000000004,2.2533724069195196,0.0,2015213,20
82.02000000000001,38.87,1734.8330500000002,2.2231068855225877,0.0,2015213,21
81.94,39.99,1995.477,1.4375644429049026,0.0,2015213,22
79.7,41.53,1770.24405,1.8720754153733443,0.0,2015213,23
78.92,59.45,2530.2041,1.8804101306751906,1.5055198669433594,2015213,24
79.33000000000001,41.32,1762.3410000000001,2.072056132246468,0.0,2015213,25
77.44999999999999,52.83,2091.3827499999998,2.0850350376102957,0.0,2015213,26
77.15,45.42,1871.7929000000004,1.551808778356083,0.0,2015213,27
77.22,29.62,1365.56705,1.4645105541219348,0.0,2015213,28
74.86,39.56,1887.4704499999998,1.9103709722800293,0.0,2015213,29
80.78999999999999,28.91,1335.79265,2.3098579286144214,0.0,2015213,30
78.53,39.4,1735.0468999999998,1.5349539521153563,0.0,2015213,31
78.61,36.55,1627.2093000000002,0.5086268540844185,0.0,2015213,32
75.15,33.0,1381.4024,2.0401604391748664,0.0,2015213,33
73.33,55.51,2438.3035500000005,1.6254511462074501,1.31072998046875,2015213,34
73.65,51.46,1947.9980500000004,0.7983063057787305,5.181297302246094,2015213,35
78.7,57.019999999999996,2465.91925,2.393140599887195,5.696352005004883,2015213,36
75.41,47.78,2340.2967,2.607915358345885,8.720291137695312,2015213,37
71.93,61.019999999999996,2338.86265,1.6059746802493962,4.29481315612793,2015213,38
72.25,58.699999999999996,2410.6490999999996,2.455803801945254,0.0,2015213,39
70.80000000000001,60.45,2311.9937499999996,2.2139931348536224,0.0,2015213,40
79.24,48.42,2192.9322999999995,1.3016801611202533,0.0,2015213,41
73.53,62.84,2345.28345,2.40134339243253,0.0,2015213,42
73.82,65.07,2570.08765,2.125213947548532,0.6912460327148438,2015213,43
72.05,61.59,2588.7716,2.5570482251092828,6.573886871337891,2015213,44
79.22,44.7,2129.8036,2.5533307202131765,0.0,2015213,45
75.09,54.79,2106.32215,2.3351490583843026,0.0,2015213,46
76.91,49.09,2056.72415,1.7477819519159894,0.0,2015213,47
76.27000000000001,57.459999999999994,2404.2091499999997,2.367469340108986,3.2045211791992188,2015213,48
77.68,41.980000000000004,1899.7757500000002,2.3946741654924493,0.0,2015213,49
72.38,58.54,2221.6223,2.1973370385983992,0.0,2015213,50
67.36,65.24000000000001,2508.59325,2.32664286500476,2.753368377685547,2015213,51
72.8,40.269999999999996,1814.5738999999996,2.0087320399387907,0.0,2015213,52
76.54,57.58,2513.2973500000003,0.1111352555289316,2.003551483154297,2015213,53
78.28,49.91,2196.3477,1.9056198556427455,0.0,2015213,54
76.44,38.46,1643.2874500000003,1.954453266930385,0.0,2015213,55
71.94999999999999,60.739999999999995,2369.5476499999995,2.2939598362337907,0.0,2015213,56
69.25,63.010000000000005,2437.19545,2.299728526736832,0.0,2015213,57
77.18,47.31,2206.27355,2.517599192016791,0.9939670562744141,2015213,58
75.63,48.47,2289.6306,2.494222064604738,2.998319625854492,2015213,59
75.44999999999999,41.06,1902.84225,2.0425327981731245,0.0,2015213,60
76.31,35.93,1736.685,1.8316500281886339,0.0,2015213,61
77.03,34.28,1580.0462,2.226192034677251,0.0,2015213,62
75.78,32.89,1502.2784000000004,2.3192381510358975,0.0,2015213,63
80.92999999999999,46.370000000000005,2228.99665,1.7747672055483956,1.3554706573486328,2015213,64
80.03,50.68,2433.96485,0.8917166514962053,4.457632064819336,2015213,65
76.59,55.63,2408.04665,2.2423038067684242,2.1398258209228516,2015213,66
72.32,61.45,2356.9423500000003,2.160727276632002,0.0,2015213,67
74.43,57.26,2321.4159,2.4696692540801455,0.0,2015213,68
70.97,60.61,2352.7648,2.455833409186936,0.0,2015213,69
72.44,60.769999999999996,2514.2303,1.3768770662904233,6.836992263793945,2015213,70
70.51,62.13,2541.14325,2.387237699262195,1.5281486511230469,2015213,71
61.78,62.94,2072.08685,1.2400688558010275,0.0,2015213,72
74.66,42.76,1801.0003000000004,0.040150396068102244,0.0,2015213,73
74.97,56.78,2309.6025499999996,0.2494927123921436,0.0,2015213,74
77.84,56.93000000000001,2363.2416500000004,1.8170135541825732,0.0,2015213,75
78.74000000000001,55.67,2364.501149999999,0.15471188287133553,4.209056854248047,2015213,76
74.25,46.3,1768.0782999999997,1.364170637404015,0.0,2015213,77
61.8,60.34,2063.2506,0.14715444732783867,0.0,2015213,78
73.28,57.190000000000005,2109.2717,1.7800117695386066,0.0,2015213,79
77.63,55.86,2279.0324,2.1136904694066114,4.708850860595703,2015213,80
78.85,37.07,1702.7655,1.534569752308121,0.0,2015213,81
80.48,28.349999999999998,1438.6707000000004,1.4761412152240272,0.0,2015213,82
82.74000000000001,33.56,1675.27535,2.308778543483295,0.0,2015213,83
79.91,29.16,1351.7257,1.8868582662608968,0.0,2015213,84
80.91,35.089999999999996,1742.9968,0.3048889504010788,0.0,2015213,85
85.81,34.739999999999995,1805.2402999999997,1.144327167421634,0.0,2015213,86
82.47,47.0,2107.9200499999997,1.3569350532235425,0.0,2015213,87
79.41,31.060000000000002,1402.1874500000001,2.254560696635897,0.0,2015213,88
79.27000000000001,57.129999999999995,2616.0906,2.1203824164735887,0.0,2015213,89
75.03999999999999,62.45,2682.2346999999995,2.4557671995291104,0.96826171875,2015213,90
77.21000000000001,65.92,2902.6553999999996,2.443258435618139,0.0,2015213,91
79.22,41.57,1773.59875,2.4600162321835164,0.0,2015213,92
76.71000000000001,35.57,1616.1644499999998,2.3109524317555423,0.0,2015213,93
75.00999999999999,59.33,2448.7148500000003,2.2338702184772568,0.0,2015213,94
75.76,56.150000000000006,2527.5816000000004,2.432996898370603,2.764749526977539,2015213,95
78.30000000000001,41.540000000000006,1882.4351499999998,1.4722066252975787,0.0,2015213,96
78.09,53.84,2444.91955,0.305079345136221,0.0,2015213,97
80.22,47.260000000000005,2257.2778000000008,1.2125851778604864,0.0,2015213,98
79.09,52.22,2347.6091499999998,2.0446682168516594,8.384437561035156,2015213,99
81.00999999999999,46.83,1974.9525500000004,1.933553886742552,0.0,2015213,100
79.89,48.29,2310.3210999999997,2.510935840587075,1.2529735565185547,2015213,101
80.8,56.69,2301.6412,1.8146305184742646,0.0,2015213,102
78.50999999999999,43.269999999999996,1889.2378500000002,2.169943676552456,0.0,2015213,103
77.65,44.83,2110.3296,2.2255097503551537,5.783382415771484,2015213,104
81.34,49.18,2419.5313999999994,2.505512837994159,0.0,2015213,105
75.92,56.28,2384.35225,2.4104351871315073,0.0,2015213,106
80.28,43.07,2021.3237,1.9796437825349569,0.0,2015213,107
70.22,49.730000000000004,1987.871,2.0371347988773074,0.0,2015213,108
72.85,60.11,2516.6742,1.0680300300984662,1.3461170196533203,2015213,109
77.82,44.59,1893.7119500000001,1.5998530707549445,0.0,2015213,110
78.69,56.77,2593.1186,2.4464665742120197,0.0,2015213,111
79.65,41.33,2099.28725,2.2033645795995125,0.0,2015213,112
73.19,38.489999999999995,1772.3891500000002,1.534560695380148,0.0,2015213,113
74.38,35.25,1612.75925,2.2180639852804256,3.4185352325439453,2015213,114
80.45,26.400000000000002,1215.6897999999997,2.188244876768252,0.0,2015213,115
77.88,23.669999999999998,970.0202999999998,0.2355540521553468,0.0,2015213,116
74.01,33.1,1261.6550499999998,1.3744961249850296,0.0,2015213,117
78.61000000000001,48.47,2261.24965,2.248469002977867,0.0,2015213,118
81.0,35.78,1715.1777499999998,1.0582262021255722,0.0,2015213,119
81.65,33.11,1539.1919500000001,1.9090695389082295,0.0,2015213,120
72.41,46.33,1873.0326,1.6035281417170961,0.0,2015213,121
65.78,46.25,1702.0115,2.2428833330424114,0.0,2015213,122
75.55,34.940000000000005,1423.5736000000002,0.293550968541986,0.0,2015213,123
75.54,34.14,1616.62575,2.0160276463502322,0.0,2015213,124
77.63,29.93,1320.6079499999998,1.7194858203264756,4.52470588684082,2015213,125
77.71000000000001,36.26,1619.2903000000001,1.774579103265704,0.0,2015213,126
77.56,31.560000000000002,1529.5358500000002,0.9323069732707456,0.0,2015213,127
73.0,52.56,2255.03215,1.992302537425598,8.39879035949707,2015213,128
72.86,51.22,2390.3885,2.616172080941786,0.0,2015213,129
81.22,52.12,2387.8102499999995,2.1300975801470767,2.6545791625976562,2015213,130
79.78,33.510000000000005,1667.03445,2.4273275500285214,0.0,2015213,131
78.17,30.319999999999997,1319.64485,1.1903278552453296,0.0,2015213,132
78.64,45.230000000000004,2049.1803999999997,2.042574864109739,0.0,2015213,133
81.71000000000001,36.53,1835.04345,2.307853569261284,0.0,2015213,134
80.39,29.470000000000002,1457.4763500000001,1.9540459681771956,0.0,2015213,135
82.93,44.0,2307.1484499999997,2.533506025259481,0.0,2015213,136
78.97,58.83,2853.1699,2.5458507429306456,11.341361999511719,2015213,137
81.01,44.1,1882.83355,1.446854186406413,0.0,2015213,138
82.58,40.01,1956.5220999999997,2.1664354262208994,0.0,2015213,139
83.88,47.6,2129.6376,1.947252181618205,0.0,2015213,140
83.28999999999999,34.58,1439.1110999999999,0.492920767363602,0.0,2015213,141
78.73,39.53,1878.11345,1.4396112147155562,0.0,2015213,142
80.68,40.36,1865.61975,1.6372349036752225,4.788856506347656,2015213,143
77.43,37.739999999999995,1705.7051,1.8483639308165873,0.0,2015213,144
76.08,48.49,1943.6797500000007,2.031808714718497,0.0,2015213,145
70.84,59.7,2398.9507000000003,1.4960702247754147,3.034242630004883,2015213,146
76.48,58.37,2464.4793499999996,0.8152448503839923,0.0,2015213,147
80.5,40.46,1661.2337499999999,2.003296101921797,0.0,2015213,148
80.91,44.7,2127.76655,0.7139831770927858,4.820957183837891,2015213,149
80.96000000000001,61.17,2634.0291500000003,2.36217542058468,1.9650592803955078,2013725,0
73.92,55.489999999999995,2165.1052999999997,2.0287265384632285,0.0,2013725,1
74.05000000000001,59.17,2190.24855,2.266103015409256,0.0,2013725,2
64.25,56.08,2058.5701,2.140344209868659,0.0,2013725,3
76.22999999999999,33.53,1559.9238,2.446193319355234,0.0,2013725,4
78.53,43.64,1867.3148999999999,2.2925984232672034,0.0,2013725,5
76.71000000000001,58.82,2258.1012,2.2291688123059648,0.0,2013725,6
75.22,61.230000000000004,2317.40755,2.274864864137268,0.0,2013725,7
78.0,57.75,2249.6857499999996,2.3127839233536642,0.0,2013725,8
79.18,41.18,1879.35975,0.6429317861846029,0.0,2013725,9
79.24000000000001,33.54,1439.6348999999996,1.8037681958789102,0.0,2013725,10
82.97,38.489999999999995,1664.27515,2.2847777291141513,0.0,2013725,11
79.77000000000001,27.049999999999997,1112.1657500000001,0.6050054125978198,0.0,2013725,12
81.18,29.36,1317.0140000000004,1.026101724040493,0.0,2013725,13
77.07,53.65,2294.78825,2.3734662724763598,0.0,2013725,14
83.88,48.08,2243.2940000000003,2.168186181644509,0.0,2013725,15
74.44999999999999,31.099999999999998,1297.0497999999998,1.8439293012087499,0.0,2013725,16
73.85,38.28,1420.3960000000004,1.2954083813486332,0.0,2013725,17
70.15,47.58,1678.7698500000004,1.4753761698811185,0.0,2013725,18
68.58,34.75,1191.1174,0.12639214919528663,0.0,2013725,19
79.14,37.09,1573.28695,2.098017994646154,0.0,2013725,20
89.97,26.77,1576.1046999999999,1.6984567198301659,0.0,2013725,21
82.62,60.05,2578.9340500000003,2.1141503762073373,6.514812469482422,2013725,22
81.16,64.53999999999999,2651.7790999999997,1.7682045423423884,14.270082473754883,2013725,23
81.07,55.129999999999995,2372.6137,2.046106210947346,4.081768035888672,2013725,24
81.15,34.43,1713.72305,2.0998268453349844,0.0,2013725,25
82.51,49.04,2153.4626,1.9450118762632953,0.0,2013725,26
82.7,50.21,2140.7090999999996,1.5412628377831141,0.0,2013725,27
76.78,44.480000000000004,1837.63285,1.9933918947291245,0.0,2013725,28
76.64,57.79,2292.7856500000003,1.2643556848293749,6.170200347900391,2013725,29
82.22999999999999,53.97,2471.34475,1.167389921935613,0.0,2013725,30
81.09,51.239999999999995,2506.9297500000002,2.2747124362513267,0.0,2013725,31
78.14,44.61,2005.9877,0.9788963526075571,0.0,2013725,32
75.5,30.869999999999997,1305.63505,1.3176233086114897,0.0,2013725,33
74.24000000000001,55.85,2086.9058,1.7890902837225722,3.8622703552246094,2013725,34
76.04,49.68,2231.8334999999997,1.1138761442788263,0.0824737548828125,2013725,35
72.66,59.41,2566.29515,2.4589238889260163,0.0,2013725,36
76.22999999999999,53.3,2574.0508999999997,2.0434204826603395,7.414684295654297,2013725,37
82.91,41.449999999999996,2084.25405,2.3723308219934336,0.0,2013725,38
71.78,37.41,1380.79785,1.879452387409481,0.0,2013725,39
74.75,58.97,2762.6409,2.0293077177332144,8.215719223022461,2013725,40
76.94,52.540000000000006,2152.01495,0.8227052179965944,1.7423934936523438,2013725,41
70.73,55.120000000000005,2037.8408000000002,1.1466168160668537,0.0,2013725,42
78.98,40.629999999999995,1704.1338500000002,1.0733777875548718,0.0,2013725,43
82.45,45.26,1916.0969,2.0668013995144374,0.0,2013725,44
83.07000000000001,39.43,1813.63,1.8295796146732288,0.0,2013725,45
74.06,37.2,1370.2815,1.4055254782626978,0.0,2013725,46
70.78,44.68,1588.5157000000002,1.2037850216320167,0.0,2013725,47
70.43,29.29,1111.8782,0.79455490082126,0.0,2013725,48
72.99000000000001,33.59,1353.3095999999998,1.8310199883708724,0.0,2013725,49
79.03,47.93,2098.8199,1.8987035560352519,0.0,2013725,50
77.39,36.54,1773.1755000000003,2.1916534291918794,0.0,2013725,51
71.92,55.849999999999994,2236.88175,2.2064165692632574,10.93684196472168,2013725,52
73.7,54.78,2058.1821,1.5066602526921453,0.0,2013725,53
77.54,40.82,1907.8535500000003,1.7460439091473463,0.0,2013725,54
73.55,37.33,1392.18235,0.9911705604770744,0.0,2013725,55
80.4,47.61,2063.8908,2.402874875717682,0.0,2013725,56
79.57,45.22,1965.1845999999998,2.0813710362495805,0.0,2013725,57
76.80000000000001,56.230000000000004,2340.7389000000007,1.9968100875997083,0.0,2013725,58
77.33,50.989999999999995,1972.8283999999999,1.7329467773044709,0.0,2013725,59
86.00999999999999,37.629999999999995,1800.3967,2.4222395661999463,0.7558269500732422,2013725,60
71.43,55.08,2151.5175,1.6809190137157857,0.0,2013725,61
60.93000000000001,62.459999999999994,2195.98405,2.3636736115511185,0.0,2013725,62
72.92,43.769999999999996,1678.4489500000002,1.2871936908469737,0.0,2013725,63
76.89,47.2,1951.7890499999999,0.9739782228166426,0.0,2013725,64
76.77000000000001,60.34,2433.56225,2.4931585949055473,0.0,2013725,65
76.66999999999999,38.09,1533.16595,1.9134332007382318,0.0,2013725,66
78.9,43.64,1941.4089,1.8443327077226215,0.0,2013725,67
80.07,53.769999999999996,2438.5644,2.3486083093177417,0.0,2013725,68
82.53,39.86,1803.6669000000002,0.8823489068908207,0.0,2013725,69
77.14,33.63,1340.4835,0.9961002996410617,0.0,2013725,70
73.28,32.6,1233.08205,2.05664186582853,0.0,2013725,71
77.49,33.120000000000005,1353.9941999999999,1.7673803905455676,0.0,2013725,72
90.77,29.759999999999998,1429.21155,1.8922181862138943,0.0,2013725,73
82.73,25.42,1208.2917,1.7999626996854525,0.0,2013725,74
82.12,27.729999999999997,1249.7552999999998,2.10007461477318,0.0,2013725,75
80.6,30.82,1239.645,1.7982631805472573,0.0,2013725,76
74.67,30.29,1202.2896,1.6438058228480792,0.0,2013725,77
76.97999999999999,33.65,1317.4304999999997,1.8186240995677274,0.0,2013725,78
75.9,43.08,1762.12685,1.4564203998566474,0.0,2013725,79
79.65,43.34,1909.9241499999996,1.8209718682606773,0.0,2013725,80
77.74000000000001,37.85,1569.32435,2.2670123858247155,0.0,2013725,81
79.47,44.71,2000.18115,1.709608290818935,1.3524436950683594,2013725,82
66.35,60.129999999999995,2129.2406499999997,1.3348049691037063,0.0,2013725,83
76.88,42.03,1739.04145,1.3080853275595432,0.0,2013725,84
77.96000000000001,34.5,1546.5755999999997,1.0791186082986353,0.0,2013725,85
80.46000000000001,46.51,1968.1310999999998,1.912512251611839,0.0,2013725,86
71.21000000000001,41.11,1462.52635,1.608364152831879,0.0,2013725,87
69.25999999999999,34.15,1225.2577999999999,1.48877864330554,0.0,2013725,88
68.03,56.849999999999994,1954.81155,1.5151858655315984,0.0,2013725,89
58.95,62.440000000000005,2109.13045,1.8539701858218718,0.0,2013725,90
74.03999999999999,47.92,2270.6797500000002,2.020857680273555,0.0,2013725,91
75.96000000000001,50.69,2193.8369000000002,2.036863699175981,4.202081680297852,2013725,92
72.75,47.019999999999996,1858.2626499999992,2.268069619673991,0.0,2013725,93
74.08,59.980000000000004,2465.11905,2.6022652892012665,0.0,2013725,94
79.05,50.6,2105.8311000000003,2.0121460217057807,2.141632080078125,2013725,95
78.24,32.2,1409.14105,2.067675299282592,0.0,2013725,96
73.46,46.88,1723.99475,1.2976354297821846,0.0,2013725,97
75.32,39.25,1629.5404000000003,1.9865019326996685,0.0,2013725,98
75.59,36.1,1644.5184000000004,2.3692997845561377,0.0,2013725,99
74.05000000000001,45.87,2136.72485,2.4138679215508647,0.0,2013725,100
74.62,62.39,2572.9966999999997,0.9670383287253379,0.0,2013725,101
80.74000000000001,48.7,2356.77455,2.242135703674567,2.9324588775634766,2013725,102
81.53999999999999,45.03,2004.6598999999997,2.2208999913696608,0.0,2013725,103
76.81,39.69,1591.63585,1.3301428689780441,0.0,2013725,104
74.16,57.150000000000006,2241.69785,0.721353223798972,4.690952301025391,2013725,105
71.44,57.49,2306.7374,2.329448238418323,0.763824462890625,2013725,106
67.21000000000001,59.09,2137.62405,2.530537422284751,0.0,2013725,107
77.28999999999999,33.69,1430.8233500000001,1.6480390914525624,0.0,2013725,108
84.98,38.57,2238.27855,2.1894326381912763,0.0,2013725,109
67.86,57.09,2131.31895,1.0488972443706066,1.9400711059570312,2013725,110
77.84,52.47,2265.6405,2.0651372522984364,0.0,2013725,111
81.02000000000001,43.74,1866.3439,1.865406908995821,0.0,2013725,112
79.66,46.15,1977.2448,2.2075418666843767,0.0,2013725,113
76.86,62.230000000000004,2575.5258,2.249882204933931,0.0,2013725,114
78.8,63.47,2502.0229999999997,1.651005437901057,5.073724746704102,2013725,115
84.38,47.07,2269.6047,1.958929476832336,0.0,2013725,116
78.58,43.080000000000005,1903.5807500000003,1.0857705240754925,0.0,2013725,117
76.24,34.94,1490.5629,2.2223720243968335,0.0,2013725,118
71.42,41.22,1627.95625,2.1761091331325915,0.0,2013725,119
76.71000000000001,52.58,2315.4622999999997,2.430358359771161,7.594745635986328,2013725,120
78.2,46.120000000000005,1985.7165000000002,1.4690756865170482,0.0,2013725,121
69.12,53.34,1943.4315999999997,1.541105742178463,0.0,2013725,122
77.72999999999999,60.16,2851.0236999999997,2.4573369145333754,0.0656280517578125,2013725,123
80.33,47.150000000000006,2132.37445,2.4323486583805374,0.0,2013725,124
74.86,66.16,2668.51995,2.5291103867865803,0.0,2013725,125
77.14,60.519999999999996,2476.8598500000003,2.3151999117203634,0.0,2013725,126
78.97,41.300000000000004,1878.5239,1.1965721182520859,0.0,2013725,127
80.49,34.34,1838.0384999999999,1.8495587247088099,0.0,2013725,128
79.42,27.14,1349.1104000000003,0.4153469847942361,0.0,2013725,129
82.07,37.830000000000005,1949.1877500000003,1.71916579569649,0.0,2013725,130
80.39,32.989999999999995,1562.2268500000002,1.5907591716427072,0.0,2013725,131
78.64,34.78,1671.1918500000002,2.03460544368445,0.0,2013725,132
71.24000000000001,47.28,2195.68425,2.3881736246797756,0.0,2013725,133
75.82,52.58,2204.26095,2.4465447349297125,3.0249404907226562,2013725,134
76.63,45.35,1968.1113499999997,2.324126958983505,0.0,2013725,135
76.63,53.77,2252.7742999999996,2.3294962997646,0.0,2013725,136
72.82,62.019999999999996,2447.1213,2.4099314220754557,5.938974380493164,2013725,137
80.75,54.699999999999996,2458.7920500000005,2.4152603893795948,4.340486526489258,2013725,138
81.22,44.49,1896.4753,2.2968504119780757,0.0,2013725,139
81.86,29.27,1558.7636000000002,1.985557711844211,0.0,2013725,140
80.55000000000001,29.79,1380.1146500000002,0.6850799219816133,0.0,2013725,141
79.32,36.79,1749.6745,2.102569170755615,0.0,2013725,142
78.88,30.25,1280.7391,1.1222719305961917,0.0,2013725,143
84.08,42.62,1807.6449,1.7332230179592072,0.0,2013725,144
79.75999999999999,39.13,1877.50895,2.45947394916418,0.0,2013725,145
75.25999999999999,40.56,1527.3001999999997,1.9187156687435334,0.0,2013725,146
77.03,47.06,1891.2607999999998,1.4554077300641104,0.0,2013725,147
70.14,51.45,2113.8745499999995,2.2828819447386994,0.0,2013725,148
64.66,57.89,2048.4099,1.8924756320597327,0.0,2013725,149
81.05000000000001,36.55,1792.5637000000002,0.7468077402324356,0.0,2011166,0
79.23,52.44,2168.39145,2.435086160396029,0.0,2011166,1
80.68,49.78,2278.46935,1.8901925948658507,4.792184829711914,2011166,2
78.1,39.03,1639.3213999999998,1.2180200053294286,0.0,2011166,3
78.25999999999999,29.450000000000003,1262.71645,1.8162012700927836,0.0,2011166,4
72.42,34.71,1371.1151499999999,1.2295359692210812,0.0,2011166,5
75.31,50.849999999999994,2215.7771,2.491126283819706,0.0,2011166,6
78.42,54.26,2200.98885,2.0940803554484275,0.0,2011166,7
79.71,38.61,1962.8095999999998,2.0585813883433572,0.0,2011166,8
78.81,37.44,1678.7277999999997,2.161442807849782,0.0,2011166,9
79.19999999999999,33.5,1496.1099000000002,2.3754012279358663,0.0,2011166,10
80.0,40.03,1817.90805,1.9783449868310978,0.0,2011166,11
82.63,33.870000000000005,1632.0388500000001,1.8456688129395504,0.0,2011166,12
82.18,45.84,2179.3439,1.43864180682616,0.0,2011166,13
79.92,41.21,1728.1901500000001,1.7975532051537388,0.0,2011166,14
74.50999999999999,38.81,1476.86755,1.7113869900245824,0.0,2011166,15
77.00999999999999,28.03,1078.7426499999997,1.7416377403018994,0.0,2011166,16
81.93,34.25,1621.02795,2.0874734849560714,0.0,2011166,17
81.68,48.209999999999994,2139.3405,2.1494571405459553,3.0475502014160156,2011166,18
82.05000000000001,47.84,2286.21795,2.1325729965939737,3.1225242614746094,2011166,19
81.33,38.260000000000005,1786.7230500000003,2.2164107326920433,0.0,2011166,20
81.91999999999999,25.34,1347.9743,2.2561920840249114,0.0,2011166,21
80.43,33.64,1493.2993999999999,0.9384977855670399,0.0,2011166,22
76.62,23.47,1037.90985,1.860223464599551,0.0,2011166,23
76.93,29.15,1229.9713,1.710613689697691,0.0,2011166,24
82.14,22.78,1097.86305,1.5856134900574772,0.0,2011166,25
79.86,30.79,1430.2262999999996,2.2273609782892843,0.0,2011166,26
78.13,38.45,1741.28935,2.1247760320549505,0.0,2011166,27
79.35,34.76,1842.46475,2.276798551357271,0.0,2011166,28
81.11000000000001,65.22,2645.0531,2.26437238374334,0.0,2011166,29
82.0,57.05,2526.2353999999996,1.8945093689426145,0.0,2011166,30
81.47,47.09,2133.111000000001,2.0767503032392853,0.0,2011166,31
83.66,34.480000000000004,1755.55985,2.490607385445885,0.0,2011166,32
77.45,44.98,1742.6693999999998,1.7941326129112247,0.0,2011166,33
75.09,36.46,1392.5298000000005,1.63837859857428,0.0,2011166,34
70.49000000000001,37.75,1350.8803,1.6390333442615947,0.0,2011166,35
73.77,31.48,1388.3351999999998,1.432416424162779,0.0,2011166,36
76.45,47.21,1970.28595,2.231282041392854,0.0,2011166,37
76.22,59.42,2266.4307000000003,2.1772355044391163,0.0,2011166,38
77.78999999999999,51.36,2189.6258000000007,2.2726412028442624,0.0,2011166,39
79.24,35.33,1483.6969500000002,0.6331633741910678,0.0,2011166,40
75.85,37.39,1446.8865,1.8026155583899437,0.0,2011166,41
78.92,31.889999999999997,1470.2924499999997,2.1468495633071605,0.0,2011166,42
77.81,41.52,1731.7073999999998,1.0363023246029468,0.0,2011166,43
78.83,36.62,1694.7925000000002,1.9628602189563145,0.0,2011166,44
80.63,42.95,1932.5384,1.3408038361498809,2.241781234741211,2011166,45
82.19,52.75,2306.9873500000003,1.393107654613004,0.0,2011166,46
87.75999999999999,35.74,1856.58205,2.5791158897964115,0.0,2011166,47
82.07,44.83,2079.7961500000006,1.9977508273251954,0.0,2011166,48
83.08,56.15,2658.4955999999997,2.5795834356087126,6.336069107055664,2011166,49
78.19999999999999,59.74,2331.8140000000003,1.487998240198328,0.0,2011166,50
76.63,57.910000000000004,2226.4116000000004,1.930813318643539,0.0,2011166,51
78.72,52.349999999999994,2299.2373,2.1739077515687626,0.0,2011166,52
75.19999999999999,56.260000000000005,2217.1056000000003,2.2279887443009345,0.0,2011166,53
78.96,40.16,1609.53275,1.6546227167961032,0.0,2011166,54
76.64,44.33,1733.5837999999999,2.1193529288591098,0.0,2011166,55
76.89,55.03,2116.1382000000003,2.199856166143777,0.0,2011166,56
79.06,42.08,1984.0658000000003,2.1335063807124612,0.0,2011166,57
79.74,29.22,1491.0001999999995,2.3316376031918993,0.0,2011166,58
78.39,43.48,1792.5974999999996,1.3021118769330442,0.0,2011166,59
77.66,54.33,2247.15825,2.3313256317749986,0.0,2011166,60
76.7,57.56,2207.2235,1.5537808011566459,0.0,2011166,61
79.31,51.879999999999995,2264.97405,2.2763676946205686,0.0,2011166,62
78.37,31.36,1267.1403999999998,1.4455359744185818,0.0,2011166,63
79.5,39.03,1555.1543000000001,0.4902623303445883,0.0,2011166,64
80.65,56.92,2297.5622000000003,2.0910143463175466,0.0,2011166,65
79.01,62.019999999999996,2770.9946,1.6424925758153273,9.07307243347168,2011166,66
78.52,50.400000000000006,2217.84275,2.245923406885992,0.7358818054199219,2011166,67
76.17999999999999,41.31,1839.4258999999995,1.9014714238780785,0.0,2011166,68
79.85,42.33,1879.8178000000003,1.9713601198342794,0.0,2011166,69
77.25999999999999,32.14,1487.0403500000002,0.7650508053196602,0.0,2011166,70
76.69,31.690000000000005,1475.0041499999995,1.7644058848513722,0.0,2011166,71
72.84,31.0,1434.1832000000002,1.8600562249170154,0.0,2011166,72
72.68,36.050000000000004,1456.0704,1.9009913592175212,2.9269351959228516,2011166,73
75.16,44.22,1905.8517,1.7150722052889142,5.533908843994141,2011166,74
77.39,42.239999999999995,1788.3436,2.1920400345189677,0.0,2011166,75
83.07,38.849999999999994,1783.1606,1.5437827772357604,0.0,2011166,76
76.85,24.13,982.227,0.27890862091229907,0.0,2011166,77
77.43,33.11,1289.40465,2.1436770527771194,0.0,2011166,78
78.56,53.58,2114.9795,2.322088263488528,0.0,2011166,79
81.44999999999999,40.09,1848.1794499999999,1.864255070721765,0.012012481689453125,2011166,80
76.94999999999999,49.97,2109.5536999999995,1.7295213142676151,0.0,2011166,81
79.3,51.89,2165.7888,2.224712297789534,1.6205692291259766,2011166,82
80.09,35.87,1717.15445,2.247561683471875,0.0,2011166,83
77.31,47.959999999999994,2128.1186,0.765426371228268,1.4589958190917969,2011166,84
75.48,59.78,2349.60655,1.9268217923932587,1.4736137390136719,2011166,85
80.07,33.730000000000004,1605.1736500000002,1.9408728982214696,10.35595703125,2011166,86
77.94,42.26,1962.7566500000003,2.103050435323261,0.0,2011166,87
71.96000000000001,58.64,2297.866400000001,1.9649723128268395,5.968509674072266,2011166,88
77.03,53.730000000000004,2293.6037499999998,2.196077013689433,0.0,2011166,89
74.38,58.72,2277.95485,2.068114698462242,1.1485233306884766,2011166,90
79.05,49.209999999999994,2076.2661000000003,1.6439531148221946,0.0,2011166,91
75.92,41.72,1767.0491,1.600580690221149,0.0,2011166,92
76.82,41.15,1802.7789,2.0468239963239077,0.0,2011166,93
77.11,48.870000000000005,1914.3893500000004,2.061016363867935,0.0,2011166,94
78.75999999999999,52.79,2075.3968000000004,1.7090616124502531,0.0,2011166,95
76.44999999999999,52.92,2122.94175,1.2908522590431482,0.0,2011166,96
76.47,46.959999999999994,1993.5499,2.1455369292081317,0.0,2011166,97
78.99000000000001,41.9,1774.6756000000003,1.3853021138040071,0.0,2011166,98
76.71000000000001,43.28,1918.3793499999997,1.879097981641518,0.0,2011166,99
71.05,41.39,1523.2518499999999,1.763349846118634,0.0,2011166,100
72.8,50.260000000000005,1890.69175,2.423360178180987,0.0,2011166,101
72.78999999999999,25.17,1015.4892000000001,2.2057280405076534,0.0,2011166,102
71.42,35.6,1250.224,0.7806934174818047,0.0,2011166,103
75.37,39.339999999999996,1576.0276999999999,1.5449881035316952,0.0,2011166,104
75.98,38.16,1578.7660999999998,2.2588218206887194,0.0,2011166,105
73.39,38.62,1422.8960999999997,1.6322389037356437,0.0,2011166,106
72.39,34.36,1479.0589000000002,1.667398733230867,0.0,2011166,107
72.53999999999999,39.08,1488.6801999999998,0.8508734848198625,0.0,2011166,108
70.53999999999999,37.7,1474.73185,2.0294401685116097,0.0,2011166,109
80.50999999999999,26.33,1148.0237499999998,1.1458859115119324,0.0,2011166,110
84.91999999999999,29.53,1425.3436499999998,2.3895370794863204,0.0,2011166,111
74.4,58.15,2197.5872,1.062408162161533,0.0,2011166,112
76.41,52.480000000000004,2014.0776999999998,2.179046707546311,0.0,2011166,113
78.82,33.96,1336.812,1.4625332154183195,0.0,2011166,114
79.88,46.74,1987.3834499999998,2.219157927089477,0.0,2011166,115
79.04,34.150000000000006,1616.7987500000004,2.279745451500746,0.0,2011166,116
78.8,32.46,1449.8201,2.147004936001162,0.0,2011166,117
76.94,60.72,2339.4937,1.8831133865443739,2.0460338592529297,2011166,118
80.03999999999999,61.510000000000005,2465.74135,2.509612123151319,0.0,2011166,119
79.75,51.84,2188.90275,2.214002984406112,0.8541221618652344,2011166,120
77.47,47.95,1989.6895499999998,2.0684373701204724,0.0,2011166,121
78.44999999999999,48.050000000000004,2032.4187500000003,2.342893088007897,0.0,2011166,122
79.39,47.57,2065.17035,2.0937305478762354,0.0,2011166,123
78.00999999999999,50.67,2238.70305,2.2976611708384214,0.0,2011166,124
81.41,35.7,1643.0166500000003,1.2315688281978405,0.0,2011166,125
79.23,45.160000000000004,2271.1510999999996,2.3844606707343425,0.0,2011166,126
78.07,36.04,1692.7407500000002,2.3761429212264207,0.0,2011166,127
78.25,41.849999999999994,1843.6123,1.6335962962689687,5.074243545532227,2011166,128
77.42,41.099999999999994,1750.8150999999998,1.667126194093841,0.0,2011166,129
73.35,44.01,1868.4626000000003,1.5856786051619454,0.0,2011166,130
76.94999999999999,47.18,1866.8102,2.196640650881868,0.0,2011166,131
73.86,39.660000000000004,1403.0273000000004,1.4435177504975625,0.0,2011166,132
66.84,36.58,1288.2065,1.890758664708041,0.0,2011166,133
75.08,36.370000000000005,1528.7173,2.006914980519945,0.0,2011166,134
76.39,42.459999999999994,1775.7259499999998,1.6849892841690322,2.015562057495117,2011166,135
80.55000000000001,41.879999999999995,1742.4290499999997,2.499295929321318,0.0,2011166,136
81.08,40.7,1854.0139000000001,1.9927770187872689,0.0,2011166,137
76.55,40.550000000000004,1614.8677000000002,1.1593911861638755,0.0,2011166,138
76.79,44.870000000000005,1879.7028500000001,2.3433034263778363,0.0,2011166,139
80.81,39.72,1956.5376500000002,1.2769084197983696,0.0,2011166,140
83.33,30.9,1670.0121,2.22808817486547,0.0,2011166,141
70.92,44.42,1616.6441499999999,1.6006651843236082,0.0,2011166,142
73.18,54.739999999999995,2004.6592999999998,0.5655232175666389,0.0,2011166,143
72.95,49.41,1895.4872,2.2058959589514386,0.25190162658691406,2011166,144
77.49000000000001,36.2,1519.58615,1.970111687602435,0.0,2011166,145
80.50999999999999,25.54,1143.93265,1.6536961597543147,0.0,2011166,146
81.9,44.32,2126.3242999999998,2.2625783289464,0.0,2011166,147
86.34,47.339999999999996,2104.6616999999997,1.8186528069988694,2.6886940002441406,2011166,148
84.33,25.85,1173.43,1.019335739302811,0.0,2011166,149
79.6,50.94,2090.04325,2.142122585561525,0.0,2006229,0
79.32,50.31,2146.2082499999997,2.2287061743490506,0.09420013427734375,2006229,1
78.86,37.48,1599.7666,1.8446661892426792,0.0,2006229,2
79.9,32.36,1439.04165,1.6460833131563362,0.0,2006229,3
73.31,51.75,2177.48655,1.9747789440270473,0.0,2006229,4
70.65,63.83,2487.5631000000003,0.8451978575324064,4.809608459472656,2006229,5
78.33,62.519999999999996,2639.4531,2.258954253197269,0.0,2006229,6
86.42,40.25,2187.5295,2.280693755722499,4.913206100463867,2006229,7
74.18,44.42,1923.6701999999998,2.441453540825253,0.0,2006229,8
75.89,51.129999999999995,2016.62235,2.292923536285228,0.0,2006229,9
74.3,60.35,2455.2371000000003,2.481285536935239,0.0,2006229,10
72.38,59.56,2470.5101999999997,2.536281054060311,0.0,2006229,11
80.09,42.019999999999996,1828.8033999999998,1.501627471367758,0.0,2006229,12
80.22999999999999,45.64,1898.20715,2.5121163778945563,0.0,2006229,13
78.57,34.230000000000004,1583.0957999999996,2.259735180816409,1.083852767944336,2006229,14
69.11,60.25,2209.2191,2.4241005703025813,0.0,2006229,15
73.50999999999999,37.769999999999996,1444.0059500000002,2.1014592065080127,0.0,2006229,16
76.84,35.13,1582.5808499999998,2.405425082434649,0.0,2006229,17
73.45,46.12,1694.032,1.5010123640967274,0.0,2006229,18
70.79,43.34,1641.3268,1.9481630610097487,0.0,2006229,19
69.53,33.88,1339.7906,1.7458414571959522,0.0,2006229,20
71.14,47.6,1802.3557499999997,1.9021596796953655,0.0,2006229,21
75.28999999999999,63.67,2484.4414,1.911555817461958,7.030614852905273,2006229,22
78.11,56.980000000000004,2363.2312,2.359192578626609,0.0,2006229,23
79.22,45.42,1967.55005,1.8947931435928815,0.0,2006229,24
78.16,46.709999999999994,2030.2888,2.2991463879328955,0.0,2006229,25
78.83,58.71000000000001,2408.2824,2.216358855936621,0.0,2006229,26
79.02000000000001,40.4,1805.7661999999998,1.052755162277127,0.0,2006229,27
75.43,37.4,1636.4743499999997,2.2543806114010425,0.0,2006229,28
69.66999999999999,56.84,2351.93285,2.3431800482155887,1.50872802734375,2006229,29
76.33,59.42,2720.2698499999997,2.4162582745642665,8.176572799682617,2006229,30
75.82,53.82,2304.06075,1.7164577945877704,3.1981201171875,2006229,31
78.82000000000001,54.53,2288.3824000000004,0.661556013609949,0.0,2006229,32
76.38,41.0,1655.9469999999997,1.7892803228236211,0.0,2006229,33
77.77000000000001,43.010000000000005,1763.4602999999995,1.8830146667885457,0.0,2006229,34
75.4,47.62,1978.7430999999997,1.9200197928822034,0.0,2006229,35
76.72,47.769999999999996,2068.8586999999998,1.2373671100981374,0.00545501708984375,2006229,36
71.1,54.35,1966.4496000000001,0.8511213043274901,0.0,2006229,37
72.91,59.66,2186.2107,0.6959100719806758,0.0,2006229,38
74.44,59.47,2414.5579,2.380775258361959,0.0,2006229,39
76.72,58.74,2543.9256499999997,1.2809376897112557,2.061643600463867,2006229,40
75.45,55.07,2395.9887500000004,1.8964258104604967,0.0,2006229,41
80.93,29.32,1347.60575,2.1347723259668427,0.0,2006229,42
86.6,33.510000000000005,1773.2480500000001,1.4696650839302385,0.0,2006229,43
80.52,38.0,1828.4867000000002,2.1782491796869965,0.0,2006229,44
75.3,58.56,2429.348,2.361274419384289,0.0,2006229,45
78.08,36.76,1721.23185,1.1819167140396742,0.0,2006229,46
81.47,51.68,2291.72405,2.0819709371317767,0.0,2006229,47
82.21000000000001,59.95,3146.0347000000006,2.4892824896024583,0.0,2006229,48
84.12,48.84,2453.7543499999997,1.2879058734835227,1.355743408203125,2006229,49
82.96000000000001,47.17,2209.0508999999997,0.7823582867670454,0.0,2006229,50
79.44999999999999,53.71,2349.1974999999993,2.186758410032646,0.0,2006229,51
81.66,52.99,2162.1096999999995,0.43109311379331794,0.0,2006229,52
67.45,57.17,2233.66905,2.3353537002234086,5.408552169799805,2006229,53
73.82,56.620000000000005,2351.4163499999995,2.5064135663242353,0.0,2006229,54
76.12,54.28999999999999,2236.3508,1.4348944823634673,1.0029830932617188,2006229,55
74.86,61.26,2626.2079000000003,2.532510432167916,9.02996826171875,2006229,56
80.15,46.83,2066.8073000000004,2.110214372683603,0.0,2006229,57
84.94,38.58,1964.3386999999998,2.394794851210891,0.0,2006229,58
78.72,22.240000000000002,1019.4107999999999,2.038976302139596,0.0,2006229,59
77.61,32.61,1355.2472000000002,1.4322395704857953,0.0,2006229,60
77.7,57.2,2233.6706999999997,0.4507050347200739,0.0,2006229,61
77.43,47.2,1957.83255,1.4367836256922952,0.0,2006229,62
77.77,39.3,1676.65455,1.6771452643726048,0.0,2006229,63
74.17,30.96,1454.7315,2.2411432187665783,0.0,2006229,64
68.99,32.29,1210.5309499999998,2.0277522588828147,0.0,2006229,65
67.02,40.21,1563.8097500000001,1.4399874744158487,0.0,2006229,66
63.18,46.790000000000006,1813.67165,2.266049224723188,0.0,2006229,67
64.75,58.34,2330.8867,2.414978885767204,0.0,2006229,68
63.989999999999995,62.78,2346.3687,1.3682959960725525,6.458526611328125,2006229,69
73.47,59.34,2575.59695,2.5332414725125587,3.074443817138672,2006229,70
73.15,60.08,2584.08625,2.021284416173192,4.7333831787109375,2006229,71
73.66,58.5,2211.84615,1.9889864808921707,0.0,2006229,72
69.79,52.13,1928.7322500000002,2.201061032892704,0.0,2006229,73
68.19,40.03,1472.7223999999997,1.9964585085166469,0.0,2006229,74
66.9,43.470000000000006,1535.4394000000002,1.0425325283448617,0.0,2006229,75
69.84,47.96,1746.8662000000002,2.008875327338251,0.0,2006229,76
73.42,50.190000000000005,1947.5787500000001,2.1045885431340805,0.0,2006229,77
76.02,58.28,2315.7207500000004,2.389714633791395,0.0,2006229,78
76.5,47.47,1963.7805999999996,1.9722594919567582,0.0,2006229,79
76.72,52.379999999999995,2058.6610500000006,2.1421118123593494,0.0,2006229,80
73.28,44.25,1883.6373,2.198104558610151,0.0,2006229,81
71.19,35.13,1542.71235,2.2347138799112187,0.0,2006229,82
52.760000000000005,33.07,970.6306500000001,1.73078422323378,0.0,2006229,83
70.56,30.27,1191.6512,1.2762451907035732,0.0,2006229,84
71.00999999999999,42.449999999999996,2038.2808999999997,1.9518968311628973,0.0,2006229,85
63.06,62.86,2473.963,2.5475911813471357,2.1845436096191406,2006229,86
59.91,61.53,2330.4453,2.527369775968685,1.1834659576416016,2006229,87
66.22,59.16,2662.65975,2.5699402467735557,6.16020393371582,2006229,88
80.06,36.730000000000004,1666.2703500000002,1.8639193090737385,0.0,2006229,89
74.19,47.18000000000001,2026.6803999999997,0.04124294629593745,0.0,2006229,90
77.94,37.5,1482.39255,0.9306807680091177,0.0,2006229,91
77.99,34.97,1446.2157499999996,1.7161372156900403,0.0,2006229,92
75.83,42.25,1601.63275,1.8687383003103775,0.0,2006229,93
80.35,47.83,2264.974,1.7558460962285019,0.0,2006229,94
76.55,60.73,2525.39,2.5137433314000655,0.0,2006229,95
82.15,58.8,2708.7989,2.032792969643452,2.024890899658203,2006229,96
82.09,59.22,2807.9515499999998,2.5707392854909,7.257352828979492,2006229,97
71.71,48.1,2221.04565,1.1468165346816663,0.0,2006229,98
72.31,63.35,2708.10125,1.9102866393607023,11.49713134765625,2006229,99
76.47,54.629999999999995,2176.6390499999998,1.5209650444830318,0.0,2006229,100
78.52000000000001,62.379999999999995,2554.3311500000004,2.3501649500120476,0.0,2006229,101
73.9,60.400000000000006,2490.8671,2.489464453429976,0.0,2006229,102
71.81,55.22,2401.8044,2.1998911698984642,1.8780288696289062,2006229,103
68.35,53.22,2063.6974499999997,1.1132228986793056,0.0,2006229,104
73.52000000000001,59.28,2256.9985500000003,1.768717454242678,0.0,2006229,105
80.72999999999999,50.06,2174.6121,1.6713144121633423,0.0,2006229,106
78.08,46.03,1969.9430500000003,2.3687446544179207,0.0,2006229,107
78.84,56.480000000000004,2440.15195,2.1268258182727346,2.435009002685547,2006229,108
80.58,40.650000000000006,2025.5528999999997,2.0617609244831163,0.0,2006229,109
71.67,62.95,2575.4578999999994,2.6006851969918645,0.0,2006229,110
65.62,60.46,2546.8890499999993,2.48032142824528,2.8185081481933594,2006229,111
68.13,60.3,2362.45505,1.8846464272379606,0.0,2006229,112
75.22,49.18,1961.2316000000003,2.4933716485223805,0.0,2006229,113
76.38,46.17,1821.97355,1.9868491112867328,0.0,2006229,114
80.42,64.63,2780.587,1.8042296106977629,6.311794281005859,2006229,115
75.35,44.900000000000006,1915.0506500000001,2.566607837425053,0.0,2006229,116
72.13,60.010000000000005,2494.1074,2.536519283850289,0.0,2006229,117
75.13,59.05,2553.049,2.4093951383207326,15.987615585327148,2006229,118
73.50999999999999,59.92,2251.5053,1.5610953266619827,0.0,2006229,119
76.61,47.849999999999994,2072.3811499999997,1.9038199417372348,3.5505638122558594,2006229,120
76.74,42.09,1730.0864500000002,2.067700954346892,0.0,2006229,121
83.76,38.8,1891.8232,2.112052857215242,0.0,2006229,122
74.42999999999999,40.18,1873.0520000000001,2.524823659280178,0.0,2006229,123
76.97,54.269999999999996,2102.9119499999997,1.9464692737485596,0.0,2006229,124
77.94,55.67,2368.7714000000005,2.3284828003648315,4.601472854614258,2006229,125
75.94999999999999,57.8,2618.12375,2.6022383491228886,5.829753875732422,2006229,126
72.02,59.34,2385.76375,1.8827060509347995,5.719770431518555,2006229,127
81.59,45.55,2114.74165,1.8389588554799015,0.0,2006229,128
76.85,34.08,1475.8180500000003,2.1891484271034107,0.0,2006229,129
75.88,25.840000000000003,1183.6123499999999,1.5294520038319996,0.0,2006229,130
76.59,33.37,1438.9723999999997,1.914616936047706,0.0,2006229,131
80.03999999999999,38.33,1665.6936999999996,1.0233560614172514,0.0,2006229,132
76.86,59.05,2377.6634000000004,2.193136339129085,0.0,2006229,133
80.28999999999999,56.56,2650.2165,1.786297687202017,8.218711853027344,2006229,134
78.30000000000001,49.6,2126.6582000000003,1.1233578577472993,0.0,2006229,135
71.58,56.83,2474.2727,2.3733104671785052,0.0,2006229,136
66.59,58.47,2171.83315,1.7456773673722412,0.0,2006229,137
79.74000000000001,51.31,2193.1667,0.9169881410104073,3.119091033935547,2006229,138
76.24000000000001,53.6,2288.4554500000004,2.4661106399243113,1.0955238342285156,2006229,139
73.93,54.31,2382.4868500000002,2.391487197802258,0.0,2006229,140
75.42,59.82,2743.5254,2.168914476286578,7.025041580200195,2006229,141
79.83,46.83,2091.4023500000003,2.4668819173088936,1.5202503204345703,2006229,142
79.72999999999999,49.24,2161.8733,1.7155600900324584,6.813282012939453,2006229,143
78.78,59.730000000000004,2505.97975,2.200628901290748,0.0,2006229,144
77.19,57.71,2385.49305,2.364581332218637,0.0,2006229,145
77.82,56.519999999999996,2349.85575,2.2533702170215433,0.0,2006229,146
75.63,56.22,2421.1468,1.1607579022717416,0.0,2006229,147
71.28999999999999,49.709999999999994,2174.63565,2.0069315667349708,0.0,2006229,148
76.33,53.32,2478.6355500000004,2.3720905712950047,1.4900932312011719,2006229,149
71.88,43.59,1685.8996499999998,2.0627093381599293,0.0,1996435,0
78.75,19.22,780.751,1.5254192044951558,0.0,1996435,1
78.43,23.06,968.8663999999999,1.556913116132276,0.0,1996435,2
74.41,54.19,2465.0188499999995,2.2893108997920995,0.0,1996435,3
77.42,53.17,2334.14905,2.4288989890267363,0.0,1996435,4
78.99,49.31999999999999,2231.2251499999998,1.5248232842969982,0.0,1996435,5
73.25999999999999,55.15,2158.27655,2.380812376908891,0.0,1996435,6
75.03,58.5,2366.14035,2.456678259306309,0.0,1996435,7
75.92,37.67,1547.1899999999998,1.0078667411516176,0.0,1996435,8
73.99000000000001,40.760000000000005,1615.9053,1.3665966853899332,0.0,1996435,9
72.43,46.480000000000004,1697.5719499999996,1.3806686033987257,0.0,1996435,10
73.41,52.69,1980.7006,2.3489514655371146,0.0,1996435,11
74.41,43.4,1787.7521000000002,2.2084024344439404,1.3152294158935547,1996435,12
74.56,28.939999999999998,1220.5307999999998,1.6489874421257902,0.0,1996435,13
72.47,36.32,1390.0768499999997,1.871449953741444,0.0,1996435,14
72.37,51.7,2111.85685,2.1752326408930776,0.0,1996435,15
77.11,61.879999999999995,2489.6803,1.3929072852201547,0.0,1996435,16
77.97,51.48,2309.3960500000003,2.1530790891464893,0.0,1996435,17
75.32,38.38,1583.5659999999998,2.1210600553192753,0.0,1996435,18
73.44,40.05,1481.6732500000003,1.5628850066174764,0.0,1996435,19
72.22,43.3,1603.8913999999997,1.7816114187905703,0.0,1996435,20
72.47,44.56,1827.7485499999998,2.2777972882881263,0.0,1996435,21
69.69,34.129999999999995,1256.3940999999998,1.9458462521142113,0.0,1996435,22
69.81,31.95,1124.70215,1.8433435712740853,0.0,1996435,23
66.59,43.29,1939.0748,1.8635114877235688,0.0,1996435,24
75.11,47.480000000000004,1919.03085,2.0415151545908428,0.0,1996435,25
68.66,27.64,978.4639000000001,1.6299252601055079,0.0,1996435,26
69.53999999999999,30.98,1102.2802,1.0493113513964043,0.0,1996435,27
79.71,37.68,1842.7983,1.3297833131094172,0.0,1996435,28
77.68,36.53,1641.7439,1.774065764294245,0.0,1996435,29
74.22,61.230000000000004,2363.8422500000006,1.2429204495437685,0.0,1996435,30
78.54,51.51,2659.2132500000007,2.4978963518611654,0.6828269958496094,1996435,31
77.44999999999999,38.48,1789.7031999999997,1.7375091402623497,0.0,1996435,32
74.11,55.94,2224.5321,1.6450923410346305,0.0,1996435,33
80.14,33.260000000000005,1473.0262499999997,1.827919140956211,0.0,1996435,34
70.48,45.74,1864.2209999999995,2.1922585719481966,6.338035583496094,1996435,35
69.09,44.65,1946.5286,1.5873115927653614,2.6110610961914062,1996435,36
73.43,40.14,1593.13,1.1401026169172237,0.0,1996435,37
75.3,49.34,1852.1333999999997,2.2891733768661564,0.0,1996435,38
77.67,37.49,1549.8201999999999,2.3372760937883275,0.0,1996435,39
70.72,40.349999999999994,1608.46105,1.8971862634669514,0.0,1996435,40
73.4,54.97,2232.3251,2.431042532970598,0.0,1996435,41
68.33,58.3,2144.0775000000003,2.410113117987668,0.0,1996435,42
71.07,54.19,1931.73045,1.5819634135159055,0.4706153869628906,1996435,43
60.92,59.25,1951.1727500000002,1.0982554544428753,0.0,1996435,44
73.62,52.42,2087.5489000000002,2.238844689344996,0.0,1996435,45
77.78999999999999,41.24,1750.0044500000001,1.5523866498749903,0.0,1996435,46
77.94,33.31,1483.7531000000004,1.6459008479036954,0.0,1996435,47
66.66,38.55,1284.98845,1.3709592308945708,0.0,1996435,48
64.67999999999999,31.799999999999997,1020.7113999999999,1.7658015443064432,0.0,1996435,49
70.63,57.33,2271.03375,2.4554196454982375,5.229326248168945,1996435,50
67.89,45.31,1892.76235,2.251054181705707,0.0,1996435,51
70.82,45.57,1764.19015,1.7836025150346153,0.0,1996435,52
71.87,54.8,2330.3047500000002,2.1162272147907264,2.008054733276367,1996435,53
75.48,57.27,2352.0157,1.988947753235155,0.0,1996435,54
76.02,44.989999999999995,1990.1177,2.4002028963452697,0.0,1996435,55
75.59,36.85,1516.04735,2.3676143507584904,1.7781009674072266,1996435,56
77.09,33.61,1544.3412999999996,0.45106040888717797,0.0,1996435,57
77.51,42.6,1979.4503499999998,2.3666128101945705,0.0,1996435,58
78.33,43.08,2015.8978499999996,2.4111098709997134,0.0,1996435,59
80.95,42.63,2282.3078000000005,2.576415986537702,0.0,1996435,60
81.24000000000001,46.43,2236.83295,1.2299995514140623,0.0,1996435,61
82.77000000000001,39.5,1990.2376000000002,2.4700755158552523,0.0,1996435,62
81.65,48.94,2233.5736,2.2517090865895764,2.4013137817382812,1996435,63
78.61,34.040000000000006,1459.2036,2.0288023167698994,0.0,1996435,64
77.83,49.45,1971.4677499999996,1.3977524115396063,0.0,1996435,65
78.92,39.26,1650.0868,2.4900723332104553,0.0,1996435,66
78.72,38.8,1662.9227,2.5195228222894483,0.0,1996435,67
78.09,40.93,1775.4465500000001,1.5567290580789073,0.0,1996435,68
75.17,55.72,2092.8181000000004,1.9508992028109546,0.0,1996435,69
76.47,44.15,1730.5877500000006,2.177105121086268,0.0,1996435,70
72.44,34.93,1439.52215,1.0067174505120309,0.0,1996435,71
73.85,36.42,1524.0977500000001,1.5564750113592112,0.0,1996435,72
69.99,50.24,1797.6471499999998,2.180371808341895,0.0,1996435,73
72.3,59.870000000000005,2322.4347,2.436311460814274,1.5495834350585938,1996435,74
76.66,44.230000000000004,1806.6679500000002,0.22642137675272186,0.0,1996435,75
69.03999999999999,40.44,1642.97795,1.405363867253609,0.0,1996435,76
75.43,60.53,2287.58695,0.6280074778862115,0.0,1996435,77
72.73,63.339999999999996,2303.5258499999995,1.329224094262226,0.0,1996435,78
75.97,56.06,2205.1626000000006,2.3888127992255974,0.0,1996435,79
77.52000000000001,39.45,1624.33535,2.419562561526805,0.0,1996435,80
78.53999999999999,46.190000000000005,1899.6892,2.2103883860598144,0.0,1996435,81
77.02,42.95,1714.41795,2.0384937341750864,0.0,1996435,82
80.31,37.95,1728.82395,2.074855355812024,0.0,1996435,83
72.43,52.17,2170.92025,2.427661308215527,0.0,1996435,84
79.06,37.04,1623.76555,0.689505854049081,0.0,1996435,85
77.89,53.730000000000004,2088.1059,2.162838359281446,0.0,1996435,86
75.77000000000001,39.129999999999995,1486.9652999999998,2.158857207950415,0.0,1996435,87
79.57,30.490000000000002,1253.4705,0.7209402979827947,0.0,1996435,88
76.6,31.74,1235.7944,0.5738207949006608,0.0,1996435,89
74.2,48.510000000000005,2118.4875,2.6142876044781325,0.0,1996435,90
71.67999999999999,59.91,2844.87295,2.5247196331941937,5.808673858642578,1996435,91
77.09,56.25,2362.51585,2.476789587811433,0.0,1996435,92
77.03999999999999,39.53,1636.8724999999997,2.267811079726951,0.0,1996435,93
72.65,44.95,1686.8842000000002,1.809923921124665,0.0,1996435,94
73.08,37.68,1509.8714499999996,1.062380837740717,0.0,1996435,95
83.15,27.86,1431.03145,2.1239415839957876,0.0,1996435,96
81.63,62.0,2733.593699999999,0.5571422286380261,0.0,1996435,97
81.88,63.16,2891.30425,2.414343669121469,3.441436767578125,1996435,98
80.91,51.370000000000005,2259.3848,0.816525834127803,1.9150810241699219,1996435,99
77.49000000000001,43.269999999999996,1806.4491500000001,2.228797670902138,0.0,1996435,100
76.35,34.410000000000004,1484.1920999999998,1.5938271385447138,0.0,1996435,101
72.74,33.51,1352.02025,0.4427944952067789,0.0,1996435,102
66.69999999999999,59.400000000000006,2125.19795,2.0282945432729496,0.0,1996435,103
77.63,49.78,1955.3439499999997,1.9308653963031015,0.0,1996435,104
73.13,56.43,2069.1412,1.4728597642243457,0.0,1996435,105
72.57000000000001,60.19,2316.36095,2.5425781183829033,0.0,1996435,106
73.6,50.31999999999999,1847.1839999999997,2.2393707109045473,0.0,1996435,107
70.22,47.599999999999994,1695.14065,2.0534397317822464,0.0,1996435,108
70.66,59.61,2292.18895,2.337560702173463,0.0,1996435,109
74.80000000000001,50.01,2053.336,1.2171924429301386,0.0,1996435,110
80.88,49.72,2310.8466,1.8970195487824641,0.0,1996435,111
80.08,42.15,1882.2865499999998,2.221824631797368,0.0,1996435,112
82.03999999999999,40.129999999999995,1776.5538500000002,2.201358005807843,0.0,1996435,113
82.66,40.42,1845.8382500000002,1.0984855885648868,0.0,1996435,114
76.28999999999999,22.97,1044.7548499999998,1.7450216141745534,0.0,1996435,115
66.88,46.510000000000005,1589.5561500000001,1.4529973348001195,0.0,1996435,116
68.94,60.06,2079.2291499999997,1.8682877401466733,0.0,1996435,117
71.52,41.28,1591.5409000000002,1.909429764269035,0.0,1996435,118
75.22,50.57,2079.44595,1.6235072688099257,0.0,1996435,119
77.85,59.03,2528.8322500000004,2.504524906232022,4.480905532836914,1996435,120
76.28,61.349999999999994,2442.1203499999992,2.228159483246056,0.0,1996435,121
79.68,51.79,2321.1962999999996,2.372596528318692,0.0,1996435,122
76.85,40.74,1760.9185,1.7737586042725355,0.0,1996435,123
79.42999999999999,31.66,1331.5271500000001,1.9201869471957023,0.0,1996435,124
84.77000000000001,50.28,2218.3908000000006,2.2436715757440617,0.0,1996435,125
82.78,32.45,1608.1336,1.9736656974786921,0.0,1996435,126
82.03999999999999,65.25999999999999,3303.77335,2.403756600837529,0.0,1996435,127
78.51,61.19,2977.1423000000004,2.1206212770986177,0.10466957092285156,1996435,128
76.83,58.57,2505.0791,1.171912203569664,0.0,1996435,129
77.44999999999999,42.44,1833.0462499999999,1.9035235399350419,0.0,1996435,130
76.11,56.37,2277.57675,2.508553944794722,0.0,1996435,131
75.31,62.5,2379.5899499999996,1.4836427267287102,0.0,1996435,132
75.14,46.51,1926.9368999999995,1.5624975815432718,2.767946243286133,1996435,133
72.96,46.55,1798.8881999999999,1.9846947613376464,0.0,1996435,134
69.35,30.73,1106.9650500000002,1.3599640198484098,0.0,1996435,135
69.69,36.71,1300.3811500000004,1.5421465348766599,0.0,1996435,136
78.47999999999999,62.17,2860.7082000000005,1.5949783773321364,4.9618377685546875,1996435,137
77.4,54.36,2219.2236000000003,2.2595669051833602,0.0,1996435,138
81.75999999999999,54.59,2447.0253500000003,2.5884122095331765,0.0,1996435,139
78.19999999999999,39.989999999999995,2042.2815,2.4003824920712318,0.6041774749755859,1996435,140
76.95,53.730000000000004,2410.3517500000003,2.590961539547584,0.0,1996435,141
77.97,43.28,1854.2390999999998,0.8821185061751133,0.0,1996435,142
75.53,55.56999999999999,2363.0608000000007,2.0408835720455176,0.0,1996435,143
72.02000000000001,63.5,2435.8142000000003,1.9937468830169476,0.0,1996435,144
74.49,66.61,2675.5260000000007,0.3121282045254001,0.0,1996435,145
80.12,55.34,2251.8869500000005,2.1890412219947666,0.0,1996435,146
80.91,37.97,1807.4554,1.4100168701119211,0.0,1996435,147
76.49,42.07,1670.2728999999997,0.8697925845213863,0.0,1996435,148
76.74,29.31,1192.2937,1.4579262057564093,0.0,1996435,149
77.41,56.86,2713.7934,2.5240114518841636,0.0,1953632,0
75.97,50.42,2165.6661000000004,2.0811061700834728,0.0,1953632,1
70.98,60.36,2883.06865,2.520291404633889,8.156185150146484,1953632,2
65.05,64.16,2893.5399500000003,2.4473781221595536,2.6641578674316406,1953632,3
73.19,55.79,2357.7776499999995,2.3956776332926633,0.090728759765625,1953632,4
66.71000000000001,63.65,2555.2419,2.226775135572479,0.0,1953632,5
75.03999999999999,52.459999999999994,2052.4105,2.3100281538452556,0.0,1953632,6
81.07,48.81999999999999,2228.2267,2.2406173434433168,6.606698989868164,1953632,7
81.97999999999999,44.72,2251.9954000000002,0.7890300998943017,1.9695510864257812,1953632,8
69.06,60.31,2676.142,2.5364460378771225,5.696767807006836,1953632,9
73.66,54.03,2142.6095499999997,1.1343464529396052,3.1435928344726562,1953632,10
74.15,31.0,1214.3705499999999,1.5823066233412364,0.0,1953632,11
74.01,37.17,1384.5232,1.8630235011965133,0.0,1953632,12
71.58,41.33,1476.5691000000002,0.6223089051161905,0.0,1953632,13
70.34,47.989999999999995,1681.4209999999998,1.4872576558471562,0.0,1953632,14
72.82,32.35,1348.66985,2.0757253648350154,0.0,1953632,15
80.62,41.980000000000004,1757.3550500000001,2.0797037653207227,0.0,1953632,16
91.0,43.55,2336.1145,2.1052125076671837,1.1269340515136719,1953632,17
78.27,43.06,1886.8225999999997,2.0167978314379584,5.842555999755859,1953632,18
75.09,38.52,1724.2286999999997,2.0612206386199428,0.0,1953632,19
81.89,55.42,2644.8300999999997,2.230905144947968,0.0,1953632,20
78.4,34.97,1512.6763999999998,2.4789223477540627,0.0,1953632,21
76.36,42.730000000000004,2055.9752,2.5256456839491297,0.0,1953632,22
58.760000000000005,62.480000000000004,2491.9368499999996,2.376706748200213,0.13872528076171875,1953632,23
63.76,58.88,2257.7760500000004,2.452837780796621,5.76397705078125,1953632,24
65.5,59.95,2197.9163500000004,2.124709667630084,8.679401397705078,1953632,25
60.24,64.22,2308.4823499999998,2.540144703838122,1.4803543090820312,1953632,26
79.11,44.449999999999996,2016.2558,2.4476441972478953,0.0,1953632,27
74.44999999999999,64.13,2649.3986500000005,2.361836418822756,2.7584590911865234,1953632,28
78.62,33.19,1398.8761999999995,1.104719782630816,0.0,1953632,29
78.02,51.82,2093.0261499999997,2.2658826257286635,0.0,1953632,30
76.39,59.5,2797.57045,2.3553199625119348,5.60515022277832,1953632,31
78.83,59.230000000000004,2725.1861000000004,2.213580876587091,0.0,1953632,32
82.32000000000001,49.75,2244.0603500000007,2.1151567626118415,2.2522716522216797,1953632,33
78.22,50.53,2044.1649499999999,1.1779363190288399,0.0,1953632,34
75.06,37.879999999999995,1833.4228500000004,2.079424181851108,0.4577789306640625,1953632,35
72.22,56.18,2146.9568999999997,1.5876463186662049,1.896331787109375,1953632,36
72.02,57.09,2224.2599,1.880214115221352,0.0,1953632,37
75.78999999999999,37.05,1633.6926000000003,1.4962823719828684,0.0,1953632,38
71.6,33.63,1233.1148999999998,0.9975596066010208,0.0,1953632,39
66.64,37.88,1332.4946,1.3156152926870892,0.0,1953632,40
66.14,36.9,1413.6847999999998,1.0264545670688892,0.0,1953632,41
68.35,55.769999999999996,2096.9557999999997,1.8082629676075026,3.8292579650878906,1953632,42
63.66,53.959999999999994,1922.9452499999998,1.836789976142855,4.615301132202148,1953632,43
58.120000000000005,59.629999999999995,2102.90815,2.520418598888317,0.0,1953632,44
74.2,54.36,2326.2066999999997,2.1037439682127514,5.178165435791016,1953632,45
77.06,61.040000000000006,2641.8266,2.343943611673619,0.0,1953632,46
76.68,53.96000000000001,2255.0381,1.9776158750341857,2.125551223754883,1953632,47
77.55,56.739999999999995,2442.8961,2.522432395047731,0.0,1953632,48
77.09,44.769999999999996,2408.02985,2.5042349909227695,5.468973159790039,1953632,49
72.83,57.79,2760.64365,2.546212879455852,7.704734802246094,1953632,50
61.22,62.010000000000005,2423.31475,2.4052274908939757,0.0,1953632,51
68.93,55.03,2201.29515,2.5044987583961307,2.260284423828125,1953632,52
65.25,49.74,1909.9524000000004,2.483003389229271,0.0,1953632,53
69.73,53.93,2304.8633,2.447269060911423,1.626312255859375,1953632,54
76.9,41.66,1696.17335,2.1226055367839938,0.0,1953632,55
78.93,37.010000000000005,1699.7682499999999,1.928828473131866,0.0,1953632,56
75.42,44.22,1782.9409500000002,1.257873396999643,0.0,1953632,57
76.66,34.71,1496.6042499999999,0.6007982789431126,0.0,1953632,58
77.42,49.24,2168.1185,2.2306292371515752,0.024478912353515625,1953632,59
74.8,30.11,1134.5602500000002,1.3388541663578695,0.0,1953632,60
72.22,32.0,1207.3669,1.6406666453058423,0.0,1953632,61
66.38,38.41,1357.0069999999998,1.1492401696816297,0.0,1953632,62
81.19,62.37,2721.2811999999994,1.7099607555089067,1.0396194458007812,1953632,63
79.68,40.38,2014.9003499999997,2.4036351713969024,0.0,1953632,64
79.36,38.989999999999995,1893.1256999999998,2.371267649747854,0.0,1953632,65
79.07,36.31,1697.7760500000002,2.3806260828002324,0.0,1953632,66
76.66999999999999,59.730000000000004,2758.0858999999996,2.2617578977764636,2.353771209716797,1953632,67
68.93,61.040000000000006,2538.68825,2.5351594707144693,0.9769706726074219,1953632,68
57.54,54.59,1898.4705000000001,2.446074903390348,0.0,1953632,69
71.28999999999999,59.379999999999995,2318.01575,0.8511553380229874,0.0,1953632,70
75.66999999999999,55.66,2271.5673500000003,1.8241523539089453,0.0,1953632,71
79.62,42.21,1902.2741500000002,1.0604584079719435,0.0,1953632,72
78.72,37.160000000000004,1665.0167999999999,1.4709323403283072,0.0,1953632,73
79.72,36.49,1571.0296,2.0649903686483304,0.0,1953632,74
84.7,47.239999999999995,2124.61335,2.2151296281421033,0.0,1953632,75
82.66,42.52,2074.0149,1.916781425454812,0.0,1953632,76
79.53999999999999,62.0,2941.3583999999996,1.7891003428293586,8.790031433105469,1953632,77
75.81,52.53,2230.2403000000004,2.3754275153089615,0.0,1953632,78
75.4,48.3,2101.52835,2.1532130722382057,0.0,1953632,79
68.84,48.52,1950.3295,1.2570315437067157,0.0,1953632,80
57.370000000000005,57.47,2094.1693,2.3969382879754932,0.4858570098876953,1953632,81
53.87,63.96,2048.9534000000003,2.01591800347134,0.0,1953632,82
62.58,62.52,2137.5921000000003,1.0643885815577179,3.4456787109375,1953632,83
73.31,58.75,2664.16025,2.289934436831488,5.398754119873047,1953632,84
63.400000000000006,60.129999999999995,2511.9046999999996,2.5438627031360084,6.075401306152344,1953632,85
63.31,61.339999999999996,2295.68605,2.3029518800186937,0.0,1953632,86
63.699999999999996,61.33,2386.4951,2.4719054762559742,4.542503356933594,1953632,87
61.19,53.68,2028.316,2.3586873911057156,0.0,1953632,88
77.38,38.09,1673.2729499999998,1.9707443441616077,0.0,1953632,89
80.56,48.14,2114.77765,1.9633848512451304,0.0,1953632,90
80.46,57.099999999999994,2300.0814,2.1750845966161427,0.0,1953632,91
75.33000000000001,49.35,2140.20635,1.7443031485665292,0.0,1953632,92
68.83,53.150000000000006,2197.93795,2.1916214175911928,0.0,1953632,93
56.18,54.75,2072.18195,2.5285063756759145,0.9655723571777344,1953632,94
61.519999999999996,62.39,2353.8236500000003,2.2853027677569613,1.6854820251464844,1953632,95
73.94,54.870000000000005,2349.99615,2.5611346295578357,0.0,1953632,96
77.52000000000001,44.65,1964.0476,2.0974188662248956,0.0,1953632,97
79.23,35.29,1655.4866000000002,2.160977279448854,0.0,1953632,98
78.0,34.52,1625.2633,1.815381001414115,0.0,1953632,99
70.85,53.129999999999995,2043.8494499999997,1.9935290967069057,0.0,1953632,100
72.99000000000001,48.1,1850.0703500000004,0.8122323232219418,0.0,1953632,101
71.33,59.08,2238.5572500000003,2.0582938310008947,0.0,1953632,102
73.36,52.72,2163.6220000000003,2.4383667635267874,0.0,1953632,103
70.74,60.17,2497.5803999999994,2.3140062068485276,0.0,1953632,104
77.09,50.1,2041.7843,1.2084031118020255,0.0,1953632,105
76.75,62.11,2563.69985,2.39220861641444,0.7487945556640625,1953632,106
80.12,48.36,2105.5134500000004,0.6188425999113432,0.0,1953632,107
82.34,44.61,2229.4185,2.2584417143524793,3.5235233306884766,1953632,108
60.769999999999996,53.019999999999996,1861.4761999999998,0.5755453070637299,1.948709487915039,1953632,109
71.1,55.69,2386.98835,2.462783685561603,0.0,1953632,110
77.7,48.379999999999995,2092.77605,0.10446762589796596,0.0,1953632,111
75.89,54.32,2086.8551,2.2752595879572857,0.0,1953632,112
75.5,38.120000000000005,1649.79925,2.1174747068636184,0.0,1953632,113
75.27000000000001,33.65,1397.8094499999997,2.1698845415085195,0.0,1953632,114
79.96000000000001,57.86,2449.01715,2.4130750998532213,0.0,1953632,115
76.97,46.06,1862.2365999999995,1.9894970748743364,0.0,1953632,116
82.2,45.38,1983.4157000000002,1.0917930005865764,0.0,1953632,117
75.32,62.61,2346.39185,2.0669677029743414,0.0,1953632,118
78.2,42.870000000000005,1749.93675,1.0004638152628769,0.0,1953632,119
78.66,61.5,2454.61745,0.4399605292200848,0.9341583251953125,1953632,120
81.41999999999999,64.09,2818.6234,2.556387649430599,0.0,1953632,121
82.35,47.82,2224.6120499999997,2.1788489858469413,4.668481826782227,1953632,122
81.71000000000001,39.959999999999994,1696.0687000000003,1.3693459230322973,0.0,1953632,123
70.75999999999999,54.489999999999995,2509.24265,1.9208526323802215,0.0,1953632,124
61.27,62.33,2333.5508500000005,2.077128235744566,0.0,1953632,125
64.75999999999999,60.690000000000005,2446.0730999999996,1.791407729992263,4.396745681762695,1953632,126
66.66,56.28,2357.92945,1.488400096566045,1.7641887664794922,1953632,127
73.85,41.989999999999995,1845.7980499999996,2.396604008410791,0.0,1953632,128
76.74000000000001,41.379999999999995,1724.6718000000008,1.5661240767477373,0.0,1953632,129
72.4,55.99,2257.3393,2.1687867249210795,0.0,1953632,130
64.66,56.09,2080.3830000000003,2.1324945857163087,0.0,1953632,131
66.62,62.41,2148.22665,2.2373283335500953,0.0,1953632,132
66.32000000000001,66.4,2299.39375,1.5243683610300456,0.0,1953632,133
67.79,54.56,1871.79745,1.7597955648986547,0.0,1953632,134
76.38,41.349999999999994,1857.56725,2.2495359853222965,0.0,1953632,135
75.66,58.66,2445.0614,2.183561981710796,1.3581314086914062,1953632,136
79.82,52.290000000000006,2418.34465,1.7874160654357496,3.1620712280273438,1953632,137
75.47,63.47,2830.38605,2.174805279823932,0.0,1953632,138
65.86,59.75,2417.5937,2.454645651063571,10.084518432617188,1953632,139
59.449999999999996,60.53,2136.22435,1.1923830921677914,0.0,1953632,140
66.69,56.379999999999995,2318.4668500000002,2.517942533524941,5.762569427490234,1953632,141
75.47,56.66,2457.17065,1.5043750713723,0.0,1953632,142
73.81,55.629999999999995,2168.3329999999996,2.185136132599951,0.0,1953632,143
72.53,63.44,2477.8424,2.3430896431026427,0.0,1953632,144
71.78,47.82,1863.0607499999999,1.9510122050155134,0.0,1953632,145
61.03,62.78,2430.8817000000004,2.479670149134453,1.0965824127197266,1953632,146
70.82,64.37,2385.7553,1.9419881222843938,3.612459182739258,1953632,147
71.88,58.82,2228.5905000000002,2.3408802476891926,0.0,1953632,148
74.02,59.83,2310.30575,1.890779283768996,0.0,1953632,149
82.36,25.41,1183.3591999999999,0.8946546192266974,0.0,1925299,0
76.68,44.760000000000005,1796.16425,0.17359071233171705,0.0,1925299,1
78.2,42.94,1904.51375,1.3602943705228119,0.0,1925299,2
77.71000000000001,34.44,1476.8241,2.062240469173988,0.0,1925299,3
72.15,25.849999999999998,1062.7959,1.969001969569762,0.0,1925299,4
71.21,26.91,1195.4798500000002,0.89874398355154,0.0,1925299,5
78.48,37.33,1607.2822999999996,2.4305719265142502,0.0,1925299,6
82.38,25.630000000000003,1326.20085,2.101380919173817,0.0,1925299,7
82.00999999999999,31.669999999999998,1552.7971499999994,1.7208277279074715,0.0,1925299,8
79.59,32.53,1406.95025,1.5144339635741764,0.0,1925299,9
79.58,27.57,1457.527,2.050859873628131,0.0,1925299,10
81.35,47.24,2200.3337500000002,1.8667657461259508,0.0,1925299,11
74.52000000000001,36.47,1441.1972500000004,0.8545149672974324,3.386381149291992,1925299,12
75.93,59.660000000000004,2474.5147500000003,1.9518659643704563,8.562061309814453,1925299,13
74.14,52.19,2096.9251000000004,1.7536348184721584,0.0,1925299,14
75.31,34.230000000000004,1658.38705,2.4164344600387957,0.0,1925299,15
85.48,32.68,1834.2389,0.7895324787492201,0.0,1925299,16
78.63,39.370000000000005,1714.60385,1.9363385644753075,0.0,1925299,17
71.83,40.61,1511.8004999999998,1.086310218227847,0.0,1925299,18
71.91,39.160000000000004,1497.4799500000004,0.1501673728929368,4.560796737670898,1925299,19
74.65,37.94,1685.7514500000004,1.7020472394180208,0.0,1925299,20
79.81,53.77,2647.9549,2.0409408128970483,0.0,1925299,21
79.47,42.3,1918.1491500000002,2.143167656194391,0.0,1925299,22
82.17,43.59,2139.4911,1.813462521189149,0.0,1925299,23
76.03999999999999,45.67,1844.7760500000002,1.6890701625151046,0.0,1925299,24
72.9,63.03,2338.6939,2.3575496631710413,0.0,1925299,25
59.71,53.75,1754.4788499999997,2.446616343399845,0.0,1925299,26
76.03999999999999,33.52,1518.7343,0.7587606230452293,0.0,1925299,27
67.56,30.08,1155.7070499999998,1.7247383035838255,0.0,1925299,28
63.54,27.08,911.7737,0.9110021829778392,0.0,1925299,29
62.38,24.0,778.80735,0.28258911761733735,0.0,1925299,30
65.83,38.98,1251.7674000000004,1.57025955577577,0.0,1925299,31
64.03,36.09,1167.0282,1.8131080497862162,0.0,1925299,32
78.28,39.550000000000004,1727.2329499999998,1.168977117578167,0.0,1925299,33
77.21,47.56,2046.0234,1.880706449413941,1.6369190216064453,1925299,34
77.38,47.81,2075.95185,1.336049358990869,0.0,1925299,35
79.6,49.5,2158.0315000000005,2.0558689223103404,0.0,1925299,36
77.87,38.98,1790.3304999999996,2.023171568056235,0.0,1925299,37
77.15,56.53,2311.85345,2.3623435057615723,0.0,1925299,38
79.64,40.89,1858.9809500000003,1.8143026111030969,0.0,1925299,39
76.72,36.26,1650.2221999999997,2.3317433451539107,0.0,1925299,40
73.75,40.290000000000006,1553.0656000000006,0.3022978769255634,0.0,1925299,41
69.33,38.33,1395.55425,1.3580154953550072,0.0,1925299,42
71.85,58.0,2089.55345,1.9679185705241815,0.0,1925299,43
73.68,53.06,1955.6685000000002,2.0943361404787577,0.0,1925299,44
73.33,53.61,1961.83175,2.0717401619191116,0.0,1925299,45
75.7,32.52,1506.52265,2.3470078547028637,0.0,1925299,46
80.89,44.91,2201.9754999999996,2.4386170449591758,0.0,1925299,47
77.97999999999999,59.61,2520.2676000000006,2.0381467817593104,0.0,1925299,48
77.1,53.400000000000006,2219.382,2.1415252255386164,0.0,1925299,49
78.11,47.75,2197.7631,2.4420565816554483,0.0,1925299,50
82.41,31.51,1497.3484999999998,1.731724513322173,0.0,1925299,51
77.13,36.839999999999996,1599.6285500000001,1.754838945221621,0.0,1925299,52
70.61,28.770000000000003,1151.4886000000001,1.0627540316993642,0.0,1925299,53
68.71000000000001,52.57,1847.8166,2.001679984247473,0.0,1925299,54
75.72,45.49,2008.89255,1.4120999086735584,3.7083091735839844,1925299,55
79.14,56.19,2403.9586000000004,2.529473242607191,3.4981956481933594,1925299,56
77.98,48.879999999999995,2097.66345,0.12186134448374582,0.4937858581542969,1925299,57
78.26,48.650000000000006,1938.3820000000005,1.8560196548187449,0.0,1925299,58
79.8,42.59,1876.7124,2.042242586031081,0.0,1925299,59
76.57,45.4,1879.7844499999999,2.2383437405119686,0.0,1925299,60
74.64,58.61,2197.0425500000006,1.8970790406575813,0.0,1925299,61
72.78999999999999,54.63,2027.4050499999998,2.37824842156583,0.0,1925299,62
71.9,58.09,2256.6666999999998,2.192004105299538,7.755353927612305,1925299,63
77.22,44.269999999999996,1798.8108500000003,1.6584733530591116,0.0,1925299,64
74.07,40.7,1592.2021999999997,2.4158567175484755,0.0,1925299,65
73.84,30.39,1206.0122500000002,1.9433801423829036,0.0,1925299,66
74.02000000000001,38.8,1498.5596500000001,2.0552721960135574,0.0,1925299,67
72.67,43.22,1670.89375,2.289316634116883,0.0,1925299,68
76.69,48.3,2019.59725,2.2007583379283133,0.0,1925299,69
81.32,46.32,2286.47455,2.342974615249881,0.0,1925299,70
72.59,58.01,2581.9347000000002,1.9246514630119433,0.0,1925299,71
81.55000000000001,53.290000000000006,2342.9664500000003,2.5526326010065974,0.0,1925299,72
76.42,33.43,1277.4077499999999,1.614608860397873,0.0,1925299,73
79.39,29.36,1202.9878499999998,0.53138196843632,0.0,1925299,74
82.86,57.0,2994.908,1.8926118952209063,10.397184371948242,1925299,75
80.64,33.12,1639.8978499999996,2.454846926599047,0.0,1925299,76
79.93,59.379999999999995,2401.73705,1.843043503453854,0.0,1925299,77
81.24000000000001,51.769999999999996,2185.4236000000005,2.048635407498464,0.0,1925299,78
79.64,34.93,1621.1581500000007,1.6765942295606482,0.0,1925299,79
78.04,34.02,1370.3639,1.9410263894375834,0.0,1925299,80
75.54,43.260000000000005,1683.5145499999996,1.921872872677134,0.0,1925299,81
77.67,34.86,1578.7067000000002,1.3068285936025923,0.0,1925299,82
77.85,59.3,2718.5215999999996,2.6102990104188644,0.0,1925299,83
79.19,49.59,2414.1215500000003,2.421330975236411,0.0,1925299,84
78.21,47.5,2005.1407999999997,1.946856232625569,0.0,1925299,85
73.77,39.7,1537.2763499999999,2.0820381574888844,0.0,1925299,86
77.98,45.400000000000006,1929.7226000000003,1.1029232662913389,0.0,1925299,87
77.03,30.959999999999997,1362.5834,2.231851821123672,0.0,1925299,88
78.00999999999999,28.779999999999998,1279.42535,0.003950736286169181,0.0,1925299,89
76.69,35.169999999999995,1522.084,2.131981221945603,0.0,1925299,90
75.56,40.83,1729.53845,1.9198383854892433,0.0,1925299,91
75.05000000000001,58.150000000000006,2450.30155,0.21933685957202453,0.0,1925299,92
77.65,57.14,2571.27385,1.6111520555632295,5.774646759033203,1925299,93
77.13,62.4,2758.2207499999995,2.442301683783227,2.9564857482910156,1925299,94
69.16,64.8,2821.1983999999993,2.4546161892776355,0.8216266632080078,1925299,95
79.96000000000001,48.04,2098.7464,1.1858055683187458,0.0,1925299,96
74.5,32.41,1413.1102999999998,1.9727974618143769,0.0,1925299,97
82.89,28.82,1260.25,1.2711471693419971,0.0,1925299,98
78.73,39.120000000000005,1694.67,1.3616669112800341,0.0,1925299,99
77.84,23.759999999999998,1066.7753,1.7518926241848307,0.0,1925299,100
76.06,34.03,1359.83725,2.041593686920388,0.0,1925299,101
82.33,40.73,1758.5595,1.9101132078598182,0.0,1925299,102
80.03,36.22,1650.5640500000004,1.9020598144824772,0.0,1925299,103
78.44,39.510000000000005,1625.3036,2.101727382833983,0.0,1925299,104
80.71000000000001,38.3,1637.3934499999998,2.1378146627380534,0.0,1925299,105
78.91,37.379999999999995,1638.1805499999998,2.300897350963332,0.0,1925299,106
75.68,49.17,2150.0716500000003,2.0643772596035808,0.0,1925299,107
73.91999999999999,59.93,2212.66605,2.298120570738515,0.0,1925299,108
78.82,50.64,2293.3282,2.422358266427958,0.0,1925299,109
78.46000000000001,54.510000000000005,2340.44245,1.7603658485614109,0.0,1925299,110
71.63,57.01,2458.2622499999998,1.7188256910836712,0.0,1925299,111
75.92,48.94,2194.6194499999997,2.368158078792381,0.0,1925299,112
76.77,50.56,2251.4786,2.535767592782056,0.0,1925299,113
76.93,53.97,2506.6126999999997,2.5472973234981304,4.034278869628906,1925299,114
79.98,50.769999999999996,2239.5438000000004,2.2946681249470138,0.0,1925299,115
78.46000000000001,32.53,1275.99845,1.0521175800649922,0.0,1925299,116
73.39,22.909999999999997,998.7376,1.1088890236299214,0.0,1925299,117
77.27000000000001,39.2,1831.57835,2.1450523518933102,2.616819381713867,1925299,118
77.9,36.21,1730.2579,2.072202141457235,0.0,1925299,119
79.92,54.04,2652.0360999999994,2.5415401953403314,10.75551986694336,1925299,120
80.7,44.76,2321.5504,1.517926305615398,0.0,1925299,121
78.0,52.7,2376.89445,2.4234023415985484,0.0,1925299,122
77.81,37.31,1678.1518500000002,0.24078061689856448,0.0,1925299,123
76.03999999999999,52.35,1992.7286000000004,2.0749106873764864,0.0,1925299,124
75.57000000000001,52.32,2080.23985,1.87594790217542,0.0,1925299,125
76.0,34.68,1346.1877499999998,1.669521458480392,0.0,1925299,126
75.56,56.64,2139.5858500000004,2.300884536151531,0.0,1925299,127
76.72,37.66,1477.3775,1.7537678041074782,0.0,1925299,128
76.35,32.519999999999996,1507.1198000000002,0.9130700190885517,0.0,1925299,129
81.15,38.03,1909.69455,2.4715865231029013,0.0,1925299,130
79.57,40.599999999999994,1929.4539,2.3577505200580835,0.0,1925299,131
80.53,31.44,1552.1572,2.474145215624584,0.0,1925299,132
79.41,31.62,1403.49565,2.3646517775680276,0.0,1925299,133
81.86,21.330000000000002,929.1373999999998,0.686789236275759,0.0,1925299,134
79.81,41.4,1765.4596000000001,1.0207554964642755,0.0,1925299,135
77.97999999999999,33.99,1505.0706000000002,1.2694034621315538,0.0,1925299,136
77.62,28.139999999999997,1234.7273999999998,1.9314472610673055,0.0,1925299,137
77.6,35.21,1498.2393,2.267469039942415,0.0,1925299,138
76.05,34.06,1597.9651500000002,2.303051465880684,0.0,1925299,139
79.84,44.89,2186.6422499999994,2.1826307694927256,6.168458938598633,1925299,140
82.81,57.38,2858.3637000000003,1.813720976439194,2.4663829803466797,1925299,141
86.99,34.29,1540.8848500000004,1.8747082502198429,1.6859817504882812,1925299,142
80.11,33.12,1505.2834,1.7263004358197498,0.0,1925299,143
76.55000000000001,55.76,2135.75675,1.7107544054330932,0.0,1925299,144
76.23,50.66,1930.8398999999995,2.194584400518052,0.0,1925299,145
75.49000000000001,39.6,1531.75785,1.7903826764164,0.0,1925299,146
75.37,37.48,1411.5946,1.8504992113762022,0.0,1925299,147
82.74000000000001,26.880000000000003,1274.5966500000002,1.8373891535148936,0.0,1925299,148
83.53,24.72,1263.3373999999997,2.3414623392945164,0.0,1925299,149
82.15,53.33,2347.0637,2.611789400394368,0.0,1899585,0
83.28,55.17,2635.07615,1.1630618997015105,1.6626853942871094,1899585,1
81.34,50.16,2192.8008999999997,0.6152304049220898,3.9598464965820312,1899585,2
74.09,33.89,1251.8191000000002,1.8981806715589944,0.0,1899585,3
71.94,38.9,1393.4189999999999,1.9486880062706953,0.0,1899585,4
72.54,33.35,1284.3819500000004,1.3026052366142973,0.0,1899585,5
70.75,40.18,1695.8087,2.106752686302437,0.0,1899585,6
69.63,46.39,1908.05895,2.552749760673146,0.0,1899585,7
79.25,46.349999999999994,2070.0001,2.188604332339569,0.5502090454101562,1899585,8
75.74000000000001,62.91,2383.52625,2.2387891965021494,0.0,1899585,9
78.44,49.06999999999999,2080.7100499999997,0.7774525099854739,2.450115203857422,1899585,10
79.13,41.66,1808.5961,1.0384016206052873,4.594091415405273,1899585,11
78.13,35.35,1743.1758,2.110138008562264,0.0,1899585,12
79.22999999999999,56.03,2344.868499999999,1.312369349701381,4.369544982910156,1899585,13
79.11,50.019999999999996,2152.9260499999996,2.3524055040884946,5.932210922241211,1899585,14
68.17,40.480000000000004,1647.8154,1.4079408229081312,0.0,1899585,15
68.56,32.3,1107.7138,1.2329935515517028,0.0,1899585,16
71.82,37.43,1563.6688500000002,1.2377543566030353,0.0,1899585,17
71.22999999999999,34.5,1260.41565,1.9605302011525747,0.0,1899585,18
73.50999999999999,29.490000000000002,1292.16805,1.577157660310346,0.0,1899585,19
79.43,44.22,2067.57805,1.7657672553629893,0.0,1899585,20
80.77,33.41,1501.9555499999997,1.1262389320187103,0.0,1899585,21
79.16,33.5,1523.6864500000004,0.9127714949812415,0.0,1899585,22
78.00999999999999,50.43,2097.3488,0.6222812400643025,0.0,1899585,23
77.77000000000001,54.949999999999996,2379.9755500000006,1.98945901314914,0.0,1899585,24
77.86000000000001,48.03,2140.9443000000006,1.9968521095489453,0.0,1899585,25
79.52,45.96,2004.36515,0.7705739290506963,0.0,1899585,26
75.15,55.980000000000004,2458.92445,2.4710198727208508,2.3821983337402344,1899585,27
78.83,47.84,2089.7078999999994,2.3787561941407853,0.0,1899585,28
84.72,41.45,2042.0685,1.0939249174368437,0.0,1899585,29
86.69,35.08,1585.7614,1.9548222991916684,0.0,1899585,30
81.42,32.019999999999996,1353.94185,0.6390046571404155,0.0,1899585,31
76.45,39.879999999999995,1638.9109999999998,1.9264123645142135,0.0,1899585,32
77.18,55.129999999999995,2409.1038,2.378378618323528,0.0,1899585,33
80.81,50.52,2501.37205,2.463671190393817,0.0,1899585,34
81.36,38.92,1751.9426499999997,0.558230988729215,0.0,1899585,35
81.06,41.66,1895.9128499999997,2.3162571408876547,0.0,1899585,36
77.09,33.44,1429.8108999999997,1.459341370453674,0.0,1899585,37
77.0,33.21,1348.1718,1.695983104966583,0.0,1899585,38
76.56,40.82,1910.6599999999999,2.266423293109211,0.0,1899585,39
74.81,61.63,2309.8107000000005,2.276680761090102,0.0,1899585,40
78.55,51.58,2056.6002,2.2273328885842507,0.0,1899585,41
76.04,44.290000000000006,1680.5738500000002,1.683694002534478,0.0,1899585,42
74.02000000000001,40.31,1667.2997000000005,1.774386229357698,0.0,1899585,43
75.57,40.03,1665.7575499999998,1.68144558170038,0.0,1899585,44
73.22999999999999,35.79,1490.5936499999998,0.6130296763584286,0.0,1899585,45
72.28,34.82,1392.1748,0.9457648677941934,0.0,1899585,46
73.32,40.78,1697.8284000000003,1.8346055697541916,0.0,1899585,47
76.53,37.040000000000006,1665.47585,2.3389054552036748,0.0,1899585,48
80.55,33.69,1796.96475,2.2841158736455776,0.0,1899585,49
81.28999999999999,47.32,2309.8196000000003,2.1581965370879943,0.0,1899585,50
79.56,44.72,1952.5550499999997,1.0288298717858497,0.0,1899585,51
78.24,46.19,2069.98045,2.46806186562906,0.0,1899585,52
81.68,48.06999999999999,2431.8423,1.6356548390784844,5.615306854248047,1899585,53
77.78999999999999,35.06,1535.10225,2.060297260429818,0.0,1899585,54
78.18,54.09,2540.92385,2.2307353532770313,1.3876876831054688,1899585,55
85.03,51.019999999999996,2694.5689999999995,2.192993928578871,0.0,1899585,56
77.45,44.05,1971.5635,1.7551992769880673,1.3221206665039062,1899585,57
77.24000000000001,43.64,1669.2051000000006,1.6651094213642912,0.0,1899585,58
72.84,44.05,1614.1123500000003,1.6685641740663566,0.0,1899585,59
77.82,36.480000000000004,1638.04915,1.8457632196473495,0.0,1899585,60
77.03,31.34,1214.02295,1.1064511697612804,0.0,1899585,61
76.0,36.11,1495.3761999999997,2.289566357941841,0.0,1899585,62
77.19,33.69,1509.3087,0.9067614318927792,0.0,1899585,63
78.12,37.46,1700.2860500000002,2.332367858152898,0.0,1899585,64
76.32000000000001,48.31,2146.71045,2.1118205035268263,3.5601234436035156,1899585,65
76.00999999999999,61.809999999999995,2654.0283499999996,2.581892077905378,4.662572860717773,1899585,66
78.62,60.96,2739.36805,2.5323419716324707,0.0,1899585,67
76.87,46.34,1879.6278499999999,2.3191800383008996,0.0,1899585,68
74.53,63.35,2360.7248499999996,2.1181453624101843,0.0,1899585,69
74.67,62.459999999999994,2332.4140999999995,2.106880205238414,0.0,1899585,70
78.93,58.63,2528.5804500000004,1.9414787738806112,0.0,1899585,71
79.19,46.34,2129.6359,2.422621091254755,0.0,1899585,72
78.78,42.01,1832.9534500000002,2.0881678845929015,0.0,1899585,73
77.65,50.69,2064.47595,2.123738352959894,0.0,1899585,74
75.8,54.7,2083.5108999999998,2.2391653209025213,0.0,1899585,75
74.45,37.29,1468.7291500000003,1.5527672179810135,0.0,1899585,76
74.06,53.4,2200.5361499999995,1.8044414481634052,0.0,1899585,77
70.84,61.75,2513.5703000000003,2.3973482550133443,0.0,1899585,78
69.84,63.53,2469.2916000000005,2.0283092845090023,0.0,1899585,79
79.68,39.53,1691.0139500000002,0.9223029507883326,0.0,1899585,80
76.22,22.97,1095.8322,1.1478455932558698,0.0,1899585,81
74.57,23.03,1110.5279,0.8705856124180293,0.0,1899585,82
73.96,53.03,2143.9680500000004,0.6557947280222501,0.0,1899585,83
74.49,48.24,1901.7296499999998,2.0897042292806076,0.0,1899585,84
72.77000000000001,36.36,1393.79235,1.6323209870635473,0.0,1899585,85
78.65,21.060000000000002,921.2440999999999,1.5174545081265716,0.0,1899585,86
80.43,56.55,2552.1866999999997,2.0065453848803365,6.114292144775391,1899585,87
79.94,35.230000000000004,1685.1947000000002,2.2855333203469987,1.524749755859375,1899585,88
77.74,53.09,2633.7774,2.53465610901845,4.865348815917969,1899585,89
79.47,42.79,2070.09635,2.2650165850604935,0.0,1899585,90
77.52000000000001,56.959999999999994,2247.2359500000007,2.1203795026711183,0.0,1899585,91
77.71000000000001,58.28,2653.08595,2.4384653245540475,0.0,1899585,92
79.18,33.97,1698.8661000000002,2.5967456596142373,0.0,1899585,93
80.11,47.28,1954.6066500000002,1.9608623654194937,0.0,1899585,94
78.73,40.6,1801.0162500000001,1.8388547779241078,0.9354972839355469,1899585,95
78.27,40.5,1689.81945,1.817941792669389,0.0,1899585,96
79.78999999999999,46.36,2126.3646000000003,1.5010204407055643,5.219095230102539,1899585,97
79.31,55.11,2605.63135,2.6376587723192966,0.0,1899585,98
80.6,49.91,2257.2573499999994,0.6819720824382014,0.0,1899585,99
78.93,34.44,1738.0486500000002,2.413377985492464,0.0,1899585,100
79.96000000000001,24.45,1093.2280999999996,2.191173544599005,0.0,1899585,101
84.92,34.28,1556.81675,1.6772816248747908,0.0,1899585,102
83.06,40.92,2024.4732999999999,1.4069550883714437,0.0,1899585,103
81.4,34.2,1563.1934999999999,1.9262546174422668,0.0,1899585,104
77.39,61.0,2492.87,2.3408526231272018,0.0,1899585,105
81.41,52.29,2345.4018499999997,2.4607703339079237,0.0,1899585,106
83.03,37.980000000000004,2208.4397000000004,2.354720721461008,0.0,1899585,107
83.23,41.019999999999996,2105.59685,1.7739087002142564,3.747365951538086,1899585,108
76.25,44.11,1845.5947,1.153450664860481,2.8696975708007812,1899585,109
77.50999999999999,43.0,1987.7546499999996,1.7156760100680604,2.4941787719726562,1899585,110
75.72,45.849999999999994,2057.76525,2.4010295203849203,0.0,1899585,111
78.66,42.7,1724.1036,1.4909475776115848,0.0,1899585,112
78.51,37.7,1662.4406500000002,1.8551291891973811,0.0,1899585,113
76.97,57.52,2659.8046,2.5369217463715317,3.886442184448242,1899585,114
77.33000000000001,37.45,1641.4137,1.6332824213260708,0.0,1899585,115
77.85,50.44,2069.9037,2.313505838840703,0.0,1899585,116
76.75,36.97,1432.6179499999998,1.0111247831084635,0.0,1899585,117
69.47,40.54,1382.06895,1.4423147963038394,0.0,1899585,118
85.72999999999999,27.79,1343.8938499999997,1.5523839088711,0.0,1899585,119
83.58,24.66,1188.4737499999999,0.27625159143334993,0.0,1899585,120
79.08000000000001,48.510000000000005,2089.8842000000004,2.0754024864728327,0.0,1899585,121
73.56,37.900000000000006,1403.6327999999999,1.1231057063531107,0.0,1899585,122
71.13,35.230000000000004,1382.0426999999997,1.9757589779618003,0.0,1899585,123
76.21000000000001,61.23,2577.9025499999993,2.580919002412938,0.0,1899585,124
80.36,44.17,1910.8958000000002,1.7399941236198662,0.0,1899585,125
79.94,30.4,1357.1196,1.4516725184100991,0.0,1899585,126
81.31,60.73,2928.1364499999995,1.9728981956192067,8.229129791259766,1899585,127
81.58,34.45,1568.5348499999998,1.9678319728259264,2.1056270599365234,1899585,128
78.58000000000001,48.52,2126.3072500000003,0.7247494583132679,0.0,1899585,129
77.46000000000001,60.67999999999999,2431.2571,2.309265756885397,1.4330120086669922,1899585,130
81.44,57.3,2970.5578,2.5688391381082747,0.0,1899585,131
85.32,39.879999999999995,2108.7173,1.438051832384508,8.421737670898438,1899585,132
78.61,56.6,2359.0097,2.1661838306119745,5.0700225830078125,1899585,133
77.03999999999999,36.839999999999996,1747.7561499999997,1.723542205537659,0.0,1899585,134
77.15,46.23,2091.7104000000004,1.9469284579953738,0.0,1899585,135
79.69999999999999,48.21,2081.26275,2.5402363951448743,1.59356689453125,1899585,136
82.94999999999999,54.129999999999995,2600.2641999999996,1.759606194448462,2.3341732025146484,1899585,137
80.75999999999999,50.79,2504.82015,1.6188670918757668,0.0,1899585,138
80.43,43.620000000000005,1865.4122000000004,2.486525979741747,0.0,1899585,139
78.25,30.35,1401.8029000000001,1.6291540616253612,0.0,1899585,140
78.49000000000001,47.26,2122.4300500000004,0.12537111525892652,0.0,1899585,141
80.03,50.6,2421.5319,1.3848602763138005,2.2114639282226562,1899585,142
77.32,39.36,1671.5012000000002,1.6336516366742515,0.0,1899585,143
80.03999999999999,49.620000000000005,2714.32975,0.846588205837306,0.0,1899585,144
80.65,58.86,2747.9305999999997,2.401877530387313,1.7923641204833984,1899585,145
80.47,62.019999999999996,2979.0773499999996,2.524777122250869,8.481241226196289,1899585,146
81.09,53.800000000000004,2931.09365,2.262169439616045,3.3509387969970703,1899585,147
75.89,59.42999999999999,2457.34845,2.262856092758196,0.0,1899585,148
79.03,57.12,2474.6611500000004,1.2770674888045523,0.0,1899585,149
82.19,55.98,2406.9775499999996,2.2520538647007533,1.1776142120361328,1886347,0
77.64,47.57,2075.8116499999996,1.9966529374045288,0.0,1886347,1
82.8,42.25,2226.3372500000005,2.495286925892529,0.0,1886347,2
76.74,35.16,1729.5647499999998,2.1676676336149114,2.365955352783203,1886347,3
80.77,58.230000000000004,2757.7907999999998,2.359277357423751,3.9185791015625,1886347,4
77.66,44.69,2033.6224499999998,2.321561177750358,0.0,1886347,5
78.5,46.14,2018.8003999999999,2.123338852160847,0.0,1886347,6
76.7,46.9,1949.9880500000004,1.4157377566989902,0.0,1886347,7
76.03,40.45,1720.5334500000004,1.796250870775047,0.0,1886347,8
74.15,37.56,1549.5829500000002,2.1457436466612414,0.0,1886347,9
73.57000000000001,35.76,1512.5247000000002,2.079204714151782,0.0,1886347,10
74.72999999999999,55.25,2083.99175,1.9834677110042207,0.0,1886347,11
77.32,57.33,2307.1247499999995,2.0667864705346797,0.0,1886347,12
80.46000000000001,41.72,1969.9815,2.4812635226101625,0.0,1886347,13
79.5,24.88,1363.9584,1.719674816944305,0.0,1886347,14
74.9,36.94,1444.9479499999995,0.3687567749793702,0.0,1886347,15
75.34,37.16,1559.5731,2.083418263958683,0.0,1886347,16
72.76,45.98,1864.5186000000006,2.2632904055343737,0.0,1886347,17
70.83,55.099999999999994,1966.5605500000001,2.0735285599283424,0.0,1886347,18
69.31,60.49,2195.1108,2.0627327970254266,0.0,1886347,19
75.52000000000001,59.84,2433.4161000000004,2.416264021127709,0.0,1886347,20
75.64,63.65,2485.9984,1.1382932386954012,0.0,1886347,21
79.9,58.86,2507.36485,2.3626180682917495,0.0,1886347,22
79.06,43.11,1704.9151499999998,1.9501962478325332,0.0,1886347,23
75.19,55.59,2092.2753,0.6652649933774049,0.0,1886347,24
77.33,61.91,2393.22965,1.2623372541721347,0.0,1886347,25
77.03999999999999,31.120000000000005,1377.7946500000003,1.705637464544355,0.0,1886347,26
76.75999999999999,28.76,1167.3917999999996,1.9234061559889055,0.0,1886347,27
76.19,33.98,1456.29785,0.9425122236925054,0.0,1886347,28
77.67,33.06,1613.2975,2.3442410542683625,0.0,1886347,29
80.21000000000001,46.39,2067.04795,2.402584226063379,0.0,1886347,30
79.00999999999999,44.98,2116.6589999999997,2.501187913472733,0.0,1886347,31
75.58,59.69,2466.95305,2.5270612130909886,0.0,1886347,32
73.30000000000001,59.6,2364.3209500000003,2.228495672017956,0.0,1886347,33
73.32,50.47,2231.5523000000003,2.477388245541315,0.7118206024169922,1886347,34
78.46000000000001,47.870000000000005,2013.2478999999998,1.8674224723677193,0.0,1886347,35
79.35,35.2,1683.3914999999997,2.4012778580194327,0.0,1886347,36
77.22,46.31,2016.4250000000002,2.426556764812414,0.0,1886347,37
76.85,45.0,1906.1174499999997,2.0255832473700064,0.0,1886347,38
81.41999999999999,37.0,1801.82815,1.6314950316868233,0.0,1886347,39
83.44,38.989999999999995,1910.3347499999998,2.130355553748995,0.0,1886347,40
81.38,59.989999999999995,2711.8162,2.469297419524428,0.0,1886347,41
79.56,46.59,1950.3929500000002,1.8420240368657186,0.0,1886347,42
79.06,31.810000000000002,1413.8853000000004,1.812812367556726,0.0,1886347,43
76.43,38.6,1623.36485,1.1884500009853876,0.0,1886347,44
77.25999999999999,48.69,2074.8858,1.3766832528592894,0.0,1886347,45
75.81,34.58,1641.6572999999999,2.390831614072873,0.0,1886347,46
74.39,42.79,1842.2589500000004,2.4266911358529453,1.2233047485351562,1886347,47
78.78999999999999,52.86,2130.7138999999997,1.8925776918253268,0.0,1886347,48
76.14,41.660000000000004,1720.1223499999996,1.2021653624693884,0.0,1886347,49
78.38,32.93,1367.8843499999998,2.0447772869476437,0.0,1886347,50
87.28,30.45,1688.3132999999998,1.6383911011821775,0.0,1886347,51
76.95,34.54,1560.94465,1.7747841954002497,0.0,1886347,52
76.84,32.42,1471.2911500000002,2.166888115660015,0.0,1886347,53
75.76,41.12,1862.33935,2.25692877254943,0.0,1886347,54
79.33,51.89,2178.00375,1.9199080730664826,0.0,1886347,55
76.25,39.32,1737.5027999999995,2.196588963957535,0.0,1886347,56
74.26,50.53,1906.2716999999998,1.8236628929988583,0.0,1886347,57
78.14,42.160000000000004,1845.4551000000001,2.3463504060574736,0.0,1886347,58
79.96000000000001,57.59,2317.69145,1.4556535065203529,6.185602188110352,1886347,59
79.78,61.98,2559.52375,1.885809869702875,0.010829925537109375,1886347,60
80.30000000000001,61.88,2613.5067500000005,1.8027689793135528,6.491649627685547,1886347,61
78.81,64.39,2586.4423499999994,2.2652821777099903,0.0,1886347,62
76.41999999999999,59.92,2383.5418999999997,0.5554127890403496,0.0,1886347,63
79.59,42.54,1946.47945,2.0989018471989516,5.609989166259766,1886347,64
80.05,33.78,1630.1066500000002,1.8506240275854027,0.6728782653808594,1886347,65
78.28,30.519999999999996,1370.4320000000002,1.5917129122765934,0.0,1886347,66
77.72,50.400000000000006,2107.05895,2.4410028908995303,0.0,1886347,67
76.68,63.18,2428.62095,2.263277953498345,0.0,1886347,68
79.56,44.540000000000006,1952.5782000000002,1.6482267296744402,0.0,1886347,69
78.34,40.8,1804.0180500000001,1.5994465993377787,0.0,1886347,70
72.87,41.26,1485.9759000000004,1.4594826589720082,0.0,1886347,71
69.1,27.720000000000002,1005.5616999999999,1.2619408900754063,0.0,1886347,72
74.75999999999999,33.050000000000004,1417.0290000000002,2.3023966869453716,0.0,1886347,73
80.36,33.62,1637.2857,2.3897517863145907,0.0,1886347,74
81.50999999999999,48.66,2153.6241999999997,2.58427426858874,0.0,1886347,75
78.67,50.78,2046.5076500000002,1.8961680799579403,0.0,1886347,76
77.2,44.019999999999996,1705.62585,1.636849831249126,0.0,1886347,77
73.53999999999999,55.03,2200.7297,2.280654895380779,0.0,1886347,78
75.49000000000001,59.75,2253.9101499999997,1.9561706840165263,0.0,1886347,79
78.32,41.06,1882.0312500000002,1.6149499102401983,0.0,1886347,80
70.24000000000001,46.739999999999995,1992.84895,2.5811680194551503,0.0,1886347,81
75.41,56.78,2296.552,2.2928649325887687,0.0,1886347,82
78.75,51.04,2316.0517,2.284003411156138,0.0,1886347,83
80.98,36.61,1635.3549000000003,0.9618475729870943,0.0,1886347,84
78.61,40.31999999999999,1822.9296500000003,1.3084263639422515,0.0,1886347,85
76.69999999999999,35.28,1619.0842999999998,1.4984747393058648,0.0,1886347,86
73.06,63.760000000000005,2328.9365000000003,2.4063786148814374,0.0,1886347,87
76.11,42.239999999999995,1608.50475,0.9315867213089878,0.0,1886347,88
79.56,46.75,2022.6143500000003,2.039723059986761,0.0,1886347,89
79.71000000000001,42.1,1709.3123,1.2697813956661674,0.0,1886347,90
77.6,44.83,1920.1121000000005,2.298683037951314,0.0,1886347,91
76.86,55.760000000000005,2355.3378000000002,2.3331455944839257,0.0,1886347,92
79.56,44.18,2039.1211499999997,1.0864969416925978,0.0,1886347,93
81.08,39.53,1728.1159999999998,2.06534312923275,0.0,1886347,94
80.39,35.769999999999996,1545.0548,1.6318111435143525,0.0,1886347,95
80.17,50.91,2346.5718,2.2733316033058744,3.9427852630615234,1886347,96
80.97,57.0,2582.0516499999994,2.4272475126799606,0.0,1886347,97
83.58,51.21,2422.101,2.1353482694633583,1.0146636962890625,1886347,98
79.74000000000001,35.69,1616.4284499999997,2.1185649951147436,0.0,1886347,99
84.88,35.46,1682.186,1.86116320540094,0.0,1886347,100
80.04,56.790000000000006,2595.317750000001,1.31190634461602,0.0,1886347,101
82.1,36.82,1832.9796500000002,1.2451333196080876,0.0,1886347,102
79.61,27.84,1278.2021,1.4608772525403508,0.0,1886347,103
78.84,47.64,2217.6414000000004,2.377920773256415,0.0,1886347,104
78.47,55.11,2425.7864999999997,1.8869754351936083,0.7423610687255859,1886347,105
78.74,39.34,1826.904,2.497068824862233,0.0,1886347,106
76.95,35.18,1383.1617000000003,1.8331367624350838,0.0,1886347,107
77.3,47.480000000000004,2125.9214,2.2810732680223578,2.2078781127929688,1886347,108
69.95,50.76,1900.5585,1.020886750928129,0.0,1886347,109
68.11,63.72,2285.2215,2.4501555243406044,0.0,1886347,110
74.83,60.38,2348.0026,2.039534230145719,0.0,1886347,111
77.57,38.72,1734.2720000000002,1.4411819577666476,0.0,1886347,112
78.78,36.78,1610.3936500000004,1.6549565059451774,0.0,1886347,113
76.31,44.92,1991.9979499999997,0.49505441717224863,0.0,1886347,114
76.25999999999999,42.449999999999996,1724.2445500000001,0.41932260691177703,0.0,1886347,115
75.76,42.39,1841.7723499999997,1.6885425082827767,4.258180618286133,1886347,116
70.67,31.939999999999998,1176.2666,1.6497324686958217,0.0,1886347,117
71.18,44.83,1677.6450499999999,1.483970096258767,0.0,1886347,118
71.28,40.15,1450.0359500000002,1.4938654212921678,0.0,1886347,119
70.78,40.36,1484.7817,1.3978092559489412,0.0,1886347,120
71.82,34.81,1303.3289500000003,0.2865107101000791,0.0,1886347,121
72.48,50.870000000000005,1900.5081,0.005610793664152109,0.0,1886347,122
74.57,49.57,2036.4220999999998,2.0698450956116474,0.0,1886347,123
75.86,54.11,2291.3380000000006,2.573603838119946,0.0,1886347,124
80.34,45.92,1961.0520000000004,2.2432464259641636,0.0,1886347,125
77.32000000000001,48.769999999999996,1961.83275,1.7244786005171264,0.0,1886347,126
79.62,49.980000000000004,2505.0976,2.3887884966983486,0.0,1886347,127
80.37,45.550000000000004,1968.6335000000008,2.4841793421085043,0.0,1886347,128
75.38,34.0,1472.44965,1.4803026903711607,0.0,1886347,129
78.28999999999999,56.91,2435.1542999999997,1.1144409760536589,3.9115867614746094,1886347,130
79.07,59.89,2643.9773000000005,2.2489368835794767,0.8230476379394531,1886347,131
76.56,60.39,2404.5809,2.0995000871190554,0.0,1886347,132
73.58,61.82,2363.3636500000002,1.6960548744099333,0.0,1886347,133
75.42999999999999,58.620000000000005,2277.4154,2.0733580150487656,0.0,1886347,134
77.5,45.84,1884.7049500000003,2.1094925793832857,0.0,1886347,135
80.24,25.06,927.65885,0.8918958201985304,0.0,1886347,136
74.34,36.730000000000004,1374.7509999999997,1.9280399274369753,0.0,1886347,137
72.32,39.31,1502.6144000000002,1.2081921446989414,0.0,1886347,138
72.25999999999999,31.4,1250.81795,0.3708755978256739,0.0,1886347,139
72.64,35.82,1320.8331999999998,1.6443658081077732,0.0,1886347,140
75.91,39.14,1547.575,1.4525653278978794,0.0,1886347,141
78.38,62.0,2796.19605,2.222955012724948,9.339412689208984,1886347,142
80.32,47.04,2035.4965499999998,2.070205398023017,0.0,1886347,143
75.96000000000001,50.199999999999996,1923.7606999999998,1.6927803183867658,0.0,1886347,144
74.68,64.33,2473.6910000000003,2.4223613480120094,0.0,1886347,145
76.94999999999999,38.900000000000006,1538.3145000000002,0.5324000272383655,0.0,1886347,146
75.57000000000001,47.39,2054.09875,0.40791263565428354,0.0,1886347,147
74.43,38.07,1639.1498000000004,1.3300576807157805,0.0,1886347,148
74.10000000000001,55.5,2112.70445,1.053785285097487,0.0,1886347,149
