home_h1_count,home_h1_total_persistence,home_h1_mean_persistence,home_h1_max_persistence,home_clusters,away_h1_count,away_h1_total_persistence,away_h1_mean_persistence,away_h1_max_persistence,away_clusters,d_bottleneck_AB,d_landscape_l2_AB,match_id,frame_idx
0,0.0,0.0,0.0,3,0,0.0,0.0,0.0,3,0.0,0.0,2017461,0
0,0.0,0.0,0.0,2,0,0.0,0.0,0.0,2,0.0,0.0,2017461,1
0,0.0,0.0,0.0,5,0,0.0,0.0,0.0,4,0.0,0.0,2017461,2
0,0.0,0.0,0.0,4,0,0.0,0.0,0.0,5,0.0,0.0,2017461,3
1,0.8287010192871094,0.8287010192871094,0.8287010192871094,9,0,0.0,0.0,0.0,3,0.4143505096435547,0.6991727577017098,2017461,4
1,3.7345714569091797,3.7345714569091797,3.7345714569091797,6,0,0.0,0.0,0.0,5,1.8672857284545898,5.567055118966499,2017461,5
0,0.0,0.0,0.0,2,0,0.0,0.0,0.0,2,0.0,0.0,2017461,6
0,0.0,0.0,0.0,4,1,2.9211673736572266,2.9211673736572266,2.9211673736572266,7,1.4605836868286133,3.8224394450902057,2017461,7
1,2.990734100341797,2.990734100341797,2.990734100341797,6,0,0.0,0.0,0.0,4,1.4953670501708984,3.9020236501379895,2017461,8
1,5.799762725830078,5.799762725830078,5.799762725830078,8,0,0.0,0.0,0.0,5,2.899881362915039,10.465764992898318,2017461,9
0,0.0,0.0,0.0,7,0,0.0,0.0,0.0,2,0.0,0.0,2017461,10
1,3.246126174926758,3.246126174926758,3.246126174926758,8,1,2.8308582305908203,2.8308582305908203,2.8308582305908203,6,1.0722789764404297,9.338525772021669,2017461,11
0,0.0,0.0,0.0,4,1,4.454010009765625,4.454010009765625,4.454010009765625,8,2.2270050048828125,6.886623571864264,2017461,12
0,0.0,0.0,0.0,4,2,6.3291015625,3.16455078125,4.863855361938477,10,2.4319276809692383,8.107984110439574,2017461,13
1,10.117439270019531,10.117439270019531,10.117439270019531,6,0,0.0,0.0,0.0,7,5.058719635009766,21.134871214775444,2017461,14
0,0.0,0.0,0.0,4,0,0.0,0.0,0.0,5,0.0,0.0,2017461,15
0,0.0,0.0,0.0,3,0,0.0,0.0,0.0,3,0.0,0.0,2017461,16
0,0.0,0.0,0.0,3,0,0.0,0.0,0.0,5,0.0,0.0,2017461,17
0,0.0,0.0,0.0,2,0,0.0,0.0,0.0,4,0.0,0.0,2017461,18
0,0.0,0.0,0.0,4,1,5.683042526245117,5.683042526245117,5.683042526245117,7,2.8415212631225586,9.350259784393653,2017461,19
0,0.0,0.0,0.0,2,1,12.245349884033203,12.245349884033203,12.245349884033203,9,6.122674942016602,30.468237742973372,2017461,20
0,0.0,0.0,0.0,5,0,0.0,0.0,0.0,4,0.0,0.0,2017461,21
0,0.0,0.0,0.0,4,0,0.0,0.0,0.0,2,0.0,0.0,2017461,22
0,0.0,0.0,0.0,8,0,0.0,0.0,0.0,2,0.0,0.0,2017461,23
0,0.0,0.0,0.0,7,0,0.0,0.0,0.0,3,0.0,0.0,2017461,24
1,2.7155227661132812,2.7155227661132812,2.7155227661132812,8,0,0.0,0.0,0.0,4,1.3577613830566406,3.642592568895305,2017461,25
2,2.229307174682617,1.1146535873413086,1.634572982788086,9,2,3.7458648681640625,1.8729324340820312,2.8129501342773438,8,1.4064750671386717,6.9465395285479286,2017461,26
0,0.0,0.0,0.0,6,0,0.0,0.0,0.0,3,0.0,0.0,2017461,27
0,0.0,0.0,0.0,4,1,1.2896842956542969,1.2896842956542969,1.2896842956542969,6,0.6448421478271484,1.110171515106387,2017461,28
0,0.0,0.0,0.0,6,1,5.240861892700195,5.240861892700195,5.240861892700195,6,2.6204309463500977,8.969581933729584,2017461,29
0,0.0,0.0,0.0,5,0,0.0,0.0,0.0,3,0.0,0.0,2017461,30
0,0.0,0.0,0.0,6,0,0.0,0.0,0.0,1,0.0,0.0,2017461,31
0,0.0,0.0,0.0,5,0,0.0,0.0,0.0,1,0.0,0.0,2017461,32
0,0.0,0.0,0.0,6,0,0.0,0.0,0.0,1,0.0,0.0,2017461,33
1,0.41779136657714844,0.41779136657714844,0.41779136657714844,5,0,0.0,0.0,0.0,3,0.20889568328857422,0.22971921298411913,2017461,34
1,6.953163146972656,6.953163146972656,6.953163146972656,6,0,0.0,0.0,0.0,3,3.476581573486328,13.64376046285779,2017461,35
1,1.94097900390625,1.94097900390625,1.94097900390625,6,0,0.0,0.0,0.0,2,0.970489501953125,2.183282289753881,2017461,36
0,0.0,0.0,0.0,4,0,0.0,0.0,0.0,1,0.0,0.0,2017461,37
1,0.19015121459960938,0.19015121459960938,0.19015121459960938,6,0,0.0,0.0,0.0,2,0.09507560729980469,0.0,2017461,38
0,0.0,0.0,0.0,6,0,0.0,0.0,0.0,3,0.0,0.0,2017461,39
0,0.0,0.0,0.0,3,0,0.0,0.0,0.0,3,0.0,0.0,2017461,40
0,0.0,0.0,0.0,4,0,0.0,0.0,0.0,1,0.0,0.0,2017461,41
0,0.0,0.0,0.0,5,0,0.0,0.0,0.0,1,0.0,0.0,2017461,42
0,0.0,0.0,0.0,4,0,0.0,0.0,0.0,3,0.0,0.0,2017461,43
0,0.0,0.0,0.0,4,0,0.0,0.0,0.0,2,0.0,0.0,2017461,44
0,0.0,0.0,0.0,5,0,0.0,0.0,0.0,4,0.0,0.0,2017461,45
0,0.0,0.0,0.0,3,1,0.026275634765625,0.026275634765625,0.026275634765625,6,0.0131378173828125,0.0,2017461,46
0,0.0,0.0,0.0,1,0,0.0,0.0,0.0,4,0.0,0.0,2017461,47
0,0.0,0.0,0.0,3,0,0.0,0.0,0.0,2,0.0,0.0,2017461,48
0,0.0,0.0,0.0,4,0,0.0,0.0,0.0,3,0.0,0.0,2017461,49
0,0.0,0.0,0.0,6,0,0.0,0.0,0.0,4,0.0,0.0,2017461,50
1,5.289585113525391,5.289585113525391,5.289585113525391,8,0,0.0,0.0,0.0,4,2.6447925567626953,9.247424702287145,2017461,51
0,0.0,0.0,0.0,9,0,0.0,0.0,0.0,7,0.0,0.0,2017461,52
0,0.0,0.0,0.0,5,1,7.655368804931641,7.655368804931641,7.655368804931641,9,3.8276844024658203,14.80227097483724,2017461,53
0,0.0,0.0,0.0,5,1,9.901142120361328,9.901142120361328,9.901142120361328,8,4.950571060180664,22.92259569784366,2017461,54
0,0.0,0.0,0.0,5,1,1.1335105895996094,1.1335105895996094,1.1335105895996094,8,0.5667552947998047,0.9160031626041896,2017461,55
1,3.9364356994628906,3.9364356994628906,3.9364356994628906,6,0,0.0,0.0,0.0,7,1.9682178497314453,6.098785604038994,2017461,56
0,0.0,0.0,0.0,4,0,0.0,0.0,0.0,4,0.0,0.0,2017461,57
0,0.0,0.0,0.0,5,0,0.0,0.0,0.0,6,0.0,0.0,2017461,58
1,6.404792785644531,6.404792785644531,6.404792785644531,7,0,0.0,0.0,0.0,4,3.2023963928222656,11.559089853292537,2017461,59
1,10.676862716674805,10.676862716674805,10.676862716674805,9,0,0.0,0.0,0.0,5,5.338431358337402,25.018791299707217,2017461,60
2,8.783035278320312,4.391517639160156,6.701324462890625,10,1,0.777862548828125,0.777862548828125,0.777862548828125,5,3.350662231445312,17.612904569694678,2017461,61
2,6.036685943603516,3.018342971801758,5.202304840087891,8,0,0.0,0.0,0.0,4,2.6011524200439453,9.418701368070323,2017461,62
0,0.0,0.0,0.0,9,1,3.9058189392089844,3.9058189392089844,3.9058189392089844,7,1.9529094696044922,6.354763861138559,2017461,63
0,0.0,0.0,0.0,3,0,0.0,0.0,0.0,5,0.0,0.0,2017461,64
0,0.0,0.0,0.0,4,1,4.440938949584961,4.440938949584961,4.440938949584961,7,2.2204694747924805,7.521891072823876,2017461,65
0,0.0,0.0,0.0,5,0,0.0,0.0,0.0,7,0.0,0.0,2017461,66
0,0.0,0.0,0.0,6,0,0.0,0.0,0.0,4,0.0,0.0,2017461,67
0,0.0,0.0,0.0,4,0,0.0,0.0,0.0,2,0.0,0.0,2017461,68
0,0.0,0.0,0.0,6,0,0.0,0.0,0.0,2,0.0,0.0,2017461,69
2,1.3290729522705078,0.6645364761352539,1.1860370635986328,10,0,0.0,0.0,0.0,3,0.5930185317993164,1.2401667497455604,2017461,70
0,0.0,0.0,0.0,4,0,0.0,0.0,0.0,2,0.0,0.0,2017461,71
1,2.143404006958008,2.143404006958008,2.143404006958008,7,0,0.0,0.0,0.0,3,1.071702003479004,2.583116157821928,2017461,72
1,7.161989212036133,7.161989212036133,7.161989212036133,7,0,0.0,0.0,0.0,2,3.5809946060180664,13.830890318033854,2017461,73
0,0.0,0.0,0.0,8,1,1.6393718719482422,1.6393718719482422,1.6393718719482422,6,0.8196859359741211,1.6839972571644066,2017461,74
1,0.2851409912109375,0.2851409912109375,0.2851409912109375,6,0,0.0,0.0,0.0,5,0.14257049560546875,0.0,2017461,75
1,0.42578887939453125,0.42578887939453125,0.42578887939453125,6,0,0.0,0.0,0.0,3,0.21289443969726562,0.24952716236117067,2017461,76
2,1.6944580078125,0.84722900390625,1.4559707641601562,7,0,0.0,0.0,0.0,4,0.7279853820800781,1.4210953119128444,2017461,77
0,0.0,0.0,0.0,5,0,0.0,0.0,0.0,4,0.0,0.0,2017461,78
0,0.0,0.0,0.0,7,0,0.0,0.0,0.0,3,0.0,0.0,2017461,79
1,0.48491859436035156,0.48491859436035156,0.48491859436035156,6,0,0.0,0.0,0.0,2,0.24245929718017578,0.3160119273677128,2017461,80
1,3.1144142150878906,3.1144142150878906,3.1144142150878906,6,0,0.0,0.0,0.0,4,1.5572071075439453,3.98543703783413,2017461,81
1,3.8103103637695312,3.8103103637695312,3.8103103637695312,8,0,0.0,0.0,0.0,4,1.9051551818847656,5.7003071747020035,2017461,82
0,0.0,0.0,0.0,4,0,0.0,0.0,0.0,1,0.0,0.0,2017461,83
0,0.0,0.0,0.0,5,0,0.0,0.0,0.0,1,0.0,0.0,2017461,84
0,0.0,0.0,0.0,5,0,0.0,0.0,0.0,3,0.0,0.0,2017461,85
0,0.0,0.0,0.0,4,0,0.0,0.0,0.0,1,0.0,0.0,2017461,86
0,0.0,0.0,0.0,4,0,0.0,0.0,0.0,6,0.0,0.0,2017461,87
0,0.0,0.0,0.0,4,0,0.0,0.0,0.0,4,0.0,0.0,2017461,88
0,0.0,0.0,0.0,3,1,1.9416694641113281,1.9416694641113281,1.9416694641113281,6,0.9708347320556641,2.2853667926970487,2017461,89
1,0.5991668701171875,0.5991668701171875,0.5991668701171875,6,1,5.455829620361328,5.455829620361328,5.455829620361328,6,2.727914810180664,15.850857740322947,2017461,90
0,0.0,0.0,0.0,8,0,0.0,0.0,0.0,4,0.0,0.0,2017461,91
1,1.1622028350830078,1.1622028350830078,1.1622028350830078,8,1,3.6956958770751953,3.6956958770751953,3.6956958770751953,5,1.8478479385375977,10.865100740526135,2017461,92
0,0.0,0.0,0.0,2,0,0.0,0.0,0.0,3,0.0,0.0,2017461,93
0,0.0,0.0,0.0,6,2,7.836420059204102,3.918210029602051,4.0431060791015625,9,2.0215530395507812,8.819376944252591,2017461,94
0,0.0,0.0,0.0,5,1,1.4870643615722656,1.4870643615722656,1.4870643615722656,9,0.7435321807861328,1.4539736830624426,2017461,95
0,0.0,0.0,0.0,2,0,0.0,0.0,0.0,3,0.0,0.0,2017461,96
0,0.0,0.0,0.0,1,0,0.0,0.0,0.0,3,0.0,0.0,2017461,97
0,0.0,0.0,0.0,1,0,0.0,0.0,0.0,3,0.0,0.0,2017461,98
1,5.642642974853516,5.642642974853516,5.642642974853516,10,2,6.822704315185547,3.4113521575927734,3.7418441772460938,8,1.5404300689697266,15.953297837327725,2017461,99
0,0.0,0.0,0.0,5,0,0.0,0.0,0.0,4,0.0,0.0,2017461,100
1,1.4722003936767578,1.4722003936767578,1.4722003936767578,6,1,5.109857559204102,5.109857559204102,5.109857559204102,6,1.9468936920166016,18.57238548109415,2017461,101
0,0.0,0.0,0.0,5,0,0.0,0.0,0.0,3,0.0,0.0,2017461,102
0,0.0,0.0,0.0,3,0,0.0,0.0,0.0,5,0.0,0.0,2017461,103
0,0.0,0.0,0.0,4,0,0.0,0.0,0.0,6,0.0,0.0,2017461,104
0,0.0,0.0,0.0,7,0,0.0,0.0,0.0,7,0.0,0.0,2017461,105
0,0.0,0.0,0.0,4,0,0.0,0.0,0.0,3,0.0,0.0,2017461,106
0,0.0,0.0,0.0,3,0,0.0,0.0,0.0,4,0.0,0.0,2017461,107
0,0.0,0.0,0.0,3,0,0.0,0.0,0.0,3,0.0,0.0,2017461,108
0,0.0,0.0,0.0,3,1,5.521173477172852,5.521173477172852,5.521173477172852,6,2.760586738586426,9.739789545949845,2017461,109
0,0.0,0.0,0.0,4,0,0.0,0.0,0.0,5,0.0,0.0,2017461,110
0,0.0,0.0,0.0,5,3,3.8221588134765625,1.2740529378255208,3.0714797973632812,8,1.5357398986816404,3.999265323261205,2017461,111
0,0.0,0.0,0.0,4,1,8.876558303833008,8.876558303833008,8.876558303833008,8,4.438279151916504,18.65708215185122,2017461,112
0,0.0,0.0,0.0,5,1,2.8177413940429688,2.8177413940429688,2.8177413940429688,8,1.4088706970214844,3.786352703022824,2017461,113
0,0.0,0.0,0.0,2,0,0.0,0.0,0.0,6,0.0,0.0,2017461,114
0,0.0,0.0,0.0,3,0,0.0,0.0,0.0,3,0.0,0.0,2017461,115
1,0.6606903076171875,0.6606903076171875,0.6606903076171875,9,1,1.4204559326171875,1.4204559326171875,1.4204559326171875,5,0.7102279663085938,2.6457168440490713,2017461,116
0,0.0,0.0,0.0,6,0,0.0,0.0,0.0,4,0.0,0.0,2017461,117
0,0.0,0.0,0.0,3,1,3.390491485595703,3.390491485595703,3.390491485595703,7,1.6952457427978516,5.117591166865284,2017461,118
0,0.0,0.0,0.0,7,0,0.0,0.0,0.0,4,0.0,0.0,2017461,119
2,4.82746696472168,2.41373348236084,4.599870681762695,10,1,4.127296447753906,4.127296447753906,4.127296447753906,6,2.299935340881347,15.709731264275764,2017461,120
1,2.503072738647461,2.503072738647461,2.503072738647461,5,1,2.380258560180664,2.380258560180664,2.380258560180664,7,1.2515363693237305,10.471466113685585,2017461,121
1,3.544027328491211,3.544027328491211,3.544027328491211,6,1,11.10511589050293,11.10511589050293,11.10511589050293,11,4.004814147949219,39.34902432456073,2017461,122
0,0.0,0.0,0.0,4,2,2.635660171508789,1.3178300857543945,1.4260368347167969,7,0.7130184173583984,1.5985122174875743,2017461,123
0,0.0,0.0,0.0,3,1,9.309625625610352,9.309625625610352,9.309625625610352,6,4.654812812805176,18.808294698845884,2017461,124
0,0.0,0.0,0.0,3,1,4.871728897094727,4.871728897094727,4.871728897094727,8,2.4358644485473633,8.338760383244916,2017461,125
0,0.0,0.0,0.0,3,1,3.005138397216797,3.005138397216797,3.005138397216797,6,1.5025691986083984,3.9290421664353596,2017461,126
0,0.0,0.0,0.0,5,0,0.0,0.0,0.0,5,0.0,0.0,2017461,127
0,0.0,0.0,0.0,3,0,0.0,0.0,0.0,4,0.0,0.0,2017461,128
0,0.0,0.0,0.0,3,0,0.0,0.0,0.0,2,0.0,0.0,2017461,129
0,0.0,0.0,0.0,4,0,0.0,0.0,0.0,3,0.0,0.0,2017461,130
0,0.0,0.0,0.0,4,0,0.0,0.0,0.0,2,0.0,0.0,2017461,131
0,0.0,0.0,0.0,3,0,0.0,0.0,0.0,2,0.0,0.0,2017461,132
0,0.0,0.0,0.0,3,0,0.0,0.0,0.0,3,0.0,0.0,2017461,133
0,0.0,0.0,0.0,3,0,0.0,0.0,0.0,4,0.0,0.0,2017461,134
1,4.244071960449219,4.244071960449219,4.244071960449219,9,0,0.0,0.0,0.0,4,2.1220359802246094,7.058943976107254,2017461,135
1,4.992073059082031,4.992073059082031,4.992073059082031,5,0,0.0,0.0,0.0,7,2.4960365295410156,7.831478419257538,2017461,136
0,0.0,0.0,0.0,4,1,2.7638320922851562,2.7638320922851562,2.7638320922851562,7,1.3819160461425781,3.9142175504429866,2017461,137
1,0.5608596801757812,0.5608596801757812,0.5608596801757812,6,0,0.0,0.0,0.0,4,0.2804298400878906,0.3716739889241614,2017461,138
0,0.0,0.0,0.0,4,0,0.0,0.0,0.0,2,0.0,0.0,2017461,139
0,0.0,0.0,0.0,7,0,0.0,0.0,0.0,4,0.0,0.0,2017461,140
0,0.0,0.0,0.0,7,0,0.0,0.0,0.0,4,0.0,0.0,2017461,141
0,0.0,0.0,0.0,9,0,0.0,0.0,0.0,6,0.0,0.0,2017461,142
1,2.176593780517578,2.176593780517578,2.176593780517578,6,0,0.0,0.0,0.0,5,1.088296890258789,2.2629586474287886,2017461,143
0,0.0,0.0,0.0,4,1,0.3071708679199219,0.3071708679199219,0.3071708679199219,5,0.15358543395996094,0.05295883830954539,2017461,144
0,0.0,0.0,0.0,4,0,0.0,0.0,0.0,4,0.0,0.0,2017461,145
0,0.0,0.0,0.0,3,0,0.0,0.0,0.0,5,0.0,0.0,2017461,146
0,0.0,0.0,0.0,6,0,0.0,0.0,0.0,4,0.0,0.0,2017461,147
1,5.842584609985352,5.842584609985352,5.842584609985352,9,1,2.067873001098633,2.067873001098633,2.067873001098633,7,2.921292304992676,19.55988310859805,2017461,148
0,0.0,0.0,0.0,5,1,8.603376388549805,8.603376388549805,8.603376388549805,8,4.301688194274902,16.491719889614295,2017461,149
0,0.0,0.0,0.0,4,1,5.273952484130859,5.273952484130859,5.273952484130859,6,2.6369762420654297,8.608029170159464,2015213,0
1,2.072214126586914,2.072214126586914,2.072214126586914,6,0,0.0,0.0,0.0,3,1.036107063293457,2.3516119149187515,2015213,1
2,13.51369857788086,6.75684928894043,12.210844039916992,10,1,1.8549823760986328,1.8549823760986328,1.8549823760986328,6,6.105422019958495,48.39937888699411,2015213,2
1,1.2305583953857422,1.2305583953857422,1.2305583953857422,8,1,1.9940547943115234,1.9940547943115234,1.9940547943115234,6,0.9970273971557617,5.317415337343696,2015213,3
0,0.0,0.0,0.0,3,0,0.0,0.0,0.0,3,0.0,0.0,2015213,4
1,2.6032943725585938,2.6032943725585938,2.6032943725585938,5,0,0.0,0.0,0.0,5,1.3016471862792969,3.505992054904992,2015213,5
1,3.3388099670410156,3.3388099670410156,3.3388099670410156,6,1,3.1053466796875,3.1053466796875,3.1053466796875,10,1.6694049835205078,10.095725122147298,2015213,6
0,0.0,0.0,0.0,3,1,5.632226943969727,5.632226943969727,5.632226943969727,6,2.8161134719848633,10.562835951719276,2015213,7
0,0.0,0.0,0.0,3,0,0.0,0.0,0.0,3,0.0,0.0,2015213,8
1,11.732156753540039,11.732156753540039,11.732156753540039,8,0,0.0,0.0,0.0,3,5.8660783767700195,28.155555014111513,2015213,9
1,5.57426643371582,5.57426643371582,5.57426643371582,7,1,7.202766418457031,7.202766418457031,7.202766418457031,6,3.064870834350586,23.30845603510435,2015213,10
1,0.6190814971923828,0.6190814971923828,0.6190814971923828,6,0,0.0,0.0,0.0,2,0.3095407485961914,0.4099303993470455,2015213,11
0,0.0,0.0,0.0,8,0,0.0,0.0,0.0,3,0.0,0.0,2015213,12
1,3.1380443572998047,3.1380443572998047,3.1380443572998047,5,1,0.9415607452392578,0.9415607452392578,0.9415607452392578,8,1.5690221786499023,10.059468596734142,2015213,13
0,0.0,0.0,0.0,2,0,0.0,0.0,0.0,4,0.0,0.0,2015213,14
0,0.0,0.0,0.0,4,0,0.0,0.0,0.0,3,0.0,0.0,2015213,15
2,12.496875762939453,6.248437881469727,7.235578536987305,9,1,13.439064025878906,13.439064025878906,13.439064025878906,7,4.018598556518555,33.54231387209342,2015213,16
2,11.224437713623047,5.612218856811523,8.614713668823242,10,2,1.5736408233642578,0.7868204116821289,1.1368656158447266,10,4.30735683441162,29.180470617568744,2015213,17
0,0.0,0.0,0.0,6,1,4.94249153137207,4.94249153137207,4.94249153137207,7,2.471245765686035,8.1230501605521,2015213,18
0,0.0,0.0,0.0,7,4,9.689311981201172,2.422327995300293,4.608766555786133,10,2.304383277893066,8.669712771688484,2015213,19
1,4.46485710144043,4.46485710144043,4.46485710144043,5,0,0.0,0.0,0.0,5,2.232428550720215,6.7365784795788874,2015213,20
1,5.883308410644531,5.883308410644531,5.883308410644531,6,0,0.0,0.0,0.0,7,2.9416542053222656,10.412082550447808,2015213,21
1,5.236167907714844,5.236167907714844,5.236167907714844,9,0,0.0,0.0,0.0,4,2.618083953857422,8.460578570042905,2015213,22
1,3.181793212890625,3.181793212890625,3.181793212890625,6,1,3.2830162048339844,3.2830162048339844,3.2830162048339844,7,1.6415081024169922,13.0685361860034,2015213,23
1,0.3262615203857422,0.3262615203857422,0.3262615203857422,8,2,14.771350860595703,7.385675430297852,10.216726303100586,10,5.108363151550292,42.61825626860237,2015213,24
0,0.0,0.0,0.0,5,0,0.0,0.0,0.0,5,0.0,0.0,2015213,25
1,8.330795288085938,8.330795288085938,8.330795288085938,6,0,0.0,0.0,0.0,4,4.165397644042969,16.36114333611723,2015213,26
1,8.304344177246094,8.304344177246094,8.304344177246094,7,0,0.0,0.0,0.0,2,4.152172088623047,16.84009945134982,2015213,27
1,5.841695785522461,5.841695785522461,5.841695785522461,6,0,0.0,0.0,0.0,3,2.9208478927612305,10.812364960868864,2015213,28
1,10.005517959594727,10.005517959594727,10.005517959594727,8,0,0.0,0.0,0.0,6,5.002758979797363,24.138753877402063,2015213,29
0,0.0,0.0,0.0,4,0,0.0,0.0,0.0,4,0.0,0.0,2015213,30
1,1.2844924926757812,1.2844924926757812,1.2844924926757812,7,0,0.0,0.0,0.0,4,0.6422462463378906,1.3226559232077482,2015213,31
0,0.0,0.0,0.0,5,0,0.0,0.0,0.0,4,0.0,0.0,2015213,32
0,0.0,0.0,0.0,4,0,0.0,0.0,0.0,3,0.0,0.0,2015213,33
1,1.9728546142578125,1.9728546142578125,1.9728546142578125,8,1,0.44860267639160156,0.44860267639160156,0.44860267639160156,7,0.9864273071289062,2.6427317075047436,2015213,34
2,6.5513916015625,3.27569580078125,4.758634567260742,8,1,1.653158187866211,1.653158187866211,1.653158187866211,6,2.3793172836303706,18.837239750720343,2015213,35
2,10.972904205322266,5.486452102661133,5.999111175537109,9,1,6.756290435791016,6.756290435791016,6.756290435791016,8,2.486896514892578,18.241344999271433,2015213,36
1,6.440675735473633,6.440675735473633,6.440675735473633,6,2,2.9373416900634766,1.4686708450317383,1.843130111694336,9,3.220337867736816,22.24278019240896,2015213,37
0,0.0,0.0,0.0,4,3,10.23304557800293,3.411015192667643,4.245613098144531,9,2.1228065490722656,8.674396215935499,2015213,38
1,3.7683372497558594,3.7683372497558594,3.7683372497558594,6,2,5.801355361938477,2.9006776809692383,3.755552291870117,9,1.8841686248779297,12.599929412306142,2015213,39
1,3.7559165954589844,3.7559165954589844,3.7559165954589844,7,2,2.278461456298828,1.139230728149414,1.2343921661376953,10,1.8779582977294922,10.329558740897905,2015213,40
1,2.8167991638183594,2.8167991638183594,2.8167991638183594,6,1,3.203561782836914,3.203561782836914,3.203561782836914,7,1.3276138305664058,10.891488267908679,2015213,41
1,0.48082923889160156,0.48082923889160156,0.48082923889160156,6,1,5.620538711547852,5.620538711547852,5.620538711547852,10,2.810269355773926,15.504656429486595,2015213,42
0,0.0,0.0,0.0,6,2,3.3715972900390625,1.6857986450195312,3.3294334411621094,9,1.6647167205810547,4.732800753511137,2015213,43
0,0.0,0.0,0.0,8,2,15.567838668823242,7.783919334411621,9.006181716918945,10,4.503090858459473,22.621947586944046,2015213,44
1,1.592092514038086,1.592092514038086,1.592092514038086,8,1,5.964620590209961,5.964620590209961,5.964620590209961,6,2.9823102951049805,22.390080258059466,2015213,45
0,0.0,0.0,0.0,3,0,0.0,0.0,0.0,8,0.0,0.0,2015213,46
1,3.886432647705078,3.886432647705078,3.886432647705078,7,1,4.674446105957031,4.674446105957031,4.674446105957031,8,2.2397708892822266,16.74075133821162,2015213,47
0,0.0,0.0,0.0,4,1,0.7638931274414062,0.7638931274414062,0.7638931274414062,10,0.3819465637207031,0.5801613562932338,2015213,48
1,10.685100555419922,10.685100555419922,10.685100555419922,7,0,0.0,0.0,0.0,5,5.342550277709961,25.170883232063858,2015213,49
3,8.780256271362305,2.9267520904541016,4.593729019165039,9,0,0.0,0.0,0.0,5,2.296864509582519,7.994067325173636,2015213,50
2,2.605257034301758,1.302628517150879,2.318960189819336,7,1,5.033849716186523,5.033849716186523,5.033849716186523,8,2.5169248580932613,13.309348406621575,2015213,51
0,0.0,0.0,0.0,6,2,3.7027664184570312,1.8513832092285156,2.7542457580566406,8,1.3771228790283203,3.7731817961721448,2015213,52
1,1.8770523071289062,1.8770523071289062,1.8770523071289062,8,1,11.698894500732422,11.698894500732422,11.698894500732422,8,5.849447250366211,39.50956986391313,2015213,53
0,0.0,0.0,0.0,7,2,2.441671371459961,1.2208356857299805,2.0987377166748047,9,1.0493688583374023,2.383621746613769,2015213,54
0,0.0,0.0,0.0,4,0,0.0,0.0,0.0,5,0.0,0.0,2015213,55
2,7.675302505493164,3.837651252746582,6.809282302856445,9,0,0.0,0.0,0.0,4,3.4046411514282227,12.76086589089878,2015213,56
2,9.193531036376953,4.596765518188477,4.861240386962891,9,1,4.808320999145508,4.808320999145508,4.808320999145508,6,2.1661453247070312,13.873552380353116,2015213,57
1,5.565774917602539,5.565774917602539,5.565774917602539,7,1,2.8331966400146484,2.8331966400146484,2.8331966400146484,8,2.7828874588012695,17.505592310704742,2015213,58
2,7.779756546020508,3.889878273010254,5.906436920166016,9,2,1.8677921295166016,0.9338960647583008,1.6934738159179688,10,2.953218460083008,23.53851834905752,2015213,59
0,0.0,0.0,0.0,5,0,0.0,0.0,0.0,4,0.0,0.0,2015213,60
0,0.0,0.0,0.0,6,0,0.0,0.0,0.0,2,0.0,0.0,2015213,61
0,0.0,0.0,0.0,6,0,0.0,0.0,0.0,5,0.0,0.0,2015213,62
1,0.8622550964355469,0.8622550964355469,0.8622550964355469,5,0,0.0,0.0,0.0,3,0.43112754821777344,0.5994893285596808,2015213,63
1,6.232795715332031,6.232795715332031,6.232795715332031,9,2,12.971420288085938,6.485710144042969,9.067241668701172,8,3.5078887939453125,28.667310240704055,2015213,64
1,3.7307281494140625,3.7307281494140625,3.7307281494140625,9,2,7.77531623840332,3.88765811920166,5.698537826538086,9,2.8492689132690425,17.340232778470508,2015213,65
0,0.0,0.0,0.0,11,0,0.0,0.0,0.0,7,0.0,0.0,2015213,66
1,4.643274307250977,4.643274307250977,4.643274307250977,8,0,0.0,0.0,0.0,6,2.3216371536254883,7.628860909091193,2015213,67
1,4.053266525268555,4.053266525268555,4.053266525268555,7,0,0.0,0.0,0.0,3,2.0266332626342773,6.9430573464809875,2015213,68
2,10.432004928588867,5.216002464294434,6.196981430053711,10,0,0.0,0.0,0.0,5,3.0984907150268555,13.924825264587069,2015213,69
1,2.5818920135498047,2.5818920135498047,2.5818920135498047,7,2,8.727920532226562,4.363960266113281,5.703985214233398,10,2.8519926071166988,22.95995193568238,2015213,70
0,0.0,0.0,0.0,8,2,12.403043746948242,6.201521873474121,11.956003189086914,9,5.978001594543457,27.54766577110145,2015213,71
1,8.453500747680664,8.453500747680664,8.453500747680664,8,0,0.0,0.0,0.0,4,4.226750373840332,17.450599885252558,2015213,72
1,0.6709480285644531,0.6709480285644531,0.6709480285644531,8,1,4.473089218139648,4.473089218139648,4.473089218139648,7,2.236544609069824,14.89556688066525,2015213,73
1,1.5711021423339844,1.5711021423339844,1.5711021423339844,7,0,0.0,0.0,0.0,3,0.7855510711669922,1.460569737001762,2015213,74
1,8.492393493652344,8.492393493652344,8.492393493652344,7,1,3.0053863525390625,3.0053863525390625,3.0053863525390625,10,3.2956409454345703,29.442681256700784,2015213,75
0,0.0,0.0,0.0,4,1,8.562461853027344,8.562461853027344,8.562461853027344,7,4.281230926513672,16.347241038607002,2015213,76
0,0.0,0.0,0.0,6,0,0.0,0.0,0.0,3,0.0,0.0,2015213,77
2,11.981929779052734,5.990964889526367,9.569013595581055,9,0,0.0,0.0,0.0,4,4.784506797790527,20.670465938960664,2015213,78
1,2.4628734588623047,2.4628734588623047,2.4628734588623047,6,0,0.0,0.0,0.0,6,1.2314367294311523,2.7633735162432718,2015213,79
2,9.184249877929688,4.592124938964844,7.35749626159668,10,1,2.5379161834716797,2.5379161834716797,2.5379161834716797,7,3.67874813079834,21.205321425094116,2015213,80
0,0.0,0.0,0.0,3,1,4.678457260131836,4.678457260131836,4.678457260131836,7,2.339228630065918,7.901683183598154,2015213,81
0,0.0,0.0,0.0,4,1,6.851470947265625,6.851470947265625,6.851470947265625,5,3.4257354736328125,13.269815221419428,2015213,82
1,2.965036392211914,2.965036392211914,2.965036392211914,5,0,0.0,0.0,0.0,3,1.482518196105957,3.632907221903193,2015213,83
0,0.0,0.0,0.0,3,0,0.0,0.0,0.0,2,0.0,0.0,2015213,84
1,3.1627559661865234,3.1627559661865234,3.1627559661865234,6,1,2.9874420166015625,2.9874420166015625,2.9874420166015625,6,0.5292911529541016,5.483068501896676,2015213,85
1,2.822053909301758,2.822053909301758,2.822053909301758,5,0,0.0,0.0,0.0,4,1.411026954650879,3.442350406735362,2015213,86
0,0.0,0.0,0.0,3,1,2.5161685943603516,2.5161685943603516,2.5161685943603516,7,1.2580842971801758,3.2799118917702357,2015213,87
0,0.0,0.0,0.0,3,0,0.0,0.0,0.0,4,0.0,0.0,2015213,88
1,3.148447036743164,3.148447036743164,3.148447036743164,8,0,0.0,0.0,0.0,4,1.574223518371582,4.108966653185194,2015213,89
1,4.375844955444336,4.375844955444336,4.375844955444336,9,1,3.078573226928711,3.078573226928711,3.078573226928711,7,2.187922477722168,13.990805592343795,2015213,90
3,10.567808151245117,3.5226027170817056,5.120351791381836,10,1,0.5209445953369141,0.5209445953369141,0.5209445953369141,6,2.5601758956909175,19.60844212570032,2015213,91
0,0.0,0.0,0.0,4,0,0.0,0.0,0.0,7,0.0,0.0,2015213,92
0,0.0,0.0,0.0,5,1,4.300262451171875,4.300262451171875,4.300262451171875,6,2.1501312255859375,6.761211644651777,2015213,93
1,4.967399597167969,4.967399597167969,4.967399597167969,7,3,14.889999389648438,4.9633331298828125,7.865301132202148,9,2.3126440048217773,23.462481188125146,2015213,94
2,6.261102676391602,3.130551338195801,5.627683639526367,9,1,5.455570220947266,5.455570220947266,5.455570220947266,9,2.813841819763183,20.628495688459857,2015213,95
0,0.0,0.0,0.0,5,1,6.521038055419922,6.521038055419922,6.521038055419922,6,3.260519027709961,13.34553878980913,2015213,96
1,4.906099319458008,4.906099319458008,4.906099319458008,7,0,0.0,0.0,0.0,4,2.453049659729004,7.651546015152637,2015213,97
0,0.0,0.0,0.0,5,0,0.0,0.0,0.0,7,0.0,0.0,2015213,98
0,0.0,0.0,0.0,5,0,0.0,0.0,0.0,6,0.0,0.0,2015213,99
0,0.0,0.0,0.0,6,1,0.0,0.0,0.0,4,inf,,2015213,100
0,0.0,0.0,0.0,7,0,0.0,0.0,0.0,4,0.0,0.0,2015213,101
2,6.11064338684082,3.05532169342041,5.1775054931640625,7,1,9.876546859741211,9.876546859741211,9.876546859741211,7,4.938273429870605,34.86779672466576,2015213,102
0,0.0,0.0,0.0,5,0,0.0,0.0,0.0,7,0.0,0.0,2015213,103
0,0.0,0.0,0.0,4,0,0.0,0.0,0.0,7,0.0,0.0,2015213,104
1,3.1232757568359375,3.1232757568359375,3.1232757568359375,8,1,1.283477783203125,1.283477783203125,1.283477783203125,9,1.5616378784179688,10.228971949129514,2015213,105
0,0.0,0.0,0.0,4,2,8.33851432800293,4.169257164001465,6.19744873046875,9,3.098724365234375,11.872769383546546,2015213,106
1,2.1612720489501953,2.1612720489501953,2.1612720489501953,6,1,2.865049362182617,2.865049362182617,2.865049362182617,8,1.4325246810913086,9.986647162913416,2015213,107
1,5.65510368347168,5.65510368347168,5.65510368347168,6,0,0.0,0.0,0.0,4,2.82755184173584,9.235401901900595,2015213,108
1,8.406349182128906,8.406349182128906,8.406349182128906,8,2,6.96844482421875,3.484222412109375,5.507291793823242,7,4.203174591064453,30.832489182994667,2015213,109
0,0.0,0.0,0.0,5,0,0.0,0.0,0.0,5,0.0,0.0,2015213,110
0,0.0,0.0,0.0,7,3,5.197948455810547,1.7326494852701824,3.2784366607666016,9,1.6392183303833006,4.595062698804164,2015213,111
0,0.0,0.0,0.0,7,1,8.700742721557617,8.700742721557617,8.700742721557617,7,4.350371360778809,19.724959809164083,2015213,112
1,1.2202568054199219,1.2202568054199219,1.2202568054199219,5,0,0.0,0.0,0.0,1,0.6101284027099609,1.0452819027925129,2015213,113
1,6.67755126953125,6.67755126953125,6.67755126953125,6,0,0.0,0.0,0.0,3,3.338775634765625,12.684182634121708,2015213,114
0,0.0,0.0,0.0,5,0,0.0,0.0,0.0,3,0.0,0.0,2015213,115
0,0.0,0.0,0.0,3,0,0.0,0.0,0.0,2,0.0,0.0,2015213,116
0,0.0,0.0,0.0,2,0,0.0,0.0,0.0,2,0.0,0.0,2015213,117
1,2.1812381744384766,2.1812381744384766,2.1812381744384766,7,2,5.7956390380859375,2.8978195190429688,3.170328140258789,8,1.5851640701293943,8.39259932220386,2015213,118
0,0.0,0.0,0.0,5,0,0.0,0.0,0.0,4,0.0,0.0,2015213,119
0,0.0,0.0,0.0,2,0,0.0,0.0,0.0,4,0.0,0.0,2015213,120
0,0.0,0.0,0.0,4,1,4.753849029541016,4.753849029541016,4.753849029541016,6,2.376924514770508,7.541603018705042,2015213,121
1,1.0149459838867188,1.0149459838867188,1.0149459838867188,6,1,0.7390003204345703,0.7390003204345703,0.7390003204345703,7,0.5074729919433594,2.403476630243034,2015213,122
0,0.0,0.0,0.0,3,0,0.0,0.0,0.0,5,0.0,0.0,2015213,123
0,0.0,0.0,0.0,4,0,0.0,0.0,0.0,5,0.0,0.0,2015213,124
1,2.278963088989258,2.278963088989258,2.278963088989258,5,1,5.00956916809082,5.00956916809082,5.00956916809082,5,2.50478458404541,18.602239367159754,2015213,125
1,1.566934585571289,1.566934585571289,1.566934585571289,5,1,5.2563934326171875,5.2563934326171875,5.2563934326171875,6,2.6281967163085938,19.823247440977244,2015213,126
1,0.0,0.0,0.0,4,1,3.5646610260009766,3.5646610260009766,3.5646610260009766,5,inf,,2015213,127
2,7.049476623535156,3.524738311767578,5.209928512573242,9,1,0.9408454895019531,0.9408454895019531,0.9408454895019531,8,2.6049642562866206,15.726929747173577,2015213,128
2,5.757352828979492,2.878676414489746,4.532304763793945,8,2,11.524364471435547,5.762182235717773,7.590871810913086,9,3.795435905456543,30.150300279781927,2015213,129
0,0.0,0.0,0.0,5,1,1.7795486450195312,1.7795486450195312,1.7795486450195312,7,0.8897743225097656,1.5255547814257275,2015213,130
1,0.0,0.0,0.0,5,0,0.0,0.0,0.0,3,inf,,2015213,131
0,0.0,0.0,0.0,4,0,0.0,0.0,0.0,3,0.0,0.0,2015213,132
0,0.0,0.0,0.0,3,2,4.9913330078125,2.49566650390625,3.2702159881591797,8,1.6351079940795898,4.498306253546776,2015213,133
0,0.0,0.0,0.0,2,1,4.8066864013671875,4.8066864013671875,4.8066864013671875,6,2.4033432006835938,7.4425458626340335,2015213,134
0,0.0,0.0,0.0,1,1,1.2453422546386719,1.2453422546386719,1.2453422546386719,7,0.6226711273193359,1.081584786435885,2015213,135
1,3.762775421142578,3.762775421142578,3.762775421142578,7,0,0.0,0.0,0.0,7,1.881387710571289,5.248187461167801,2015213,136
2,7.655429840087891,3.8277149200439453,5.846975326538086,10,1,0.40908241271972656,0.40908241271972656,0.40908241271972656,7,2.9234876632690425,24.01424909446615,2015213,137
1,6.909626007080078,6.909626007080078,6.909626007080078,7,0,0.0,0.0,0.0,6,3.454813003540039,13.11022197414289,2015213,138
0,0.0,0.0,0.0,9,1,8.417207717895508,8.417207717895508,8.417207717895508,6,4.208603858947754,16.63688452428536,2015213,139
0,0.0,0.0,0.0,4,2,7.832033157348633,3.9160165786743164,6.860345840454102,9,3.430172920227051,13.402017957710935,2015213,140
0,0.0,0.0,0.0,3,1,0.38390159606933594,0.38390159606933594,0.38390159606933594,5,0.19195079803466797,0.24432418074233472,2015213,141
0,0.0,0.0,0.0,4,1,1.0003662109375,1.0003662109375,1.0003662109375,7,0.50018310546875,0.6611502380159734,2015213,142
0,0.0,0.0,0.0,4,1,0.3828449249267578,0.3828449249267578,0.3828449249267578,6,0.1914224624633789,0.0994613039213355,2015213,143
0,0.0,0.0,0.0,3,0,0.0,0.0,0.0,6,0.0,0.0,2015213,144
1,0.016901016235351562,0.016901016235351562,0.016901016235351562,8,1,0.5682392120361328,0.5682392120361328,0.5682392120361328,7,0.2841196060180664,1.0824097061006321,2015213,145
3,13.195863723754883,4.398621241251628,6.238273620605469,10,1,2.6461257934570312,2.6461257934570312,2.6461257934570312,8,2.4935073852539062,17.19992165300273,2015213,146
1,4.095346450805664,4.095346450805664,4.095346450805664,9,0,0.0,0.0,0.0,6,2.047673225402832,6.48423698425339,2015213,147
2,1.402822494506836,0.701411247253418,0.8659152984619141,8,1,4.041034698486328,4.041034698486328,4.041034698486328,5,2.020517349243164,11.121631997526396,2015213,148
0,0.0,0.0,0.0,6,1,3.2881507873535156,3.2881507873535156,3.2881507873535156,8,1.6440753936767578,4.943314316215372,2015213,149
1,0.4691638946533203,0.4691638946533203,0.4691638946533203,9,0,0.0,0.0,0.0,5,0.23458194732666016,0.245960711366306,2013725,0
1,4.588825225830078,4.588825225830078,4.588825225830078,7,0,0.0,0.0,0.0,2,2.294412612915039,7.14458806052884,2013725,1
0,0.0,0.0,0.0,7,0,0.0,0.0,0.0,3,0.0,0.0,2013725,2
1,2.993885040283203,2.993885040283203,2.993885040283203,6,0,0.0,0.0,0.0,4,1.4969425201416016,3.5272780029908937,2013725,3
1,1.1640510559082031,1.1640510559082031,1.1640510559082031,6,0,0.0,0.0,0.0,4,0.5820255279541016,1.004262612634923,2013725,4
0,0.0,0.0,0.0,5,0,0.0,0.0,0.0,2,0.0,0.0,2013725,5
0,0.0,0.0,0.0,8,0,0.0,0.0,0.0,2,0.0,0.0,2013725,6
1,6.160938262939453,6.160938262939453,6.160938262939453,8,0,0.0,0.0,0.0,2,3.0804691314697266,11.85884096126169,2013725,7
0,0.0,0.0,0.0,6,0,0.0,0.0,0.0,2,0.0,0.0,2013725,8
1,0.2989673614501953,0.2989673614501953,0.2989673614501953,8,0,0.0,0.0,0.0,3,0.14948368072509766,0.060647758553857296,2013725,9
2,5.336523056030273,2.6682615280151367,2.7764835357666016,7,0,0.0,0.0,0.0,2,1.3882417678833008,5.002104534712249,2013725,10
0,0.0,0.0,0.0,4,0,0.0,0.0,0.0,5,0.0,0.0,2013725,11
0,0.0,0.0,0.0,2,0,0.0,0.0,0.0,2,0.0,0.0,2013725,12
0,0.0,0.0,0.0,3,1,1.7323150634765625,1.7323150634765625,1.7323150634765625,6,0.8661575317382812,1.780954814728274,2013725,13
1,0.0,0.0,0.0,5,0,0.0,0.0,0.0,7,inf,,2013725,14
1,10.06268310546875,10.06268310546875,10.06268310546875,6,0,0.0,0.0,0.0,7,5.031341552734375,22.51436889495001,2013725,15
0,0.0,0.0,0.0,1,0,0.0,0.0,0.0,4,0.0,0.0,2013725,16
0,0.0,0.0,0.0,1,0,0.0,0.0,0.0,5,0.0,0.0,2013725,17
0,0.0,0.0,0.0,1,0,0.0,0.0,0.0,5,0.0,0.0,2013725,18
0,0.0,0.0,0.0,1,0,0.0,0.0,0.0,4,0.0,0.0,2013725,19
0,0.0,0.0,0.0,5,1,2.4283981323242188,2.4283981323242188,2.4283981323242188,5,1.2141990661621094,3.2319243333222585,2013725,20
0,0.0,0.0,0.0,6,0,0.0,0.0,0.0,4,0.0,0.0,2013725,21
1,0.2543983459472656,0.2543983459472656,0.2543983459472656,7,0,0.0,0.0,0.0,5,0.1271991729736328,0.030883494062588338,2013725,22
1,0.6765480041503906,0.6765480041503906,0.6765480041503906,6,0,0.0,0.0,0.0,8,0.3382740020751953,0.4295421524387141,2013725,23
1,4.050992965698242,4.050992965698242,4.050992965698242,8,0,0.0,0.0,0.0,5,2.025496482849121,7.0792381639882125,2013725,24
0,0.0,0.0,0.0,6,0,0.0,0.0,0.0,4,0.0,0.0,2013725,25
0,0.0,0.0,0.0,3,0,0.0,0.0,0.0,3,0.0,0.0,2013725,26
0,0.0,0.0,0.0,1,1,1.157867431640625,1.157867431640625,1.157867431640625,8,0.5789337158203125,0.99289472961334,2013725,27
0,0.0,0.0,0.0,1,0,0.0,0.0,0.0,5,0.0,0.0,2013725,28
0,0.0,0.0,0.0,3,1,5.881975173950195,5.881975173950195,5.881975173950195,6,2.9409875869750977,9.991455974004833,2013725,29
0,0.0,0.0,0.0,4,1,3.562164306640625,3.562164306640625,3.562164306640625,7,1.7810821533203125,4.933436500277811,2013725,30
1,1.6051979064941406,1.6051979064941406,1.6051979064941406,10,0,0.0,0.0,0.0,7,0.8025989532470703,1.6373729443456566,2013725,31
0,0.0,0.0,0.0,3,1,3.504159927368164,3.504159927368164,3.504159927368164,7,1.752079963684082,4.989949637988246,2013725,32
0,0.0,0.0,0.0,1,0,0.0,0.0,0.0,3,0.0,0.0,2013725,33
0,0.0,0.0,0.0,2,1,3.099773406982422,3.099773406982422,3.099773406982422,9,1.549886703491211,4.465086668307297,2013725,34
2,6.214372634887695,3.1071863174438477,3.5087356567382812,9,1,3.5916805267333984,3.5916805267333984,3.5916805267333984,7,1.352818489074707,12.876239105039884,2013725,35
2,6.692325592041016,3.346162796020508,3.7824478149414062,10,1,3.805889129638672,3.805889129638672,3.805889129638672,6,1.8912239074707031,12.405447976097431,2013725,36
1,5.141542434692383,5.141542434692383,5.141542434692383,10,2,5.143762588500977,2.5718812942504883,4.769292831420898,8,2.570771217346191,17.517583936084606,2013725,37
1,1.6379413604736328,1.6379413604736328,1.6379413604736328,8,1,7.191593170166016,7.191593170166016,7.191593170166016,7,3.595796585083008,25.789288978372753,2013725,38
0,0.0,0.0,0.0,4,0,0.0,0.0,0.0,2,0.0,0.0,2013725,39
2,12.152376174926758,6.076188087463379,8.333559036254883,10,1,0.6023731231689453,0.6023731231689453,0.6023731231689453,8,4.166779518127441,25.45495731240557,2013725,40
1,1.2932891845703125,1.2932891845703125,1.2932891845703125,8,0,0.0,0.0,0.0,5,0.6466445922851562,1.0422367786385023,2013725,41
2,10.734821319580078,5.367410659790039,5.376251220703125,9,0,0.0,0.0,0.0,4,2.6881256103515625,13.503966130391973,2013725,42
0,0.0,0.0,0.0,2,0,0.0,0.0,0.0,4,0.0,0.0,2013725,43
0,0.0,0.0,0.0,3,0,0.0,0.0,0.0,4,0.0,0.0,2013725,44
0,0.0,0.0,0.0,3,1,4.386074066162109,4.386074066162109,4.386074066162109,9,2.1930370330810547,8.033342217420968,2013725,45
0,0.0,0.0,0.0,1,0,0.0,0.0,0.0,4,0.0,0.0,2013725,46
0,0.0,0.0,0.0,1,0,0.0,0.0,0.0,4,0.0,0.0,2013725,47
0,0.0,0.0,0.0,1,0,0.0,0.0,0.0,4,0.0,0.0,2013725,48
0,0.0,0.0,0.0,3,0,0.0,0.0,0.0,4,0.0,0.0,2013725,49
1,6.352888107299805,6.352888107299805,6.352888107299805,6,0,0.0,0.0,0.0,5,3.1764440536499023,11.644841890576906,2013725,50
1,0.0,0.0,0.0,4,2,6.84568977355957,3.422844886779785,3.784564971923828,7,inf,,2013725,51
2,10.177114486694336,5.088557243347168,7.40833854675293,9,0,0.0,0.0,0.0,5,3.704169273376465,15.447438416797452,2013725,52
4,14.107267379760742,3.5268168449401855,6.174970626831055,9,0,0.0,0.0,0.0,3,3.0874853134155273,12.922593209579013,2013725,53
1,1.5990142822265625,1.5990142822265625,1.5990142822265625,9,0,0.0,0.0,0.0,4,0.7995071411132812,1.8098911875351034,2013725,54
0,0.0,0.0,0.0,6,0,0.0,0.0,0.0,2,0.0,0.0,2013725,55
0,0.0,0.0,0.0,5,0,0.0,0.0,0.0,4,0.0,0.0,2013725,56
1,5.248781204223633,5.248781204223633,5.248781204223633,7,0,0.0,0.0,0.0,2,2.6243906021118164,8.948590021698818,2013725,57
0,0.0,0.0,0.0,7,0,0.0,0.0,0.0,4,0.0,0.0,2013725,58
0,0.0,0.0,0.0,8,0,0.0,0.0,0.0,2,0.0,0.0,2013725,59
0,0.0,0.0,0.0,5,0,0.0,0.0,0.0,5,0.0,0.0,2013725,60
3,12.310348510742188,4.1034495035807295,6.39335823059082,10,0,0.0,0.0,0.0,5,3.1966791152954097,16.401393137212906,2013725,61
1,4.434633255004883,4.434633255004883,4.434633255004883,8,0,0.0,0.0,0.0,2,2.2173166275024414,7.156801744253573,2013725,62
0,0.0,0.0,0.0,7,0,0.0,0.0,0.0,4,0.0,0.0,2013725,63
0,0.0,0.0,0.0,4,1,6.755022048950195,6.755022048950195,6.755022048950195,7,3.3775110244750977,12.897747397060582,2013725,64
0,0.0,0.0,0.0,7,1,1.8112812042236328,1.8112812042236328,1.8112812042236328,8,0.9056406021118164,1.8387722437025336,2013725,65
0,0.0,0.0,0.0,3,0,0.0,0.0,0.0,4,0.0,0.0,2013725,66
1,5.499671936035156,5.499671936035156,5.499671936035156,7,0,0.0,0.0,0.0,5,2.749835968017578,9.840140549242568,2013725,67
0,0.0,0.0,0.0,9,0,0.0,0.0,0.0,4,0.0,0.0,2013725,68
0,0.0,0.0,0.0,6,0,0.0,0.0,0.0,4,0.0,0.0,2013725,69
0,0.0,0.0,0.0,4,0,0.0,0.0,0.0,2,0.0,0.0,2013725,70
0,0.0,0.0,0.0,3,0,0.0,0.0,0.0,1,0.0,0.0,2013725,71
0,0.0,0.0,0.0,4,0,0.0,0.0,0.0,2,0.0,0.0,2013725,72
0,0.0,0.0,0.0,2,0,0.0,0.0,0.0,2,0.0,0.0,2013725,73
0,0.0,0.0,0.0,3,0,0.0,0.0,0.0,3,0.0,0.0,2013725,74
0,0.0,0.0,0.0,2,0,0.0,0.0,0.0,2,0.0,0.0,2013725,75
0,0.0,0.0,0.0,4,0,0.0,0.0,0.0,2,0.0,0.0,2013725,76
0,0.0,0.0,0.0,1,0,0.0,0.0,0.0,5,0.0,0.0,2013725,77
0,0.0,0.0,0.0,1,0,0.0,0.0,0.0,3,0.0,0.0,2013725,78
0,0.0,0.0,0.0,4,0,0.0,0.0,0.0,3,0.0,0.0,2013725,79
0,0.0,0.0,0.0,3,0,0.0,0.0,0.0,2,0.0,0.0,2013725,80
0,0.0,0.0,0.0,2,1,2.726778030395508,2.726778030395508,2.726778030395508,5,1.363389015197754,3.525564344767927,2013725,81
1,3.883993148803711,3.883993148803711,3.883993148803711,6,1,2.5277633666992188,2.5277633666992188,2.5277633666992188,7,1.9419965744018555,11.396137386838477,2013725,82
1,1.8014335632324219,1.8014335632324219,1.8014335632324219,7,0,0.0,0.0,0.0,4,0.9007167816162109,1.9809105308611379,2013725,83
0,0.0,0.0,0.0,6,0,0.0,0.0,0.0,4,0.0,0.0,2013725,84
0,0.0,0.0,0.0,5,0,0.0,0.0,0.0,3,0.0,0.0,2013725,85
1,2.1468448638916016,2.1468448638916016,2.1468448638916016,7,1,1.1661205291748047,1.1661205291748047,1.1661205291748047,9,1.0734224319458008,5.621667906271133,2013725,86
0,0.0,0.0,0.0,1,0,0.0,0.0,0.0,4,0.0,0.0,2013725,87
0,0.0,0.0,0.0,1,1,3.102996826171875,3.102996826171875,3.102996826171875,5,1.5514984130859375,3.957357303923306,2013725,88
1,6.354604721069336,6.354604721069336,6.354604721069336,8,0,0.0,0.0,0.0,4,3.177302360534668,11.836863939626333,2013725,89
1,2.697488784790039,2.697488784790039,2.697488784790039,8,0,0.0,0.0,0.0,4,1.3487443923950195,3.5407874975881906,2013725,90
3,3.6262645721435547,1.2087548573811848,2.638429641723633,8,0,0.0,0.0,0.0,4,1.3192148208618162,3.197141664316389,2013725,91
3,16.621131896972656,5.540377298990886,8.872146606445312,9,1,6.090578079223633,6.090578079223633,6.090578079223633,7,4.436073303222655,35.44496412836052,2013725,92
0,0.0,0.0,0.0,3,1,4.190595626831055,4.190595626831055,4.190595626831055,6,2.0952978134155273,6.4708208536421274,2013725,93
1,0.7204055786132812,0.7204055786132812,0.7204055786132812,5,0,0.0,0.0,0.0,8,0.3602027893066406,0.46770247216950783,2013725,94
1,6.50886344909668,6.50886344909668,6.50886344909668,6,1,5.720767974853516,5.720767974853516,5.720767974853516,5,3.25443172454834,22.48428522960341,2013725,95
0,0.0,0.0,0.0,3,0,0.0,0.0,0.0,4,0.0,0.0,2013725,96
0,0.0,0.0,0.0,2,0,0.0,0.0,0.0,4,0.0,0.0,2013725,97
0,0.0,0.0,0.0,2,0,0.0,0.0,0.0,3,0.0,0.0,2013725,98
0,0.0,0.0,0.0,1,0,0.0,0.0,0.0,4,0.0,0.0,2013725,99
1,3.163663864135742,3.163663864135742,3.163663864135742,8,0,0.0,0.0,0.0,5,1.581831932067871,4.120913224839807,2013725,100
2,8.727066040039062,4.363533020019531,4.914302825927734,9,0,0.0,0.0,0.0,8,2.457151412963867,8.73610056377062,2013725,101
1,6.908548355102539,6.908548355102539,6.908548355102539,7,1,5.539331436157227,5.539331436157227,5.539331436157227,6,2.518096923828125,20.32974476846067,2013725,102
1,0.0,0.0,0.0,4,1,8.574710845947266,8.574710845947266,8.574710845947266,7,inf,,2013725,103
0,0.0,0.0,0.0,3,0,0.0,0.0,0.0,4,0.0,0.0,2013725,104
3,12.667806625366211,4.222602208455403,8.526952743530273,10,0,0.0,0.0,0.0,5,4.263476371765137,18.834430188558905,2013725,105
1,6.3058319091796875,6.3058319091796875,6.3058319091796875,9,0,0.0,0.0,0.0,4,3.1529159545898438,10.976005774753476,2013725,106
2,5.641639709472656,2.820819854736328,5.584068298339844,8,0,0.0,0.0,0.0,4,2.792034149169922,10.043723372810714,2013725,107
0,0.0,0.0,0.0,4,1,4.678098678588867,4.678098678588867,4.678098678588867,6,2.3390493392944336,8.385457263247764,2013725,108
0,0.0,0.0,0.0,6,1,0.61114501953125,0.61114501953125,0.61114501953125,8,0.305572509765625,0.43191099426886287,2013725,109
1,8.30997085571289,8.30997085571289,8.30997085571289,8,0,0.0,0.0,0.0,4,4.154985427856445,18.151691980987895,2013725,110
1,3.540586471557617,3.540586471557617,3.540586471557617,8,0,0.0,0.0,0.0,3,1.7702932357788086,4.913073658644219,2013725,111
1,1.8149986267089844,1.8149986267089844,1.8149986267089844,6,0,0.0,0.0,0.0,5,0.9074993133544922,1.905566403276326,2013725,112
1,2.28125,2.28125,2.28125,5,0,0.0,0.0,0.0,5,1.140625,2.723310743522,2013725,113
0,0.0,0.0,0.0,4,1,0.7599067687988281,0.7599067687988281,0.7599067687988281,9,0.37995338439941406,0.4906866649173214,2013725,114
0,0.0,0.0,0.0,4,1,0.1002655029296875,0.1002655029296875,0.1002655029296875,10,0.05013275146484375,0.0,2013725,115
1,1.4006671905517578,1.4006671905517578,1.4006671905517578,6,1,0.0,0.0,0.0,4,inf,,2013725,116
1,7.064184188842773,7.064184188842773,7.064184188842773,6,0,0.0,0.0,0.0,2,3.5320920944213867,13.219975563434206,2013725,117
1,3.218557357788086,3.218557357788086,3.218557357788086,5,0,0.0,0.0,0.0,1,1.609278678894043,4.294526652686202,2013725,118
1,4.844747543334961,4.844747543334961,4.844747543334961,7,0,0.0,0.0,0.0,2,2.4223737716674805,8.668311588336852,2013725,119
1,2.9464683532714844,2.9464683532714844,2.9464683532714844,8,1,1.0182666778564453,1.0182666778564453,1.0182666778564453,6,1.4732341766357422,6.027934327346472,2013725,120
0,0.0,0.0,0.0,5,0,0.0,0.0,0.0,4,0.0,0.0,2013725,121
0,0.0,0.0,0.0,6,0,0.0,0.0,0.0,3,0.0,0.0,2013725,122
1,4.103555679321289,4.103555679321289,4.103555679321289,7,1,1.1898727416992188,1.1898727416992188,1.1898727416992188,9,2.0517778396606445,14.281041838640636,2013725,123
0,0.0,0.0,0.0,6,1,6.461488723754883,6.461488723754883,6.461488723754883,9,3.2307443618774414,11.94167721380859,2013725,124
1,0.0,0.0,0.0,4,2,2.1597023010253906,1.0798511505126953,2.127826690673828,10,inf,,2013725,125
0,0.0,0.0,0.0,6,1,8.2718505859375,8.2718505859375,8.2718505859375,9,4.13592529296875,18.643091454909012,2013725,126
0,0.0,0.0,0.0,4,0,0.0,0.0,0.0,4,0.0,0.0,2013725,127
0,0.0,0.0,0.0,4,1,2.418977737426758,2.418977737426758,2.418977737426758,5,1.209488868713379,2.8591997443408443,2013725,128
0,0.0,0.0,0.0,2,0,0.0,0.0,0.0,2,0.0,0.0,2013725,129
0,0.0,0.0,0.0,4,1,1.8579177856445312,1.8579177856445312,1.8579177856445312,6,0.9289588928222656,1.9283336673716853,2013725,130
0,0.0,0.0,0.0,4,0,0.0,0.0,0.0,3,0.0,0.0,2013725,131
0,0.0,0.0,0.0,7,0,0.0,0.0,0.0,3,0.0,0.0,2013725,132
1,6.178295135498047,6.178295135498047,6.178295135498047,8,0,0.0,0.0,0.0,5,3.0891475677490234,11.538015676696885,2013725,133
1,1.5789203643798828,1.5789203643798828,1.5789203643798828,7,0,0.0,0.0,0.0,4,0.7894601821899414,1.474730728096147,2013725,134
0,0.0,0.0,0.0,3,1,2.0691490173339844,2.0691490173339844,2.0691490173339844,5,1.0345745086669922,2.1942460914735795,2013725,135
0,0.0,0.0,0.0,5,0,0.0,0.0,0.0,8,0.0,0.0,2013725,136
1,1.2785282135009766,1.2785282135009766,1.2785282135009766,5,1,0.4537677764892578,0.4537677764892578,0.4537677764892578,9,0.6392641067504883,1.5406474626770248,2013725,137
1,1.5887718200683594,1.5887718200683594,1.5887718200683594,6,1,0.1856822967529297,0.1856822967529297,0.1856822967529297,7,0.7943859100341797,4.918984415079258,2013725,138
1,1.6458282470703125,1.6458282470703125,1.6458282470703125,5,0,0.0,0.0,0.0,5,0.8229141235351562,1.6905035272923588,2013725,139
1,0.4472484588623047,0.4472484588623047,0.4472484588623047,7,0,0.0,0.0,0.0,2,0.22362422943115234,0.2935716442026467,2013725,140
0,0.0,0.0,0.0,3,0,0.0,0.0,0.0,2,0.0,0.0,2013725,141
0,0.0,0.0,0.0,5,0,0.0,0.0,0.0,4,0.0,0.0,2013725,142
0,0.0,0.0,0.0,3,0,0.0,0.0,0.0,2,0.0,0.0,2013725,143
1,2.5470542907714844,2.5470542907714844,2.5470542907714844,6,1,4.867776870727539,4.867776870727539,4.867776870727539,6,2.4338884353637695,14.725848527790834,2013725,144
0,0.0,0.0,0.0,3,1,0.13698577880859375,0.13698577880859375,0.13698577880859375,5,0.06849288940429688,0.0,2013725,145
0,0.0,0.0,0.0,1,0,0.0,0.0,0.0,4,0.0,0.0,2013725,146
0,0.0,0.0,0.0,4,1,0.001491546630859375,0.001491546630859375,0.001491546630859375,6,0.0007457733154296875,0.0,2013725,147
1,3.917865753173828,3.917865753173828,3.917865753173828,7,1,5.465221405029297,5.465221405029297,5.465221405029297,7,0.9882297515869138,10.121525114711735,2013725,148
2,8.173978805541992,4.086989402770996,5.485879898071289,9,0,0.0,0.0,0.0,5,2.7429399490356445,10.437154963737365,2013725,149
0,0.0,0.0,0.0,3,0,0.0,0.0,0.0,3,0.0,0.0,2011166,0
0,0.0,0.0,0.0,3,0,0.0,0.0,0.0,6,0.0,0.0,2011166,1
0,0.0,0.0,0.0,4,2,9.199466705322266,4.599733352661133,8.517631530761719,8,4.258815765380859,17.08603602667007,2011166,2
0,0.0,0.0,0.0,3,0,0.0,0.0,0.0,4,0.0,0.0,2011166,3
0,0.0,0.0,0.0,1,1,0.6428966522216797,0.6428966522216797,0.6428966522216797,5,0.32144832611083984,0.4067316515068522,2011166,4
0,0.0,0.0,0.0,4,0,0.0,0.0,0.0,4,0.0,0.0,2011166,5
0,0.0,0.0,0.0,2,1,4.896718978881836,4.896718978881836,4.896718978881836,8,2.448359489440918,8.033044225263028,2011166,6
1,1.077737808227539,1.077737808227539,1.077737808227539,6,0,0.0,0.0,0.0,7,0.5388689041137695,0.9543962125287113,2011166,7
1,3.8063888549804688,3.8063888549804688,3.8063888549804688,7,0,0.0,0.0,0.0,4,1.9031944274902344,6.079398099367003,2011166,8
0,0.0,0.0,0.0,5,1,2.9566574096679688,2.9566574096679688,2.9566574096679688,6,1.4783287048339844,3.992498844431984,2011166,9
0,0.0,0.0,0.0,4,0,0.0,0.0,0.0,4,0.0,0.0,2011166,10
0,0.0,0.0,0.0,4,1,2.0845470428466797,2.0845470428466797,2.0845470428466797,5,1.0422735214233398,2.3689417050335075,2011166,11
0,0.0,0.0,0.0,4,0,0.0,0.0,0.0,3,0.0,0.0,2011166,12
1,4.708042144775391,4.708042144775391,4.708042144775391,7,1,3.0305862426757812,3.0305862426757812,3.0305862426757812,5,2.3540210723876953,17.075600052350495,2011166,13
0,0.0,0.0,0.0,3,0,0.0,0.0,0.0,4,0.0,0.0,2011166,14
0,0.0,0.0,0.0,2,0,0.0,0.0,0.0,6,0.0,0.0,2011166,15
0,0.0,0.0,0.0,2,0,0.0,0.0,0.0,5,0.0,0.0,2011166,16
0,0.0,0.0,0.0,3,0,0.0,0.0,0.0,2,0.0,0.0,2011166,17
0,0.0,0.0,0.0,6,0,0.0,0.0,0.0,5,0.0,0.0,2011166,18
0,0.0,0.0,0.0,6,1,2.8451080322265625,2.8451080322265625,2.8451080322265625,9,1.4225540161132812,4.3653183290630215,2011166,19
1,2.638111114501953,2.638111114501953,2.638111114501953,6,0,0.0,0.0,0.0,5,1.3190555572509766,3.078102781447973,2011166,20
0,0.0,0.0,0.0,7,0,0.0,0.0,0.0,4,0.0,0.0,2011166,21
0,0.0,0.0,0.0,4,2,3.5986289978027344,1.7993144989013672,3.5554065704345703,7,1.7777032852172852,5.444864839080942,2011166,22
0,0.0,0.0,0.0,3,0,0.0,0.0,0.0,5,0.0,0.0,2011166,23
0,0.0,0.0,0.0,2,0,0.0,0.0,0.0,3,0.0,0.0,2011166,24
0,0.0,0.0,0.0,2,0,0.0,0.0,0.0,2,0.0,0.0,2011166,25
0,0.0,0.0,0.0,4,0,0.0,0.0,0.0,4,0.0,0.0,2011166,26
0,0.0,0.0,0.0,3,1,1.078847885131836,1.078847885131836,1.078847885131836,6,0.539423942565918,0.9249553034729795,2011166,27
0,0.0,0.0,0.0,4,0,0.0,0.0,0.0,5,0.0,0.0,2011166,28
1,1.865804672241211,1.865804672241211,1.865804672241211,7,0,0.0,0.0,0.0,4,0.9329023361206055,2.005498684834918,2011166,29
1,4.515285491943359,4.515285491943359,4.515285491943359,5,1,5.4102325439453125,5.4102325439453125,5.4102325439453125,6,2.7051162719726562,16.08421196703773,2011166,30
1,0.7189960479736328,0.7189960479736328,0.7189960479736328,8,1,1.8953380584716797,1.8953380584716797,1.8953380584716797,6,0.9476690292358398,3.9157955631601826,2011166,31
1,6.32977294921875,6.32977294921875,6.32977294921875,6,1,3.3124046325683594,3.3124046325683594,3.3124046325683594,5,3.164886474609375,22.460741061031584,2011166,32
0,0.0,0.0,0.0,3,0,0.0,0.0,0.0,6,0.0,0.0,2011166,33
0,0.0,0.0,0.0,1,0,0.0,0.0,0.0,4,0.0,0.0,2011166,34
0,0.0,0.0,0.0,1,0,0.0,0.0,0.0,3,0.0,0.0,2011166,35
0,0.0,0.0,0.0,5,0,0.0,0.0,0.0,2,0.0,0.0,2011166,36
0,0.0,0.0,0.0,2,1,2.406078338623047,2.406078338623047,2.406078338623047,6,1.2030391693115234,2.84682811088173,2011166,37
0,0.0,0.0,0.0,3,1,3.609180450439453,3.609180450439453,3.609180450439453,7,1.8045902252197266,5.083757777093953,2011166,38
0,0.0,0.0,0.0,3,1,4.100709915161133,4.100709915161133,4.100709915161133,7,2.0503549575805664,6.366258047389143,2011166,39
0,0.0,0.0,0.0,3,1,5.487865447998047,5.487865447998047,5.487865447998047,6,2.7439327239990234,9.330054907411949,2011166,40
0,0.0,0.0,0.0,2,1,2.980875015258789,2.980875015258789,2.980875015258789,5,1.4904375076293945,3.9727582112532946,2011166,41
0,0.0,0.0,0.0,2,1,3.770139694213867,3.770139694213867,3.770139694213867,6,1.8850698471069336,5.537506971843434,2011166,42
1,0.4599342346191406,0.4599342346191406,0.4599342346191406,5,1,6.072362899780273,6.072362899780273,6.072362899780273,7,2.945552825927734,24.467851835011814,2011166,43
0,0.0,0.0,0.0,3,1,4.615970611572266,4.615970611572266,4.615970611572266,6,2.307985305786133,7.601547091473755,2011166,44
0,0.0,0.0,0.0,5,0,0.0,0.0,0.0,8,0.0,0.0,2011166,45
1,0.10795974731445312,0.10795974731445312,0.10795974731445312,6,0,0.0,0.0,0.0,7,0.05397987365722656,0.0,2011166,46
0,0.0,0.0,0.0,5,1,3.764799118041992,3.764799118041992,3.764799118041992,6,1.882399559020996,6.190606622043673,2011166,47
0,0.0,0.0,0.0,5,1,4.427118301391602,4.427118301391602,4.427118301391602,7,2.213559150695801,7.706566745005877,2011166,48
1,3.6660518646240234,3.6660518646240234,3.6660518646240234,7,2,7.835672378540039,3.9178361892700195,4.838062286376953,9,1.498805046081543,11.543004939726616,2011166,49
0,0.0,0.0,0.0,4,2,7.775203704833984,3.887601852416992,6.058826446533203,8,3.0294132232666016,10.86236238710127,2011166,50
0,0.0,0.0,0.0,2,1,3.7378292083740234,3.7378292083740234,3.7378292083740234,7,1.8689146041870117,5.609167864838036,2011166,51
0,0.0,0.0,0.0,5,3,11.043221473693848,3.6810738245646157,4.817002296447754,11,2.4085011482238765,11.15290597869108,2011166,52
0,0.0,0.0,0.0,3,1,1.6311683654785156,1.6311683654785156,1.6311683654785156,6,0.8155841827392578,1.6753857638597869,2011166,53
0,0.0,0.0,0.0,3,0,0.0,0.0,0.0,6,0.0,0.0,2011166,54
0,0.0,0.0,0.0,7,0,0.0,0.0,0.0,2,0.0,0.0,2011166,55
0,0.0,0.0,0.0,6,0,0.0,0.0,0.0,3,0.0,0.0,2011166,56
0,0.0,0.0,0.0,4,1,0.5822620391845703,0.5822620391845703,0.5822620391845703,7,0.29113101959228516,0.3687617778515279,2011166,57
0,0.0,0.0,0.0,3,0,0.0,0.0,0.0,4,0.0,0.0,2011166,58
1,1.5111045837402344,1.5111045837402344,1.5111045837402344,7,0,0.0,0.0,0.0,2,0.7555522918701172,1.5787218571876998,2011166,59
0,0.0,0.0,0.0,5,0,0.0,0.0,0.0,2,0.0,0.0,2011166,60
0,0.0,0.0,0.0,3,0,0.0,0.0,0.0,6,0.0,0.0,2011166,61
0,0.0,0.0,0.0,3,0,0.0,0.0,0.0,6,0.0,0.0,2011166,62
0,0.0,0.0,0.0,2,1,3.3425045013427734,3.3425045013427734,3.3425045013427734,7,1.6712522506713867,5.058763031317543,2011166,63
0,0.0,0.0,0.0,3,0,0.0,0.0,0.0,2,0.0,0.0,2011166,64
2,1.6445369720458984,0.8222684860229492,1.0525951385498047,10,0,0.0,0.0,0.0,5,0.5262975692749023,0.9742436297904998,2011166,65
2,7.193084716796875,3.5965423583984375,6.372442245483398,10,0,0.0,0.0,0.0,8,3.186221122741699,12.107610200268748,2011166,66
1,2.834573745727539,2.834573745727539,2.834573745727539,6,2,2.27557373046875,1.137786865234375,1.815195083618164,8,1.4172868728637693,7.154845870655206,2011166,67
0,0.0,0.0,0.0,4,0,0.0,0.0,0.0,2,0.0,0.0,2011166,68
0,0.0,0.0,0.0,4,0,0.0,0.0,0.0,3,0.0,0.0,2011166,69
0,0.0,0.0,0.0,3,0,0.0,0.0,0.0,6,0.0,0.0,2011166,70
0,0.0,0.0,0.0,2,0,0.0,0.0,0.0,4,0.0,0.0,2011166,71
0,0.0,0.0,0.0,3,1,1.3955326080322266,1.3955326080322266,1.3955326080322266,5,0.6977663040161133,1.1952466423650476,2011166,72
0,0.0,0.0,0.0,3,1,3.1304855346679688,3.1304855346679688,3.1304855346679688,5,1.5652427673339844,4.301010354903649,2011166,73
0,0.0,0.0,0.0,3,0,0.0,0.0,0.0,4,0.0,0.0,2011166,74
0,0.0,0.0,0.0,4,1,3.7721080780029297,3.7721080780029297,3.7721080780029297,6,1.8860540390014648,6.253815222115672,2011166,75
0,0.0,0.0,0.0,5,0,0.0,0.0,0.0,5,0.0,0.0,2011166,76
0,0.0,0.0,0.0,2,0,0.0,0.0,0.0,4,0.0,0.0,2011166,77
0,0.0,0.0,0.0,4,1,0.29753684997558594,0.29753684997558594,0.29753684997558594,5,0.14876842498779297,0.1074053871466988,2011166,78
0,0.0,0.0,0.0,3,1,3.2776260375976562,3.2776260375976562,3.2776260375976562,8,1.6388130187988281,4.341617047324926,2011166,79
0,0.0,0.0,0.0,5,0,0.0,0.0,0.0,7,0.0,0.0,2011166,80
0,0.0,0.0,0.0,3,0,0.0,0.0,0.0,8,0.0,0.0,2011166,81
0,0.0,0.0,0.0,5,1,1.4741764068603516,1.4741764068603516,1.4741764068603516,7,0.7370882034301758,1.3164000874729451,2011166,82
0,0.0,0.0,0.0,3,1,3.0898990631103516,3.0898990631103516,3.0898990631103516,6,1.5449495315551758,4.055713300542551,2011166,83
0,0.0,0.0,0.0,3,1,3.26422119140625,3.26422119140625,3.26422119140625,7,1.632110595703125,4.637605692155932,2011166,84
0,0.0,0.0,0.0,2,0,0.0,0.0,0.0,6,0.0,0.0,2011166,85
0,0.0,0.0,0.0,4,1,3.4311161041259766,3.4311161041259766,3.4311161041259766,5,1.7155580520629883,4.6038131089046885,2011166,86
0,0.0,0.0,0.0,3,1,1.0700035095214844,1.0700035095214844,1.0700035095214844,5,0.5350017547607422,0.7213581400182184,2011166,87
0,0.0,0.0,0.0,5,2,4.384485244750977,2.1922426223754883,3.7670726776123047,8,1.8835363388061523,4.938904003039284,2011166,88
0,0.0,0.0,0.0,4,1,0.23006820678710938,0.23006820678710938,0.23006820678710938,6,0.11503410339355469,0.0,2011166,89
0,0.0,0.0,0.0,2,3,9.003593444824219,3.0011978149414062,3.7075977325439453,8,1.8537988662719727,6.781708361253786,2011166,90
0,0.0,0.0,0.0,3,0,0.0,0.0,0.0,8,0.0,0.0,2011166,91
0,0.0,0.0,0.0,4,1,2.519643783569336,2.519643783569336,2.519643783569336,7,1.259821891784668,3.492552449093458,2011166,92
0,0.0,0.0,0.0,4,0,0.0,0.0,0.0,4,0.0,0.0,2011166,93
0,0.0,0.0,0.0,5,0,0.0,0.0,0.0,6,0.0,0.0,2011166,94
0,0.0,0.0,0.0,2,0,0.0,0.0,0.0,5,0.0,0.0,2011166,95
0,0.0,0.0,0.0,3,0,0.0,0.0,0.0,7,0.0,0.0,2011166,96
0,0.0,0.0,0.0,3,0,0.0,0.0,0.0,5,0.0,0.0,2011166,97
0,0.0,0.0,0.0,3,2,7.616060256958008,3.808030128479004,6.6026611328125,8,3.30133056640625,13.281802696533154,2011166,98
0,0.0,0.0,0.0,2,0,0.0,0.0,0.0,9,0.0,0.0,2011166,99
0,0.0,0.0,0.0,1,0,0.0,0.0,0.0,4,0.0,0.0,2011166,100
0,0.0,0.0,0.0,2,0,0.0,0.0,0.0,7,0.0,0.0,2011166,101
0,0.0,0.0,0.0,2,0,0.0,0.0,0.0,3,0.0,0.0,2011166,102
0,0.0,0.0,0.0,1,0,0.0,0.0,0.0,5,0.0,0.0,2011166,103
0,0.0,0.0,0.0,2,0,0.0,0.0,0.0,6,0.0,0.0,2011166,104
0,0.0,0.0,0.0,3,0,0.0,0.0,0.0,6,0.0,0.0,2011166,105
0,0.0,0.0,0.0,2,0,0.0,0.0,0.0,4,0.0,0.0,2011166,106
0,0.0,0.0,0.0,2,0,0.0,0.0,0.0,4,0.0,0.0,2011166,107
0,0.0,0.0,0.0,2,0,0.0,0.0,0.0,3,0.0,0.0,2011166,108
0,0.0,0.0,0.0,1,0,0.0,0.0,0.0,4,0.0,0.0,2011166,109
0,0.0,0.0,0.0,2,0,0.0,0.0,0.0,2,0.0,0.0,2011166,110
0,0.0,0.0,0.0,3,0,0.0,0.0,0.0,4,0.0,0.0,2011166,111
0,0.0,0.0,0.0,3,1,1.8282699584960938,1.8282699584960938,1.8282699584960938,5,0.9141349792480469,1.7700471763036474,2011166,112
0,0.0,0.0,0.0,2,1,0.7671432495117188,0.7671432495117188,0.7671432495117188,6,0.3835716247558594,0.49789033781242353,2011166,113
0,0.0,0.0,0.0,2,0,0.0,0.0,0.0,5,0.0,0.0,2011166,114
0,0.0,0.0,0.0,6,0,0.0,0.0,0.0,4,0.0,0.0,2011166,115
0,0.0,0.0,0.0,3,0,0.0,0.0,0.0,5,0.0,0.0,2011166,116
0,0.0,0.0,0.0,2,0,0.0,0.0,0.0,4,0.0,0.0,2011166,117
1,1.2134170532226562,1.2134170532226562,1.2134170532226562,7,0,0.0,0.0,0.0,4,0.6067085266113281,0.8741641026257418,2011166,118
0,0.0,0.0,0.0,7,0,0.0,0.0,0.0,5,0.0,0.0,2011166,119
1,0.20471572875976562,0.20471572875976562,0.20471572875976562,8,0,0.0,0.0,0.0,4,0.10235786437988281,0.0,2011166,120
1,0.6637992858886719,0.6637992858886719,0.6637992858886719,6,0,0.0,0.0,0.0,2,0.33189964294433594,0.46712920089525983,2011166,121
1,6.108573913574219,6.108573913574219,6.108573913574219,7,2,3.0107364654541016,1.5053682327270508,2.6262264251708984,7,3.054286956787109,19.346177950006133,2011166,122
1,0.6540164947509766,0.6540164947509766,0.6540164947509766,6,0,0.0,0.0,0.0,5,0.3270082473754883,0.418291094789732,2011166,123
0,0.0,0.0,0.0,6,0,0.0,0.0,0.0,3,0.0,0.0,2011166,124
0,0.0,0.0,0.0,5,0,0.0,0.0,0.0,6,0.0,0.0,2011166,125
1,1.6793670654296875,1.6793670654296875,1.6793670654296875,6,1,6.464754104614258,6.464754104614258,6.464754104614258,8,3.232377052307129,24.91190815879961,2011166,126
0,0.0,0.0,0.0,2,1,2.6630592346191406,2.6630592346191406,2.6630592346191406,6,1.3315296173095703,3.433224058027622,2011166,127
0,0.0,0.0,0.0,5,1,3.3779163360595703,3.3779163360595703,3.3779163360595703,9,1.6889581680297852,5.231173656489712,2011166,128
0,0.0,0.0,0.0,1,0,0.0,0.0,0.0,5,0.0,0.0,2011166,129
0,0.0,0.0,0.0,5,1,4.2568511962890625,4.2568511962890625,4.2568511962890625,7,2.1284255981445312,6.645077919684921,2011166,130
0,0.0,0.0,0.0,3,1,6.036218643188477,6.036218643188477,6.036218643188477,6,3.0181093215942383,11.026929479948992,2011166,131
0,0.0,0.0,0.0,2,0,0.0,0.0,0.0,4,0.0,0.0,2011166,132
0,0.0,0.0,0.0,1,0,0.0,0.0,0.0,4,0.0,0.0,2011166,133
0,0.0,0.0,0.0,3,0,0.0,0.0,0.0,6,0.0,0.0,2011166,134
0,0.0,0.0,0.0,3,0,0.0,0.0,0.0,4,0.0,0.0,2011166,135
0,0.0,0.0,0.0,5,0,0.0,0.0,0.0,2,0.0,0.0,2011166,136
1,0.15392112731933594,0.15392112731933594,0.15392112731933594,8,0,0.0,0.0,0.0,5,0.07696056365966797,0.0,2011166,137
0,0.0,0.0,0.0,5,0,0.0,0.0,0.0,4,0.0,0.0,2011166,138
1,1.5620861053466797,1.5620861053466797,1.5620861053466797,8,0,0.0,0.0,0.0,1,0.7810430526733398,1.7286177459156666,2011166,139
0,0.0,0.0,0.0,4,0,0.0,0.0,0.0,4,0.0,0.0,2011166,140
0,0.0,0.0,0.0,4,0,0.0,0.0,0.0,4,0.0,0.0,2011166,141
0,0.0,0.0,0.0,2,0,0.0,0.0,0.0,4,0.0,0.0,2011166,142
0,0.0,0.0,0.0,2,0,0.0,0.0,0.0,8,0.0,0.0,2011166,143
0,0.0,0.0,0.0,4,1,3.221426010131836,3.221426010131836,3.221426010131836,6,1.610713005065918,4.202578551409612,2011166,144
0,0.0,0.0,0.0,3,1,1.5842514038085938,1.5842514038085938,1.5842514038085938,8,0.7921257019042969,1.8383334501474904,2011166,145
0,0.0,0.0,0.0,2,0,0.0,0.0,0.0,2,0.0,0.0,2011166,146
1,2.3660526275634766,2.3660526275634766,2.3660526275634766,8,2,2.3859291076660156,1.1929645538330078,1.2844562530517578,9,1.183026313781738,5.815692286527139,2011166,147
0,0.0,0.0,0.0,5,0,0.0,0.0,0.0,7,0.0,0.0,2011166,148
0,0.0,0.0,0.0,4,0,0.0,0.0,0.0,6,0.0,0.0,2011166,149
1,4.939840316772461,4.939840316772461,4.939840316772461,7,1,0.5504322052001953,0.5504322052001953,0.5504322052001953,7,2.4699201583862305,17.374689579957938,2006229,0
1,3.3052196502685547,3.3052196502685547,3.3052196502685547,9,0,0.0,0.0,0.0,7,1.6526098251342773,5.015098761537549,2006229,1
0,0.0,0.0,0.0,4,0,0.0,0.0,0.0,4,0.0,0.0,2006229,2
0,0.0,0.0,0.0,3,0,0.0,0.0,0.0,3,0.0,0.0,2006229,3
1,0.32044029235839844,0.32044029235839844,0.32044029235839844,7,0,0.0,0.0,0.0,2,0.16022014617919922,0.03735338099831209,2006229,4
1,2.895427703857422,2.895427703857422,2.895427703857422,10,1,0.18444252014160156,0.18444252014160156,0.18444252014160156,6,1.447713851928711,11.719574879573997,2006229,5
1,9.382379531860352,9.382379531860352,9.382379531860352,8,0,0.0,0.0,0.0,6,4.691189765930176,19.37064640159859,2006229,6
1,3.153564453125,3.153564453125,3.153564453125,8,0,0.0,0.0,0.0,4,1.5767822265625,4.1357453266753454,2006229,7
0,0.0,0.0,0.0,6,0,0.0,0.0,0.0,3,0.0,0.0,2006229,8
0,0.0,0.0,0.0,5,0,0.0,0.0,0.0,3,0.0,0.0,2006229,9
0,0.0,0.0,0.0,9,0,0.0,0.0,0.0,2,0.0,0.0,2006229,10
1,2.769662857055664,2.769662857055664,2.769662857055664,9,1,2.7348480224609375,2.7348480224609375,2.7348480224609375,6,1.381160736083984,11.146339743638181,2006229,11
0,0.0,0.0,0.0,6,0,0.0,0.0,0.0,3,0.0,0.0,2006229,12
0,0.0,0.0,0.0,4,0,0.0,0.0,0.0,3,0.0,0.0,2006229,13
1,5.195343017578125,5.195343017578125,5.195343017578125,5,0,0.0,0.0,0.0,4,2.5976715087890625,8.74361780006398,2006229,14
0,0.0,0.0,0.0,8,1,8.997711181640625,8.997711181640625,8.997711181640625,7,4.4988555908203125,19.47346367404294,2006229,15
0,0.0,0.0,0.0,2,0,0.0,0.0,0.0,4,0.0,0.0,2006229,16
0,0.0,0.0,0.0,3,1,1.537588119506836,1.537588119506836,1.537588119506836,6,0.768794059753418,1.631918837105604,2006229,17
0,0.0,0.0,0.0,2,0,0.0,0.0,0.0,5,0.0,0.0,2006229,18
0,0.0,0.0,0.0,1,0,0.0,0.0,0.0,5,0.0,0.0,2006229,19
0,0.0,0.0,0.0,2,0,0.0,0.0,0.0,4,0.0,0.0,2006229,20
0,0.0,0.0,0.0,3,1,4.272891998291016,4.272891998291016,4.272891998291016,7,2.136445999145508,6.840951050754221,2006229,21
0,0.0,0.0,0.0,4,1,5.960170745849609,5.960170745849609,5.960170745849609,6,2.9800853729248047,9.956472067627073,2006229,22
0,0.0,0.0,0.0,7,0,0.0,0.0,0.0,8,0.0,0.0,2006229,23
0,0.0,0.0,0.0,6,0,0.0,0.0,0.0,5,0.0,0.0,2006229,24
0,0.0,0.0,0.0,3,0,0.0,0.0,0.0,6,0.0,0.0,2006229,25
0,0.0,0.0,0.0,5,1,0.06936073303222656,0.06936073303222656,0.06936073303222656,8,0.03468036651611328,0.0,2006229,26
0,0.0,0.0,0.0,6,0,0.0,0.0,0.0,6,0.0,0.0,2006229,27
0,0.0,0.0,0.0,3,0,0.0,0.0,0.0,4,0.0,0.0,2006229,28
1,7.866724014282227,7.866724014282227,7.866724014282227,8,0,0.0,0.0,0.0,4,3.9333620071411133,15.211366462202616,2006229,29
1,1.692087173461914,1.692087173461914,1.692087173461914,9,0,0.0,0.0,0.0,4,0.846043586730957,1.5302108550939657,2006229,30
1,1.5130882263183594,1.5130882263183594,1.5130882263183594,9,0,0.0,0.0,0.0,3,0.7565441131591797,1.5257273053558233,2006229,31
0,0.0,0.0,0.0,7,1,1.1743125915527344,1.1743125915527344,1.1743125915527344,5,0.5871562957763672,0.9889108824148883,2006229,32
0,0.0,0.0,0.0,6,0,0.0,0.0,0.0,3,0.0,0.0,2006229,33
1,1.2398300170898438,1.2398300170898438,1.2398300170898438,5,1,2.8627567291259766,2.8627567291259766,2.8627567291259766,5,1.4313783645629883,8.796466303436096,2006229,34
0,0.0,0.0,0.0,5,1,0.5647029876708984,0.5647029876708984,0.5647029876708984,5,0.2823514938354492,0.38284468400200583,2006229,35
1,1.105855941772461,1.105855941772461,1.105855941772461,5,2,6.1198577880859375,3.0599288940429688,4.049337387084961,8,2.0246686935424805,13.91557873140428,2006229,36
0,0.0,0.0,0.0,2,2,5.710958480834961,2.8554792404174805,3.1010303497314453,9,1.5505151748657227,5.478424817581185,2006229,37
1,0.9666881561279297,0.9666881561279297,0.9666881561279297,5,1,8.35416030883789,8.35416030883789,8.35416030883789,8,3.912416458129883,33.3101888473205,2006229,38
1,3.140909194946289,3.140909194946289,3.140909194946289,6,1,1.671133041381836,1.671133041381836,1.671133041381836,9,1.5704545974731445,11.432399718271494,2006229,39
1,4.626308441162109,4.626308441162109,4.626308441162109,7,1,1.4293365478515625,1.4293365478515625,1.4293365478515625,10,2.3131542205810547,11.326666699867838,2006229,40
2,7.092584609985352,3.546292304992676,3.982667922973633,9,2,6.256412506103516,3.128206253051758,4.619449615478516,8,1.5549583435058594,10.262795518930302,2006229,41
0,0.0,0.0,0.0,2,0,0.0,0.0,0.0,3,0.0,0.0,2006229,42
2,5.049814224243164,2.524907112121582,4.128374099731445,7,0,0.0,0.0,0.0,5,2.0641870498657227,6.996602330414959,2006229,43
1,9.726800918579102,9.726800918579102,9.726800918579102,8,0,0.0,0.0,0.0,3,4.863400459289551,22.64477975585758,2006229,44
1,2.0263843536376953,2.0263843536376953,2.0263843536376953,8,0,0.0,0.0,0.0,2,1.0131921768188477,2.4008109920931417,2006229,45
0,0.0,0.0,0.0,4,0,0.0,0.0,0.0,4,0.0,0.0,2006229,46
0,0.0,0.0,0.0,5,1,8.711801528930664,8.711801528930664,8.711801528930664,8,4.355900764465332,17.871060617098316,2006229,47
1,3.0329742431640625,3.0329742431640625,3.0329742431640625,10,1,3.9659080505371094,3.9659080505371094,3.9659080505371094,6,1.9829540252685547,15.190886461865329,2006229,48
0,0.0,0.0,0.0,6,0,0.0,0.0,0.0,7,0.0,0.0,2006229,49
0,0.0,0.0,0.0,4,1,0.8486061096191406,0.8486061096191406,0.8486061096191406,9,0.4243030548095703,0.5419861267185273,2006229,50
1,3.157072067260742,3.157072067260742,3.157072067260742,8,0,0.0,0.0,0.0,7,1.578536033630371,4.84675469105918,2006229,51
0,0.0,0.0,0.0,4,1,3.382884979248047,3.382884979248047,3.382884979248047,7,1.6914424896240234,4.4142755397333096,2006229,52
1,4.675752639770508,4.675752639770508,4.675752639770508,7,2,4.389923095703125,2.1949615478515625,3.9385318756103516,9,2.3378763198852535,14.830482652036967,2006229,53
1,2.0161800384521484,2.0161800384521484,2.0161800384521484,5,2,5.910760879516602,2.955380439758301,5.889806747436523,9,2.9449033737182613,16.194268412507014,2006229,54
0,0.0,0.0,0.0,5,1,2.8838748931884766,2.8838748931884766,2.8838748931884766,10,1.4419374465942383,4.175592908926461,2006229,55
0,0.0,0.0,0.0,5,0,0.0,0.0,0.0,10,0.0,0.0,2006229,56
0,0.0,0.0,0.0,7,0,0.0,0.0,0.0,8,0.0,0.0,2006229,57
1,2.7931976318359375,2.7931976318359375,2.7931976318359375,8,0,0.0,0.0,0.0,3,1.3965988159179688,3.6536913534042,2006229,58
0,0.0,0.0,0.0,3,0,0.0,0.0,0.0,3,0.0,0.0,2006229,59
0,0.0,0.0,0.0,4,0,0.0,0.0,0.0,2,0.0,0.0,2006229,60
0,0.0,0.0,0.0,8,0,0.0,0.0,0.0,4,0.0,0.0,2006229,61
1,4.950738906860352,4.950738906860352,4.950738906860352,7,1,3.6227169036865234,3.6227169036865234,3.6227169036865234,5,2.475369453430176,18.861459622661968,2006229,62
1,4.624366760253906,4.624366760253906,4.624366760253906,6,0,0.0,0.0,0.0,4,2.312183380126953,7.692175840222811,2006229,63
0,0.0,0.0,0.0,6,0,0.0,0.0,0.0,3,0.0,0.0,2006229,64
0,0.0,0.0,0.0,3,0,0.0,0.0,0.0,2,0.0,0.0,2006229,65
0,0.0,0.0,0.0,6,0,0.0,0.0,0.0,2,0.0,0.0,2006229,66
0,0.0,0.0,0.0,8,0,0.0,0.0,0.0,3,0.0,0.0,2006229,67
2,3.9262523651123047,1.9631261825561523,2.002145767211914,8,0,0.0,0.0,0.0,2,1.001072883605957,2.899133409253823,2006229,68
1,4.548055648803711,4.548055648803711,4.548055648803711,10,0,0.0,0.0,0.0,4,2.2740278244018555,8.23451708219962,2006229,69
1,0.2011432647705078,0.2011432647705078,0.2011432647705078,8,0,0.0,0.0,0.0,5,0.1005716323852539,0.0,2006229,70
1,2.539968490600586,2.539968490600586,2.539968490600586,11,0,0.0,0.0,0.0,4,1.269984245300293,3.5285396706866337,2006229,71
1,3.5329856872558594,3.5329856872558594,3.5329856872558594,7,0,0.0,0.0,0.0,2,1.7664928436279297,5.219477834629885,2006229,72
1,1.746652603149414,1.746652603149414,1.746652603149414,6,0,0.0,0.0,0.0,4,0.873326301574707,1.717036023570779,2006229,73
1,1.5014019012451172,1.5014019012451172,1.5014019012451172,7,0,0.0,0.0,0.0,3,0.7507009506225586,1.4048746833265289,2006229,74
0,0.0,0.0,0.0,6,0,0.0,0.0,0.0,2,0.0,0.0,2006229,75
0,0.0,0.0,0.0,3,0,0.0,0.0,0.0,3,0.0,0.0,2006229,76
1,3.0734786987304688,3.0734786987304688,3.0734786987304688,8,0,0.0,0.0,0.0,2,1.5367393493652344,4.37535761671998,2006229,77
0,0.0,0.0,0.0,5,0,0.0,0.0,0.0,3,0.0,0.0,2006229,78
1,1.5454883575439453,1.5454883575439453,1.5454883575439453,7,0,0.0,0.0,0.0,2,0.7727441787719727,1.622108719644324,2006229,79
1,0.9791927337646484,0.9791927337646484,0.9791927337646484,6,0,0.0,0.0,0.0,2,0.4895963668823242,0.7945315697100168,2006229,80
0,0.0,0.0,0.0,6,0,0.0,0.0,0.0,4,0.0,0.0,2006229,81
0,0.0,0.0,0.0,4,0,0.0,0.0,0.0,3,0.0,0.0,2006229,82
0,0.0,0.0,0.0,2,0,0.0,0.0,0.0,2,0.0,0.0,2006229,83
0,0.0,0.0,0.0,4,0,0.0,0.0,0.0,3,0.0,0.0,2006229,84
1,4.900775909423828,4.900775909423828,4.900775909423828,8,0,0.0,0.0,0.0,4,2.450387954711914,7.779673965476386,2006229,85
0,0.0,0.0,0.0,10,0,0.0,0.0,0.0,5,0.0,0.0,2006229,86
1,10.078908920288086,10.078908920288086,10.078908920288086,9,1,0.5229396820068359,0.5229396820068359,0.5229396820068359,5,4.917657852172852,40.7780466454709,2006229,87
1,5.642827987670898,5.642827987670898,5.642827987670898,11,1,2.6919097900390625,2.6919097900390625,2.6919097900390625,9,2.0236873626708984,17.470734546035143,2006229,88
0,0.0,0.0,0.0,6,0,0.0,0.0,0.0,3,0.0,0.0,2006229,89
1,0.2004547119140625,0.2004547119140625,0.2004547119140625,5,1,3.279796600341797,3.279796600341797,3.279796600341797,9,1.6398983001708984,13.30070671369484,2006229,90
0,0.0,0.0,0.0,3,0,0.0,0.0,0.0,4,0.0,0.0,2006229,91
0,0.0,0.0,0.0,3,0,0.0,0.0,0.0,2,0.0,0.0,2006229,92
0,0.0,0.0,0.0,4,0,0.0,0.0,0.0,2,0.0,0.0,2006229,93
0,0.0,0.0,0.0,5,0,0.0,0.0,0.0,10,0.0,0.0,2006229,94
0,0.0,0.0,0.0,3,2,11.470014572143555,5.735007286071777,6.8401947021484375,9,3.4200973510742188,15.336079714773211,2006229,95
1,0.6937427520751953,0.6937427520751953,0.6937427520751953,6,1,5.999658584594727,5.999658584594727,5.999658584594727,10,2.9998292922973633,20.414482019699218,2006229,96
0,0.0,0.0,0.0,4,1,9.816183090209961,9.816183090209961,9.816183090209961,9,4.9080915451049805,20.61049793620661,2006229,97
1,4.413974761962891,4.413974761962891,4.413974761962891,9,2,5.023399353027344,2.511699676513672,3.0258941650390625,8,2.1824417114257812,12.267061893500133,2006229,98
2,2.5361900329589844,1.2680950164794922,1.4670753479003906,11,1,6.81135368347168,6.81135368347168,6.81135368347168,7,3.4056768417358394,26.919011030040984,2006229,99
0,0.0,0.0,0.0,7,0,0.0,0.0,0.0,3,0.0,0.0,2006229,100
1,0.9049034118652344,0.9049034118652344,0.9049034118652344,8,0,0.0,0.0,0.0,4,0.4524517059326172,0.6678934386516016,2006229,101
0,0.0,0.0,0.0,9,0,0.0,0.0,0.0,3,0.0,0.0,2006229,102
1,4.321075439453125,4.321075439453125,4.321075439453125,7,1,0.2171478271484375,0.2171478271484375,0.2171478271484375,5,2.1605377197265625,14.85815884178914,2006229,103
1,5.901975631713867,5.901975631713867,5.901975631713867,5,0,0.0,0.0,0.0,4,2.9509878158569336,9.81062653566751,2006229,104
0,0.0,0.0,0.0,4,1,3.325368881225586,3.325368881225586,3.325368881225586,8,1.662684440612793,4.945919439874523,2006229,105
1,5.686847686767578,5.686847686767578,5.686847686767578,7,0,0.0,0.0,0.0,4,2.843423843383789,10.410638488917398,2006229,106
1,8.387502670288086,8.387502670288086,8.387502670288086,6,1,2.6706981658935547,2.6706981658935547,2.6706981658935547,5,2.87640380859375,29.709527202297917,2006229,107
1,2.2646827697753906,2.2646827697753906,2.2646827697753906,7,1,6.817209243774414,6.817209243774414,6.817209243774414,8,3.408604621887207,18.273135423357605,2006229,108
1,0.31800079345703125,0.31800079345703125,0.31800079345703125,7,0,0.0,0.0,0.0,5,0.15900039672851562,0.07840244289209437,2006229,109
0,0.0,0.0,0.0,10,0,0.0,0.0,0.0,5,0.0,0.0,2006229,110
1,2.097257614135742,2.097257614135742,2.097257614135742,10,0,0.0,0.0,0.0,5,1.048628807067871,2.7415553307972322,2006229,111
1,5.764822006225586,5.764822006225586,5.764822006225586,8,0,0.0,0.0,0.0,4,2.882411003112793,11.117926866236951,2006229,112
1,3.586397171020508,3.586397171020508,3.586397171020508,7,0,0.0,0.0,0.0,2,1.793198585510254,5.34149896124355,2006229,113
1,7.401645660400391,7.401645660400391,7.401645660400391,8,0,0.0,0.0,0.0,2,3.7008228302001953,15.763085658392122,2006229,114
1,7.000509262084961,7.000509262084961,7.000509262084961,6,1,0.20812225341796875,0.20812225341796875,0.20812225341796875,9,3.5002546310424805,28.42722505925519,2006229,115
0,0.0,0.0,0.0,5,1,1.9900398254394531,1.9900398254394531,1.9900398254394531,7,0.9950199127197266,2.344102552356516,2006229,116
2,4.117259979248047,2.0586299896240234,4.016763687133789,10,0,0.0,0.0,0.0,5,2.0083818435668945,6.234713702335379,2006229,117
1,12.623132705688477,12.623132705688477,12.623132705688477,8,0,0.0,0.0,0.0,6,6.311566352844238,30.569903247448476,2006229,118
1,2.1556053161621094,2.1556053161621094,2.1556053161621094,6,2,8.827140808105469,4.413570404052734,7.6717681884765625,10,3.723299026489258,21.555633048837024,2006229,119
1,4.369665145874023,4.369665145874023,4.369665145874023,6,1,4.82965087890625,4.82965087890625,4.82965087890625,7,2.414825439453125,19.285745227291464,2006229,120
0,0.0,0.0,0.0,3,1,4.309547424316406,4.309547424316406,4.309547424316406,6,2.154773712158203,6.727023833437677,2006229,121
0,0.0,0.0,0.0,4,1,2.3372554779052734,2.3372554779052734,2.3372554779052734,7,1.1686277389526367,2.900587833925676,2006229,122
1,9.701231002807617,9.701231002807617,9.701231002807617,7,1,0.0,0.0,0.0,5,inf,,2006229,123
0,0.0,0.0,0.0,4,0,0.0,0.0,0.0,5,0.0,0.0,2006229,124
2,3.3288097381591797,1.6644048690795898,2.8668670654296875,8,0,0.0,0.0,0.0,4,1.4334335327148438,3.4786594932402504,2006229,125
2,11.34309196472168,5.67154598236084,6.893909454345703,9,1,6.471906661987305,6.471906661987305,6.471906661987305,5,3.446954727172851,27.513734273755883,2006229,126
2,10.24747085571289,5.123735427856445,7.484935760498047,8,1,4.602396011352539,4.602396011352539,4.602396011352539,6,3.7424678802490234,26.751491772672008,2006229,127
1,0.4557952880859375,0.4557952880859375,0.4557952880859375,8,1,0.2701129913330078,0.2701129913330078,0.2701129913330078,5,0.22789764404296875,0.4341226858207752,2006229,128
0,0.0,0.0,0.0,3,0,0.0,0.0,0.0,2,0.0,0.0,2006229,129
1,2.6471500396728516,2.6471500396728516,2.6471500396728516,6,0,0.0,0.0,0.0,1,1.3235750198364258,3.7280091511351308,2006229,130
1,5.563486099243164,5.563486099243164,5.563486099243164,5,0,0.0,0.0,0.0,1,2.781743049621582,10.105168119117511,2006229,131
0,0.0,0.0,0.0,5,0,0.0,0.0,0.0,4,0.0,0.0,2006229,132
2,7.213233947753906,3.606616973876953,4.505157470703125,9,1,0.2213592529296875,0.2213592529296875,0.2213592529296875,6,2.252578735351562,16.860695145928965,2006229,133
2,5.062141418457031,2.5310707092285156,4.732334136962891,9,2,2.9106502532958984,1.4553251266479492,2.1132354736328125,9,2.366167068481445,10.17404395881829,2006229,134
2,0.3539466857910156,0.1769733428955078,0.1841583251953125,8,0,0.0,0.0,0.0,5,0.09207916259765625,0.058225712847829215,2006229,135
1,3.425199508666992,3.425199508666992,3.425199508666992,8,0,0.0,0.0,0.0,4,1.712599754333496,4.5928349561965724,2006229,136
0,0.0,0.0,0.0,5,0,0.0,0.0,0.0,2,0.0,0.0,2006229,137
0,0.0,0.0,0.0,6,0,0.0,0.0,0.0,7,0.0,0.0,2006229,138
0,0.0,0.0,0.0,4,0,0.0,0.0,0.0,4,0.0,0.0,2006229,139
1,8.055225372314453,8.055225372314453,8.055225372314453,8,0,0.0,0.0,0.0,5,4.027612686157227,15.657390785369865,2006229,140
3,9.378559112548828,3.1261863708496094,7.721677780151367,10,0,0.0,0.0,0.0,7,3.8608388900756836,15.097338931012558,2006229,141
0,0.0,0.0,0.0,6,1,4.997846603393555,4.997846603393555,4.997846603393555,6,2.4989233016967773,7.744801029931948,2006229,142
0,0.0,0.0,0.0,5,1,8.400566101074219,8.400566101074219,8.400566101074219,8,4.200283050537109,16.989522853533973,2006229,143
0,0.0,0.0,0.0,4,2,6.403308868408203,3.2016544342041016,3.3528060913085938,9,1.6764030456542969,5.648961232853482,2006229,144
1,6.847537994384766,6.847537994384766,6.847537994384766,7,1,5.740255355834961,5.740255355834961,5.740255355834961,7,3.423768997192383,27.292897402149045,2006229,145
1,5.160026550292969,5.160026550292969,5.160026550292969,5,1,2.8150978088378906,2.8150978088378906,2.8150978088378906,7,2.5800132751464844,17.931967269830594,2006229,146
0,0.0,0.0,0.0,5,2,0.9113445281982422,0.4556722640991211,0.8733406066894531,9,0.43667030334472656,0.6710236091214233,2006229,147
1,4.518886566162109,4.518886566162109,4.518886566162109,7,1,2.4372310638427734,2.4372310638427734,2.4372310638427734,7,2.2594432830810547,16.9103983287716,2006229,148
3,11.357715606689453,3.785905202229818,5.3323211669921875,9,1,5.177112579345703,5.177112579345703,5.177112579345703,8,2.6661605834960933,17.299407011079463,2006229,149
0,0.0,0.0,0.0,2,0,0.0,0.0,0.0,3,0.0,0.0,1996435,0
0,0.0,0.0,0.0,2,0,0.0,0.0,0.0,2,0.0,0.0,1996435,1
0,0.0,0.0,0.0,2,0,0.0,0.0,0.0,2,0.0,0.0,1996435,2
0,0.0,0.0,0.0,3,2,5.268129348754883,2.6340646743774414,3.9459304809570312,10,1.9729652404785156,6.589013645614545,1996435,3
0,0.0,0.0,0.0,6,1,1.2298011779785156,1.2298011779785156,1.2298011779785156,8,0.6149005889892578,1.2183600517318272,1996435,4
1,7.1908416748046875,7.1908416748046875,7.1908416748046875,6,1,5.454998016357422,5.454998016357422,5.454998016357422,6,3.5954208374023438,27.890904339981695,1996435,5
1,0.9378604888916016,0.9378604888916016,0.9378604888916016,6,0,0.0,0.0,0.0,3,0.4689302444458008,0.616773749186296,1996435,6
2,6.349834442138672,3.174917221069336,3.9717578887939453,8,0,0.0,0.0,0.0,4,1.9858789443969727,6.284104004355256,1996435,7
0,0.0,0.0,0.0,4,0,0.0,0.0,0.0,5,0.0,0.0,1996435,8
0,0.0,0.0,0.0,4,0,0.0,0.0,0.0,2,0.0,0.0,1996435,9
0,0.0,0.0,0.0,4,0,0.0,0.0,0.0,2,0.0,0.0,1996435,10
1,0.7014274597167969,0.7014274597167969,0.7014274597167969,7,0,0.0,0.0,0.0,3,0.35071372985839844,0.4495819747129092,1996435,11
0,0.0,0.0,0.0,5,0,0.0,0.0,0.0,2,0.0,0.0,1996435,12
1,3.201047897338867,3.201047897338867,3.201047897338867,6,0,0.0,0.0,0.0,2,1.6005239486694336,4.7727511259812845,1996435,13
0,0.0,0.0,0.0,3,0,0.0,0.0,0.0,2,0.0,0.0,1996435,14
0,0.0,0.0,0.0,4,1,1.903390884399414,1.903390884399414,1.903390884399414,9,0.951695442199707,2.254730345641785,1996435,15
0,0.0,0.0,0.0,5,1,5.028480529785156,5.028480529785156,5.028480529785156,7,2.514240264892578,9.55143157542095,1996435,16
1,4.149637222290039,4.149637222290039,4.149637222290039,8,1,12.160970687866211,12.160970687866211,12.160970687866211,9,6.0804853439331055,47.224927592723006,1996435,17
0,0.0,0.0,0.0,3,0,0.0,0.0,0.0,3,0.0,0.0,1996435,18
0,0.0,0.0,0.0,4,0,0.0,0.0,0.0,2,0.0,0.0,1996435,19
0,0.0,0.0,0.0,5,0,0.0,0.0,0.0,2,0.0,0.0,1996435,20
1,1.6746654510498047,1.6746654510498047,1.6746654510498047,7,0,0.0,0.0,0.0,3,0.8373327255249023,1.562280479271638,1996435,21
0,0.0,0.0,0.0,4,0,0.0,0.0,0.0,3,0.0,0.0,1996435,22
0,0.0,0.0,0.0,3,0,0.0,0.0,0.0,2,0.0,0.0,1996435,23
0,0.0,0.0,0.0,6,0,0.0,0.0,0.0,4,0.0,0.0,1996435,24
1,0.0,0.0,0.0,5,0,0.0,0.0,0.0,4,inf,,1996435,25
0,0.0,0.0,0.0,1,0,0.0,0.0,0.0,2,0.0,0.0,1996435,26
0,0.0,0.0,0.0,1,0,0.0,0.0,0.0,4,0.0,0.0,1996435,27
0,0.0,0.0,0.0,3,0,0.0,0.0,0.0,5,0.0,0.0,1996435,28
0,0.0,0.0,0.0,3,0,0.0,0.0,0.0,8,0.0,0.0,1996435,29
0,0.0,0.0,0.0,4,2,1.963104248046875,0.9815521240234375,1.0457572937011719,10,0.5228786468505859,1.1003351800192442,1996435,30
1,7.137823104858398,7.137823104858398,7.137823104858398,10,0,0.0,0.0,0.0,8,3.568911552429199,14.062475830388458,1996435,31
0,0.0,0.0,0.0,6,0,0.0,0.0,0.0,5,0.0,0.0,1996435,32
0,0.0,0.0,0.0,2,0,0.0,0.0,0.0,7,0.0,0.0,1996435,33
0,0.0,0.0,0.0,3,0,0.0,0.0,0.0,5,0.0,0.0,1996435,34
0,0.0,0.0,0.0,3,1,1.5515785217285156,1.5515785217285156,1.5515785217285156,5,0.7757892608642578,1.337797934254341,1996435,35
0,0.0,0.0,0.0,3,0,0.0,0.0,0.0,7,0.0,0.0,1996435,36
0,0.0,0.0,0.0,2,1,3.6744422912597656,3.6744422912597656,3.6744422912597656,6,1.8372211456298828,5.286413406931685,1996435,37
0,0.0,0.0,0.0,3,0,0.0,0.0,0.0,4,0.0,0.0,1996435,38
0,0.0,0.0,0.0,6,0,0.0,0.0,0.0,5,0.0,0.0,1996435,39
0,0.0,0.0,0.0,5,0,0.0,0.0,0.0,2,0.0,0.0,1996435,40
1,5.897039413452148,5.897039413452148,5.897039413452148,8,1,8.342775344848633,8.342775344848633,8.342775344848633,7,4.171387672424316,29.850849923971424,1996435,41
1,0.1683216094970703,0.1683216094970703,0.1683216094970703,7,0,0.0,0.0,0.0,2,0.08416080474853516,0.0,1996435,42
1,2.1493301391601562,2.1493301391601562,2.1493301391601562,9,0,0.0,0.0,0.0,6,1.0746650695800781,2.7323591697442624,1996435,43
0,0.0,0.0,0.0,7,0,0.0,0.0,0.0,4,0.0,0.0,1996435,44
0,0.0,0.0,0.0,6,0,0.0,0.0,0.0,3,0.0,0.0,1996435,45
1,0.20777130126953125,0.20777130126953125,0.20777130126953125,7,1,1.1022968292236328,1.1022968292236328,1.1022968292236328,6,0.5511484146118164,4.343100858646306,1996435,46
0,0.0,0.0,0.0,5,0,0.0,0.0,0.0,4,0.0,0.0,1996435,47
0,0.0,0.0,0.0,4,0,0.0,0.0,0.0,1,0.0,0.0,1996435,48
0,0.0,0.0,0.0,3,0,0.0,0.0,0.0,3,0.0,0.0,1996435,49
0,0.0,0.0,0.0,6,1,1.70208740234375,1.70208740234375,1.70208740234375,6,0.851043701171875,1.783667559331808,1996435,50
1,5.907196044921875,5.907196044921875,5.907196044921875,5,0,0.0,0.0,0.0,9,2.9535980224609375,11.515685359036887,1996435,51
0,0.0,0.0,0.0,4,0,0.0,0.0,0.0,6,0.0,0.0,1996435,52
1,0.81744384765625,0.81744384765625,0.81744384765625,7,3,3.1922683715820312,1.0640894571940105,2.416227340698242,9,1.2081136703491209,8.033954588107617,1996435,53
0,0.0,0.0,0.0,9,2,5.626806259155273,2.8134031295776367,3.3211021423339844,9,1.6605510711669922,5.268580886055114,1996435,54
0,0.0,0.0,0.0,7,0,0.0,0.0,0.0,7,0.0,0.0,1996435,55
1,6.330358505249023,6.330358505249023,6.330358505249023,6,1,1.8549022674560547,1.8549022674560547,1.8549022674560547,5,3.1651792526245117,23.342268942518558,1996435,56
0,0.0,0.0,0.0,5,0,0.0,0.0,0.0,4,0.0,0.0,1996435,57
0,0.0,0.0,0.0,4,0,0.0,0.0,0.0,6,0.0,0.0,1996435,58
1,3.2094554901123047,3.2094554901123047,3.2094554901123047,6,0,0.0,0.0,0.0,5,1.6047277450561523,4.579091355077896,1996435,59
0,0.0,0.0,0.0,8,0,0.0,0.0,0.0,6,0.0,0.0,1996435,60
1,3.166126251220703,3.166126251220703,3.166126251220703,6,0,0.0,0.0,0.0,6,1.5830631256103516,3.797330474267983,1996435,61
1,0.9267101287841797,0.9267101287841797,0.9267101287841797,6,0,0.0,0.0,0.0,4,0.46335506439208984,0.6137766433335792,1996435,62
1,3.370767593383789,3.370767593383789,3.370767593383789,7,0,0.0,0.0,0.0,6,1.6853837966918945,4.406902185534362,1996435,63
1,0.007457733154296875,0.007457733154296875,0.007457733154296875,7,0,0.0,0.0,0.0,4,0.0037288665771484375,0.0,1996435,64
0,0.0,0.0,0.0,5,2,1.2364921569824219,0.6182460784912109,0.9505481719970703,7,0.47527408599853516,0.7428766590904804,1996435,65
0,0.0,0.0,0.0,5,1,0.8154392242431641,0.8154392242431641,0.8154392242431641,7,0.40771961212158203,0.6179795490712348,1996435,66
0,0.0,0.0,0.0,3,0,0.0,0.0,0.0,4,0.0,0.0,1996435,67
0,0.0,0.0,0.0,5,0,0.0,0.0,0.0,3,0.0,0.0,1996435,68
0,0.0,0.0,0.0,5,0,0.0,0.0,0.0,3,0.0,0.0,1996435,69
2,4.234899520874023,2.1174497604370117,3.4713497161865234,7,0,0.0,0.0,0.0,4,1.7356748580932617,5.013655240319159,1996435,70
0,0.0,0.0,0.0,5,0,0.0,0.0,0.0,3,0.0,0.0,1996435,71
1,0.7810211181640625,0.7810211181640625,0.7810211181640625,7,0,0.0,0.0,0.0,2,0.39051055908203125,0.5289244648621209,1996435,72
1,2.5330047607421875,2.5330047607421875,2.5330047607421875,8,0,0.0,0.0,0.0,2,1.2665023803710938,3.215444644022923,1996435,73
0,0.0,0.0,0.0,7,0,0.0,0.0,0.0,3,0.0,0.0,1996435,74
0,0.0,0.0,0.0,2,1,1.0591201782226562,1.0591201782226562,1.0591201782226562,10,0.5295600891113281,0.9149384856376983,1996435,75
0,0.0,0.0,0.0,5,1,3.831777572631836,3.831777572631836,3.831777572631836,6,1.915888786315918,5.955033587900678,1996435,76
1,0.9923954010009766,0.9923954010009766,0.9923954010009766,7,0,0.0,0.0,0.0,5,0.4961977005004883,0.8426088256790967,1996435,77
1,0.6853542327880859,0.6853542327880859,0.6853542327880859,7,0,0.0,0.0,0.0,4,0.34267711639404297,0.433472701647286,1996435,78
0,0.0,0.0,0.0,8,1,6.94172477722168,6.94172477722168,6.94172477722168,7,3.47086238861084,14.451791949460052,1996435,79
0,0.0,0.0,0.0,4,0,0.0,0.0,0.0,4,0.0,0.0,1996435,80
0,0.0,0.0,0.0,3,1,0.1568450927734375,0.1568450927734375,0.1568450927734375,5,0.07842254638671875,0.0,1996435,81
0,0.0,0.0,0.0,2,1,3.2923545837402344,3.2923545837402344,3.2923545837402344,6,1.6461772918701172,4.857157738244315,1996435,82
0,0.0,0.0,0.0,6,0,0.0,0.0,0.0,4,0.0,0.0,1996435,83
0,0.0,0.0,0.0,6,0,0.0,0.0,0.0,7,0.0,0.0,1996435,84
0,0.0,0.0,0.0,6,0,0.0,0.0,0.0,7,0.0,0.0,1996435,85
0,0.0,0.0,0.0,8,0,0.0,0.0,0.0,6,0.0,0.0,1996435,86
0,0.0,0.0,0.0,3,0,0.0,0.0,0.0,4,0.0,0.0,1996435,87
1,0.0,0.0,0.0,4,0,0.0,0.0,0.0,5,inf,,1996435,88
0,0.0,0.0,0.0,2,0,0.0,0.0,0.0,3,0.0,0.0,1996435,89
0,0.0,0.0,0.0,4,1,5.656339645385742,5.656339645385742,5.656339645385742,8,2.828169822692871,10.458660068426832,1996435,90
1,3.423511505126953,3.423511505126953,3.423511505126953,7,1,9.364971160888672,9.364971160888672,9.364971160888672,8,4.682485580444336,28.416574839689545,1996435,91
1,0.4442405700683594,0.4442405700683594,0.4442405700683594,7,1,9.124319076538086,9.124319076538086,9.124319076538086,8,4.562159538269043,31.26768939773459,1996435,92
0,0.0,0.0,0.0,5,0,0.0,0.0,0.0,4,0.0,0.0,1996435,93
0,0.0,0.0,0.0,3,0,0.0,0.0,0.0,5,0.0,0.0,1996435,94
0,0.0,0.0,0.0,1,1,5.16404914855957,5.16404914855957,5.16404914855957,5,2.582024574279785,8.277629652915001,1996435,95
0,0.0,0.0,0.0,3,1,2.1175060272216797,2.1175060272216797,2.1175060272216797,7,1.0587530136108398,2.539685180475476,1996435,96
0,0.0,0.0,0.0,7,0,0.0,0.0,0.0,5,0.0,0.0,1996435,97
1,0.6222610473632812,0.6222610473632812,0.6222610473632812,8,1,7.884670257568359,7.884670257568359,7.884670257568359,6,3.6700668334960938,31.74046290377984,1996435,98
1,5.958580017089844,5.958580017089844,5.958580017089844,7,1,2.2285499572753906,2.2285499572753906,2.2285499572753906,7,2.979290008544922,22.730159730778617,1996435,99
1,3.9247512817382812,3.9247512817382812,3.9247512817382812,6,0,0.0,0.0,0.0,5,1.9623756408691406,5.8873419706701915,1996435,100
0,0.0,0.0,0.0,5,0,0.0,0.0,0.0,4,0.0,0.0,1996435,101
0,0.0,0.0,0.0,3,0,0.0,0.0,0.0,4,0.0,0.0,1996435,102
0,0.0,0.0,0.0,5,0,0.0,0.0,0.0,5,0.0,0.0,1996435,103
1,6.622959136962891,6.622959136962891,6.622959136962891,7,1,2.191251754760742,2.191251754760742,2.191251754760742,8,3.3114795684814453,25.623963490702362,1996435,104
0,0.0,0.0,0.0,7,0,0.0,0.0,0.0,4,0.0,0.0,1996435,105
0,0.0,0.0,0.0,5,0,0.0,0.0,0.0,3,0.0,0.0,1996435,106
1,0.6869678497314453,0.6869678497314453,0.6869678497314453,7,1,0.6530799865722656,0.6530799865722656,0.6530799865722656,5,0.34348392486572266,1.5901314817911707,1996435,107
0,0.0,0.0,0.0,5,0,0.0,0.0,0.0,3,0.0,0.0,1996435,108
1,3.3074207305908203,3.3074207305908203,3.3074207305908203,8,0,0.0,0.0,0.0,2,1.6537103652954102,4.728801459743309,1996435,109
1,1.4693317413330078,1.4693317413330078,1.4693317413330078,7,0,0.0,0.0,0.0,4,0.7346658706665039,1.3822944521409426,1996435,110
0,0.0,0.0,0.0,3,2,8.542058944702148,4.271029472351074,6.406877517700195,8,3.2034387588500977,13.133058167369196,1996435,111
0,0.0,0.0,0.0,3,0,0.0,0.0,0.0,4,0.0,0.0,1996435,112
0,0.0,0.0,0.0,4,2,4.039735794067383,2.0198678970336914,2.7753562927246094,9,1.3876781463623047,4.176008935115842,1996435,113
0,0.0,0.0,0.0,5,1,4.786293029785156,4.786293029785156,4.786293029785156,6,2.393146514892578,7.850589580552713,1996435,114
0,0.0,0.0,0.0,5,0,0.0,0.0,0.0,3,0.0,0.0,1996435,115
0,0.0,0.0,0.0,4,0,0.0,0.0,0.0,2,0.0,0.0,1996435,116
0,0.0,0.0,0.0,6,0,0.0,0.0,0.0,2,0.0,0.0,1996435,117
0,0.0,0.0,0.0,5,0,0.0,0.0,0.0,3,0.0,0.0,1996435,118
0,0.0,0.0,0.0,5,1,8.501327514648438,8.501327514648438,8.501327514648438,8,4.250663757324219,18.187805156453468,1996435,119
0,0.0,0.0,0.0,5,1,9.043436050415039,9.043436050415039,9.043436050415039,8,4.5217180252075195,18.863031963196615,1996435,120
0,0.0,0.0,0.0,3,0,0.0,0.0,0.0,5,0.0,0.0,1996435,121
0,0.0,0.0,0.0,4,0,0.0,0.0,0.0,7,0.0,0.0,1996435,122
0,0.0,0.0,0.0,2,0,0.0,0.0,0.0,5,0.0,0.0,1996435,123
0,0.0,0.0,0.0,2,0,0.0,0.0,0.0,4,0.0,0.0,1996435,124
1,2.0500621795654297,2.0500621795654297,2.0500621795654297,8,0,0.0,0.0,0.0,5,1.0250310897827148,2.291759447654346,1996435,125
0,0.0,0.0,0.0,5,0,0.0,0.0,0.0,6,0.0,0.0,1996435,126
0,0.0,0.0,0.0,5,3,7.500387191772461,2.500129063924154,3.8059520721435547,10,1.9029760360717773,6.392817081861432,1996435,127
0,0.0,0.0,0.0,7,2,0.9600467681884766,0.4800233840942383,0.855377197265625,10,0.4276885986328125,0.5791723702795499,1996435,128
1,1.8103713989257812,1.8103713989257812,1.8103713989257812,9,0,0.0,0.0,0.0,9,0.9051856994628906,1.8619616187638806,1996435,129
1,3.299020767211914,3.299020767211914,3.299020767211914,7,0,0.0,0.0,0.0,3,1.649510383605957,4.632217795043332,1996435,130
1,5.816944122314453,5.816944122314453,5.816944122314453,6,0,0.0,0.0,0.0,5,2.9084720611572266,10.032012063431088,1996435,131
2,3.122295379638672,1.561147689819336,2.0237998962402344,9,0,0.0,0.0,0.0,5,1.0118999481201172,2.552658279387971,1996435,132
0,0.0,0.0,0.0,9,1,4.283237457275391,4.283237457275391,4.283237457275391,5,2.1416187286376953,6.542657132328573,1996435,133
1,1.0135040283203125,1.0135040283203125,1.0135040283203125,5,0,0.0,0.0,0.0,4,0.5067520141601562,0.7348800844104211,1996435,134
0,0.0,0.0,0.0,3,0,0.0,0.0,0.0,2,0.0,0.0,1996435,135
0,0.0,0.0,0.0,5,0,0.0,0.0,0.0,1,0.0,0.0,1996435,136
1,2.7933902740478516,2.7933902740478516,2.7933902740478516,8,1,7.106025695800781,7.106025695800781,7.106025695800781,9,3.5530128479003906,27.0647467016171,1996435,137
0,0.0,0.0,0.0,5,1,3.5866622924804688,3.5866622924804688,3.5866622924804688,7,1.7933311462402344,5.216770913651952,1996435,138
2,8.716766357421875,4.3583831787109375,5.7151641845703125,8,1,4.48640251159668,4.48640251159668,4.48640251159668,7,2.5883331298828125,20.90860733019539,1996435,139
0,0.0,0.0,0.0,6,0,0.0,0.0,0.0,7,0.0,0.0,1996435,140
1,2.195333480834961,2.195333480834961,2.195333480834961,11,2,4.692352294921875,2.3461761474609375,4.155527114868164,9,2.077763557434082,10.441935249222672,1996435,141
0,0.0,0.0,0.0,6,0,0.0,0.0,0.0,5,0.0,0.0,1996435,142
0,0.0,0.0,0.0,3,1,1.6372756958007812,1.6372756958007812,1.6372756958007812,10,0.8186378479003906,1.831771061494258,1996435,143
0,0.0,0.0,0.0,4,2,3.2452545166015625,1.6226272583007812,2.761669158935547,9,1.3808345794677734,3.6637172269310465,1996435,144
0,0.0,0.0,0.0,5,3,7.211936950683594,2.4039789835611978,4.225229263305664,11,2.112614631652832,7.604885539398346,1996435,145
0,0.0,0.0,0.0,4,0,0.0,0.0,0.0,5,0.0,0.0,1996435,146
1,3.20294189453125,3.20294189453125,3.20294189453125,6,0,0.0,0.0,0.0,5,1.601470947265625,4.285440077739164,1996435,147
0,0.0,0.0,0.0,2,0,0.0,0.0,0.0,7,0.0,0.0,1996435,148
0,0.0,0.0,0.0,2,0,0.0,0.0,0.0,3,0.0,0.0,1996435,149
0,0.0,0.0,0.0,5,2,10.548221588134766,5.274110794067383,10.176595687866211,8,5.0882978439331055,22.047792569775975,1953632,0
0,0.0,0.0,0.0,3,1,5.14849853515625,5.14849853515625,5.14849853515625,8,2.574249267578125,9.115577888862386,1953632,1
0,0.0,0.0,0.0,5,2,8.264110565185547,4.132055282592773,5.059558868408203,11,2.5297794342041016,9.735209402718063,1953632,2
0,0.0,0.0,0.0,8,3,7.620388031005859,2.5401293436686196,4.601606369018555,11,2.300803184509277,7.671264768497098,1953632,3
0,0.0,0.0,0.0,5,1,2.0055294036865234,2.0055294036865234,2.0055294036865234,8,1.0027647018432617,2.290883092624583,1953632,4
0,0.0,0.0,0.0,6,3,6.367244720458984,2.1224149068196616,3.9033470153808594,10,1.9516735076904297,6.632926108524883,1953632,5
0,0.0,0.0,0.0,3,0,0.0,0.0,0.0,6,0.0,0.0,1953632,6
2,5.168109893798828,2.584054946899414,4.999387741088867,9,1,5.048791885375977,5.048791885375977,5.048791885375977,5,0.5257911682128906,6.387628306888463,1953632,7
1,8.544488906860352,8.544488906860352,8.544488906860352,9,0,0.0,0.0,0.0,6,4.272244453430176,18.702049293938895,1953632,8
0,0.0,0.0,0.0,4,3,7.436565399169922,2.4788551330566406,4.900480270385742,10,2.4502401351928706,8.431963543277082,1953632,9
1,0.0,0.0,0.0,4,1,2.811248779296875,2.811248779296875,2.811248779296875,9,inf,,1953632,10
0,0.0,0.0,0.0,2,0,0.0,0.0,0.0,3,0.0,0.0,1953632,11
0,0.0,0.0,0.0,3,0,0.0,0.0,0.0,3,0.0,0.0,1953632,12
0,0.0,0.0,0.0,3,0,0.0,0.0,0.0,4,0.0,0.0,1953632,13
0,0.0,0.0,0.0,3,0,0.0,0.0,0.0,4,0.0,0.0,1953632,14
0,0.0,0.0,0.0,2,0,0.0,0.0,0.0,4,0.0,0.0,1953632,15
0,0.0,0.0,0.0,6,0,0.0,0.0,0.0,2,0.0,0.0,1953632,16
1,4.698188781738281,4.698188781738281,4.698188781738281,7,0,0.0,0.0,0.0,6,2.3490943908691406,7.697246540302976,1953632,17
1,3.9814014434814453,3.9814014434814453,3.9814014434814453,8,0,0.0,0.0,0.0,2,1.9907007217407227,6.216579020533787,1953632,18
1,3.498920440673828,3.498920440673828,3.498920440673828,5,0,0.0,0.0,0.0,2,1.749460220336914,4.770499066937889,1953632,19
0,0.0,0.0,0.0,6,1,5.354911804199219,5.354911804199219,5.354911804199219,8,2.6774559020996094,8.873664278415879,1953632,20
0,0.0,0.0,0.0,2,0,0.0,0.0,0.0,4,0.0,0.0,1953632,21
0,0.0,0.0,0.0,2,0,0.0,0.0,0.0,9,0.0,0.0,1953632,22
0,0.0,0.0,0.0,4,2,5.018524169921875,2.5092620849609375,2.8271636962890625,11,1.4135818481445312,4.699834702199296,1953632,23
0,0.0,0.0,0.0,4,2,5.98808479309082,2.99404239654541,3.148469924926758,9,1.574234962463379,6.032665248430206,1953632,24
0,0.0,0.0,0.0,3,1,6.500532150268555,6.500532150268555,6.500532150268555,7,3.2502660751342773,11.951027309441915,1953632,25
0,0.0,0.0,0.0,4,1,2.891786575317383,2.891786575317383,2.891786575317383,9,1.4458932876586914,3.8105911306097835,1953632,26
2,5.867805480957031,2.9339027404785156,3.586874008178711,9,0,0.0,0.0,0.0,6,1.7934370040893555,6.212711495649809,1953632,27
2,2.0630836486816406,1.0315418243408203,1.6333999633789062,8,1,2.3165416717529297,2.3165416717529297,2.3165416717529297,7,1.1582708358764646,5.64608244445188,1953632,28
0,0.0,0.0,0.0,4,0,0.0,0.0,0.0,3,0.0,0.0,1953632,29
1,0.0026454925537109375,0.0026454925537109375,0.0026454925537109375,9,0,0.0,0.0,0.0,5,0.0013227462768554688,0.0,1953632,30
0,0.0,0.0,0.0,5,2,2.695951461791992,1.347975730895996,1.8051891326904297,8,0.9025945663452148,1.8268659517015802,1953632,31
0,0.0,0.0,0.0,3,1,2.594257354736328,2.594257354736328,2.594257354736328,7,1.297128677368164,2.808092659020325,1953632,32
1,1.0728740692138672,1.0728740692138672,1.0728740692138672,5,1,4.204549789428711,4.204549789428711,4.204549789428711,5,2.1022748947143555,14.492306889520819,1953632,33
0,0.0,0.0,0.0,5,0,0.0,0.0,0.0,7,0.0,0.0,1953632,34
0,0.0,0.0,0.0,1,1,8.858497619628906,8.858497619628906,8.858497619628906,7,4.429248809814453,18.659899397324143,1953632,35
0,0.0,0.0,0.0,3,1,5.325553894042969,5.325553894042969,5.325553894042969,10,2.6627769470214844,9.018546828683208,1953632,36
0,0.0,0.0,0.0,3,1,0.2953147888183594,0.2953147888183594,0.2953147888183594,9,0.1476573944091797,0.12597514896255435,1953632,37
0,0.0,0.0,0.0,4,0,0.0,0.0,0.0,6,0.0,0.0,1953632,38
0,0.0,0.0,0.0,3,0,0.0,0.0,0.0,5,0.0,0.0,1953632,39
0,0.0,0.0,0.0,2,0,0.0,0.0,0.0,4,0.0,0.0,1953632,40
0,0.0,0.0,0.0,1,0,0.0,0.0,0.0,5,0.0,0.0,1953632,41
0,0.0,0.0,0.0,3,1,3.039846420288086,3.039846420288086,3.039846420288086,8,1.519923210144043,4.356600469309713,1953632,42
0,0.0,0.0,0.0,4,0,0.0,0.0,0.0,9,0.0,0.0,1953632,43
0,0.0,0.0,0.0,5,0,0.0,0.0,0.0,8,0.0,0.0,1953632,44
1,6.228955268859863,6.228955268859863,6.228955268859863,9,2,6.478139877319336,3.239069938659668,4.416412353515625,11,3.114477634429931,24.127009066744286,1953632,45
0,0.0,0.0,0.0,5,1,2.869659423828125,2.869659423828125,2.869659423828125,8,1.4348297119140625,3.8908186205115016,1953632,46
1,8.804140090942383,8.804140090942383,8.804140090942383,8,0,0.0,0.0,0.0,6,4.402070045471191,19.76433414197632,1953632,47
1,0.7592124938964844,0.7592124938964844,0.7592124938964844,8,1,1.3992538452148438,1.3992538452148438,1.3992538452148438,5,0.6996269226074219,3.688618957549584,1953632,48
1,5.97099494934082,5.97099494934082,5.97099494934082,9,1,4.135982513427734,4.135982513427734,4.135982513427734,9,2.98549747467041,22.5493637296891,1953632,49
0,0.0,0.0,0.0,6,2,5.6353607177734375,2.8176803588867188,4.1583404541015625,11,2.0791702270507812,7.08172783536519,1953632,50
0,0.0,0.0,0.0,4,2,3.8810272216796875,1.9405136108398438,2.3274307250976562,10,1.1637153625488281,3.384189316128288,1953632,51
1,4.634117126464844,4.634117126464844,4.634117126464844,6,0,0.0,0.0,0.0,7,2.317058563232422,8.15401337428577,1953632,52
0,0.0,0.0,0.0,3,1,7.08961296081543,7.08961296081543,7.08961296081543,7,3.544806480407715,13.589838324080528,1953632,53
0,0.0,0.0,0.0,4,2,2.458873748779297,1.2294368743896484,1.5368633270263672,8,0.7684316635131836,1.5216796342941783,1953632,54
0,0.0,0.0,0.0,3,1,4.042379379272461,4.042379379272461,4.042379379272461,6,2.0211896896362305,6.63670287632367,1953632,55
0,0.0,0.0,0.0,3,1,4.594480514526367,4.594480514526367,4.594480514526367,6,2.2972402572631836,7.113231327413592,1953632,56
0,0.0,0.0,0.0,3,0,0.0,0.0,0.0,5,0.0,0.0,1953632,57
0,0.0,0.0,0.0,3,1,2.947021484375,2.947021484375,2.947021484375,7,1.4735107421875,3.9340487629811904,1953632,58
1,0.15051651000976562,0.15051651000976562,0.15051651000976562,6,2,6.856636047363281,3.4283180236816406,6.3111114501953125,9,3.155555725097656,23.755716648446825,1953632,59
0,0.0,0.0,0.0,1,0,0.0,0.0,0.0,2,0.0,0.0,1953632,60
0,0.0,0.0,0.0,1,0,0.0,0.0,0.0,4,0.0,0.0,1953632,61
0,0.0,0.0,0.0,1,0,0.0,0.0,0.0,4,0.0,0.0,1953632,62
1,3.483745574951172,3.483745574951172,3.483745574951172,9,1,0.3121337890625,0.3121337890625,0.3121337890625,6,1.741872787475586,7.830193564037799,1953632,63
0,0.0,0.0,0.0,3,0,0.0,0.0,0.0,7,0.0,0.0,1953632,64
0,0.0,0.0,0.0,3,1,3.2157440185546875,3.2157440185546875,3.2157440185546875,7,1.6078720092773438,4.613073461935046,1953632,65
0,0.0,0.0,0.0,3,0,0.0,0.0,0.0,5,0.0,0.0,1953632,66
0,0.0,0.0,0.0,6,3,11.608030319213867,3.8693434397379556,6.283979415893555,10,3.141989707946777,13.599006437477765,1953632,67
0,0.0,0.0,0.0,3,1,2.3317623138427734,2.3317623138427734,2.3317623138427734,8,1.1658811569213867,2.548425333807889,1953632,68
0,0.0,0.0,0.0,3,1,4.30146598815918,4.30146598815918,4.30146598815918,8,2.15073299407959,6.6467336454827475,1953632,69
1,0.0,0.0,0.0,4,1,0.7385807037353516,0.7385807037353516,0.7385807037353516,7,inf,,1953632,70
0,0.0,0.0,0.0,3,1,3.716217041015625,3.716217041015625,3.716217041015625,9,1.8581085205078125,5.52626923952288,1953632,71
0,0.0,0.0,0.0,4,1,4.528444290161133,4.528444290161133,4.528444290161133,8,2.2642221450805664,7.222236787320951,1953632,72
0,0.0,0.0,0.0,4,0,0.0,0.0,0.0,4,0.0,0.0,1953632,73
0,0.0,0.0,0.0,4,0,0.0,0.0,0.0,4,0.0,0.0,1953632,74
0,0.0,0.0,0.0,7,0,0.0,0.0,0.0,2,0.0,0.0,1953632,75
1,9.508197784423828,9.508197784423828,9.508197784423828,7,0,0.0,0.0,0.0,4,4.754098892211914,19.694609234712576,1953632,76
2,5.035617828369141,2.5178089141845703,4.627750396728516,9,1,1.1597137451171875,1.1597137451171875,1.1597137451171875,8,2.3138751983642574,11.185141842824692,1953632,77
2,0.3693866729736328,0.1846933364868164,0.35230255126953125,10,0,0.0,0.0,0.0,6,0.17615127563476562,0.14934543512090104,1953632,78
0,0.0,0.0,0.0,4,1,0.9429283142089844,0.9429283142089844,0.9429283142089844,5,0.4714641571044922,0.6990607705165454,1953632,79
1,2.531095504760742,2.531095504760742,2.531095504760742,5,0,0.0,0.0,0.0,5,1.265547752380371,3.3009443798147253,1953632,80
0,0.0,0.0,0.0,5,1,6.281764984130859,6.281764984130859,6.281764984130859,10,3.1408824920654297,11.963221172858201,1953632,81
0,0.0,0.0,0.0,6,3,5.254396438598633,1.7514654795328777,2.390470504760742,10,1.1952352523803709,3.570537078389004,1953632,82
0,0.0,0.0,0.0,5,0,0.0,0.0,0.0,8,0.0,0.0,1953632,83
0,0.0,0.0,0.0,6,2,5.711399078369141,2.8556995391845703,3.930929183959961,10,1.9654645919799805,6.04315775807885,1953632,84
0,0.0,0.0,0.0,4,1,7.02886962890625,7.02886962890625,7.02886962890625,9,3.514434814453125,14.409307908454478,1953632,85
0,0.0,0.0,0.0,5,1,2.5445022583007812,2.5445022583007812,2.5445022583007812,9,1.2722511291503906,3.4209385755140103,1953632,86
0,0.0,0.0,0.0,5,1,5.985881805419922,5.985881805419922,5.985881805419922,7,2.992940902709961,10.662105509644443,1953632,87
0,0.0,0.0,0.0,3,2,5.57183837890625,2.785919189453125,3.7569122314453125,11,1.8784561157226562,6.791704703087763,1953632,88
0,0.0,0.0,0.0,5,0,0.0,0.0,0.0,5,0.0,0.0,1953632,89
0,0.0,0.0,0.0,6,1,3.7278614044189453,3.7278614044189453,3.7278614044189453,5,1.8639307022094727,5.350849525336378,1953632,90
1,4.155828475952148,4.155828475952148,4.155828475952148,7,0,0.0,0.0,0.0,6,2.077914237976074,6.646420732871476,1953632,91
1,4.181886672973633,4.181886672973633,4.181886672973633,7,0,0.0,0.0,0.0,7,2.0909433364868164,7.090973965740077,1953632,92
0,0.0,0.0,0.0,5,1,4.233030319213867,4.233030319213867,4.233030319213867,10,2.1165151596069336,7.076246957950326,1953632,93
1,0.3480091094970703,0.3480091094970703,0.3480091094970703,6,3,10.251691818237305,3.4172306060791016,6.706825256347656,11,3.353412628173828,23.372021077249613,1953632,94
0,0.0,0.0,0.0,4,0,0.0,0.0,0.0,7,0.0,0.0,1953632,95
0,0.0,0.0,0.0,7,1,2.875295639038086,2.875295639038086,2.875295639038086,8,1.437647819519043,3.8392896570879294,1953632,96
1,5.890357971191406,5.890357971191406,5.890357971191406,7,0,0.0,0.0,0.0,4,2.945178985595703,10.79805713485034,1953632,97
0,0.0,0.0,0.0,4,0,0.0,0.0,0.0,2,0.0,0.0,1953632,98
0,0.0,0.0,0.0,4,1,4.068672180175781,4.068672180175781,4.068672180175781,7,2.0343360900878906,6.07592559041116,1953632,99
0,0.0,0.0,0.0,3,1,0.28159332275390625,0.28159332275390625,0.28159332275390625,6,0.14079666137695312,0.014296483479370225,1953632,100
0,0.0,0.0,0.0,3,0,0.0,0.0,0.0,6,0.0,0.0,1953632,101
0,0.0,0.0,0.0,2,1,6.444835662841797,6.444835662841797,6.444835662841797,9,3.2224178314208984,13.143198450201435,1953632,102
0,0.0,0.0,0.0,5,2,5.931512832641602,2.965756416320801,3.094259262084961,7,1.5471296310424805,5.538927091479574,1953632,103
0,0.0,0.0,0.0,4,1,3.2220077514648438,3.2220077514648438,3.2220077514648438,9,1.6110038757324219,4.775014319345177,1953632,104
0,0.0,0.0,0.0,3,1,3.3554153442382812,3.3554153442382812,3.3554153442382812,9,1.6777076721191406,5.174263026406059,1953632,105
0,0.0,0.0,0.0,4,1,5.865018844604492,5.865018844604492,5.865018844604492,9,2.932509422302246,10.780799795933266,1953632,106
0,0.0,0.0,0.0,5,0,0.0,0.0,0.0,4,0.0,0.0,1953632,107
1,5.4957733154296875,5.4957733154296875,5.4957733154296875,7,0,0.0,0.0,0.0,7,2.7478866577148438,8.467580172147976,1953632,108
0,0.0,0.0,0.0,4,1,2.483936309814453,2.483936309814453,2.483936309814453,6,1.2419681549072266,2.962015264529534,1953632,109
0,0.0,0.0,0.0,3,0,0.0,0.0,0.0,9,0.0,0.0,1953632,110
0,0.0,0.0,0.0,5,0,0.0,0.0,0.0,5,0.0,0.0,1953632,111
0,0.0,0.0,0.0,2,1,2.4951038360595703,2.4951038360595703,2.4951038360595703,6,1.2475519180297852,3.128166965536319,1953632,112
0,0.0,0.0,0.0,3,0,0.0,0.0,0.0,3,0.0,0.0,1953632,113
0,0.0,0.0,0.0,2,0,0.0,0.0,0.0,4,0.0,0.0,1953632,114
1,8.432613372802734,8.432613372802734,8.432613372802734,8,0,0.0,0.0,0.0,6,4.216306686401367,17.551395560269576,1953632,115
0,0.0,0.0,0.0,1,0,0.0,0.0,0.0,7,0.0,0.0,1953632,116
0,0.0,0.0,0.0,5,0,0.0,0.0,0.0,4,0.0,0.0,1953632,117
1,7.001922607421875,7.001922607421875,7.001922607421875,8,0,0.0,0.0,0.0,2,3.5009613037109375,13.915328116151551,1953632,118
2,2.2214527130126953,1.1107263565063477,2.135068893432617,7,0,0.0,0.0,0.0,4,1.0675344467163086,2.469978541139107,1953632,119
1,1.8819656372070312,1.8819656372070312,1.8819656372070312,7,0,0.0,0.0,0.0,3,0.9409828186035156,1.9197398571171143,1953632,120
0,0.0,0.0,0.0,8,0,0.0,0.0,0.0,6,0.0,0.0,1953632,121
2,7.029064178466797,3.5145320892333984,3.543325424194336,9,0,0.0,0.0,0.0,9,1.771662712097168,7.638900811287115,1953632,122
1,5.859708786010742,5.859708786010742,5.859708786010742,8,0,0.0,0.0,0.0,4,2.929854393005371,11.470478823761496,1953632,123
0,0.0,0.0,0.0,5,1,4.913642883300781,4.913642883300781,4.913642883300781,7,2.4568214416503906,7.093891637753016,1953632,124
1,4.090154647827148,4.090154647827148,4.090154647827148,6,1,0.8100910186767578,0.8100910186767578,0.8100910186767578,8,1.6720218658447266,15.743732744638384,1953632,125
1,0.5023441314697266,0.5023441314697266,0.5023441314697266,6,2,7.511920928955078,3.755960464477539,5.001569747924805,11,2.500784873962402,18.403017460715848,1953632,126
0,0.0,0.0,0.0,4,3,5.247150421142578,1.7490501403808594,2.4277915954589844,11,1.213895797729492,4.057553739249708,1953632,127
1,3.408418655395508,3.408418655395508,3.408418655395508,7,0,0.0,0.0,0.0,9,1.704209327697754,5.261230090706726,1953632,128
0,0.0,0.0,0.0,5,1,0.9280986785888672,0.9280986785888672,0.9280986785888672,5,0.4640493392944336,0.6403737841705749,1953632,129
0,0.0,0.0,0.0,3,0,0.0,0.0,0.0,6,0.0,0.0,1953632,130
0,0.0,0.0,0.0,5,2,7.248907089233398,3.624453544616699,4.1611785888671875,7,2.0805892944335938,7.408561588747364,1953632,131
0,0.0,0.0,0.0,3,0,0.0,0.0,0.0,7,0.0,0.0,1953632,132
0,0.0,0.0,0.0,4,1,0.14630889892578125,0.14630889892578125,0.14630889892578125,8,0.07315444946289062,0.0,1953632,133
0,0.0,0.0,0.0,4,0,0.0,0.0,0.0,6,0.0,0.0,1953632,134
1,10.945348739624023,10.945348739624023,10.945348739624023,7,2,2.9491710662841797,1.4745855331420898,2.234851837158203,8,5.472674369812011,40.61872141098989,1953632,135
0,0.0,0.0,0.0,8,0,0.0,0.0,0.0,3,0.0,0.0,1953632,136
1,0.035015106201171875,0.035015106201171875,0.035015106201171875,8,0,0.0,0.0,0.0,7,0.017507553100585938,0.0,1953632,137
0,0.0,0.0,0.0,7,1,1.9573535919189453,1.9573535919189453,1.9573535919189453,9,0.9786767959594727,2.1752635553585713,1953632,138
1,1.1462936401367188,1.1462936401367188,1.1462936401367188,6,2,4.250783920288086,2.125391960144043,3.929903030395508,9,1.964951515197754,9.431445000916357,1953632,139
0,0.0,0.0,0.0,5,1,0.7896938323974609,0.7896938323974609,0.7896938323974609,8,0.39484691619873047,0.5015793672181553,1953632,140
1,0.30097198486328125,0.30097198486328125,0.30097198486328125,6,1,5.850305557250977,5.850305557250977,5.850305557250977,8,2.9251527786254883,23.692846423096793,1953632,141
0,0.0,0.0,0.0,7,1,11.927921295166016,11.927921295166016,11.927921295166016,8,5.963960647583008,28.691878170388158,1953632,142
0,0.0,0.0,0.0,3,2,3.326374053955078,1.663187026977539,2.923145294189453,10,1.4615726470947266,4.516962294456106,1953632,143
0,0.0,0.0,0.0,4,0,0.0,0.0,0.0,5,0.0,0.0,1953632,144
0,0.0,0.0,0.0,4,1,7.226236343383789,7.226236343383789,7.226236343383789,7,3.6131181716918945,14.38488770552498,1953632,145
1,0.0,0.0,0.0,4,1,5.429475784301758,5.429475784301758,5.429475784301758,9,inf,,1953632,146
0,0.0,0.0,0.0,4,0,0.0,0.0,0.0,7,0.0,0.0,1953632,147
0,0.0,0.0,0.0,2,2,2.7636280059814453,1.3818140029907227,2.34149169921875,9,1.170745849609375,3.0783948857536934,1953632,148
0,0.0,0.0,0.0,2,0,0.0,0.0,0.0,6,0.0,0.0,1953632,149
0,0.0,0.0,0.0,2,0,0.0,0.0,0.0,2,0.0,0.0,1925299,0
1,5.358217239379883,5.358217239379883,5.358217239379883,8,0,0.0,0.0,0.0,3,2.6791086196899414,10.262063548335053,1925299,1
0,0.0,0.0,0.0,7,0,0.0,0.0,0.0,4,0.0,0.0,1925299,2
0,0.0,0.0,0.0,1,0,0.0,0.0,0.0,6,0.0,0.0,1925299,3
0,0.0,0.0,0.0,2,0,0.0,0.0,0.0,3,0.0,0.0,1925299,4
0,0.0,0.0,0.0,2,0,0.0,0.0,0.0,5,0.0,0.0,1925299,5
1,0.6190357208251953,0.6190357208251953,0.6190357208251953,6,0,0.0,0.0,0.0,3,0.30951786041259766,0.39667185623136514,1925299,6
0,0.0,0.0,0.0,2,0,0.0,0.0,0.0,3,0.0,0.0,1925299,7
0,0.0,0.0,0.0,4,0,0.0,0.0,0.0,3,0.0,0.0,1925299,8
0,0.0,0.0,0.0,4,0,0.0,0.0,0.0,1,0.0,0.0,1925299,9
0,0.0,0.0,0.0,3,0,0.0,0.0,0.0,4,0.0,0.0,1925299,10
0,0.0,0.0,0.0,3,1,2.303424835205078,2.303424835205078,2.303424835205078,8,1.151712417602539,2.9154272826004863,1925299,11
0,0.0,0.0,0.0,1,1,2.8234329223632812,2.8234329223632812,2.8234329223632812,6,1.4117164611816406,3.7761238773827652,1925299,12
0,0.0,0.0,0.0,3,1,0.538726806640625,0.538726806640625,0.538726806640625,8,0.2693634033203125,0.3375496174657152,1925299,13
1,3.9610023498535156,3.9610023498535156,3.9610023498535156,6,2,7.195583343505859,3.5977916717529297,6.313747406005859,10,3.1568737030029292,22.28960417948938,1925299,14
2,7.2679901123046875,3.6339950561523438,5.663841247558594,8,0,0.0,0.0,0.0,2,2.831920623779297,10.939734580540941,1925299,15
0,0.0,0.0,0.0,7,0,0.0,0.0,0.0,6,0.0,0.0,1925299,16
0,0.0,0.0,0.0,5,0,0.0,0.0,0.0,1,0.0,0.0,1925299,17
0,0.0,0.0,0.0,7,0,0.0,0.0,0.0,1,0.0,0.0,1925299,18
0,0.0,0.0,0.0,7,0,0.0,0.0,0.0,1,0.0,0.0,1925299,19
0,0.0,0.0,0.0,3,1,1.8734588623046875,1.8734588623046875,1.8734588623046875,5,0.9367294311523438,1.9450158168312603,1925299,20
0,0.0,0.0,0.0,6,2,4.892179489135742,2.446089744567871,4.818910598754883,9,2.4094552993774414,7.896621354778667,1925299,21
0,0.0,0.0,0.0,3,1,7.15692138671875,7.15692138671875,7.15692138671875,7,3.578460693359375,13.571041039265529,1925299,22
0,0.0,0.0,0.0,7,1,7.811391830444336,7.811391830444336,7.811391830444336,7,3.905695915222168,16.897836551173437,1925299,23
1,5.501823425292969,5.501823425292969,5.501823425292969,7,0,0.0,0.0,0.0,4,2.7509117126464844,9.477088402069604,1925299,24
0,0.0,0.0,0.0,8,0,0.0,0.0,0.0,5,0.0,0.0,1925299,25
1,4.468923568725586,4.468923568725586,4.468923568725586,6,0,0.0,0.0,0.0,4,2.234461784362793,6.768667773828151,1925299,26
2,2.0876541137695312,1.0438270568847656,1.2336368560791016,8,0,0.0,0.0,0.0,3,0.6168184280395508,1.1409253407410969,1925299,27
0,0.0,0.0,0.0,5,0,0.0,0.0,0.0,1,0.0,0.0,1925299,28
0,0.0,0.0,0.0,3,0,0.0,0.0,0.0,1,0.0,0.0,1925299,29
0,0.0,0.0,0.0,4,0,0.0,0.0,0.0,1,0.0,0.0,1925299,30
0,0.0,0.0,0.0,5,0,0.0,0.0,0.0,1,0.0,0.0,1925299,31
0,0.0,0.0,0.0,3,0,0.0,0.0,0.0,1,0.0,0.0,1925299,32
0,0.0,0.0,0.0,5,1,0.2966747283935547,0.2966747283935547,0.2966747283935547,5,0.14833736419677734,0.01829958604222588,1925299,33
0,0.0,0.0,0.0,7,0,0.0,0.0,0.0,3,0.0,0.0,1925299,34
1,5.387739181518555,5.387739181518555,5.387739181518555,6,0,0.0,0.0,0.0,3,2.6938695907592773,8.738130532643044,1925299,35
1,10.766921997070312,10.766921997070312,10.766921997070312,7,0,0.0,0.0,0.0,7,5.383460998535156,24.26874837129841,1925299,36
2,7.013111114501953,3.5065555572509766,4.135223388671875,8,0,0.0,0.0,0.0,3,2.0676116943359375,7.8315376842892785,1925299,37
2,1.4850120544433594,0.7425060272216797,1.3657760620117188,8,0,0.0,0.0,0.0,5,0.6828880310058594,1.1365240958481166,1925299,38
1,1.920907974243164,1.920907974243164,1.920907974243164,8,1,1.0858383178710938,1.0858383178710938,1.0858383178710938,5,0.960453987121582,6.1627996389817525,1925299,39
0,0.0,0.0,0.0,5,0,0.0,0.0,0.0,1,0.0,0.0,1925299,40
0,0.0,0.0,0.0,4,0,0.0,0.0,0.0,1,0.0,0.0,1925299,41
0,0.0,0.0,0.0,6,0,0.0,0.0,0.0,2,0.0,0.0,1925299,42
0,0.0,0.0,0.0,8,0,0.0,0.0,0.0,2,0.0,0.0,1925299,43
1,7.666330337524414,7.666330337524414,7.666330337524414,8,0,0.0,0.0,0.0,2,3.833165168762207,16.520969128342646,1925299,44
0,0.0,0.0,0.0,6,0,0.0,0.0,0.0,2,0.0,0.0,1925299,45
0,0.0,0.0,0.0,3,0,0.0,0.0,0.0,4,0.0,0.0,1925299,46
0,0.0,0.0,0.0,6,0,0.0,0.0,0.0,4,0.0,0.0,1925299,47
1,5.562685012817383,5.562685012817383,5.562685012817383,8,0,0.0,0.0,0.0,3,2.7813425064086914,9.262888360329777,1925299,48
2,7.100954055786133,3.5504770278930664,5.065826416015625,8,0,0.0,0.0,0.0,3,2.5329132080078125,8.670292822870064,1925299,49
2,4.443796157836914,2.221898078918457,2.734790802001953,8,1,2.977170944213867,2.977170944213867,2.977170944213867,8,1.4885854721069334,9.821635585875274,1925299,50
0,0.0,0.0,0.0,4,0,0.0,0.0,0.0,3,0.0,0.0,1925299,51
0,0.0,0.0,0.0,3,1,5.218900680541992,5.218900680541992,5.218900680541992,5,2.609450340270996,8.327300110902897,1925299,52
0,0.0,0.0,0.0,2,1,6.395961761474609,6.395961761474609,6.395961761474609,7,3.1979808807373047,12.810547785932311,1925299,53
0,0.0,0.0,0.0,5,1,4.340787887573242,4.340787887573242,4.340787887573242,8,2.170393943786621,7.622732565409118,1925299,54
1,6.070697784423828,6.070697784423828,6.070697784423828,8,0,0.0,0.0,0.0,4,3.035348892211914,10.590073202051512,1925299,55
1,2.2798538208007812,2.2798538208007812,2.2798538208007812,9,1,0.902191162109375,0.902191162109375,0.902191162109375,6,1.1399269104003906,6.737685404294097,1925299,56
1,3.6671009063720703,3.6671009063720703,3.6671009063720703,6,0,0.0,0.0,0.0,5,1.8335504531860352,5.370894258933968,1925299,57
0,0.0,0.0,0.0,8,0,0.0,0.0,0.0,3,0.0,0.0,1925299,58
0,0.0,0.0,0.0,2,1,5.686380386352539,5.686380386352539,5.686380386352539,7,2.8431901931762695,10.541470332836528,1925299,59
0,0.0,0.0,0.0,1,1,8.37059211730957,8.37059211730957,8.37059211730957,9,4.185296058654785,18.696739864862305,1925299,60
1,1.8052635192871094,1.8052635192871094,1.8052635192871094,5,1,5.618762969970703,5.618762969970703,5.618762969970703,9,2.8093814849853516,21.571876053668507,1925299,61
0,0.0,0.0,0.0,4,2,6.071514129638672,3.035757064819336,5.709554672241211,7,2.8547773361206055,9.954218465534218,1925299,62
1,1.6038455963134766,1.6038455963134766,1.6038455963134766,6,3,9.398561477661133,3.1328538258870444,7.031896591186523,9,3.5159482955932617,28.384368289753656,1925299,63
1,5.095207214355469,5.095207214355469,5.095207214355469,6,1,4.928083419799805,4.928083419799805,4.928083419799805,7,2.5476036071777344,20.7523842511806,1925299,64
0,0.0,0.0,0.0,2,1,1.0341510772705078,1.0341510772705078,1.0341510772705078,7,0.5170755386352539,0.8864818277040736,1925299,65
0,0.0,0.0,0.0,4,0,0.0,0.0,0.0,3,0.0,0.0,1925299,66
0,0.0,0.0,0.0,2,1,1.8776512145996094,1.8776512145996094,1.8776512145996094,5,0.9388256072998047,1.9472249823814722,1925299,67
0,0.0,0.0,0.0,3,0,0.0,0.0,0.0,5,0.0,0.0,1925299,68
0,0.0,0.0,0.0,4,1,7.350311279296875,7.350311279296875,7.350311279296875,7,3.6751556396484375,13.677314857795894,1925299,69
1,3.4207611083984375,3.4207611083984375,3.4207611083984375,9,0,0.0,0.0,0.0,5,1.7103805541992188,4.815912022116147,1925299,70
2,4.14594841003418,2.07297420501709,2.1996803283691406,9,1,3.8303966522216797,3.8303966522216797,3.8303966522216797,7,1.9151983261108398,10.623021007162986,1925299,71
1,8.66147232055664,8.66147232055664,8.66147232055664,7,0,0.0,0.0,0.0,4,4.33073616027832,17.664419904485037,1925299,72
0,0.0,0.0,0.0,2,0,0.0,0.0,0.0,2,0.0,0.0,1925299,73
0,0.0,0.0,0.0,2,0,0.0,0.0,0.0,3,0.0,0.0,1925299,74
2,7.969194412231445,3.9845972061157227,5.517618179321289,10,1,0.7029933929443359,0.7029933929443359,0.7029933929443359,8,2.758809089660644,20.873227918126698,1925299,75
0,0.0,0.0,0.0,3,1,1.3059883117675781,1.3059883117675781,1.3059883117675781,5,0.6529941558837891,1.1222853514380244,1925299,76
1,6.189416885375977,6.189416885375977,6.189416885375977,8,1,1.6873054504394531,1.6873054504394531,1.6873054504394531,7,3.0947084426879883,19.537514713705836,1925299,77
2,6.136617660522461,3.0683088302612305,4.2022857666015625,9,1,1.0348224639892578,1.0348224639892578,1.0348224639892578,6,2.1011428833007812,11.59900496562257,1925299,78
0,0.0,0.0,0.0,5,0,0.0,0.0,0.0,3,0.0,0.0,1925299,79
0,0.0,0.0,0.0,4,0,0.0,0.0,0.0,1,0.0,0.0,1925299,80
0,0.0,0.0,0.0,4,0,0.0,0.0,0.0,1,0.0,0.0,1925299,81
0,0.0,0.0,0.0,3,0,0.0,0.0,0.0,5,0.0,0.0,1925299,82
0,0.0,0.0,0.0,3,1,1.3116817474365234,1.3116817474365234,1.3116817474365234,7,0.6558408737182617,1.123261886933661,1925299,83
1,1.9539508819580078,1.9539508819580078,1.9539508819580078,6,2,13.14400863647461,6.572004318237305,6.701881408691406,8,3.3509407043457027,35.362477422614845,1925299,84
0,0.0,0.0,0.0,2,0,0.0,0.0,0.0,8,0.0,0.0,1925299,85
0,0.0,0.0,0.0,3,0,0.0,0.0,0.0,4,0.0,0.0,1925299,86
0,0.0,0.0,0.0,4,0,0.0,0.0,0.0,4,0.0,0.0,1925299,87
0,0.0,0.0,0.0,3,0,0.0,0.0,0.0,2,0.0,0.0,1925299,88
0,0.0,0.0,0.0,4,0,0.0,0.0,0.0,3,0.0,0.0,1925299,89
0,0.0,0.0,0.0,4,0,0.0,0.0,0.0,2,0.0,0.0,1925299,90
0,0.0,0.0,0.0,4,0,0.0,0.0,0.0,2,0.0,0.0,1925299,91
2,10.155597686767578,5.077798843383789,6.522768020629883,8,0,0.0,0.0,0.0,5,3.2613840103149414,12.98943432984338,1925299,92
1,3.797649383544922,3.797649383544922,3.797649383544922,8,0,0.0,0.0,0.0,4,1.898824691772461,5.502335177181212,1925299,93
2,5.528692245483398,2.764346122741699,4.08470344543457,9,0,0.0,0.0,0.0,4,2.042351722717285,6.487061707716524,1925299,94
1,12.703712463378906,12.703712463378906,12.703712463378906,8,1,6.453767776489258,6.453767776489258,6.453767776489258,9,6.351856231689453,47.58000524239734,1925299,95
1,3.9637451171875,3.9637451171875,3.9637451171875,8,0,0.0,0.0,0.0,3,1.98187255859375,6.057824035626054,1925299,96
1,1.4496898651123047,1.4496898651123047,1.4496898651123047,7,0,0.0,0.0,0.0,3,0.7248449325561523,1.4970483277338003,1925299,97
0,0.0,0.0,0.0,3,0,0.0,0.0,0.0,2,0.0,0.0,1925299,98
0,0.0,0.0,0.0,3,1,0.2613410949707031,0.2613410949707031,0.2613410949707031,7,0.13067054748535156,0.025662775006414364,1925299,99
0,0.0,0.0,0.0,2,0,0.0,0.0,0.0,3,0.0,0.0,1925299,100
1,0.0,0.0,0.0,4,0,0.0,0.0,0.0,2,inf,,1925299,101
0,0.0,0.0,0.0,4,0,0.0,0.0,0.0,3,0.0,0.0,1925299,102
0,0.0,0.0,0.0,7,0,0.0,0.0,0.0,4,0.0,0.0,1925299,103
0,0.0,0.0,0.0,6,0,0.0,0.0,0.0,3,0.0,0.0,1925299,104
1,1.7485103607177734,1.7485103607177734,1.7485103607177734,5,1,8.539737701416016,8.539737701416016,8.539737701416016,8,4.269868850708008,31.0920657620089,1925299,105
0,0.0,0.0,0.0,3,0,0.0,0.0,0.0,4,0.0,0.0,1925299,106
0,0.0,0.0,0.0,4,1,5.04023551940918,5.04023551940918,5.04023551940918,9,2.52011775970459,8.308535764671564,1925299,107
0,0.0,0.0,0.0,4,2,4.750452041625977,2.3752260208129883,4.712627410888672,8,2.356313705444336,7.672706326766608,1925299,108
1,4.239528656005859,4.239528656005859,4.239528656005859,5,1,7.836721420288086,7.836721420288086,7.836721420288086,10,3.918360710144043,28.78381359990313,1925299,109
0,0.0,0.0,0.0,5,1,7.214447021484375,7.214447021484375,7.214447021484375,10,3.6072235107421875,13.918816003904594,1925299,110
1,0.6351680755615234,0.6351680755615234,0.6351680755615234,7,1,5.10832405090332,5.10832405090332,5.10832405090332,8,2.55416202545166,17.025399664298703,1925299,111
1,4.133304595947266,4.133304595947266,4.133304595947266,8,1,6.307363510131836,6.307363510131836,6.307363510131836,7,3.153681755065918,23.11813632218332,1925299,112
2,7.2792816162109375,3.6396408081054688,6.156892776489258,8,0,0.0,0.0,0.0,5,3.078446388244629,11.351246732766139,1925299,113
2,11.975790023803711,5.9878950119018555,7.34351921081543,9,0,0.0,0.0,0.0,5,3.671759605407715,15.345534836737631,1925299,114
1,9.241207122802734,9.241207122802734,9.241207122802734,6,0,0.0,0.0,0.0,6,4.620603561401367,19.76930121875738,1925299,115
0,0.0,0.0,0.0,2,0,0.0,0.0,0.0,4,0.0,0.0,1925299,116
0,0.0,0.0,0.0,1,0,0.0,0.0,0.0,4,0.0,0.0,1925299,117
1,7.066247940063477,7.066247940063477,7.066247940063477,6,0,0.0,0.0,0.0,5,3.5331239700317383,13.483319068193948,1925299,118
0,0.0,0.0,0.0,4,0,0.0,0.0,0.0,5,0.0,0.0,1925299,119
2,5.2936553955078125,2.6468276977539062,3.8761978149414062,8,1,1.5906600952148438,1.5906600952148438,1.5906600952148438,7,1.9380989074707031,8.70561876341354,1925299,120
2,5.3565521240234375,2.6782760620117188,3.1129322052001953,9,0,0.0,0.0,0.0,7,1.5564661026000977,4.869928789753695,1925299,121
1,1.0911216735839844,1.0911216735839844,1.0911216735839844,8,0,0.0,0.0,0.0,4,0.5455608367919922,0.9141783883675698,1925299,122
1,2.304960250854492,2.304960250854492,2.304960250854492,6,0,0.0,0.0,0.0,3,1.152480125427246,2.454141809061387,1925299,123
1,5.675754547119141,5.675754547119141,5.675754547119141,7,0,0.0,0.0,0.0,2,2.8378772735595703,10.386268961077064,1925299,124
1,4.057779312133789,4.057779312133789,4.057779312133789,8,0,0.0,0.0,0.0,2,2.0288896560668945,6.783152722397369,1925299,125
0,0.0,0.0,0.0,4,0,0.0,0.0,0.0,1,0.0,0.0,1925299,126
0,0.0,0.0,0.0,6,0,0.0,0.0,0.0,2,0.0,0.0,1925299,127
0,0.0,0.0,0.0,4,0,0.0,0.0,0.0,2,0.0,0.0,1925299,128
0,0.0,0.0,0.0,4,0,0.0,0.0,0.0,3,0.0,0.0,1925299,129
0,0.0,0.0,0.0,4,1,2.7167530059814453,2.7167530059814453,2.7167530059814453,6,1.3583765029907227,3.4533888107843573,1925299,130
1,6.199028015136719,6.199028015136719,6.199028015136719,6,1,3.6634483337402344,3.6634483337402344,3.6634483337402344,7,2.127412796020508,17.446870821039255,1925299,131
0,0.0,0.0,0.0,2,0,0.0,0.0,0.0,7,0.0,0.0,1925299,132
0,0.0,0.0,0.0,3,1,2.1058483123779297,2.1058483123779297,2.1058483123779297,5,1.0529241561889648,2.4878663848281097,1925299,133
0,0.0,0.0,0.0,3,0,0.0,0.0,0.0,2,0.0,0.0,1925299,134
0,0.0,0.0,0.0,5,0,0.0,0.0,0.0,2,0.0,0.0,1925299,135
0,0.0,0.0,0.0,4,0,0.0,0.0,0.0,2,0.0,0.0,1925299,136
0,0.0,0.0,0.0,3,0,0.0,0.0,0.0,2,0.0,0.0,1925299,137
0,0.0,0.0,0.0,3,0,0.0,0.0,0.0,2,0.0,0.0,1925299,138
0,0.0,0.0,0.0,3,0,0.0,0.0,0.0,2,0.0,0.0,1925299,139
1,3.1860427856445312,3.1860427856445312,3.1860427856445312,8,0,0.0,0.0,0.0,4,1.5930213928222656,4.337176062566976,1925299,140
2,5.204807281494141,2.6024036407470703,4.837921142578125,9,1,6.430994033813477,6.430994033813477,6.430994033813477,8,3.215497016906738,20.930597759020642,1925299,141
0,0.0,0.0,0.0,6,0,0.0,0.0,0.0,5,0.0,0.0,1925299,142
1,2.5576095581054688,2.5576095581054688,2.5576095581054688,6,0,0.0,0.0,0.0,3,1.2788047790527344,3.0156071952254653,1925299,143
1,2.7534961700439453,2.7534961700439453,2.7534961700439453,7,0,0.0,0.0,0.0,1,1.3767480850219727,3.3616143766500586,1925299,144
1,1.2162094116210938,1.2162094116210938,1.2162094116210938,8,0,0.0,0.0,0.0,2,0.6081047058105469,1.0601616388103061,1925299,145
0,0.0,0.0,0.0,5,0,0.0,0.0,0.0,1,0.0,0.0,1925299,146
0,0.0,0.0,0.0,6,0,0.0,0.0,0.0,1,0.0,0.0,1925299,147
0,0.0,0.0,0.0,2,0,0.0,0.0,0.0,3,0.0,0.0,1925299,148
0,0.0,0.0,0.0,2,0,0.0,0.0,0.0,4,0.0,0.0,1925299,149
0,0.0,0.0,0.0,2,2,8.87281608581543,4.436408042907715,5.179754257202148,8,2.589877128601074,9.961841973965155,1899585,0
0,0.0,0.0,0.0,4,2,7.959711074829102,3.979855537414551,3.9968738555908203,10,1.9984369277954102,9.015399907030943,1899585,1
1,0.5391845703125,0.5391845703125,0.5391845703125,7,1,7.427438735961914,7.427438735961914,7.427438735961914,8,3.713719367980957,22.308833995416123,1899585,2
0,0.0,0.0,0.0,3,0,0.0,0.0,0.0,2,0.0,0.0,1899585,3
0,0.0,0.0,0.0,3,0,0.0,0.0,0.0,2,0.0,0.0,1899585,4
0,0.0,0.0,0.0,4,0,0.0,0.0,0.0,1,0.0,0.0,1899585,5
1,3.4922943115234375,3.4922943115234375,3.4922943115234375,6,0,0.0,0.0,0.0,4,1.7461471557617188,4.7113191425422665,1899585,6
0,0.0,0.0,0.0,6,0,0.0,0.0,0.0,4,0.0,0.0,1899585,7
1,1.8029308319091797,1.8029308319091797,1.8029308319091797,7,0,0.0,0.0,0.0,4,0.9014654159545898,1.8582508497530226,1899585,8
0,0.0,0.0,0.0,7,0,0.0,0.0,0.0,2,0.0,0.0,1899585,9
1,6.740917205810547,6.740917205810547,6.740917205810547,7,0,0.0,0.0,0.0,3,3.3704586029052734,13.143408001302173,1899585,10
1,2.152017593383789,2.152017593383789,2.152017593383789,6,0,0.0,0.0,0.0,3,1.0760087966918945,2.388243229478103,1899585,11
0,0.0,0.0,0.0,4,0,0.0,0.0,0.0,4,0.0,0.0,1899585,12
0,0.0,0.0,0.0,7,0,0.0,0.0,0.0,5,0.0,0.0,1899585,13
1,2.4912681579589844,2.4912681579589844,2.4912681579589844,7,0,0.0,0.0,0.0,3,1.2456340789794922,2.9602191530804913,1899585,14
1,4.013607025146484,4.013607025146484,4.013607025146484,6,0,0.0,0.0,0.0,2,2.006803512573242,5.3760277719067435,1899585,15
0,0.0,0.0,0.0,4,0,0.0,0.0,0.0,1,0.0,0.0,1899585,16
0,0.0,0.0,0.0,2,0,0.0,0.0,0.0,2,0.0,0.0,1899585,17
0,0.0,0.0,0.0,3,0,0.0,0.0,0.0,1,0.0,0.0,1899585,18
0,0.0,0.0,0.0,6,0,0.0,0.0,0.0,1,0.0,0.0,1899585,19
1,7.064535140991211,7.064535140991211,7.064535140991211,6,2,8.68910026550293,4.344550132751465,6.983419418334961,8,1.4916458129882812,16.851493458128882,1899585,20
0,0.0,0.0,0.0,3,0,0.0,0.0,0.0,4,0.0,0.0,1899585,21
0,0.0,0.0,0.0,3,0,0.0,0.0,0.0,4,0.0,0.0,1899585,22
0,0.0,0.0,0.0,5,1,1.2067337036132812,1.2067337036132812,1.2067337036132812,8,0.6033668518066406,1.033387936207423,1899585,23
0,0.0,0.0,0.0,4,0,0.0,0.0,0.0,6,0.0,0.0,1899585,24
0,0.0,0.0,0.0,4,0,0.0,0.0,0.0,5,0.0,0.0,1899585,25
0,0.0,0.0,0.0,3,0,0.0,0.0,0.0,5,0.0,0.0,1899585,26
0,0.0,0.0,0.0,3,1,3.3884429931640625,3.3884429931640625,3.3884429931640625,9,1.6942214965820312,5.095074509446086,1899585,27
0,0.0,0.0,0.0,4,1,6.7527923583984375,6.7527923583984375,6.7527923583984375,8,3.3763961791992188,13.153273897354586,1899585,28
1,4.180469512939453,4.180469512939453,4.180469512939453,7,0,0.0,0.0,0.0,6,2.0902347564697266,6.922341992370757,1899585,29
0,0.0,0.0,0.0,5,0,0.0,0.0,0.0,5,0.0,0.0,1899585,30
0,0.0,0.0,0.0,2,0,0.0,0.0,0.0,6,0.0,0.0,1899585,31
0,0.0,0.0,0.0,2,0,0.0,0.0,0.0,6,0.0,0.0,1899585,32
0,0.0,0.0,0.0,4,1,12.634239196777344,12.634239196777344,12.634239196777344,8,6.317119598388672,30.10629629160533,1899585,33
0,0.0,0.0,0.0,4,2,11.098054885864258,5.549027442932129,6.243072509765625,9,3.1215362548828125,14.192247022724752,1899585,34
0,0.0,0.0,0.0,5,0,0.0,0.0,0.0,5,0.0,0.0,1899585,35
1,3.871194839477539,3.871194839477539,3.871194839477539,6,1,0.6447391510009766,0.6447391510009766,0.6447391510009766,5,1.9355974197387695,15.572702511783257,1899585,36
0,0.0,0.0,0.0,4,0,0.0,0.0,0.0,2,0.0,0.0,1899585,37
0,0.0,0.0,0.0,5,0,0.0,0.0,0.0,1,0.0,0.0,1899585,38
1,7.74882698059082,7.74882698059082,7.74882698059082,7,0,0.0,0.0,0.0,4,3.87441349029541,15.64694968397133,1899585,39
0,0.0,0.0,0.0,8,0,0.0,0.0,0.0,3,0.0,0.0,1899585,40
1,4.751063346862793,4.751063346862793,4.751063346862793,9,0,0.0,0.0,0.0,3,2.3755316734313965,9.488361969909699,1899585,41
0,0.0,0.0,0.0,4,0,0.0,0.0,0.0,1,0.0,0.0,1899585,42
1,5.59968376159668,5.59968376159668,5.59968376159668,6,0,0.0,0.0,0.0,2,2.79984188079834,10.020795105261184,1899585,43
1,2.2856311798095703,2.2856311798095703,2.2856311798095703,7,0,0.0,0.0,0.0,2,1.1428155899047852,2.9082800084008964,1899585,44
0,0.0,0.0,0.0,5,0,0.0,0.0,0.0,3,0.0,0.0,1899585,45
0,0.0,0.0,0.0,6,0,0.0,0.0,0.0,2,0.0,0.0,1899585,46
0,0.0,0.0,0.0,4,0,0.0,0.0,0.0,2,0.0,0.0,1899585,47
0,0.0,0.0,0.0,4,0,0.0,0.0,0.0,3,0.0,0.0,1899585,48
1,4.1204833984375,4.1204833984375,4.1204833984375,6,0,0.0,0.0,0.0,5,2.06024169921875,6.426936064456873,1899585,49
1,2.268299102783203,2.268299102783203,2.268299102783203,8,1,2.2265987396240234,2.2265987396240234,2.2265987396240234,7,1.1341495513916016,9.246622434336988,1899585,50
1,3.675281524658203,3.675281524658203,3.675281524658203,5,1,1.8892650604248047,1.8892650604248047,1.8892650604248047,7,1.8376407623291016,13.642238434093258,1899585,51
0,0.0,0.0,0.0,3,0,0.0,0.0,0.0,5,0.0,0.0,1899585,52
0,0.0,0.0,0.0,7,0,0.0,0.0,0.0,8,0.0,0.0,1899585,53
0,0.0,0.0,0.0,4,0,0.0,0.0,0.0,3,0.0,0.0,1899585,54
1,0.7179145812988281,0.7179145812988281,0.7179145812988281,5,2,9.489053726196289,4.7445268630981445,5.103185653686523,9,2.5515928268432613,16.72095244804566,1899585,55
1,6.358554840087891,6.358554840087891,6.358554840087891,10,0,0.0,0.0,0.0,10,3.1792774200439453,12.14458565293924,1899585,56
0,0.0,0.0,0.0,3,0,0.0,0.0,0.0,7,0.0,0.0,1899585,57
0,0.0,0.0,0.0,1,0,0.0,0.0,0.0,6,0.0,0.0,1899585,58
0,0.0,0.0,0.0,2,0,0.0,0.0,0.0,4,0.0,0.0,1899585,59
0,0.0,0.0,0.0,2,0,0.0,0.0,0.0,7,0.0,0.0,1899585,60
0,0.0,0.0,0.0,4,0,0.0,0.0,0.0,2,0.0,0.0,1899585,61
0,0.0,0.0,0.0,2,0,0.0,0.0,0.0,5,0.0,0.0,1899585,62
0,0.0,0.0,0.0,2,1,1.577871322631836,1.577871322631836,1.577871322631836,7,0.788935661315918,1.6407131186337487,1899585,63
0,0.0,0.0,0.0,4,0,0.0,0.0,0.0,4,0.0,0.0,1899585,64
0,0.0,0.0,0.0,3,2,2.754701614379883,1.3773508071899414,1.7232322692871094,10,0.8616161346435547,2.0436419104798245,1899585,65
0,0.0,0.0,0.0,5,2,6.756870269775391,3.3784351348876953,5.867532730102539,10,2.9337663650512695,9.92895587684253,1899585,66
1,0.3722400665283203,0.3722400665283203,0.3722400665283203,6,2,9.746904373168945,4.873452186584473,6.413721084594727,10,3.206860542297363,19.932022463831128,1899585,67
0,0.0,0.0,0.0,6,0,0.0,0.0,0.0,4,0.0,0.0,1899585,68
0,0.0,0.0,0.0,9,0,0.0,0.0,0.0,4,0.0,0.0,1899585,69
1,4.263368606567383,4.263368606567383,4.263368606567383,8,0,0.0,0.0,0.0,5,2.1316843032836914,7.184351890657402,1899585,70
0,0.0,0.0,0.0,7,0,0.0,0.0,0.0,6,0.0,0.0,1899585,71
0,0.0,0.0,0.0,6,0,0.0,0.0,0.0,3,0.0,0.0,1899585,72
0,0.0,0.0,0.0,4,0,0.0,0.0,0.0,2,0.0,0.0,1899585,73
0,0.0,0.0,0.0,7,0,0.0,0.0,0.0,4,0.0,0.0,1899585,74
1,0.4455718994140625,0.4455718994140625,0.4455718994140625,7,0,0.0,0.0,0.0,1,0.22278594970703125,0.3051878748094903,1899585,75
1,4.000782012939453,4.000782012939453,4.000782012939453,5,0,0.0,0.0,0.0,3,2.0003910064697266,6.200550487447992,1899585,76
1,5.762790679931641,5.762790679931641,5.762790679931641,6,1,0.5194911956787109,0.5194911956787109,0.5194911956787109,6,2.8813953399658203,22.905540506676967,1899585,77
3,13.451641082763672,4.483880360921224,7.642423629760742,10,2,2.7515430450439453,1.3757715225219727,1.9365196228027344,8,3.821211814880371,27.22519238666928,1899585,78
2,5.643354415893555,2.8216772079467773,3.9334716796875,11,0,0.0,0.0,0.0,7,1.96673583984375,6.412166945669923,1899585,79
0,0.0,0.0,0.0,5,0,0.0,0.0,0.0,4,0.0,0.0,1899585,80
0,0.0,0.0,0.0,3,0,0.0,0.0,0.0,2,0.0,0.0,1899585,81
0,0.0,0.0,0.0,4,0,0.0,0.0,0.0,2,0.0,0.0,1899585,82
1,0.7975349426269531,0.7975349426269531,0.7975349426269531,7,0,0.0,0.0,0.0,3,0.39876747131347656,0.5084074945831963,1899585,83
1,3.7318687438964844,3.7318687438964844,3.7318687438964844,6,0,0.0,0.0,0.0,3,1.8659343719482422,5.473766612919835,1899585,84
0,0.0,0.0,0.0,5,0,0.0,0.0,0.0,1,0.0,0.0,1899585,85
0,0.0,0.0,0.0,3,0,0.0,0.0,0.0,2,0.0,0.0,1899585,86
1,3.852619171142578,3.852619171142578,3.852619171142578,9,0,0.0,0.0,0.0,6,1.926309585571289,6.374815144622033,1899585,87
0,0.0,0.0,0.0,5,0,0.0,0.0,0.0,6,0.0,0.0,1899585,88
0,0.0,0.0,0.0,3,1,9.203413009643555,9.203413009643555,9.203413009643555,10,4.601706504821777,19.331806318633443,1899585,89
1,0.11040878295898438,0.11040878295898438,0.11040878295898438,6,0,0.0,0.0,0.0,7,0.05520439147949219,0.0,1899585,90
1,7.866456985473633,7.866456985473633,7.866456985473633,10,1,2.3420772552490234,2.3420772552490234,2.3420772552490234,5,3.9332284927368164,28.97431580054853,1899585,91
1,0.8557186126708984,0.8557186126708984,0.8557186126708984,10,0,0.0,0.0,0.0,4,0.4278593063354492,0.6084729764476072,1899585,92
0,0.0,0.0,0.0,2,1,0.33843421936035156,0.33843421936035156,0.33843421936035156,7,0.16921710968017578,0.15553506509741125,1899585,93
0,0.0,0.0,0.0,7,0,0.0,0.0,0.0,3,0.0,0.0,1899585,94
0,0.0,0.0,0.0,7,1,2.955209732055664,2.955209732055664,2.955209732055664,5,1.477604866027832,3.9282207601797587,1899585,95
0,0.0,0.0,0.0,5,0,0.0,0.0,0.0,1,0.0,0.0,1899585,96
1,5.0166015625,5.0166015625,5.0166015625,5,1,2.0891799926757812,2.0891799926757812,2.0891799926757812,5,2.50830078125,12.516446448081316,1899585,97
2,4.019929885864258,2.009964942932129,3.950742721557617,7,2,4.69651985168457,2.348259925842285,2.6725540161132812,10,1.3362770080566406,8.923374341131353,1899585,98
1,4.267673492431641,4.267673492431641,4.267673492431641,6,2,2.663829803466797,1.3319149017333984,2.169301986694336,8,2.1338367462158203,15.254728230485366,1899585,99
1,0.37064552307128906,0.37064552307128906,0.37064552307128906,5,1,3.8114891052246094,3.8114891052246094,3.8114891052246094,6,1.9057445526123047,15.446508692460924,1899585,100
0,0.0,0.0,0.0,2,0,0.0,0.0,0.0,2,0.0,0.0,1899585,101
0,0.0,0.0,0.0,3,0,0.0,0.0,0.0,2,0.0,0.0,1899585,102
0,0.0,0.0,0.0,5,0,0.0,0.0,0.0,4,0.0,0.0,1899585,103
0,0.0,0.0,0.0,4,0,0.0,0.0,0.0,4,0.0,0.0,1899585,104
1,6.602268218994141,6.602268218994141,6.602268218994141,8,0,0.0,0.0,0.0,3,3.3011341094970703,12.166383217628299,1899585,105
1,4.2479248046875,4.2479248046875,4.2479248046875,5,2,3.2880659103393555,1.6440329551696777,2.5713539123535156,9,2.12396240234375,9.402582582095267,1899585,106
1,0.6484584808349609,0.6484584808349609,0.6484584808349609,7,2,1.0468711853027344,0.5234355926513672,0.7033920288085938,9,0.3516960144042968,0.8858993661193504,1899585,107
1,4.216119766235352,4.216119766235352,4.216119766235352,6,2,5.103689193725586,2.551844596862793,4.866481781005859,10,2.4332408905029292,15.463382128814875,1899585,108
0,0.0,0.0,0.0,3,1,2.2337493896484375,2.2337493896484375,2.2337493896484375,8,1.1168746948242188,2.4453507884159684,1899585,109
0,0.0,0.0,0.0,5,1,11.567907333374023,11.567907333374023,11.567907333374023,8,5.783953666687012,28.36841092611109,1899585,110
0,0.0,0.0,0.0,4,1,0.24628257751464844,0.24628257751464844,0.24628257751464844,6,0.12314128875732422,0.0008807414161561431,1899585,111
0,0.0,0.0,0.0,2,0,0.0,0.0,0.0,5,0.0,0.0,1899585,112
0,0.0,0.0,0.0,3,0,0.0,0.0,0.0,8,0.0,0.0,1899585,113
2,3.777528762817383,1.8887643814086914,3.1650772094726562,9,1,1.2299747467041016,1.2299747467041016,1.2299747467041016,9,1.1983184814453125,6.741587139781487,1899585,114
0,0.0,0.0,0.0,5,0,0.0,0.0,0.0,3,0.0,0.0,1899585,115
0,0.0,0.0,0.0,3,2,2.734546661376953,1.3672733306884766,2.2422618865966797,8,1.1211309432983398,2.765818952142062,1899585,116
0,0.0,0.0,0.0,2,0,0.0,0.0,0.0,5,0.0,0.0,1899585,117
0,0.0,0.0,0.0,1,0,0.0,0.0,0.0,4,0.0,0.0,1899585,118
0,0.0,0.0,0.0,2,0,0.0,0.0,0.0,2,0.0,0.0,1899585,119
0,0.0,0.0,0.0,2,0,0.0,0.0,0.0,3,0.0,0.0,1899585,120
0,0.0,0.0,0.0,4,1,2.3898258209228516,2.3898258209228516,2.3898258209228516,7,1.1949129104614258,2.812669382187655,1899585,121
0,0.0,0.0,0.0,2,1,1.0894451141357422,1.0894451141357422,1.0894451141357422,7,0.5447225570678711,1.127714833079469,1899585,122
1,4.468164443969727,4.468164443969727,4.468164443969727,5,0,0.0,0.0,0.0,2,2.2340822219848633,7.418455749766289,1899585,123
2,8.111104965209961,4.0555524826049805,6.531795501708984,8,0,0.0,0.0,0.0,4,3.265897750854492,12.143993694389868,1899585,124
0,0.0,0.0,0.0,7,0,0.0,0.0,0.0,4,0.0,0.0,1899585,125
0,0.0,0.0,0.0,5,0,0.0,0.0,0.0,3,0.0,0.0,1899585,126
0,0.0,0.0,0.0,6,1,0.3782920837402344,0.3782920837402344,0.3782920837402344,9,0.1891460418701172,0.13301094461331456,1899585,127
1,0.9488410949707031,0.9488410949707031,0.9488410949707031,5,0,0.0,0.0,0.0,4,0.47442054748535156,0.7394312643700598,1899585,128
1,4.262580871582031,4.262580871582031,4.262580871582031,6,0,0.0,0.0,0.0,5,2.1312904357910156,6.4345284386464465,1899585,129
2,2.935811996459961,1.4679059982299805,1.8270797729492188,9,1,1.6705570220947266,1.6705570220947266,1.6705570220947266,7,0.554366111755371,2.1376740850170646,1899585,130
0,0.0,0.0,0.0,6,1,6.567617416381836,6.567617416381836,6.567617416381836,10,3.283808708190918,11.55847794921715,1899585,131
0,0.0,0.0,0.0,4,1,6.8023834228515625,6.8023834228515625,6.8023834228515625,8,3.4011917114257812,12.080204327329119,1899585,132
0,0.0,0.0,0.0,4,2,5.093559265136719,2.5467796325683594,5.055366516113281,9,2.5276832580566406,8.301288669335863,1899585,133
0,0.0,0.0,0.0,5,0,0.0,0.0,0.0,3,0.0,0.0,1899585,134
2,7.989795684814453,3.9948978424072266,4.615640640258789,8,0,0.0,0.0,0.0,2,2.3078203201293945,8.716365843753964,1899585,135
0,0.0,0.0,0.0,8,1,1.1088676452636719,1.1088676452636719,1.1088676452636719,6,0.5544338226318359,0.9404003654370302,1899585,136
0,0.0,0.0,0.0,6,1,3.8721256256103516,3.8721256256103516,3.8721256256103516,9,1.9360628128051758,5.563932277747299,1899585,137
2,4.740001678466797,2.3700008392333984,3.913646697998047,7,1,9.10432243347168,9.10432243347168,9.10432243347168,7,2.954544067382812,25.459722524697717,1899585,138
0,0.0,0.0,0.0,7,0,0.0,0.0,0.0,4,0.0,0.0,1899585,139
0,0.0,0.0,0.0,6,0,0.0,0.0,0.0,3,0.0,0.0,1899585,140
1,1.7997074127197266,1.7997074127197266,1.7997074127197266,6,0,0.0,0.0,0.0,7,0.8998537063598633,1.7987253345871888,1899585,141
1,2.135557174682617,2.135557174682617,2.135557174682617,7,3,1.8453121185302734,0.6151040395100912,1.0314140319824219,8,1.0677785873413084,4.965979026594855,1899585,142
0,0.0,0.0,0.0,4,0,0.0,0.0,0.0,5,0.0,0.0,1899585,143
1,4.34930419921875,4.34930419921875,4.34930419921875,8,1,6.2030792236328125,6.2030792236328125,6.2030792236328125,6,3.1015396118164062,17.83161615169601,1899585,144
1,2.134012222290039,2.134012222290039,2.134012222290039,6,1,6.42724609375,6.42724609375,6.42724609375,8,3.213623046875,25.105692712516248,1899585,145
1,6.80402946472168,6.80402946472168,6.80402946472168,8,3,6.912082672119141,2.304027557373047,3.174774169921875,9,3.030544281005859,16.703718108344155,1899585,146
1,3.58001708984375,3.58001708984375,3.58001708984375,9,1,0.49283409118652344,0.49283409118652344,0.49283409118652344,9,1.790008544921875,11.439024564205141,1899585,147
0,0.0,0.0,0.0,7,1,7.046003341674805,7.046003341674805,7.046003341674805,7,3.5230016708374023,14.673208960302448,1899585,148
1,7.025671005249023,7.025671005249023,7.025671005249023,9,0,0.0,0.0,0.0,4,3.5128355026245117,13.256269146183248,1899585,149
0,0.0,0.0,0.0,5,0,0.0,0.0,0.0,8,0.0,0.0,1886347,0
1,4.335287094116211,4.335287094116211,4.335287094116211,8,0,0.0,0.0,0.0,3,2.1676435470581055,6.6945391295350305,1886347,1
1,0.7697315216064453,0.7697315216064453,0.7697315216064453,10,1,5.4868927001953125,5.4868927001953125,5.4868927001953125,5,2.7434463500976562,15.622958361824855,1886347,2
0,0.0,0.0,0.0,8,0,0.0,0.0,0.0,5,0.0,0.0,1886347,3
2,11.339557647705078,5.669778823852539,7.369558334350586,9,3,7.134212493896484,2.378070831298828,3.6333560943603516,9,1.984999656677246,19.50954082387312,1886347,4
0,0.0,0.0,0.0,5,0,0.0,0.0,0.0,5,0.0,0.0,1886347,5
1,3.3161792755126953,3.3161792755126953,3.3161792755126953,8,0,0.0,0.0,0.0,3,1.6580896377563477,4.825145329074624,1886347,6
0,0.0,0.0,0.0,6,0,0.0,0.0,0.0,3,0.0,0.0,1886347,7
0,0.0,0.0,0.0,2,1,5.82545280456543,5.82545280456543,5.82545280456543,7,2.912726402282715,10.554236447740148,1886347,8
0,0.0,0.0,0.0,3,0,0.0,0.0,0.0,4,0.0,0.0,1886347,9
0,0.0,0.0,0.0,2,0,0.0,0.0,0.0,5,0.0,0.0,1886347,10
0,0.0,0.0,0.0,2,1,3.032785415649414,3.032785415649414,3.032785415649414,7,1.516392707824707,4.328153074371334,1886347,11
1,3.1905784606933594,3.1905784606933594,3.1905784606933594,6,1,0.15180015563964844,0.15180015563964844,0.15180015563964844,9,1.5952892303466797,12.95290384800665,1886347,12
0,0.0,0.0,0.0,3,0,0.0,0.0,0.0,6,0.0,0.0,1886347,13
0,0.0,0.0,0.0,3,0,0.0,0.0,0.0,6,0.0,0.0,1886347,14
0,0.0,0.0,0.0,4,0,0.0,0.0,0.0,4,0.0,0.0,1886347,15
0,0.0,0.0,0.0,3,2,4.706478118896484,2.353239059448242,3.3989028930664062,7,1.6994514465332031,5.070912757885062,1886347,16
0,0.0,0.0,0.0,2,1,3.5988616943359375,3.5988616943359375,3.5988616943359375,7,1.7994308471679688,5.5405581635229835,1886347,17
0,0.0,0.0,0.0,3,0,0.0,0.0,0.0,8,0.0,0.0,1886347,18
0,0.0,0.0,0.0,3,0,0.0,0.0,0.0,7,0.0,0.0,1886347,19
0,0.0,0.0,0.0,4,1,2.7606735229492188,2.7606735229492188,2.7606735229492188,7,1.3803367614746094,3.6647404306778495,1886347,20
0,0.0,0.0,0.0,3,0,0.0,0.0,0.0,6,0.0,0.0,1886347,21
0,0.0,0.0,0.0,6,2,3.833820343017578,1.916910171508789,3.524066925048828,7,1.762033462524414,4.474707819955021,1886347,22
0,0.0,0.0,0.0,5,1,5.403404235839844,5.403404235839844,5.403404235839844,6,2.701702117919922,9.686129336846344,1886347,23
0,0.0,0.0,0.0,2,0,0.0,0.0,0.0,6,0.0,0.0,1886347,24
0,0.0,0.0,0.0,2,1,2.201436996459961,2.201436996459961,2.201436996459961,10,1.1007184982299805,3.064593572832539,1886347,25
0,0.0,0.0,0.0,3,0,0.0,0.0,0.0,2,0.0,0.0,1886347,26
0,0.0,0.0,0.0,3,0,0.0,0.0,0.0,4,0.0,0.0,1886347,27
0,0.0,0.0,0.0,2,0,0.0,0.0,0.0,6,0.0,0.0,1886347,28
0,0.0,0.0,0.0,2,1,5.146757125854492,5.146757125854492,5.146757125854492,6,2.573378562927246,8.800591931153226,1886347,29
0,0.0,0.0,0.0,6,0,0.0,0.0,0.0,2,0.0,0.0,1886347,30
1,2.8939361572265625,2.8939361572265625,2.8939361572265625,9,0,0.0,0.0,0.0,2,1.4469680786132812,3.8542231521159396,1886347,31
0,0.0,0.0,0.0,8,0,0.0,0.0,0.0,2,0.0,0.0,1886347,32
2,4.073301315307617,2.0366506576538086,2.305023193359375,9,0,0.0,0.0,0.0,2,1.1525115966796875,3.339482859800961,1886347,33
1,3.6084938049316406,3.6084938049316406,3.6084938049316406,9,0,0.0,0.0,0.0,3,1.8042469024658203,5.549476715138964,1886347,34
1,1.4438800811767578,1.4438800811767578,1.4438800811767578,6,0,0.0,0.0,0.0,6,0.7219400405883789,1.426172557543929,1886347,35
0,0.0,0.0,0.0,4,1,4.965702056884766,4.965702056884766,4.965702056884766,8,2.482851028442383,8.734347991507548,1886347,36
0,0.0,0.0,0.0,8,2,4.350547790527344,2.175273895263672,2.350025177001953,8,1.1750125885009766,3.6593014172127205,1886347,37
0,0.0,0.0,0.0,3,1,0.48899269104003906,0.48899269104003906,0.48899269104003906,6,0.24449634552001953,0.28584814821641863,1886347,38
0,0.0,0.0,0.0,4,1,5.442758560180664,5.442758560180664,5.442758560180664,6,2.721379280090332,9.52305271364127,1886347,39
0,0.0,0.0,0.0,5,0,0.0,0.0,0.0,4,0.0,0.0,1886347,40
1,7.075525283813477,7.075525283813477,7.075525283813477,6,2,15.886066436767578,7.943033218383789,15.643089294433594,9,5.696821212768555,49.61754030331354,1886347,41
0,0.0,0.0,0.0,3,0,0.0,0.0,0.0,4,0.0,0.0,1886347,42
0,0.0,0.0,0.0,3,0,0.0,0.0,0.0,4,0.0,0.0,1886347,43
0,0.0,0.0,0.0,3,0,0.0,0.0,0.0,4,0.0,0.0,1886347,44
1,7.140687942504883,7.140687942504883,7.140687942504883,7,0,0.0,0.0,0.0,5,3.5703439712524414,13.55810677210567,1886347,45
0,0.0,0.0,0.0,3,0,0.0,0.0,0.0,4,0.0,0.0,1886347,46
0,0.0,0.0,0.0,3,0,0.0,0.0,0.0,7,0.0,0.0,1886347,47
1,1.2912139892578125,1.2912139892578125,1.2912139892578125,7,1,2.4019508361816406,2.4019508361816406,2.4019508361816406,8,1.2009754180908203,8.986104154696346,1886347,48
0,0.0,0.0,0.0,4,1,6.159767150878906,6.159767150878906,6.159767150878906,7,3.079883575439453,12.022034365606503,1886347,49
0,0.0,0.0,0.0,3,0,0.0,0.0,0.0,4,0.0,0.0,1886347,50
0,0.0,0.0,0.0,5,0,0.0,0.0,0.0,4,0.0,0.0,1886347,51
0,0.0,0.0,0.0,4,0,0.0,0.0,0.0,4,0.0,0.0,1886347,52
0,0.0,0.0,0.0,5,0,0.0,0.0,0.0,3,0.0,0.0,1886347,53
1,8.447515487670898,8.447515487670898,8.447515487670898,7,0,0.0,0.0,0.0,2,4.223757743835449,17.930205870497037,1886347,54
1,8.346267700195312,8.346267700195312,8.346267700195312,7,0,0.0,0.0,0.0,5,4.173133850097656,17.576541536456265,1886347,55
1,5.603368759155273,5.603368759155273,5.603368759155273,6,0,0.0,0.0,0.0,3,2.8016843795776367,9.757349309203907,1886347,56
1,0.48387718200683594,0.48387718200683594,0.48387718200683594,8,0,0.0,0.0,0.0,2,0.24193859100341797,0.32347247892964387,1886347,57
0,0.0,0.0,0.0,5,0,0.0,0.0,0.0,3,0.0,0.0,1886347,58
0,0.0,0.0,0.0,5,2,2.853261947631836,1.426630973815918,1.9330329895019531,7,0.9665164947509766,2.107660808116847,1886347,59
0,0.0,0.0,0.0,7,1,3.6244735717773438,3.6244735717773438,3.6244735717773438,7,1.8122367858886719,4.895786049007034,1886347,60
1,0.9910755157470703,0.9910755157470703,0.9910755157470703,7,1,4.958728790283203,4.958728790283203,4.958728790283203,9,2.4793643951416016,19.753411017991123,1886347,61
0,0.0,0.0,0.0,6,1,5.257490158081055,5.257490158081055,5.257490158081055,8,2.6287450790405273,9.426442995500523,1886347,62
0,0.0,0.0,0.0,3,2,3.0295143127441406,1.5147571563720703,2.871227264404297,8,1.4356136322021484,3.9623042679079825,1886347,63
1,5.610883712768555,5.610883712768555,5.610883712768555,7,0,0.0,0.0,0.0,7,2.8054418563842773,10.026797068340374,1886347,64
1,6.225950241088867,6.225950241088867,6.225950241088867,7,0,0.0,0.0,0.0,4,3.1129751205444336,11.44817490410358,1886347,65
0,0.0,0.0,0.0,3,0,0.0,0.0,0.0,3,0.0,0.0,1886347,66
0,0.0,0.0,0.0,2,2,2.619701385498047,1.3098506927490234,2.05023193359375,8,1.025115966796875,2.3904672631816593,1886347,67
0,0.0,0.0,0.0,3,0,0.0,0.0,0.0,6,0.0,0.0,1886347,68
0,0.0,0.0,0.0,3,1,0.9206314086914062,0.9206314086914062,0.9206314086914062,5,0.4603157043457031,0.7213375019762452,1886347,69
0,0.0,0.0,0.0,5,1,1.7830352783203125,1.7830352783203125,1.7830352783203125,6,0.8915176391601562,1.860281669036175,1886347,70
0,0.0,0.0,0.0,3,0,0.0,0.0,0.0,5,0.0,0.0,1886347,71
0,0.0,0.0,0.0,2,0,0.0,0.0,0.0,2,0.0,0.0,1886347,72
0,0.0,0.0,0.0,2,0,0.0,0.0,0.0,3,0.0,0.0,1886347,73
1,2.7068119049072266,2.7068119049072266,2.7068119049072266,6,0,0.0,0.0,0.0,3,1.3534059524536133,3.144535618255829,1886347,74
1,3.445636749267578,3.445636749267578,3.445636749267578,9,0,0.0,0.0,0.0,5,1.722818374633789,5.508753261379918,1886347,75
1,3.0267372131347656,3.0267372131347656,3.0267372131347656,7,0,0.0,0.0,0.0,4,1.5133686065673828,4.017090854832034,1886347,76
0,0.0,0.0,0.0,5,0,0.0,0.0,0.0,4,0.0,0.0,1886347,77
0,0.0,0.0,0.0,7,0,0.0,0.0,0.0,2,0.0,0.0,1886347,78
0,0.0,0.0,0.0,6,0,0.0,0.0,0.0,3,0.0,0.0,1886347,79
1,2.9657764434814453,2.9657764434814453,2.9657764434814453,5,1,5.237897872924805,5.237897872924805,5.237897872924805,6,2.6189489364624023,17.926063119534714,1886347,80
2,4.29920768737793,2.149603843688965,4.233905792236328,8,0,0.0,0.0,0.0,5,2.116952896118164,7.1252761393463695,1886347,81
3,9.683046340942383,3.227682113647461,6.396047592163086,10,1,0.9736309051513672,0.9736309051513672,0.9736309051513672,6,3.1643428802490234,26.6426972199954,1886347,82
1,3.8611412048339844,3.8611412048339844,3.8611412048339844,7,1,0.8050994873046875,0.8050994873046875,0.8050994873046875,7,1.9305706024169922,15.48188820337653,1886347,83
0,0.0,0.0,0.0,4,0,0.0,0.0,0.0,6,0.0,0.0,1886347,84
0,0.0,0.0,0.0,9,0,0.0,0.0,0.0,2,0.0,0.0,1886347,85
1,2.023691177368164,2.023691177368164,2.023691177368164,8,0,0.0,0.0,0.0,3,1.011845588684082,2.510116919715782,1886347,86
1,0.057781219482421875,0.057781219482421875,0.057781219482421875,8,0,0.0,0.0,0.0,2,0.028890609741210938,0.0,1886347,87
0,0.0,0.0,0.0,5,0,0.0,0.0,0.0,3,0.0,0.0,1886347,88
0,0.0,0.0,0.0,3,1,0.8800544738769531,0.8800544738769531,0.8800544738769531,10,0.44002723693847656,0.7716531269478814,1886347,89
0,0.0,0.0,0.0,4,1,0.21852684020996094,0.21852684020996094,0.21852684020996094,7,0.10926342010498047,0.0,1886347,90
1,4.907472610473633,4.907472610473633,4.907472610473633,7,0,0.0,0.0,0.0,3,2.4537363052368164,8.513926000363636,1886347,91
2,7.672332763671875,3.8361663818359375,3.962553024291992,9,0,0.0,0.0,0.0,6,1.981276512145996,8.220610186656447,1886347,92
1,9.792407989501953,9.792407989501953,9.792407989501953,7,1,0.7760963439941406,0.7760963439941406,0.7760963439941406,5,4.896203994750977,33.31528456774671,1886347,93
0,0.0,0.0,0.0,3,0,0.0,0.0,0.0,3,0.0,0.0,1886347,94
0,0.0,0.0,0.0,5,0,0.0,0.0,0.0,2,0.0,0.0,1886347,95
0,0.0,0.0,0.0,8,0,0.0,0.0,0.0,9,0.0,0.0,1886347,96
0,0.0,0.0,0.0,7,2,7.626058578491211,3.8130292892456055,6.641456604003906,10,3.320728302001953,13.710276173375417,1886347,97
1,2.7021408081054688,2.7021408081054688,2.7021408081054688,6,1,6.871955871582031,6.871955871582031,6.871955871582031,8,3.4359779357910156,23.87285735764399,1886347,98
0,0.0,0.0,0.0,3,0,0.0,0.0,0.0,3,0.0,0.0,1886347,99
0,0.0,0.0,0.0,4,0,0.0,0.0,0.0,2,0.0,0.0,1886347,100
2,8.660106658935547,4.330053329467773,5.409391403198242,8,0,0.0,0.0,0.0,7,2.704695701599121,9.83764518779529,1886347,101
1,5.0445556640625,5.0445556640625,5.0445556640625,9,0,0.0,0.0,0.0,4,2.52227783203125,8.829524117051973,1886347,102
0,0.0,0.0,0.0,3,0,0.0,0.0,0.0,3,0.0,0.0,1886347,103
3,13.096946716308594,4.365648905436198,4.52934455871582,10,1,4.152620315551758,4.152620315551758,4.152620315551758,6,2.2646722793579097,22.72254930295997,1886347,104
2,3.777769088745117,1.8888845443725586,2.6347484588623047,10,0,0.0,0.0,0.0,3,1.3173742294311523,3.653796099754253,1886347,105
0,0.0,0.0,0.0,8,0,0.0,0.0,0.0,6,0.0,0.0,1886347,106
0,0.0,0.0,0.0,5,0,0.0,0.0,0.0,2,0.0,0.0,1886347,107
0,0.0,0.0,0.0,4,1,9.86775016784668,9.86775016784668,9.86775016784668,7,4.93387508392334,21.25638564478322,1886347,108
1,3.679330825805664,3.679330825805664,3.679330825805664,7,0,0.0,0.0,0.0,5,1.839665412902832,5.358216301909906,1886347,109
2,4.0811004638671875,2.0405502319335938,2.280200958251953,8,0,0.0,0.0,0.0,5,1.1401004791259766,3.1261922689690382,1886347,110
0,0.0,0.0,0.0,7,0,0.0,0.0,0.0,6,0.0,0.0,1886347,111
0,0.0,0.0,0.0,5,0,0.0,0.0,0.0,3,0.0,0.0,1886347,112
0,0.0,0.0,0.0,6,0,0.0,0.0,0.0,3,0.0,0.0,1886347,113
3,6.34498405456543,2.114994684855143,4.256082534790039,9,0,0.0,0.0,0.0,7,2.1280412673950195,7.258538279551084,1886347,114
1,7.496545791625977,7.496545791625977,7.496545791625977,7,0,0.0,0.0,0.0,4,3.7482728958129883,15.215356002419467,1886347,115
1,4.773031234741211,4.773031234741211,4.773031234741211,6,1,1.190521240234375,1.190521240234375,1.190521240234375,5,2.3865156173706055,15.853223148081057,1886347,116
0,0.0,0.0,0.0,3,0,0.0,0.0,0.0,1,0.0,0.0,1886347,117
0,0.0,0.0,0.0,3,0,0.0,0.0,0.0,2,0.0,0.0,1886347,118
0,0.0,0.0,0.0,3,0,0.0,0.0,0.0,2,0.0,0.0,1886347,119
0,0.0,0.0,0.0,5,0,0.0,0.0,0.0,1,0.0,0.0,1886347,120
0,0.0,0.0,0.0,5,0,0.0,0.0,0.0,1,0.0,0.0,1886347,121
1,4.1474456787109375,4.1474456787109375,4.1474456787109375,8,0,0.0,0.0,0.0,3,2.0737228393554688,6.874584445056613,1886347,122
3,8.3858642578125,2.7952880859375,5.56721305847168,11,0,0.0,0.0,0.0,3,2.7836065292358394,11.804216313004066,1886347,123
2,10.767145156860352,5.383572578430176,8.556053161621094,9,0,0.0,0.0,0.0,2,4.278026580810547,19.633229766188336,1886347,124
1,0.02850341796875,0.02850341796875,0.02850341796875,7,0,0.0,0.0,0.0,3,0.014251708984375,0.0,1886347,125
0,0.0,0.0,0.0,7,0,0.0,0.0,0.0,4,0.0,0.0,1886347,126
0,0.0,0.0,0.0,7,2,7.867778778076172,3.933889389038086,6.157453536987305,8,3.0787267684936523,11.347298304616114,1886347,127
1,5.011068344116211,5.011068344116211,5.011068344116211,6,1,4.802425384521484,4.802425384521484,4.802425384521484,7,0.4305744171142578,4.508375020130372,1886347,128
0,0.0,0.0,0.0,4,0,0.0,0.0,0.0,4,0.0,0.0,1886347,129
2,9.088510513305664,4.544255256652832,6.633081436157227,9,0,0.0,0.0,0.0,5,3.3165407180786133,13.19630225558858,1886347,130
2,3.3960952758789062,1.6980476379394531,2.0280017852783203,9,1,2.394163131713867,2.394163131713867,2.394163131713867,6,1.0140008926391602,5.558857354987528,1886347,131
1,2.774791717529297,2.774791717529297,2.774791717529297,9,0,0.0,0.0,0.0,4,1.3873958587646484,3.6375819080763767,1886347,132
0,0.0,0.0,0.0,7,0,0.0,0.0,0.0,2,0.0,0.0,1886347,133
2,3.264188766479492,1.632094383239746,2.426116943359375,9,0,0.0,0.0,0.0,3,1.2130584716796875,3.1175164636441512,1886347,134
1,1.9108333587646484,1.9108333587646484,1.9108333587646484,7,0,0.0,0.0,0.0,4,0.9554166793823242,2.0055462503542714,1886347,135
0,0.0,0.0,0.0,4,0,0.0,0.0,0.0,2,0.0,0.0,1886347,136
0,0.0,0.0,0.0,4,0,0.0,0.0,0.0,1,0.0,0.0,1886347,137
0,0.0,0.0,0.0,5,0,0.0,0.0,0.0,2,0.0,0.0,1886347,138
0,0.0,0.0,0.0,3,0,0.0,0.0,0.0,1,0.0,0.0,1886347,139
0,0.0,0.0,0.0,4,0,0.0,0.0,0.0,1,0.0,0.0,1886347,140
0,0.0,0.0,0.0,5,0,0.0,0.0,0.0,1,0.0,0.0,1886347,141
0,0.0,0.0,0.0,7,1,3.478700637817383,3.478700637817383,3.478700637817383,8,1.7393503189086914,4.614035021011337,1886347,142
0,0.0,0.0,0.0,5,0,0.0,0.0,0.0,5,0.0,0.0,1886347,143
1,11.31564712524414,11.31564712524414,11.31564712524414,8,0,0.0,0.0,0.0,3,5.65782356262207,27.009755657158426,1886347,144
1,3.886503219604492,3.886503219604492,3.886503219604492,10,0,0.0,0.0,0.0,5,1.943251609802246,6.551179168396499,1886347,145
1,5.097736358642578,5.097736358642578,5.097736358642578,5,0,0.0,0.0,0.0,1,2.548868179321289,8.271544274717881,1886347,146
0,0.0,0.0,0.0,7,1,0.94140625,0.94140625,0.94140625,5,0.470703125,0.6582032250855697,1886347,147
0,0.0,0.0,0.0,4,0,0.0,0.0,0.0,3,0.0,0.0,1886347,148
0,0.0,0.0,0.0,7,0,0.0,0.0,0.0,2,0.0,0.0,1886347,149
