frame_idx,match_id,scale,cutoff,method,n_clusters,h0,h1,mean_persistence,max_persistence,chaining_ratio
0,1996435,individual,2.75,single,20,20,3,1.245994249979655,2.033707618713379,1.0
0,1996435,individual,2.75,complete,20,20,3,1.245994249979655,2.033707618713379,1.0
0,1996435,individual,2.75,ward,20,20,3,1.245994249979655,2.033707618713379,1.0
0,1996435,tactical,11.75,single,4,4,0,0.0,0.0,19.0
0,1996435,tactical,11.75,complete,11,11,2,1.2025880813598633,2.058837890625,1.3333333333333333
0,1996435,tactical,11.75,ward,11,11,2,1.496077537536621,2.6458168029785156,1.0
0,1996435,team,23.0,single,1,1,0,0.0,0.0,22.0
0,1996435,team,23.0,complete,6,6,1,0.0047054290771484375,0.0047054290771484375,1.0
0,1996435,team,23.0,ward,7,7,1,0.9511985778808594,0.9511985778808594,1.0
1,1996435,individual,2.75,single,18,18,3,1.2587839762369792,2.6809287071228027,1.0
1,1996435,individual,2.75,complete,18,18,3,1.2587839762369792,2.6809287071228027,1.0
1,1996435,individual,2.75,ward,18,18,3,1.2587839762369792,2.6809287071228027,1.0
1,1996435,tactical,11.75,single,3,3,0,0.0,0.0,20.0
1,1996435,tactical,11.75,complete,8,8,0,0.0,0.0,1.25
1,1996435,tactical,11.75,ward,8,8,0,0.0,0.0,1.25
1,1996435,team,23.0,single,2,2,0,0.0,0.0,21.0
1,1996435,team,23.0,complete,4,4,0,0.0,0.0,2.3333333333333335
1,1996435,team,23.0,ward,5,5,0,0.0,0.0,1.125
2,1996435,individual,2.75,single,20,20,4,3.789189577102661,4.9868316650390625,1.0
2,1996435,individual,2.75,complete,20,20,4,3.789189577102661,4.9868316650390625,1.0
2,1996435,individual,2.75,ward,20,20,4,3.789189577102661,4.9868316650390625,1.0
2,1996435,tactical,11.75,single,6,6,0,0.0,0.0,2.4
2,1996435,tactical,11.75,complete,12,12,2,3.1364240646362305,4.947772979736328,1.3333333333333333
2,1996435,tactical,11.75,ward,13,13,3,2.8682355880737305,4.947772979736328,1.5
2,1996435,team,23.0,single,2,2,0,0.0,0.0,21.0
2,1996435,team,23.0,complete,7,7,1,2.692380905151367,2.692380905151367,1.5
2,1996435,team,23.0,ward,8,8,1,2.692380905151367,2.692380905151367,1.0
3,1996435,individual,2.75,single,20,20,5,2.7128580093383787,8.463507652282715,1.0
3,1996435,individual,2.75,complete,20,20,5,2.7128580093383787,8.463507652282715,1.0
3,1996435,individual,2.75,ward,20,20,5,2.7128580093383787,8.463507652282715,1.0
3,1996435,tactical,11.75,single,3,3,0,0.0,0.0,20.0
3,1996435,tactical,11.75,complete,11,11,2,3.506924629211426,6.433534622192383,1.3333333333333333
3,1996435,tactical,11.75,ward,10,10,2,2.4359893798828125,4.291664123535156,1.3333333333333333
3,1996435,team,23.0,single,2,2,0,0.0,0.0,21.0
3,1996435,team,23.0,complete,6,6,0,0.0,0.0,1.2
3,1996435,team,23.0,ward,7,7,1,5.550985336303711,5.550985336303711,1.2
4,1996435,individual,2.75,single,19,19,4,1.306396245956421,2.2441225051879883,1.0
4,1996435,individual,2.75,complete,19,19,4,1.306396245956421,2.2441225051879883,1.0
4,1996435,individual,2.75,ward,19,19,4,1.306396245956421,2.2441225051879883,1.0
4,1996435,tactical,11.75,single,4,4,0,0.0,0.0,19.0
4,1996435,tactical,11.75,complete,10,10,1,6.80654239654541,6.80654239654541,1.3333333333333333
4,1996435,tactical,11.75,ward,11,11,1,4.948225021362305,4.948225021362305,1.3333333333333333
4,1996435,team,23.0,single,2,2,0,0.0,0.0,21.0
4,1996435,team,23.0,complete,6,6,0,0.0,0.0,1.3333333333333333
4,1996435,team,23.0,ward,7,7,0,0.0,0.0,1.6
5,1996435,individual,2.75,single,20,20,5,1.0413086891174317,2.9309005737304688,1.0
5,1996435,individual,2.75,complete,20,20,5,1.0413086891174317,2.9309005737304688,1.0
5,1996435,individual,2.75,ward,20,20,5,1.0413086891174317,2.9309005737304688,1.0
5,1996435,tactical,11.75,single,2,2,0,0.0,0.0,21.0
5,1996435,tactical,11.75,complete,10,10,1,0.2008037567138672,0.2008037567138672,1.3333333333333333
5,1996435,tactical,11.75,ward,10,10,1,0.2008037567138672,0.2008037567138672,1.3333333333333333
5,1996435,team,23.0,single,2,2,0,0.0,0.0,21.0
5,1996435,team,23.0,complete,5,5,0,0.0,0.0,2.0
5,1996435,team,23.0,ward,5,5,0,0.0,0.0,1.8
6,1996435,individual,2.75,single,19,19,1,2.4657201766967773,2.4657201766967773,1.0
6,1996435,individual,2.75,complete,19,19,1,2.4657201766967773,2.4657201766967773,1.0
6,1996435,individual,2.75,ward,19,19,1,2.4657201766967773,2.4657201766967773,1.0
6,1996435,tactical,11.75,single,6,6,0,0.0,0.0,17.0
6,1996435,tactical,11.75,complete,12,12,0,0.0,0.0,3.5
6,1996435,tactical,11.75,ward,12,12,1,0.11623573303222656,0.11623573303222656,1.3333333333333333
6,1996435,team,23.0,single,2,2,0,0.0,0.0,21.0
6,1996435,team,23.0,complete,6,6,0,0.0,0.0,4.0
6,1996435,team,23.0,ward,7,7,0,0.0,0.0,3.0
7,1996435,individual,2.75,single,18,18,0,0.0,0.0,1.5
7,1996435,individual,2.75,complete,19,19,0,0.0,0.0,1.0
7,1996435,individual,2.75,ward,19,19,0,0.0,0.0,1.0
7,1996435,tactical,11.75,single,4,4,0,0.0,0.0,19.0
7,1996435,tactical,11.75,complete,8,8,0,0.0,0.0,1.0
7,1996435,tactical,11.75,ward,10,10,0,0.0,0.0,1.25
7,1996435,team,23.0,single,2,2,0,0.0,0.0,21.0
7,1996435,team,23.0,complete,6,6,0,0.0,0.0,1.6666666666666667
7,1996435,team,23.0,ward,7,7,0,0.0,0.0,1.2
8,1996435,individual,2.75,single,16,16,1,2.1068577766418457,2.1068577766418457,1.0
8,1996435,individual,2.75,complete,16,16,1,2.1068577766418457,2.1068577766418457,1.0
8,1996435,individual,2.75,ward,16,16,1,2.1068577766418457,2.1068577766418457,1.0
8,1996435,tactical,11.75,single,4,4,0,0.0,0.0,19.0
8,1996435,tactical,11.75,complete,8,8,1,3.003437042236328,3.003437042236328,1.1666666666666667
8,1996435,tactical,11.75,ward,9,9,1,1.4396657943725586,1.4396657943725586,1.2
8,1996435,team,23.0,single,2,2,0,0.0,0.0,21.0
8,1996435,team,23.0,complete,5,5,0,0.0,0.0,1.4285714285714286
8,1996435,team,23.0,ward,4,4,0,0.0,0.0,1.25
9,1996435,individual,2.75,single,20,20,2,2.6289281845092773,2.8114843368530273,1.0
9,1996435,individual,2.75,complete,20,20,2,2.6289281845092773,2.8114843368530273,1.0
9,1996435,individual,2.75,ward,20,20,2,2.6289281845092773,2.8114843368530273,1.0
9,1996435,tactical,11.75,single,3,3,0,0.0,0.0,20.0
9,1996435,tactical,11.75,complete,10,10,2,1.051253318786621,1.2810401916503906,2.0
9,1996435,tactical,11.75,ward,10,10,2,1.051253318786621,1.2810401916503906,2.0
9,1996435,team,23.0,single,2,2,0,0.0,0.0,21.0
9,1996435,team,23.0,complete,6,6,1,3.6049671173095703,3.6049671173095703,1.0
9,1996435,team,23.0,ward,6,6,1,3.6049671173095703,3.6049671173095703,1.0
10,1996435,individual,2.75,single,17,17,2,1.1799259185791016,1.5751514434814453,1.0
10,1996435,individual,2.75,complete,17,17,2,1.1799259185791016,1.5751514434814453,1.0
10,1996435,individual,2.75,ward,17,17,2,1.1799259185791016,1.5751514434814453,1.0
10,1996435,tactical,11.75,single,4,4,0,0.0,0.0,19.0
10,1996435,tactical,11.75,complete,9,9,0,0.0,0.0,1.25
10,1996435,tactical,11.75,ward,8,8,0,0.0,0.0,1.25
10,1996435,team,23.0,single,2,2,0,0.0,0.0,21.0
10,1996435,team,23.0,complete,5,5,0,0.0,0.0,2.0
10,1996435,team,23.0,ward,5,5,0,0.0,0.0,1.4
11,1996435,individual,2.75,single,21,21,1,1.285348892211914,1.285348892211914,2.0
11,1996435,individual,2.75,complete,21,21,1,1.285348892211914,1.285348892211914,2.0
11,1996435,individual,2.75,ward,21,21,1,1.285348892211914,1.285348892211914,2.0
11,1996435,tactical,11.75,single,6,6,0,0.0,0.0,8.0
11,1996435,tactical,11.75,complete,12,12,2,0.7898845672607422,1.4974212646484375,1.3333333333333333
11,1996435,tactical,11.75,ward,12,12,2,0.7898845672607422,1.4974212646484375,1.3333333333333333
11,1996435,team,23.0,single,2,2,0,0.0,0.0,21.0
11,1996435,team,23.0,complete,7,7,1,3.1321945190429688,3.1321945190429688,1.2
11,1996435,team,23.0,ward,7,7,1,0.20243453979492188,0.20243453979492188,1.2
12,1996435,individual,2.75,single,22,22,2,1.298111915588379,1.3736810684204102,1.0
12,1996435,individual,2.75,complete,22,22,2,1.298111915588379,1.3736810684204102,1.0
12,1996435,individual,2.75,ward,22,22,2,1.298111915588379,1.3736810684204102,1.0
12,1996435,tactical,11.75,single,6,6,0,0.0,0.0,17.0
12,1996435,tactical,11.75,complete,12,12,1,1.2108020782470703,1.2108020782470703,1.0
12,1996435,tactical,11.75,ward,12,12,1,2.464381217956543,2.464381217956543,1.3333333333333333
12,1996435,team,23.0,single,2,2,0,0.0,0.0,21.0
12,1996435,team,23.0,complete,7,7,0,0.0,0.0,1.1428571428571428
12,1996435,team,23.0,ward,7,7,0,0.0,0.0,1.1428571428571428
13,1996435,individual,2.75,single,21,21,4,1.8835875988006592,5.146825790405273,2.0
13,1996435,individual,2.75,complete,21,21,4,1.8835875988006592,5.146825790405273,2.0
13,1996435,individual,2.75,ward,21,21,4,1.8835875988006592,5.146825790405273,2.0
13,1996435,tactical,11.75,single,4,4,0,0.0,0.0,19.0
13,1996435,tactical,11.75,complete,10,10,1,10.635076522827148,10.635076522827148,2.0
13,1996435,tactical,11.75,ward,10,10,1,10.635076522827148,10.635076522827148,2.0
13,1996435,team,23.0,single,1,1,0,0.0,0.0,22.0
13,1996435,team,23.0,complete,6,6,1,5.221258163452148,5.221258163452148,2.0
13,1996435,team,23.0,ward,6,6,1,1.2232837677001953,1.2232837677001953,1.6
14,1996435,individual,2.75,single,19,19,4,0.840822696685791,2.0151548385620117,1.0
14,1996435,individual,2.75,complete,19,19,4,0.840822696685791,2.0151548385620117,1.0
14,1996435,individual,2.75,ward,19,19,4,0.840822696685791,2.0151548385620117,1.0
14,1996435,tactical,11.75,single,6,6,0,0.0,0.0,4.666666666666667
14,1996435,tactical,11.75,complete,9,9,1,0.027158737182617188,0.027158737182617188,1.25
14,1996435,tactical,11.75,ward,9,9,1,1.192652702331543,1.192652702331543,2.0
14,1996435,team,23.0,single,2,2,0,0.0,0.0,21.0
14,1996435,team,23.0,complete,6,6,0,0.0,0.0,1.75
14,1996435,team,23.0,ward,5,5,0,0.0,0.0,1.8
15,1996435,individual,2.75,single,21,21,3,1.7378959655761719,4.632115364074707,2.0
15,1996435,individual,2.75,complete,21,21,3,1.7378959655761719,4.632115364074707,2.0
15,1996435,individual,2.75,ward,21,21,3,1.7378959655761719,4.632115364074707,2.0
15,1996435,tactical,11.75,single,5,5,0,0.0,0.0,2.1666666666666665
15,1996435,tactical,11.75,complete,9,9,2,1.193629264831543,1.7528533935546875,1.6666666666666667
15,1996435,tactical,11.75,ward,10,10,2,2.549846649169922,4.276058197021484,1.0
15,1996435,team,23.0,single,2,2,0,0.0,0.0,21.0
15,1996435,team,23.0,complete,6,6,0,0.0,0.0,1.3333333333333333
15,1996435,team,23.0,ward,7,7,0,0.0,0.0,1.2
16,1996435,individual,2.75,single,20,20,2,1.8277559280395508,1.8934688568115234,1.0
16,1996435,individual,2.75,complete,20,20,2,1.8277559280395508,1.8934688568115234,1.0
16,1996435,individual,2.75,ward,20,20,2,1.8277559280395508,1.8934688568115234,1.0
16,1996435,tactical,11.75,single,5,5,0,0.0,0.0,18.0
16,1996435,tactical,11.75,complete,13,13,2,1.5315070152282715,2.520536422729492,1.0
16,1996435,tactical,11.75,ward,13,13,2,1.5315070152282715,2.520536422729492,1.0
16,1996435,team,23.0,single,2,2,0,0.0,0.0,21.0
16,1996435,team,23.0,complete,7,7,1,3.330995559692383,3.330995559692383,1.4
16,1996435,team,23.0,ward,7,7,1,3.330995559692383,3.330995559692383,1.4
17,1996435,individual,2.75,single,11,11,1,1.8295559883117676,1.8295559883117676,1.25
17,1996435,individual,2.75,complete,15,15,1,2.075760841369629,2.075760841369629,1.0
17,1996435,individual,2.75,ward,15,15,1,2.075760841369629,2.075760841369629,1.0
17,1996435,tactical,11.75,single,4,4,0,0.0,0.0,19.0
17,1996435,tactical,11.75,complete,6,6,0,0.0,0.0,1.25
17,1996435,tactical,11.75,ward,8,8,1,0.6360187530517578,0.6360187530517578,1.0
17,1996435,team,23.0,single,3,3,0,0.0,0.0,20.0
17,1996435,team,23.0,complete,4,4,0,0.0,0.0,9.0
17,1996435,team,23.0,ward,5,5,0,0.0,0.0,1.25
18,1996435,individual,2.75,single,20,20,1,4.774470329284668,4.774470329284668,3.0
18,1996435,individual,2.75,complete,21,21,1,5.908753395080566,5.908753395080566,2.0
18,1996435,individual,2.75,ward,21,21,1,5.908753395080566,5.908753395080566,2.0
18,1996435,tactical,11.75,single,7,7,0,0.0,0.0,1.8
18,1996435,tactical,11.75,complete,10,10,1,4.079133987426758,4.079133987426758,1.3333333333333333
18,1996435,tactical,11.75,ward,10,10,1,4.079133987426758,4.079133987426758,1.3333333333333333
18,1996435,team,23.0,single,1,1,0,0.0,0.0,22.0
18,1996435,team,23.0,complete,6,6,1,5.61517333984375,5.61517333984375,1.6
18,1996435,team,23.0,ward,6,6,1,2.098978042602539,2.098978042602539,1.6
19,1996435,individual,2.75,single,21,21,4,2.8693206310272217,3.6465930938720703,2.0
19,1996435,individual,2.75,complete,21,21,4,2.8693206310272217,3.6465930938720703,2.0
19,1996435,individual,2.75,ward,21,21,4,2.8693206310272217,3.6465930938720703,2.0
19,1996435,tactical,11.75,single,9,9,1,2.75042724609375,2.75042724609375,1.25
19,1996435,tactical,11.75,complete,13,13,2,1.8784770965576172,2.6509952545166016,1.5
19,1996435,tactical,11.75,ward,13,13,2,1.8784770965576172,2.6509952545166016,1.5
19,1996435,team,23.0,single,2,2,0,0.0,0.0,21.0
19,1996435,team,23.0,complete,8,8,1,1.5957202911376953,1.5957202911376953,1.25
19,1996435,team,23.0,ward,8,8,0,0.0,0.0,1.0
20,1996435,individual,2.75,single,17,17,4,1.4104726314544678,4.510951995849609,1.5
20,1996435,individual,2.75,complete,18,18,4,1.4104726314544678,4.510951995849609,1.0
20,1996435,individual,2.75,ward,18,18,4,1.4104726314544678,4.510951995849609,1.0
20,1996435,tactical,11.75,single,4,4,0,0.0,0.0,9.0
20,1996435,tactical,11.75,complete,9,9,1,2.1051597595214844,2.1051597595214844,1.5
20,1996435,tactical,11.75,ward,9,9,1,2.1051597595214844,2.1051597595214844,1.5
20,1996435,team,23.0,single,2,2,0,0.0,0.0,21.0
20,1996435,team,23.0,complete,5,5,0,0.0,0.0,1.3333333333333333
20,1996435,team,23.0,ward,7,7,1,0.04149818420410156,0.04149818420410156,1.0
21,1996435,individual,2.75,single,21,21,3,1.6791632970174153,3.333721160888672,2.0
21,1996435,individual,2.75,complete,21,21,3,1.6791632970174153,3.333721160888672,2.0
21,1996435,individual,2.75,ward,21,21,3,1.6791632970174153,3.333721160888672,2.0
21,1996435,tactical,11.75,single,6,6,0,0.0,0.0,4.333333333333333
21,1996435,tactical,11.75,complete,12,12,1,5.296350479125977,5.296350479125977,1.5
21,1996435,tactical,11.75,ward,11,11,1,5.296350479125977,5.296350479125977,1.0
21,1996435,team,23.0,single,2,2,0,0.0,0.0,21.0
21,1996435,team,23.0,complete,7,7,1,9.061403274536133,9.061403274536133,1.25
21,1996435,team,23.0,ward,8,8,1,4.105840682983398,4.105840682983398,1.0
22,1996435,individual,2.75,single,21,21,2,3.2400875091552734,4.432146072387695,2.0
22,1996435,individual,2.75,complete,21,21,2,3.2400875091552734,4.432146072387695,2.0
22,1996435,individual,2.75,ward,21,21,2,3.2400875091552734,4.432146072387695,2.0
22,1996435,tactical,11.75,single,4,4,0,0.0,0.0,19.0
22,1996435,tactical,11.75,complete,11,11,1,5.369192123413086,5.369192123413086,2.0
22,1996435,tactical,11.75,ward,11,11,1,3.7455692291259766,3.7455692291259766,1.6666666666666667
22,1996435,team,23.0,single,2,2,0,0.0,0.0,21.0
22,1996435,team,23.0,complete,6,6,1,3.6091060638427734,3.6091060638427734,1.6
22,1996435,team,23.0,ward,6,6,1,1.4749469757080078,1.4749469757080078,1.4
23,1996435,individual,2.75,single,20,20,5,1.161173439025879,2.0173892974853516,1.0
23,1996435,individual,2.75,complete,20,20,5,1.161173439025879,2.0173892974853516,1.0
23,1996435,individual,2.75,ward,20,20,5,1.161173439025879,2.0173892974853516,1.0
23,1996435,tactical,11.75,single,5,5,0,0.0,0.0,2.6
23,1996435,tactical,11.75,complete,12,12,1,0.34572601318359375,0.34572601318359375,1.0
23,1996435,tactical,11.75,ward,12,12,1,1.2965774536132812,1.2965774536132812,1.0
23,1996435,team,23.0,single,2,2,0,0.0,0.0,21.0
23,1996435,team,23.0,complete,7,7,0,0.0,0.0,1.2
23,1996435,team,23.0,ward,7,7,0,0.0,0.0,1.2
24,1996435,individual,2.75,single,18,18,2,1.089888095855713,1.9704656600952148,1.0
24,1996435,individual,2.75,complete,18,18,2,1.089888095855713,1.9704656600952148,1.0
24,1996435,individual,2.75,ward,18,18,2,1.089888095855713,1.9704656600952148,1.0
24,1996435,tactical,11.75,single,4,4,0,0.0,0.0,19.0
24,1996435,tactical,11.75,complete,11,11,1,2.5839920043945312,2.5839920043945312,1.0
24,1996435,tactical,11.75,ward,11,11,1,1.5236701965332031,1.5236701965332031,1.0
24,1996435,team,23.0,single,2,2,0,0.0,0.0,21.0
24,1996435,team,23.0,complete,6,6,0,0.0,0.0,2.0
24,1996435,team,23.0,ward,6,6,1,1.4890995025634766,1.4890995025634766,1.2
25,1996435,individual,2.75,single,17,17,1,0.4949226379394531,0.4949226379394531,2.5
25,1996435,individual,2.75,complete,19,19,1,0.4949226379394531,0.4949226379394531,1.0
25,1996435,individual,2.75,ward,19,19,1,0.4949226379394531,0.4949226379394531,1.0
25,1996435,tactical,11.75,single,4,4,0,0.0,0.0,5.0
25,1996435,tactical,11.75,complete,7,7,0,0.0,0.0,1.75
25,1996435,tactical,11.75,ward,7,7,0,0.0,0.0,1.75
25,1996435,team,23.0,single,2,2,0,0.0,0.0,21.0
25,1996435,team,23.0,complete,5,5,0,0.0,0.0,2.75
25,1996435,team,23.0,ward,5,5,0,0.0,0.0,2.75
26,1996435,individual,2.75,single,21,21,1,2.8531742095947266,2.8531742095947266,2.0
26,1996435,individual,2.75,complete,21,21,1,2.8531742095947266,2.8531742095947266,2.0
26,1996435,individual,2.75,ward,21,21,1,2.8531742095947266,2.8531742095947266,2.0
26,1996435,tactical,11.75,single,5,5,1,2.9421653747558594,2.9421653747558594,8.5
26,1996435,tactical,11.75,complete,9,9,2,1.469437599182129,1.7158184051513672,1.25
26,1996435,tactical,11.75,ward,9,9,2,1.469437599182129,1.7158184051513672,1.25
26,1996435,team,23.0,single,2,2,0,0.0,0.0,21.0
26,1996435,team,23.0,complete,7,7,1,1.9275646209716797,1.9275646209716797,1.0
26,1996435,team,23.0,ward,7,7,1,1.9275646209716797,1.9275646209716797,1.0
27,1996435,individual,2.75,single,21,21,3,2.945640246073405,4.637270927429199,2.0
27,1996435,individual,2.75,complete,21,21,3,2.945640246073405,4.637270927429199,2.0
27,1996435,individual,2.75,ward,21,21,3,2.945640246073405,4.637270927429199,2.0
27,1996435,tactical,11.75,single,4,4,0,0.0,0.0,19.0
27,1996435,tactical,11.75,complete,12,12,2,2.6572861671447754,3.9303112030029297,1.3333333333333333
27,1996435,tactical,11.75,ward,12,12,2,2.6572861671447754,3.9303112030029297,1.3333333333333333
27,1996435,team,23.0,single,2,2,0,0.0,0.0,21.0
27,1996435,team,23.0,complete,7,7,1,0.8300914764404297,0.8300914764404297,1.5
27,1996435,team,23.0,ward,7,7,1,0.8300914764404297,0.8300914764404297,1.5
28,1996435,individual,2.75,single,20,20,3,1.8985144297281902,2.0815391540527344,1.0
28,1996435,individual,2.75,complete,20,20,3,1.8985144297281902,2.0815391540527344,1.0
28,1996435,individual,2.75,ward,20,20,3,1.8985144297281902,2.0815391540527344,1.0
28,1996435,tactical,11.75,single,4,4,0,0.0,0.0,1.2222222222222223
28,1996435,tactical,11.75,complete,12,12,1,0.1113882064819336,0.1113882064819336,1.0
28,1996435,tactical,11.75,ward,10,10,1,2.3351211547851562,2.3351211547851562,1.0
28,1996435,team,23.0,single,2,2,0,0.0,0.0,21.0
28,1996435,team,23.0,complete,6,6,1,1.2092418670654297,1.2092418670654297,1.0
28,1996435,team,23.0,ward,7,7,1,2.3747596740722656,2.3747596740722656,1.2
29,1996435,individual,2.75,single,20,20,3,1.415636698404948,1.8579597473144531,3.0
29,1996435,individual,2.75,complete,20,20,3,1.415636698404948,1.8579597473144531,3.0
29,1996435,individual,2.75,ward,20,20,3,1.415636698404948,1.8579597473144531,3.0
29,1996435,tactical,11.75,single,5,5,0,0.0,0.0,4.666666666666667
29,1996435,tactical,11.75,complete,10,10,1,2.714834213256836,2.714834213256836,1.6666666666666667
29,1996435,tactical,11.75,ward,10,10,1,2.714834213256836,2.714834213256836,1.6666666666666667
29,1996435,team,23.0,single,2,2,0,0.0,0.0,21.0
29,1996435,team,23.0,complete,6,6,1,1.929849624633789,1.929849624633789,2.5
29,1996435,team,23.0,ward,5,5,1,2.9286537170410156,2.9286537170410156,2.75
30,1996435,individual,2.75,single,20,20,3,2.2817134857177734,4.081414222717285,1.0
30,1996435,individual,2.75,complete,20,20,3,2.2817134857177734,4.081414222717285,1.0
30,1996435,individual,2.75,ward,20,20,3,2.2817134857177734,4.081414222717285,1.0
30,1996435,tactical,11.75,single,7,7,1,5.223756790161133,5.223756790161133,1.1666666666666667
30,1996435,tactical,11.75,complete,11,11,2,2.597886085510254,5.135347366333008,1.3333333333333333
30,1996435,tactical,11.75,ward,12,12,3,2.764405886332194,4.548618316650391,1.5
30,1996435,team,23.0,single,2,2,0,0.0,0.0,21.0
30,1996435,team,23.0,complete,7,7,0,0.0,0.0,1.5
30,1996435,team,23.0,ward,7,7,1,0.3618011474609375,0.3618011474609375,1.5
31,1996435,individual,2.75,single,19,19,1,0.7469987869262695,0.7469987869262695,1.0
31,1996435,individual,2.75,complete,19,19,1,0.7469987869262695,0.7469987869262695,1.0
31,1996435,individual,2.75,ward,19,19,1,0.7469987869262695,0.7469987869262695,1.0
31,1996435,tactical,11.75,single,3,3,0,0.0,0.0,6.0
31,1996435,tactical,11.75,complete,7,7,0,0.0,0.0,1.75
31,1996435,tactical,11.75,ward,9,9,0,0.0,0.0,1.0
31,1996435,team,23.0,single,2,2,0,0.0,0.0,21.0
31,1996435,team,23.0,complete,5,5,0,0.0,0.0,1.1666666666666667
31,1996435,team,23.0,ward,6,6,0,0.0,0.0,1.4
32,1996435,individual,2.75,single,22,22,2,3.0713582038879395,4.12007999420166,1.0
32,1996435,individual,2.75,complete,22,22,2,3.0713582038879395,4.12007999420166,1.0
32,1996435,individual,2.75,ward,22,22,2,3.0713582038879395,4.12007999420166,1.0
32,1996435,tactical,11.75,single,6,6,1,4.42608642578125,4.42608642578125,1.125
32,1996435,tactical,11.75,complete,14,14,3,1.5866994857788086,2.4143142700195312,1.0
32,1996435,tactical,11.75,ward,13,13,2,1.8403310775756836,2.4143142700195312,1.5
32,1996435,team,23.0,single,2,2,0,0.0,0.0,21.0
32,1996435,team,23.0,complete,8,8,1,6.442691802978516,6.442691802978516,1.25
32,1996435,team,23.0,ward,8,8,1,4.721227645874023,4.721227645874023,2.0
33,1996435,individual,2.75,single,13,13,1,2.445161819458008,2.445161819458008,2.6666666666666665
33,1996435,individual,2.75,complete,15,15,1,2.445161819458008,2.445161819458008,1.0
33,1996435,individual,2.75,ward,15,15,1,2.445161819458008,2.445161819458008,1.0
33,1996435,tactical,11.75,single,5,5,0,0.0,0.0,2.8
33,1996435,tactical,11.75,complete,8,8,0,0.0,0.0,2.5
33,1996435,tactical,11.75,ward,9,9,1,1.4822425842285156,1.4822425842285156,2.25
33,1996435,team,23.0,single,2,2,0,0.0,0.0,21.0
33,1996435,team,23.0,complete,5,5,0,0.0,0.0,2.8
33,1996435,team,23.0,ward,5,5,0,0.0,0.0,2.8
34,1996435,individual,2.75,single,21,21,3,0.6743583679199219,1.1513347625732422,2.0
34,1996435,individual,2.75,complete,21,21,3,0.6743583679199219,1.1513347625732422,2.0
34,1996435,individual,2.75,ward,21,21,3,0.6743583679199219,1.1513347625732422,2.0
34,1996435,tactical,11.75,single,9,9,1,1.2431888580322266,1.2431888580322266,1.0
34,1996435,tactical,11.75,complete,12,12,1,1.4471817016601562,1.4471817016601562,1.6666666666666667
34,1996435,tactical,11.75,ward,12,12,1,1.4471817016601562,1.4471817016601562,1.6666666666666667
34,1996435,team,23.0,single,2,2,0,0.0,0.0,21.0
34,1996435,team,23.0,complete,7,7,1,6.8558197021484375,6.8558197021484375,1.75
34,1996435,team,23.0,ward,9,9,2,3.0164899826049805,5.01702880859375,1.25
35,1996435,individual,2.75,single,20,20,3,1.7200883229573567,3.220566749572754,1.0
35,1996435,individual,2.75,complete,20,20,3,1.7200883229573567,3.220566749572754,1.0
35,1996435,individual,2.75,ward,20,20,3,1.7200883229573567,3.220566749572754,1.0
35,1996435,tactical,11.75,single,4,4,0,0.0,0.0,5.666666666666667
35,1996435,tactical,11.75,complete,10,10,1,2.0665760040283203,2.0665760040283203,1.5
35,1996435,tactical,11.75,ward,11,11,1,2.0665760040283203,2.0665760040283203,1.3333333333333333
35,1996435,team,23.0,single,2,2,0,0.0,0.0,21.0
35,1996435,team,23.0,complete,6,6,1,2.526945114135742,2.526945114135742,1.3333333333333333
35,1996435,team,23.0,ward,6,6,1,2.526945114135742,2.526945114135742,1.3333333333333333
36,1996435,individual,2.75,single,19,19,3,2.2858406702677407,4.14029598236084,1.0
36,1996435,individual,2.75,complete,19,19,3,2.2858406702677407,4.14029598236084,1.0
36,1996435,individual,2.75,ward,19,19,3,2.2858406702677407,4.14029598236084,1.0
36,1996435,tactical,11.75,single,7,7,1,2.1315956115722656,2.1315956115722656,1.125
36,1996435,tactical,11.75,complete,12,12,2,3.10672664642334,4.231569290161133,1.3333333333333333
36,1996435,tactical,11.75,ward,12,12,2,3.10672664642334,4.231569290161133,1.3333333333333333
36,1996435,team,23.0,single,2,2,0,0.0,0.0,21.0
36,1996435,team,23.0,complete,6,6,0,0.0,0.0,1.6
36,1996435,team,23.0,ward,7,7,1,2.700044631958008,2.700044631958008,1.0
37,1996435,individual,2.75,single,19,19,4,1.5983225107192993,2.7606430053710938,1.0
37,1996435,individual,2.75,complete,19,19,4,1.5983225107192993,2.7606430053710938,1.0
37,1996435,individual,2.75,ward,19,19,4,1.5983225107192993,2.7606430053710938,1.0
37,1996435,tactical,11.75,single,6,6,0,0.0,0.0,8.0
37,1996435,tactical,11.75,complete,11,11,2,1.8830657005310059,2.3244171142578125,1.3333333333333333
37,1996435,tactical,11.75,ward,11,11,2,1.8830657005310059,2.3244171142578125,1.3333333333333333
37,1996435,team,23.0,single,2,2,0,0.0,0.0,21.0
37,1996435,team,23.0,complete,7,7,0,0.0,0.0,1.2
37,1996435,team,23.0,ward,7,7,0,0.0,0.0,1.2
38,1996435,individual,2.75,single,21,21,2,0.9929537773132324,1.3518133163452148,2.0
38,1996435,individual,2.75,complete,21,21,2,0.9929537773132324,1.3518133163452148,2.0
38,1996435,individual,2.75,ward,21,21,2,0.9929537773132324,1.3518133163452148,2.0
38,1996435,tactical,11.75,single,5,5,0,0.0,0.0,18.0
38,1996435,tactical,11.75,complete,14,14,2,0.4180302619934082,0.6789636611938477,1.0
38,1996435,tactical,11.75,ward,13,13,1,0.4595603942871094,0.4595603942871094,1.0
38,1996435,team,23.0,single,2,2,0,0.0,0.0,21.0
38,1996435,team,23.0,complete,7,7,0,0.0,0.0,1.2
38,1996435,team,23.0,ward,7,7,0,0.0,0.0,1.2
39,1996435,individual,2.75,single,18,18,4,1.9859373569488525,3.89410400390625,1.0
39,1996435,individual,2.75,complete,18,18,4,1.9859373569488525,3.89410400390625,1.0
39,1996435,individual,2.75,ward,18,18,4,1.9859373569488525,3.89410400390625,1.0
39,1996435,tactical,11.75,single,6,6,0,0.0,0.0,8.0
39,1996435,tactical,11.75,complete,12,12,2,2.40297794342041,3.118694305419922,1.0
39,1996435,tactical,11.75,ward,12,12,2,2.40297794342041,3.118694305419922,1.0
39,1996435,team,23.0,single,2,2,0,0.0,0.0,21.0
39,1996435,team,23.0,complete,7,7,1,3.8124923706054688,3.8124923706054688,1.2
39,1996435,team,23.0,ward,7,7,1,3.8124923706054688,3.8124923706054688,1.2
40,1996435,individual,2.75,single,19,19,1,0.37388038635253906,0.37388038635253906,1.0
40,1996435,individual,2.75,complete,19,19,1,0.37388038635253906,0.37388038635253906,1.0
40,1996435,individual,2.75,ward,19,19,1,0.37388038635253906,0.37388038635253906,1.0
40,1996435,tactical,11.75,single,4,4,0,0.0,0.0,1.7142857142857142
40,1996435,tactical,11.75,complete,10,10,1,1.4635486602783203,1.4635486602783203,1.0
40,1996435,tactical,11.75,ward,11,11,1,1.4635486602783203,1.4635486602783203,1.3333333333333333
40,1996435,team,23.0,single,2,2,0,0.0,0.0,21.0
40,1996435,team,23.0,complete,6,6,0,0.0,0.0,2.0
40,1996435,team,23.0,ward,7,7,0,0.0,0.0,1.25
41,1996435,individual,2.75,single,16,16,1,3.5243234634399414,3.5243234634399414,1.0
41,1996435,individual,2.75,complete,17,17,1,3.5243234634399414,3.5243234634399414,1.5
41,1996435,individual,2.75,ward,17,17,1,3.5243234634399414,3.5243234634399414,1.5
41,1996435,tactical,11.75,single,4,4,0,0.0,0.0,9.0
41,1996435,tactical,11.75,complete,9,9,0,0.0,0.0,1.25
41,1996435,tactical,11.75,ward,10,10,1,1.4804534912109375,1.4804534912109375,1.25
41,1996435,team,23.0,single,2,2,0,0.0,0.0,21.0
41,1996435,team,23.0,complete,6,6,0,0.0,0.0,1.0
41,1996435,team,23.0,ward,5,5,0,0.0,0.0,2.0
42,1996435,individual,2.75,single,19,19,2,4.209230422973633,4.350592613220215,1.0
42,1996435,individual,2.75,complete,19,19,2,4.209230422973633,4.350592613220215,1.0
42,1996435,individual,2.75,ward,19,19,2,4.209230422973633,4.350592613220215,1.0
42,1996435,tactical,11.75,single,9,9,1,5.543256759643555,5.543256759643555,1.0
42,1996435,tactical,11.75,complete,13,13,2,2.377413749694824,4.740337371826172,1.3333333333333333
42,1996435,tactical,11.75,ward,14,14,3,1.9488061269124348,4.740337371826172,1.0
42,1996435,team,23.0,single,2,2,0,0.0,0.0,21.0
42,1996435,team,23.0,complete,7,7,1,5.785747528076172,5.785747528076172,1.0
42,1996435,team,23.0,ward,8,8,1,2.002788543701172,2.002788543701172,1.25
43,1996435,individual,2.75,single,14,14,1,0.3667316436767578,0.3667316436767578,1.3333333333333333
43,1996435,individual,2.75,complete,16,16,2,0.24649310111999512,0.3667316436767578,1.5
43,1996435,individual,2.75,ward,16,16,2,0.24649310111999512,0.3667316436767578,1.5
43,1996435,tactical,11.75,single,4,4,0,0.0,0.0,5.666666666666667
43,1996435,tactical,11.75,complete,7,7,0,0.0,0.0,1.3333333333333333
43,1996435,tactical,11.75,ward,7,7,0,0.0,0.0,1.3333333333333333
43,1996435,team,23.0,single,2,2,0,0.0,0.0,21.0
43,1996435,team,23.0,complete,5,5,0,0.0,0.0,5.0
43,1996435,team,23.0,ward,6,6,0,0.0,0.0,1.5
44,1996435,individual,2.75,single,22,22,4,1.2575225830078125,2.5745296478271484,1.0
44,1996435,individual,2.75,complete,22,22,4,1.2575225830078125,2.5745296478271484,1.0
44,1996435,individual,2.75,ward,22,22,4,1.2575225830078125,2.5745296478271484,1.0
44,1996435,tactical,11.75,single,10,10,1,9.060476303100586,9.060476303100586,1.4
44,1996435,tactical,11.75,complete,13,13,2,2.48738956451416,3.1990928649902344,1.0
44,1996435,tactical,11.75,ward,13,13,2,2.48738956451416,3.1990928649902344,1.0
44,1996435,team,23.0,single,2,2,0,0.0,0.0,21.0
44,1996435,team,23.0,complete,8,8,1,2.625467300415039,2.625467300415039,1.25
44,1996435,team,23.0,ward,9,9,1,2.625467300415039,2.625467300415039,1.25
45,1996435,individual,2.75,single,21,21,2,4.238889694213867,4.779426574707031,2.0
45,1996435,individual,2.75,complete,21,21,2,4.238889694213867,4.779426574707031,2.0
45,1996435,individual,2.75,ward,21,21,2,4.238889694213867,4.779426574707031,2.0
45,1996435,tactical,11.75,single,6,6,0,0.0,0.0,1.125
45,1996435,tactical,11.75,complete,14,14,3,2.445449193318685,4.925626754760742,1.3333333333333333
45,1996435,tactical,11.75,ward,14,14,3,2.445449193318685,4.925626754760742,1.3333333333333333
45,1996435,team,23.0,single,2,2,0,0.0,0.0,21.0
45,1996435,team,23.0,complete,7,7,1,6.221569061279297,6.221569061279297,1.5
45,1996435,team,23.0,ward,7,7,1,6.281463623046875,6.281463623046875,1.4
46,1996435,individual,2.75,single,20,20,5,0.983642578125,2.6677379608154297,1.0
46,1996435,individual,2.75,complete,20,20,5,0.983642578125,2.6677379608154297,1.0
46,1996435,individual,2.75,ward,20,20,5,0.983642578125,2.6677379608154297,1.0
46,1996435,tactical,11.75,single,4,4,0,0.0,0.0,19.0
46,1996435,tactical,11.75,complete,12,12,2,2.232150077819824,3.0065860748291016,1.0
46,1996435,tactical,11.75,ward,12,12,2,2.232150077819824,3.0065860748291016,1.0
46,1996435,team,23.0,single,2,2,0,0.0,0.0,21.0
46,1996435,team,23.0,complete,7,7,1,1.9937324523925781,1.9937324523925781,1.2
46,1996435,team,23.0,ward,8,8,1,5.42164421081543,5.42164421081543,1.5
47,1996435,individual,2.75,single,11,11,0,0.0,0.0,1.0
47,1996435,individual,2.75,complete,15,15,0,0.0,0.0,2.0
47,1996435,individual,2.75,ward,15,15,0,0.0,0.0,1.3333333333333333
47,1996435,tactical,11.75,single,5,5,0,0.0,0.0,18.0
47,1996435,tactical,11.75,complete,7,7,1,0.5190944671630859,0.5190944671630859,2.0
47,1996435,tactical,11.75,ward,7,7,0,0.0,0.0,1.1428571428571428
47,1996435,team,23.0,single,2,2,0,0.0,0.0,21.0
47,1996435,team,23.0,complete,4,4,0,0.0,0.0,4.0
47,1996435,team,23.0,ward,5,5,0,0.0,0.0,1.0
48,1996435,individual,2.75,single,22,22,3,0.8893845876057943,1.9458484649658203,1.0
48,1996435,individual,2.75,complete,22,22,3,0.8893845876057943,1.9458484649658203,1.0
48,1996435,individual,2.75,ward,22,22,3,0.8893845876057943,1.9458484649658203,1.0
48,1996435,tactical,11.75,single,6,6,1,1.0982189178466797,1.0982189178466797,4.333333333333333
48,1996435,tactical,11.75,complete,11,11,1,0.21150779724121094,0.21150779724121094,1.0
48,1996435,tactical,11.75,ward,11,11,1,0.21150779724121094,0.21150779724121094,1.0
48,1996435,team,23.0,single,2,2,0,0.0,0.0,21.0
48,1996435,team,23.0,complete,7,7,0,0.0,0.0,1.0
48,1996435,team,23.0,ward,7,7,1,0.21150779724121094,0.21150779724121094,2.6666666666666665
49,1996435,individual,2.75,single,22,22,7,1.6484738758632116,5.17556095123291,1.0
49,1996435,individual,2.75,complete,22,22,7,1.6484738758632116,5.17556095123291,1.0
49,1996435,individual,2.75,ward,22,22,7,1.6484738758632116,5.17556095123291,1.0
49,1996435,tactical,11.75,single,9,9,2,1.6772584915161133,2.333393096923828,1.75
49,1996435,tactical,11.75,complete,16,16,3,2.0166505177815757,2.4746742248535156,1.5
49,1996435,tactical,11.75,ward,16,16,3,2.0166505177815757,2.4746742248535156,1.5
49,1996435,team,23.0,single,1,1,0,0.0,0.0,22.0
49,1996435,team,23.0,complete,8,8,1,3.378877639770508,3.378877639770508,1.25
49,1996435,team,23.0,ward,9,9,3,2.122898737589518,5.33302116394043,1.0
50,1996435,individual,2.75,single,21,21,4,1.3461029529571533,3.0289077758789062,2.0
50,1996435,individual,2.75,complete,21,21,4,1.3461029529571533,3.0289077758789062,2.0
50,1996435,individual,2.75,ward,21,21,4,1.3461029529571533,3.0289077758789062,2.0
50,1996435,tactical,11.75,single,5,5,0,0.0,0.0,18.0
50,1996435,tactical,11.75,complete,13,13,1,1.6912498474121094,1.6912498474121094,1.3333333333333333
50,1996435,tactical,11.75,ward,14,14,2,1.3090734481811523,1.6912498474121094,1.5
50,1996435,team,23.0,single,3,3,0,0.0,0.0,20.0
50,1996435,team,23.0,complete,8,8,0,0.0,0.0,1.0
50,1996435,team,23.0,ward,8,8,1,1.6375865936279297,1.6375865936279297,1.5
51,1996435,individual,2.75,single,22,22,4,1.715940237045288,4.266151428222656,1.0
51,1996435,individual,2.75,complete,22,22,4,1.715940237045288,4.266151428222656,1.0
51,1996435,individual,2.75,ward,22,22,4,1.715940237045288,4.266151428222656,1.0
51,1996435,tactical,11.75,single,4,4,0,0.0,0.0,2.0
51,1996435,tactical,11.75,complete,11,11,1,2.2933597564697266,2.2933597564697266,1.0
51,1996435,tactical,11.75,ward,12,12,1,2.2933597564697266,2.2933597564697266,1.0
51,1996435,team,23.0,single,2,2,0,0.0,0.0,21.0
51,1996435,team,23.0,complete,6,6,0,0.0,0.0,1.4
51,1996435,team,23.0,ward,6,6,1,4.018777847290039,4.018777847290039,2.25
52,1996435,individual,2.75,single,17,17,2,1.0822300910949707,1.123713493347168,2.0
52,1996435,individual,2.75,complete,18,18,3,0.6101493835449219,1.0407466888427734,1.5
52,1996435,individual,2.75,ward,18,18,3,0.6101493835449219,1.0407466888427734,1.5
52,1996435,tactical,11.75,single,4,4,0,0.0,0.0,9.0
52,1996435,tactical,11.75,complete,9,9,1,2.341684341430664,2.341684341430664,1.25
52,1996435,tactical,11.75,ward,9,9,1,2.341684341430664,2.341684341430664,1.25
52,1996435,team,23.0,single,2,2,0,0.0,0.0,21.0
52,1996435,team,23.0,complete,5,5,0,0.0,0.0,1.0
52,1996435,team,23.0,ward,7,7,1,1.6353435516357422,1.6353435516357422,1.2
53,1996435,individual,2.75,single,18,18,2,2.3088173866271973,3.914827346801758,1.0
53,1996435,individual,2.75,complete,18,18,2,2.3088173866271973,3.914827346801758,1.0
53,1996435,individual,2.75,ward,18,18,2,2.3088173866271973,3.914827346801758,1.0
53,1996435,tactical,11.75,single,3,3,0,0.0,0.0,20.0
53,1996435,tactical,11.75,complete,10,10,1,4.034879684448242,4.034879684448242,1.25
53,1996435,tactical,11.75,ward,12,12,1,4.893123626708984,4.893123626708984,1.0
53,1996435,team,23.0,single,2,2,0,0.0,0.0,21.0
53,1996435,team,23.0,complete,5,5,0,0.0,0.0,1.1428571428571428
53,1996435,team,23.0,ward,6,6,0,0.0,0.0,1.2
54,1996435,individual,2.75,single,20,20,3,2.8498217264811196,5.701031684875488,1.0
54,1996435,individual,2.75,complete,20,20,3,2.8498217264811196,5.701031684875488,1.0
54,1996435,individual,2.75,ward,20,20,3,2.8498217264811196,5.701031684875488,1.0
54,1996435,tactical,11.75,single,8,8,0,0.0,0.0,3.3333333333333335
54,1996435,tactical,11.75,complete,10,10,1,2.8031997680664062,2.8031997680664062,1.5
54,1996435,tactical,11.75,ward,10,10,1,2.8031997680664062,2.8031997680664062,1.5
54,1996435,team,23.0,single,2,2,0,0.0,0.0,21.0
54,1996435,team,23.0,complete,7,7,0,0.0,0.0,1.2
54,1996435,team,23.0,ward,7,7,1,4.790956497192383,4.790956497192383,1.5
55,1996435,individual,2.75,single,17,17,3,2.640474001566569,2.9222583770751953,2.5
55,1996435,individual,2.75,complete,18,18,3,2.0017642974853516,2.9222583770751953,2.0
55,1996435,individual,2.75,ward,18,18,3,2.0017642974853516,2.9222583770751953,2.0
55,1996435,tactical,11.75,single,4,4,0,0.0,0.0,9.0
55,1996435,tactical,11.75,complete,10,10,1,2.1530046463012695,2.1530046463012695,2.3333333333333335
55,1996435,tactical,11.75,ward,10,10,1,2.1530046463012695,2.1530046463012695,2.3333333333333335
55,1996435,team,23.0,single,2,2,0,0.0,0.0,21.0
55,1996435,team,23.0,complete,6,6,0,0.0,0.0,3.25
55,1996435,team,23.0,ward,5,5,0,0.0,0.0,2.5
56,1996435,individual,2.75,single,19,19,3,2.3560352325439453,3.2306137084960938,1.5
56,1996435,individual,2.75,complete,19,19,3,2.3560352325439453,3.2306137084960938,1.5
56,1996435,individual,2.75,ward,19,19,3,2.3560352325439453,3.2306137084960938,1.5
56,1996435,tactical,11.75,single,4,4,0,0.0,0.0,2.3333333333333335
56,1996435,tactical,11.75,complete,10,10,2,1.903120994567871,3.763214111328125,1.5
56,1996435,tactical,11.75,ward,10,10,2,1.903120994567871,3.763214111328125,1.5
56,1996435,team,23.0,single,2,2,0,0.0,0.0,21.0
56,1996435,team,23.0,complete,5,5,1,4.0684356689453125,4.0684356689453125,1.6666666666666667
56,1996435,team,23.0,ward,6,6,1,3.2140235900878906,3.2140235900878906,1.0
57,1996435,individual,2.75,single,20,20,3,2.2932804425557456,4.254939079284668,1.0
57,1996435,individual,2.75,complete,20,20,3,2.2932804425557456,4.254939079284668,1.0
57,1996435,individual,2.75,ward,20,20,3,2.2932804425557456,4.254939079284668,1.0
57,1996435,tactical,11.75,single,3,3,0,0.0,0.0,20.0
57,1996435,tactical,11.75,complete,10,10,0,0.0,0.0,1.3333333333333333
57,1996435,tactical,11.75,ward,10,10,0,0.0,0.0,1.3333333333333333
57,1996435,team,23.0,single,2,2,0,0.0,0.0,21.0
57,1996435,team,23.0,complete,5,5,1,5.634693145751953,5.634693145751953,1.8
57,1996435,team,23.0,ward,6,6,0,0.0,0.0,1.5
58,1996435,individual,2.75,single,18,18,1,0.9948911666870117,0.9948911666870117,1.5
58,1996435,individual,2.75,complete,19,19,1,0.9948911666870117,0.9948911666870117,1.0
58,1996435,individual,2.75,ward,18,18,1,0.9948911666870117,0.9948911666870117,1.5
58,1996435,tactical,11.75,single,3,3,0,0.0,0.0,20.0
58,1996435,tactical,11.75,complete,8,8,1,0.04240894317626953,0.04240894317626953,2.0
58,1996435,tactical,11.75,ward,8,8,1,3.4862327575683594,3.4862327575683594,1.25
58,1996435,team,23.0,single,2,2,0,0.0,0.0,21.0
58,1996435,team,23.0,complete,5,5,1,1.4592666625976562,1.4592666625976562,4.333333333333333
58,1996435,team,23.0,ward,6,6,1,1.864511489868164,1.864511489868164,2.25
59,1996435,individual,2.75,single,19,19,3,1.9769350687662761,3.379720687866211,1.5
59,1996435,individual,2.75,complete,19,19,3,1.9769350687662761,3.379720687866211,1.5
59,1996435,individual,2.75,ward,19,19,3,1.9769350687662761,3.379720687866211,1.5
59,1996435,tactical,11.75,single,4,4,0,0.0,0.0,2.4
59,1996435,tactical,11.75,complete,12,12,3,0.7471698125203451,1.8605175018310547,1.3333333333333333
59,1996435,tactical,11.75,ward,12,12,3,0.7471698125203451,1.8605175018310547,1.3333333333333333
59,1996435,team,23.0,single,2,2,0,0.0,0.0,21.0
59,1996435,team,23.0,complete,7,7,1,2.3465194702148438,2.3465194702148438,1.25
59,1996435,team,23.0,ward,7,7,1,3.576993942260742,3.576993942260742,1.25
60,1996435,individual,2.75,single,20,20,1,2.834257125854492,2.834257125854492,1.0
60,1996435,individual,2.75,complete,20,20,1,2.834257125854492,2.834257125854492,1.0
60,1996435,individual,2.75,ward,20,20,1,2.834257125854492,2.834257125854492,1.0
60,1996435,tactical,11.75,single,7,7,0,0.0,0.0,4.333333333333333
60,1996435,tactical,11.75,complete,12,12,2,2.0292015075683594,3.966503143310547,1.0
60,1996435,tactical,11.75,ward,12,12,2,2.0292015075683594,3.966503143310547,1.0
60,1996435,team,23.0,single,2,2,0,0.0,0.0,21.0
60,1996435,team,23.0,complete,7,7,0,0.0,0.0,1.2
60,1996435,team,23.0,ward,6,6,1,3.9176883697509766,3.9176883697509766,1.8
61,1996435,individual,2.75,single,21,21,4,2.491640567779541,6.557926177978516,2.0
61,1996435,individual,2.75,complete,21,21,4,2.491640567779541,6.557926177978516,2.0
61,1996435,individual,2.75,ward,21,21,4,2.491640567779541,6.557926177978516,2.0
61,1996435,tactical,11.75,single,7,7,0,0.0,0.0,2.4
61,1996435,tactical,11.75,complete,13,13,3,2.6887105305989585,6.55052375793457,1.0
61,1996435,tactical,11.75,ward,12,12,3,2.0028820037841797,4.473886489868164,1.3333333333333333
61,1996435,team,23.0,single,2,2,0,0.0,0.0,21.0
61,1996435,team,23.0,complete,6,6,1,7.232660293579102,7.232660293579102,1.4
61,1996435,team,23.0,ward,6,6,1,7.232660293579102,7.232660293579102,1.4
62,1996435,individual,2.75,single,22,22,2,3.3004746437072754,5.771002769470215,1.0
62,1996435,individual,2.75,complete,22,22,2,3.3004746437072754,5.771002769470215,1.0
62,1996435,individual,2.75,ward,22,22,2,3.3004746437072754,5.771002769470215,1.0
62,1996435,tactical,11.75,single,6,6,0,0.0,0.0,4.666666666666667
62,1996435,tactical,11.75,complete,13,13,1,1.4823112487792969,1.4823112487792969,1.5
62,1996435,tactical,11.75,ward,13,13,1,1.4823112487792969,1.4823112487792969,1.5
62,1996435,team,23.0,single,1,1,0,0.0,0.0,22.0
62,1996435,team,23.0,complete,6,6,0,0.0,0.0,1.4
62,1996435,team,23.0,ward,8,8,0,0.0,0.0,1.0
63,1996435,individual,2.75,single,21,21,2,2.22550106048584,3.8928489685058594,2.0
63,1996435,individual,2.75,complete,21,21,2,2.22550106048584,3.8928489685058594,2.0
63,1996435,individual,2.75,ward,21,21,2,2.22550106048584,3.8928489685058594,2.0
63,1996435,tactical,11.75,single,6,6,0,0.0,0.0,4.666666666666667
63,1996435,tactical,11.75,complete,12,12,1,1.3086357116699219,1.3086357116699219,1.0
63,1996435,tactical,11.75,ward,12,12,2,1.5757083892822266,1.8427810668945312,1.3333333333333333
63,1996435,team,23.0,single,2,2,0,0.0,0.0,21.0
63,1996435,team,23.0,complete,7,7,0,0.0,0.0,1.2
63,1996435,team,23.0,ward,7,7,0,0.0,0.0,1.0
64,1996435,individual,2.75,single,20,20,2,2.099363327026367,2.2688426971435547,1.0
64,1996435,individual,2.75,complete,20,20,2,2.099363327026367,2.2688426971435547,1.0
64,1996435,individual,2.75,ward,20,20,2,2.099363327026367,2.2688426971435547,1.0
64,1996435,tactical,11.75,single,8,8,0,0.0,0.0,4.333333333333333
64,1996435,tactical,11.75,complete,12,12,3,1.1758155822753906,2.225341796875,2.0
64,1996435,tactical,11.75,ward,12,12,3,1.069247563680013,2.225341796875,1.3333333333333333
64,1996435,team,23.0,single,1,1,0,0.0,0.0,22.0
64,1996435,team,23.0,complete,7,7,1,3.965085983276367,3.965085983276367,1.6
64,1996435,team,23.0,ward,8,8,1,2.058725357055664,2.058725357055664,1.2
65,1996435,individual,2.75,single,18,18,1,0.8881740570068359,0.8881740570068359,1.0
65,1996435,individual,2.75,complete,18,18,1,0.8881740570068359,0.8881740570068359,1.0
65,1996435,individual,2.75,ward,18,18,1,0.8881740570068359,0.8881740570068359,1.0
65,1996435,tactical,11.75,single,3,3,0,0.0,0.0,6.0
65,1996435,tactical,11.75,complete,10,10,1,2.875615119934082,2.875615119934082,1.0
65,1996435,tactical,11.75,ward,11,11,1,2.875615119934082,2.875615119934082,1.3333333333333333
65,1996435,team,23.0,single,2,2,0,0.0,0.0,21.0
65,1996435,team,23.0,complete,5,5,0,0.0,0.0,1.1666666666666667
65,1996435,team,23.0,ward,5,5,0,0.0,0.0,1.8
66,1996435,individual,2.75,single,20,20,2,2.121617317199707,3.059446334838867,1.0
66,1996435,individual,2.75,complete,20,20,2,2.121617317199707,3.059446334838867,1.0
66,1996435,individual,2.75,ward,20,20,2,2.121617317199707,3.059446334838867,1.0
66,1996435,tactical,11.75,single,6,6,0,0.0,0.0,3.25
66,1996435,tactical,11.75,complete,10,10,0,0.0,0.0,1.0
66,1996435,tactical,11.75,ward,11,11,0,0.0,0.0,1.3333333333333333
66,1996435,team,23.0,single,3,3,0,0.0,0.0,20.0
66,1996435,team,23.0,complete,7,7,1,2.017274856567383,2.017274856567383,1.1666666666666667
66,1996435,team,23.0,ward,8,8,0,0.0,0.0,1.5
67,1996435,individual,2.75,single,21,21,3,1.5899419784545898,2.9355220794677734,2.0
67,1996435,individual,2.75,complete,21,21,3,1.5899419784545898,2.9355220794677734,2.0
67,1996435,individual,2.75,ward,21,21,3,1.5899419784545898,2.9355220794677734,2.0
67,1996435,tactical,11.75,single,3,3,0,0.0,0.0,1.625
67,1996435,tactical,11.75,complete,10,10,1,1.3723735809326172,1.3723735809326172,1.0
67,1996435,tactical,11.75,ward,11,11,2,1.5686607360839844,1.7649478912353516,1.0
67,1996435,team,23.0,single,2,2,0,0.0,0.0,21.0
67,1996435,team,23.0,complete,6,6,1,4.102993011474609,4.102993011474609,1.2
67,1996435,team,23.0,ward,7,7,1,0.8044471740722656,0.8044471740722656,1.2
68,1996435,individual,2.75,single,20,20,1,2.4231576919555664,2.4231576919555664,1.0
68,1996435,individual,2.75,complete,20,20,1,2.4231576919555664,2.4231576919555664,1.0
68,1996435,individual,2.75,ward,20,20,1,2.4231576919555664,2.4231576919555664,1.0
68,1996435,tactical,11.75,single,5,5,0,0.0,0.0,5.333333333333333
68,1996435,tactical,11.75,complete,11,11,1,2.7382497787475586,2.7382497787475586,1.0
68,1996435,tactical,11.75,ward,11,11,1,0.08417606353759766,0.08417606353759766,1.25
68,1996435,team,23.0,single,2,2,0,0.0,0.0,21.0
68,1996435,team,23.0,complete,5,5,0,0.0,0.0,1.8333333333333333
68,1996435,team,23.0,ward,6,6,0,0.0,0.0,1.4
69,1996435,individual,2.75,single,22,22,2,1.0898380279541016,1.6476497650146484,1.0
69,1996435,individual,2.75,complete,22,22,2,1.0898380279541016,1.6476497650146484,1.0
69,1996435,individual,2.75,ward,22,22,2,1.0898380279541016,1.6476497650146484,1.0
69,1996435,tactical,11.75,single,3,3,0,0.0,0.0,20.0
69,1996435,tactical,11.75,complete,11,11,1,2.0375022888183594,2.0375022888183594,1.0
69,1996435,tactical,11.75,ward,11,11,1,2.0375022888183594,2.0375022888183594,1.0
69,1996435,team,23.0,single,2,2,0,0.0,0.0,21.0
69,1996435,team,23.0,complete,5,5,0,0.0,0.0,1.3333333333333333
69,1996435,team,23.0,ward,6,6,0,0.0,0.0,2.0
70,1996435,individual,2.75,single,18,18,3,0.507409413655599,0.6827735900878906,1.5
70,1996435,individual,2.75,complete,18,18,3,0.507409413655599,0.6827735900878906,1.5
70,1996435,individual,2.75,ward,18,18,3,0.507409413655599,0.6827735900878906,1.5
70,1996435,tactical,11.75,single,4,4,0,0.0,0.0,19.0
70,1996435,tactical,11.75,complete,8,8,2,3.2149782180786133,4.937763214111328,2.0
70,1996435,tactical,11.75,ward,8,8,2,3.2149782180786133,4.937763214111328,2.0
70,1996435,team,23.0,single,2,2,0,0.0,0.0,21.0
70,1996435,team,23.0,complete,4,4,0,0.0,0.0,2.0
70,1996435,team,23.0,ward,5,5,0,0.0,0.0,1.3333333333333333
71,1996435,individual,2.75,single,16,16,0,0.0,0.0,1.5
71,1996435,individual,2.75,complete,16,16,0,0.0,0.0,1.5
71,1996435,individual,2.75,ward,16,16,0,0.0,0.0,1.5
71,1996435,tactical,11.75,single,3,3,0,0.0,0.0,6.0
71,1996435,tactical,11.75,complete,8,8,0,0.0,0.0,1.0
71,1996435,tactical,11.75,ward,9,9,0,0.0,0.0,1.0
71,1996435,team,23.0,single,2,2,0,0.0,0.0,21.0
71,1996435,team,23.0,complete,4,4,0,0.0,0.0,2.0
71,1996435,team,23.0,ward,5,5,0,0.0,0.0,1.2857142857142858
72,1996435,individual,2.75,single,20,20,3,2.0784145991007485,4.25859260559082,1.0
72,1996435,individual,2.75,complete,20,20,3,2.0784145991007485,4.25859260559082,1.0
72,1996435,individual,2.75,ward,20,20,3,2.0784145991007485,4.25859260559082,1.0
72,1996435,tactical,11.75,single,8,8,1,3.1059513092041016,3.1059513092041016,1.0
72,1996435,tactical,11.75,complete,11,11,1,3.3482532501220703,3.3482532501220703,1.6666666666666667
72,1996435,tactical,11.75,ward,11,11,1,0.4605884552001953,0.4605884552001953,1.3333333333333333
72,1996435,team,23.0,single,1,1,0,0.0,0.0,22.0
72,1996435,team,23.0,complete,7,7,0,0.0,0.0,1.2
72,1996435,team,23.0,ward,7,7,1,0.8851165771484375,0.8851165771484375,1.25
73,1996435,individual,2.75,single,20,20,3,1.0169188181559246,2.5545482635498047,1.0
73,1996435,individual,2.75,complete,20,20,3,1.0169188181559246,2.5545482635498047,1.0
73,1996435,individual,2.75,ward,20,20,3,1.0169188181559246,2.5545482635498047,1.0
73,1996435,tactical,11.75,single,4,4,0,0.0,0.0,5.666666666666667
73,1996435,tactical,11.75,complete,10,10,2,2.8851919174194336,2.9396934509277344,1.0
73,1996435,tactical,11.75,ward,10,10,2,2.8851919174194336,2.9396934509277344,1.0
73,1996435,team,23.0,single,2,2,0,0.0,0.0,21.0
73,1996435,team,23.0,complete,5,5,0,0.0,0.0,1.1666666666666667
73,1996435,team,23.0,ward,5,5,0,0.0,0.0,1.1666666666666667
74,1996435,individual,2.75,single,21,21,4,1.468069076538086,2.937464714050293,2.0
74,1996435,individual,2.75,complete,21,21,4,1.468069076538086,2.937464714050293,2.0
74,1996435,individual,2.75,ward,21,21,4,1.468069076538086,2.937464714050293,2.0
74,1996435,tactical,11.75,single,4,4,0,0.0,0.0,19.0
74,1996435,tactical,11.75,complete,12,12,0,0.0,0.0,1.0
74,1996435,tactical,11.75,ward,12,12,0,0.0,0.0,1.0
74,1996435,team,23.0,single,2,2,0,0.0,0.0,21.0
74,1996435,team,23.0,complete,7,7,0,0.0,0.0,1.25
74,1996435,team,23.0,ward,7,7,0,0.0,0.0,1.25
75,1996435,individual,2.75,single,18,18,2,1.135326862335205,1.8141918182373047,1.5
75,1996435,individual,2.75,complete,18,18,2,1.135326862335205,1.8141918182373047,1.5
75,1996435,individual,2.75,ward,18,18,2,1.135326862335205,1.8141918182373047,1.5
75,1996435,tactical,11.75,single,3,3,0,0.0,0.0,20.0
75,1996435,tactical,11.75,complete,9,9,1,0.8064069747924805,0.8064069747924805,2.0
75,1996435,tactical,11.75,ward,9,9,1,0.8064069747924805,0.8064069747924805,2.0
75,1996435,team,23.0,single,2,2,0,0.0,0.0,21.0
75,1996435,team,23.0,complete,4,4,0,0.0,0.0,1.2857142857142858
75,1996435,team,23.0,ward,5,5,0,0.0,0.0,1.8
76,1996435,individual,2.75,single,21,21,3,3.2610343297322593,6.24449348449707,2.0
76,1996435,individual,2.75,complete,21,21,3,3.2610343297322593,6.24449348449707,2.0
76,1996435,individual,2.75,ward,21,21,3,3.2610343297322593,6.24449348449707,2.0
76,1996435,tactical,11.75,single,9,9,1,0.3634014129638672,0.3634014129638672,1.0
76,1996435,tactical,11.75,complete,13,13,2,4.56669807434082,5.861001968383789,1.0
76,1996435,tactical,11.75,ward,13,13,2,4.56669807434082,5.861001968383789,1.0
76,1996435,team,23.0,single,1,1,0,0.0,0.0,22.0
76,1996435,team,23.0,complete,7,7,1,5.384174346923828,5.384174346923828,1.1666666666666667
76,1996435,team,23.0,ward,9,9,1,3.7603912353515625,3.7603912353515625,1.3333333333333333
77,1996435,individual,2.75,single,19,19,2,0.48795294761657715,0.5909419059753418,1.0
77,1996435,individual,2.75,complete,19,19,2,0.48795294761657715,0.5909419059753418,1.0
77,1996435,individual,2.75,ward,19,19,2,0.48795294761657715,0.5909419059753418,1.0
77,1996435,tactical,11.75,single,4,4,0,0.0,0.0,19.0
77,1996435,tactical,11.75,complete,10,10,0,0.0,0.0,1.5
77,1996435,tactical,11.75,ward,10,10,0,0.0,0.0,2.0
77,1996435,team,23.0,single,2,2,0,0.0,0.0,21.0
77,1996435,team,23.0,complete,5,5,0,0.0,0.0,1.1666666666666667
77,1996435,team,23.0,ward,5,5,0,0.0,0.0,1.1666666666666667
78,1996435,individual,2.75,single,20,20,3,1.0476258595784504,2.799128532409668,3.0
78,1996435,individual,2.75,complete,20,20,3,1.0476258595784504,2.799128532409668,3.0
78,1996435,individual,2.75,ward,20,20,3,1.0476258595784504,2.799128532409668,3.0
78,1996435,tactical,11.75,single,5,5,0,0.0,0.0,18.0
78,1996435,tactical,11.75,complete,12,12,2,1.8634629249572754,3.088327407836914,1.0
78,1996435,tactical,11.75,ward,13,13,4,1.8203988075256348,2.898383140563965,1.3333333333333333
78,1996435,team,23.0,single,3,3,0,0.0,0.0,20.0
78,1996435,team,23.0,complete,7,7,0,0.0,0.0,1.0
78,1996435,team,23.0,ward,7,7,0,0.0,0.0,1.0
79,1996435,individual,2.75,single,21,21,4,0.7147881984710693,1.454148292541504,2.0
79,1996435,individual,2.75,complete,21,21,4,0.7147881984710693,1.454148292541504,2.0
79,1996435,individual,2.75,ward,21,21,4,0.7147881984710693,1.454148292541504,2.0
79,1996435,tactical,11.75,single,4,4,0,0.0,0.0,19.0
79,1996435,tactical,11.75,complete,10,10,1,5.077364921569824,5.077364921569824,2.0
79,1996435,tactical,11.75,ward,11,11,1,4.106639862060547,4.106639862060547,1.0
79,1996435,team,23.0,single,2,2,0,0.0,0.0,21.0
79,1996435,team,23.0,complete,7,7,1,0.6903362274169922,0.6903362274169922,1.8
79,1996435,team,23.0,ward,7,7,0,0.0,0.0,1.2
80,1996435,individual,2.75,single,15,15,1,0.5399656295776367,0.5399656295776367,2.0
80,1996435,individual,2.75,complete,16,16,1,0.2598385810852051,0.2598385810852051,1.0
80,1996435,individual,2.75,ward,16,16,1,0.2598385810852051,0.2598385810852051,1.0
80,1996435,tactical,11.75,single,4,4,0,0.0,0.0,5.666666666666667
80,1996435,tactical,11.75,complete,9,9,0,0.0,0.0,1.25
80,1996435,tactical,11.75,ward,8,8,0,0.0,0.0,1.5
80,1996435,team,23.0,single,2,2,0,0.0,0.0,21.0
80,1996435,team,23.0,complete,5,5,1,2.3711376190185547,2.3711376190185547,1.2857142857142858
80,1996435,team,23.0,ward,6,6,1,1.9959640502929688,1.9959640502929688,2.5
81,1996435,individual,2.75,single,21,21,4,2.363919973373413,4.196077346801758,2.0
81,1996435,individual,2.75,complete,21,21,4,2.363919973373413,4.196077346801758,2.0
81,1996435,individual,2.75,ward,21,21,4,2.363919973373413,4.196077346801758,2.0
81,1996435,tactical,11.75,single,5,5,0,0.0,0.0,8.0
81,1996435,tactical,11.75,complete,11,11,3,2.139802932739258,2.973722457885742,1.3333333333333333
81,1996435,tactical,11.75,ward,11,11,3,2.057707150777181,2.7274351119995117,1.0
81,1996435,team,23.0,single,2,2,0,0.0,0.0,21.0
81,1996435,team,23.0,complete,6,6,0,0.0,0.0,1.2
81,1996435,team,23.0,ward,7,7,1,3.7675933837890625,3.7675933837890625,1.25
82,1996435,individual,2.75,single,22,22,1,0.279815673828125,0.279815673828125,1.0
82,1996435,individual,2.75,complete,22,22,1,0.279815673828125,0.279815673828125,1.0
82,1996435,individual,2.75,ward,22,22,1,0.279815673828125,0.279815673828125,1.0
82,1996435,tactical,11.75,single,4,4,0,0.0,0.0,19.0
82,1996435,tactical,11.75,complete,12,12,1,3.797800064086914,3.797800064086914,1.3333333333333333
82,1996435,tactical,11.75,ward,12,12,1,1.0748291015625,1.0748291015625,1.0
82,1996435,team,23.0,single,1,1,0,0.0,0.0,22.0
82,1996435,team,23.0,complete,7,7,1,4.638002395629883,4.638002395629883,1.2
82,1996435,team,23.0,ward,8,8,0,0.0,0.0,1.2
83,1996435,individual,2.75,single,17,17,2,1.6695623397827148,2.640188217163086,1.5
83,1996435,individual,2.75,complete,18,18,2,1.1011238098144531,1.5033111572265625,1.0
83,1996435,individual,2.75,ward,18,18,2,1.1011238098144531,1.5033111572265625,1.0
83,1996435,tactical,11.75,single,6,6,0,0.0,0.0,7.5
83,1996435,tactical,11.75,complete,9,9,1,4.829540252685547,4.829540252685547,1.25
83,1996435,tactical,11.75,ward,9,9,1,4.829540252685547,4.829540252685547,1.25
83,1996435,team,23.0,single,2,2,0,0.0,0.0,21.0
83,1996435,team,23.0,complete,5,5,0,0.0,0.0,3.0
83,1996435,team,23.0,ward,5,5,0,0.0,0.0,3.0
84,1996435,individual,2.75,single,18,18,3,3.2828442255655923,7.420553207397461,1.0
84,1996435,individual,2.75,complete,18,18,3,3.2828442255655923,7.420553207397461,1.0
84,1996435,individual,2.75,ward,18,18,3,3.2828442255655923,7.420553207397461,1.0
84,1996435,tactical,11.75,single,8,8,1,4.58839225769043,4.58839225769043,3.3333333333333335
84,1996435,tactical,11.75,complete,11,11,1,7.420553207397461,7.420553207397461,1.0
84,1996435,tactical,11.75,ward,11,11,1,7.420553207397461,7.420553207397461,1.0
84,1996435,team,23.0,single,2,2,0,0.0,0.0,21.0
84,1996435,team,23.0,complete,6,6,1,7.157466888427734,7.157466888427734,1.4
84,1996435,team,23.0,ward,7,7,0,0.0,0.0,1.4
85,1996435,individual,2.75,single,20,20,3,1.9045381546020508,3.079958915710449,1.0
85,1996435,individual,2.75,complete,20,20,3,1.9045381546020508,3.079958915710449,1.0
85,1996435,individual,2.75,ward,20,20,3,1.9045381546020508,3.079958915710449,1.0
85,1996435,tactical,11.75,single,5,5,0,0.0,0.0,3.5
85,1996435,tactical,11.75,complete,11,11,1,2.2941150665283203,2.2941150665283203,1.0
85,1996435,tactical,11.75,ward,11,11,2,1.2088403701782227,1.96319580078125,1.3333333333333333
85,1996435,team,23.0,single,2,2,0,0.0,0.0,21.0
85,1996435,team,23.0,complete,6,6,1,1.8831863403320312,1.8831863403320312,1.2
85,1996435,team,23.0,ward,6,6,1,0.09976005554199219,0.09976005554199219,1.2
86,1996435,individual,2.75,single,20,20,3,2.124206860860189,4.2496538162231445,1.0
86,1996435,individual,2.75,complete,20,20,3,2.124206860860189,4.2496538162231445,1.0
86,1996435,individual,2.75,ward,20,20,3,2.124206860860189,4.2496538162231445,1.0
86,1996435,tactical,11.75,single,5,5,0,0.0,0.0,5.333333333333333
86,1996435,tactical,11.75,complete,11,11,2,1.3916597366333008,2.3756885528564453,1.0
86,1996435,tactical,11.75,ward,11,11,2,1.3916597366333008,2.3756885528564453,1.0
86,1996435,team,23.0,single,2,2,0,0.0,0.0,21.0
86,1996435,team,23.0,complete,6,6,1,1.5527191162109375,1.5527191162109375,1.8
86,1996435,team,23.0,ward,8,8,0,0.0,0.0,2.0
87,1996435,individual,2.75,single,19,19,2,1.5911855697631836,2.187723159790039,1.0
87,1996435,individual,2.75,complete,19,19,2,1.5911855697631836,2.187723159790039,1.0
87,1996435,individual,2.75,ward,19,19,2,1.5911855697631836,2.187723159790039,1.0
87,1996435,tactical,11.75,single,3,3,0,0.0,0.0,20.0
87,1996435,tactical,11.75,complete,8,8,1,1.6422920227050781,1.6422920227050781,1.25
87,1996435,tactical,11.75,ward,10,10,1,1.6422920227050781,1.6422920227050781,1.25
87,1996435,team,23.0,single,2,2,0,0.0,0.0,21.0
87,1996435,team,23.0,complete,6,6,0,0.0,0.0,1.6
87,1996435,team,23.0,ward,5,5,1,3.838672637939453,3.838672637939453,1.1428571428571428
88,1996435,individual,2.75,single,10,10,1,1.3055286407470703,1.3055286407470703,6.0
88,1996435,individual,2.75,complete,16,16,1,0.7114439010620117,0.7114439010620117,1.5
88,1996435,individual,2.75,ward,16,16,1,0.7114439010620117,0.7114439010620117,1.5
88,1996435,tactical,11.75,single,4,4,0,0.0,0.0,9.0
88,1996435,tactical,11.75,complete,6,6,0,0.0,0.0,4.0
88,1996435,tactical,11.75,ward,8,8,0,0.0,0.0,1.5
88,1996435,team,23.0,single,2,2,0,0.0,0.0,21.0
88,1996435,team,23.0,complete,4,4,0,0.0,0.0,9.0
88,1996435,team,23.0,ward,5,5,0,0.0,0.0,1.25
89,1996435,individual,2.75,single,20,20,2,2.345612049102783,4.036740303039551,1.0
89,1996435,individual,2.75,complete,20,20,2,2.345612049102783,4.036740303039551,1.0
89,1996435,individual,2.75,ward,20,20,2,2.345612049102783,4.036740303039551,1.0
89,1996435,tactical,11.75,single,4,4,0,0.0,0.0,9.0
89,1996435,tactical,11.75,complete,10,10,1,3.553081512451172,3.553081512451172,1.0
89,1996435,tactical,11.75,ward,10,10,1,3.553081512451172,3.553081512451172,1.0
89,1996435,team,23.0,single,2,2,0,0.0,0.0,21.0
89,1996435,team,23.0,complete,5,5,0,0.0,0.0,1.1428571428571428
89,1996435,team,23.0,ward,7,7,1,0.14133262634277344,0.14133262634277344,1.75
90,1996435,individual,2.75,single,21,21,2,4.851315975189209,8.904945373535156,2.0
90,1996435,individual,2.75,complete,21,21,2,4.851315975189209,8.904945373535156,2.0
90,1996435,individual,2.75,ward,21,21,2,4.851315975189209,8.904945373535156,2.0
90,1996435,tactical,11.75,single,4,4,0,0.0,0.0,9.0
90,1996435,tactical,11.75,complete,11,11,1,6.476329803466797,6.476329803466797,1.0
90,1996435,tactical,11.75,ward,10,10,1,6.476329803466797,6.476329803466797,1.0
90,1996435,team,23.0,single,2,2,0,0.0,0.0,21.0
90,1996435,team,23.0,complete,7,7,1,8.79592514038086,8.79592514038086,2.0
90,1996435,team,23.0,ward,7,7,1,10.162193298339844,10.162193298339844,1.2
91,1996435,individual,2.75,single,21,21,3,3.0155467987060547,5.322294235229492,2.0
91,1996435,individual,2.75,complete,21,21,3,3.0155467987060547,5.322294235229492,2.0
91,1996435,individual,2.75,ward,21,21,3,3.0155467987060547,5.322294235229492,2.0
91,1996435,tactical,11.75,single,7,7,1,2.648021697998047,2.648021697998047,7.0
91,1996435,tactical,11.75,complete,12,12,3,1.3815968831380208,2.2817821502685547,1.3333333333333333
91,1996435,tactical,11.75,ward,13,13,2,2.773195266723633,5.439548492431641,2.0
91,1996435,team,23.0,single,2,2,0,0.0,0.0,21.0
91,1996435,team,23.0,complete,7,7,1,0.7110786437988281,0.7110786437988281,1.25
91,1996435,team,23.0,ward,7,7,1,0.06767082214355469,0.06767082214355469,1.0
92,1996435,individual,2.75,single,21,21,4,0.9219059944152832,2.1824560165405273,2.0
92,1996435,individual,2.75,complete,21,21,4,0.9219059944152832,2.1824560165405273,2.0
92,1996435,individual,2.75,ward,21,21,4,0.9219059944152832,2.1824560165405273,2.0
92,1996435,tactical,11.75,single,5,5,0,0.0,0.0,2.1666666666666665
92,1996435,tactical,11.75,complete,11,11,2,0.8854951858520508,1.5477447509765625,1.0
92,1996435,tactical,11.75,ward,11,11,2,0.8854951858520508,1.5477447509765625,1.0
92,1996435,team,23.0,single,2,2,0,0.0,0.0,21.0
92,1996435,team,23.0,complete,6,6,0,0.0,0.0,1.2
92,1996435,team,23.0,ward,6,6,0,0.0,0.0,1.6
93,1996435,individual,2.75,single,21,21,2,3.2808570861816406,3.8824329376220703,2.0
93,1996435,individual,2.75,complete,21,21,2,3.2808570861816406,3.8824329376220703,2.0
93,1996435,individual,2.75,ward,21,21,2,3.2808570861816406,3.8824329376220703,2.0
93,1996435,tactical,11.75,single,6,6,0,0.0,0.0,1.6666666666666667
93,1996435,tactical,11.75,complete,9,9,1,0.4354438781738281,0.4354438781738281,1.2
93,1996435,tactical,11.75,ward,8,8,1,4.871000289916992,4.871000289916992,1.5
93,1996435,team,23.0,single,2,2,0,0.0,0.0,21.0
93,1996435,team,23.0,complete,7,7,1,5.899871826171875,5.899871826171875,1.0
93,1996435,team,23.0,ward,7,7,1,5.899871826171875,5.899871826171875,1.0
94,1996435,individual,2.75,single,20,20,3,2.0915608406066895,2.509885787963867,1.0
94,1996435,individual,2.75,complete,20,20,3,2.0915608406066895,2.509885787963867,1.0
94,1996435,individual,2.75,ward,20,20,3,2.0915608406066895,2.509885787963867,1.0
94,1996435,tactical,11.75,single,5,5,0,0.0,0.0,3.5
94,1996435,tactical,11.75,complete,10,10,2,0.8712306022644043,1.083174705505371,1.5
94,1996435,tactical,11.75,ward,9,9,1,1.083174705505371,1.083174705505371,1.2
94,1996435,team,23.0,single,2,2,0,0.0,0.0,21.0
94,1996435,team,23.0,complete,5,5,1,1.118947982788086,1.118947982788086,1.3333333333333333
94,1996435,team,23.0,ward,5,5,1,1.118947982788086,1.118947982788086,1.3333333333333333
95,1996435,individual,2.75,single,20,20,4,2.2456729412078857,6.540287971496582,1.0
95,1996435,individual,2.75,complete,20,20,4,2.2456729412078857,6.540287971496582,1.0
95,1996435,individual,2.75,ward,20,20,4,2.2456729412078857,6.540287971496582,1.0
95,1996435,tactical,11.75,single,7,7,1,9.941658020019531,9.941658020019531,7.0
95,1996435,tactical,11.75,complete,12,12,2,3.0611095428466797,4.5993804931640625,1.3333333333333333
95,1996435,tactical,11.75,ward,12,12,2,3.0611095428466797,4.5993804931640625,1.3333333333333333
95,1996435,team,23.0,single,2,2,0,0.0,0.0,21.0
95,1996435,team,23.0,complete,7,7,1,7.542486190795898,7.542486190795898,1.1666666666666667
95,1996435,team,23.0,ward,8,8,2,4.9711151123046875,7.562105178833008,1.4
96,1996435,individual,2.75,single,20,20,2,5.41132926940918,8.237472534179688,1.0
96,1996435,individual,2.75,complete,20,20,2,5.41132926940918,8.237472534179688,1.0
96,1996435,individual,2.75,ward,20,20,2,5.41132926940918,8.237472534179688,1.0
96,1996435,tactical,11.75,single,6,6,0,0.0,0.0,3.0
96,1996435,tactical,11.75,complete,10,10,2,5.480965614318848,8.503921508789062,1.3333333333333333
96,1996435,tactical,11.75,ward,11,11,2,5.480965614318848,8.503921508789062,1.0
96,1996435,team,23.0,single,2,2,0,0.0,0.0,21.0
96,1996435,team,23.0,complete,7,7,1,7.611654281616211,7.611654281616211,1.75
96,1996435,team,23.0,ward,7,7,1,7.611654281616211,7.611654281616211,1.75
97,1996435,individual,2.75,single,22,22,2,3.247866153717041,3.904604911804199,1.0
97,1996435,individual,2.75,complete,22,22,2,3.247866153717041,3.904604911804199,1.0
97,1996435,individual,2.75,ward,22,22,2,3.247866153717041,3.904604911804199,1.0
97,1996435,tactical,11.75,single,8,8,1,10.770751953125,10.770751953125,1.5
97,1996435,tactical,11.75,complete,14,14,2,0.6722421646118164,1.2826862335205078,1.5
97,1996435,tactical,11.75,ward,14,14,2,0.6722421646118164,1.2826862335205078,1.5
97,1996435,team,23.0,single,2,2,0,0.0,0.0,21.0
97,1996435,team,23.0,complete,8,8,1,3.2567195892333984,3.2567195892333984,1.0
97,1996435,team,23.0,ward,9,9,1,2.7265872955322266,2.7265872955322266,1.0
98,1996435,individual,2.75,single,22,22,2,2.7280282974243164,4.7288970947265625,1.0
98,1996435,individual,2.75,complete,22,22,2,2.7280282974243164,4.7288970947265625,1.0
98,1996435,individual,2.75,ward,22,22,2,2.7280282974243164,4.7288970947265625,1.0
98,1996435,tactical,11.75,single,10,10,2,2.7683963775634766,4.414131164550781,1.75
98,1996435,tactical,11.75,complete,12,12,2,3.392167091369629,4.072782516479492,1.3333333333333333
98,1996435,tactical,11.75,ward,13,13,2,2.963571548461914,3.2155914306640625,1.0
98,1996435,team,23.0,single,2,2,0,0.0,0.0,21.0
98,1996435,team,23.0,complete,9,9,1,4.072782516479492,4.072782516479492,1.0
98,1996435,team,23.0,ward,8,8,2,2.504831314086914,3.8870010375976562,1.75
99,1996435,individual,2.75,single,12,12,0,0.0,0.0,1.75
99,1996435,individual,2.75,complete,16,16,0,0.0,0.0,1.5
99,1996435,individual,2.75,ward,16,16,0,0.0,0.0,1.5
99,1996435,tactical,11.75,single,3,3,0,0.0,0.0,20.0
99,1996435,tactical,11.75,complete,9,9,0,0.0,0.0,2.25
99,1996435,tactical,11.75,ward,9,9,0,0.0,0.0,2.25
99,1996435,team,23.0,single,2,2,0,0.0,0.0,21.0
99,1996435,team,23.0,complete,5,5,0,0.0,0.0,4.666666666666667
99,1996435,team,23.0,ward,5,5,0,0.0,0.0,1.125
100,1996435,individual,2.75,single,20,20,2,6.186082363128662,6.2599992752075195,1.0
100,1996435,individual,2.75,complete,20,20,2,6.186082363128662,6.2599992752075195,1.0
100,1996435,individual,2.75,ward,20,20,2,6.186082363128662,6.2599992752075195,1.0
100,1996435,tactical,11.75,single,9,9,0,0.0,0.0,1.8
100,1996435,tactical,11.75,complete,14,14,3,4.630469957987468,7.35270881652832,1.5
100,1996435,tactical,11.75,ward,14,14,3,3.92223326365153,6.2599992752075195,1.5
100,1996435,team,23.0,single,2,2,0,0.0,0.0,21.0
100,1996435,team,23.0,complete,7,7,1,6.548124313354492,6.548124313354492,1.1666666666666667
100,1996435,team,23.0,ward,7,7,0,0.0,0.0,1.5
101,1996435,individual,2.75,single,18,18,1,1.8821392059326172,1.8821392059326172,1.0
101,1996435,individual,2.75,complete,18,18,1,1.8821392059326172,1.8821392059326172,1.0
101,1996435,individual,2.75,ward,18,18,1,1.8821392059326172,1.8821392059326172,1.0
101,1996435,tactical,11.75,single,4,4,0,0.0,0.0,1.25
101,1996435,tactical,11.75,complete,9,9,1,4.954710006713867,4.954710006713867,1.5
101,1996435,tactical,11.75,ward,9,9,1,4.954710006713867,4.954710006713867,1.5
101,1996435,team,23.0,single,2,2,0,0.0,0.0,21.0
101,1996435,team,23.0,complete,5,5,0,0.0,0.0,1.6666666666666667
101,1996435,team,23.0,ward,5,5,0,0.0,0.0,1.6666666666666667
102,1996435,individual,2.75,single,19,19,4,1.0910849571228027,2.483640670776367,1.0
102,1996435,individual,2.75,complete,19,19,4,1.0910849571228027,2.483640670776367,1.0
102,1996435,individual,2.75,ward,19,19,4,1.0910849571228027,2.483640670776367,1.0
102,1996435,tactical,11.75,single,6,6,0,0.0,0.0,5.0
102,1996435,tactical,11.75,complete,12,12,1,4.843435287475586,4.843435287475586,1.0
102,1996435,tactical,11.75,ward,12,12,1,4.843435287475586,4.843435287475586,1.3333333333333333
102,1996435,team,23.0,single,2,2,0,0.0,0.0,21.0
102,1996435,team,23.0,complete,7,7,1,6.832084655761719,6.832084655761719,1.0
102,1996435,team,23.0,ward,8,8,1,0.5486640930175781,0.5486640930175781,1.25
103,1996435,individual,2.75,single,20,20,4,2.023540735244751,4.892647743225098,1.0
103,1996435,individual,2.75,complete,20,20,4,2.023540735244751,4.892647743225098,1.0
103,1996435,individual,2.75,ward,20,20,4,2.023540735244751,4.892647743225098,1.0
103,1996435,tactical,11.75,single,6,6,0,0.0,0.0,8.0
103,1996435,tactical,11.75,complete,10,10,2,2.9831743240356445,4.513034820556641,1.25
103,1996435,tactical,11.75,ward,11,11,2,3.135937213897705,4.204155921936035,1.6666666666666667
103,1996435,team,23.0,single,1,1,0,0.0,0.0,22.0
103,1996435,team,23.0,complete,7,7,1,3.804574966430664,3.804574966430664,1.4
103,1996435,team,23.0,ward,7,7,1,2.528902053833008,2.528902053833008,1.4
104,1996435,individual,2.75,single,19,19,1,2.261448860168457,2.261448860168457,1.0
104,1996435,individual,2.75,complete,19,19,1,2.261448860168457,2.261448860168457,1.0
104,1996435,individual,2.75,ward,19,19,1,2.261448860168457,2.261448860168457,1.0
104,1996435,tactical,11.75,single,2,2,0,0.0,0.0,21.0
104,1996435,tactical,11.75,complete,9,9,1,2.4784317016601562,2.4784317016601562,2.0
104,1996435,tactical,11.75,ward,9,9,1,2.5355358123779297,2.5355358123779297,1.3333333333333333
104,1996435,team,23.0,single,2,2,0,0.0,0.0,21.0
104,1996435,team,23.0,complete,6,6,1,0.1527385711669922,0.1527385711669922,1.4
104,1996435,team,23.0,ward,6,6,1,0.1527385711669922,0.1527385711669922,1.4
105,1996435,individual,2.75,single,22,22,3,2.2430426279703775,3.7133684158325195,1.0
105,1996435,individual,2.75,complete,22,22,3,2.2430426279703775,3.7133684158325195,1.0
105,1996435,individual,2.75,ward,22,22,3,2.2430426279703775,3.7133684158325195,1.0
105,1996435,tactical,11.75,single,7,7,1,1.7315177917480469,1.7315177917480469,4.666666666666667
105,1996435,tactical,11.75,complete,13,13,1,5.576099395751953,5.576099395751953,1.0
105,1996435,tactical,11.75,ward,12,12,1,5.576099395751953,5.576099395751953,1.6666666666666667
105,1996435,team,23.0,single,1,1,0,0.0,0.0,22.0
105,1996435,team,23.0,complete,6,6,1,2.824289321899414,2.824289321899414,1.2
105,1996435,team,23.0,ward,8,8,1,7.768503189086914,7.768503189086914,1.5
106,1996435,individual,2.75,single,20,20,4,0.8505311012268066,1.6990938186645508,1.0
106,1996435,individual,2.75,complete,20,20,4,0.8505311012268066,1.6990938186645508,1.0
106,1996435,individual,2.75,ward,20,20,4,0.8505311012268066,1.6990938186645508,1.0
106,1996435,tactical,11.75,single,5,5,0,0.0,0.0,18.0
106,1996435,tactical,11.75,complete,10,10,1,0.44156646728515625,0.44156646728515625,1.25
106,1996435,tactical,11.75,ward,11,11,1,2.663553237915039,2.663553237915039,2.0
106,1996435,team,23.0,single,2,2,0,0.0,0.0,21.0
106,1996435,team,23.0,complete,6,6,1,1.8005390167236328,1.8005390167236328,1.1666666666666667
106,1996435,team,23.0,ward,5,5,0,0.0,0.0,2.25
107,1996435,individual,2.75,single,18,18,2,0.4802570343017578,0.7075061798095703,1.5
107,1996435,individual,2.75,complete,18,18,2,0.4802570343017578,0.7075061798095703,1.5
107,1996435,individual,2.75,ward,19,19,2,0.4802570343017578,0.7075061798095703,1.0
107,1996435,tactical,11.75,single,4,4,0,0.0,0.0,19.0
107,1996435,tactical,11.75,complete,8,8,2,1.222543716430664,2.4324264526367188,1.2
107,1996435,tactical,11.75,ward,10,10,1,2.4324264526367188,2.4324264526367188,1.25
107,1996435,team,23.0,single,2,2,0,0.0,0.0,21.0
107,1996435,team,23.0,complete,5,5,0,0.0,0.0,2.4
107,1996435,team,23.0,ward,6,6,0,0.0,0.0,1.1666666666666667
108,1996435,individual,2.75,single,21,21,1,1.4567241668701172,1.4567241668701172,2.0
108,1996435,individual,2.75,complete,21,21,1,1.4567241668701172,1.4567241668701172,2.0
108,1996435,individual,2.75,ward,21,21,1,1.4567241668701172,1.4567241668701172,2.0
108,1996435,tactical,11.75,single,4,4,0,0.0,0.0,9.0
108,1996435,tactical,11.75,complete,11,11,1,2.762117385864258,2.762117385864258,1.3333333333333333
108,1996435,tactical,11.75,ward,12,12,1,2.6802873611450195,2.6802873611450195,1.0
108,1996435,team,23.0,single,2,2,0,0.0,0.0,21.0
108,1996435,team,23.0,complete,7,7,0,0.0,0.0,1.2
108,1996435,team,23.0,ward,7,7,0,0.0,0.0,1.0
109,1996435,individual,2.75,single,19,19,2,1.3043694496154785,1.3442440032958984,1.0
109,1996435,individual,2.75,complete,19,19,2,1.3043694496154785,1.3442440032958984,1.0
109,1996435,individual,2.75,ward,19,19,2,1.3043694496154785,1.3442440032958984,1.0
109,1996435,tactical,11.75,single,6,6,0,0.0,0.0,8.0
109,1996435,tactical,11.75,complete,12,12,2,1.6920747756958008,2.777904510498047,2.0
109,1996435,tactical,11.75,ward,13,13,2,3.1973633766174316,3.6168222427368164,1.0
109,1996435,team,23.0,single,2,2,0,0.0,0.0,21.0
109,1996435,team,23.0,complete,7,7,1,5.847682952880859,5.847682952880859,1.4
109,1996435,team,23.0,ward,7,7,1,2.1014556884765625,2.1014556884765625,1.5
110,1996435,individual,2.75,single,15,15,0,0.0,0.0,1.0
110,1996435,individual,2.75,complete,15,15,0,0.0,0.0,1.0
110,1996435,individual,2.75,ward,15,15,0,0.0,0.0,1.0
110,1996435,tactical,11.75,single,4,4,0,0.0,0.0,2.6
110,1996435,tactical,11.75,complete,9,9,0,0.0,0.0,1.3333333333333333
110,1996435,tactical,11.75,ward,9,9,0,0.0,0.0,1.0
110,1996435,team,23.0,single,2,2,0,0.0,0.0,21.0
110,1996435,team,23.0,complete,5,5,0,0.0,0.0,1.6
110,1996435,team,23.0,ward,5,5,0,0.0,0.0,1.1666666666666667
111,1996435,individual,2.75,single,11,11,0,0.0,0.0,2.6666666666666665
111,1996435,individual,2.75,complete,14,14,0,0.0,0.0,1.0
111,1996435,individual,2.75,ward,13,13,0,0.0,0.0,1.3333333333333333
111,1996435,tactical,11.75,single,4,4,0,0.0,0.0,19.0
111,1996435,tactical,11.75,complete,8,8,1,1.0088863372802734,1.0088863372802734,2.75
111,1996435,tactical,11.75,ward,9,9,1,2.1793107986450195,2.1793107986450195,1.75
111,1996435,team,23.0,single,3,3,0,0.0,0.0,20.0
111,1996435,team,23.0,complete,4,4,0,0.0,0.0,19.0
111,1996435,team,23.0,ward,6,6,0,0.0,0.0,2.2
112,1996435,individual,2.75,single,21,21,1,0.202606201171875,0.202606201171875,2.0
112,1996435,individual,2.75,complete,21,21,1,0.202606201171875,0.202606201171875,2.0
112,1996435,individual,2.75,ward,21,21,1,0.202606201171875,0.202606201171875,2.0
112,1996435,tactical,11.75,single,3,3,0,0.0,0.0,1.1
112,1996435,tactical,11.75,complete,9,9,0,0.0,0.0,2.3333333333333335
112,1996435,tactical,11.75,ward,10,10,1,2.4150524139404297,2.4150524139404297,1.25
112,1996435,team,23.0,single,2,2,0,0.0,0.0,21.0
112,1996435,team,23.0,complete,4,4,0,0.0,0.0,2.2
112,1996435,team,23.0,ward,6,6,0,0.0,0.0,1.4
113,1996435,individual,2.75,single,19,19,5,2.393996810913086,4.463571548461914,1.0
113,1996435,individual,2.75,complete,19,19,5,2.393996810913086,4.463571548461914,1.0
113,1996435,individual,2.75,ward,19,19,5,2.393996810913086,4.463571548461914,1.0
113,1996435,tactical,11.75,single,7,7,1,4.243549346923828,4.243549346923828,1.125
113,1996435,tactical,11.75,complete,12,12,3,2.383752187093099,4.331411361694336,1.0
113,1996435,tactical,11.75,ward,12,12,3,2.383752187093099,4.331411361694336,1.0
113,1996435,team,23.0,single,2,2,0,0.0,0.0,21.0
113,1996435,team,23.0,complete,7,7,1,0.347747802734375,0.347747802734375,1.5
113,1996435,team,23.0,ward,7,7,1,0.347747802734375,0.347747802734375,1.5
114,1996435,individual,2.75,single,21,21,2,2.498318672180176,2.677244186401367,2.0
114,1996435,individual,2.75,complete,21,21,2,2.498318672180176,2.677244186401367,2.0
114,1996435,individual,2.75,ward,21,21,2,2.498318672180176,2.677244186401367,2.0
114,1996435,tactical,11.75,single,5,5,0,0.0,0.0,1.3333333333333333
114,1996435,tactical,11.75,complete,12,12,2,2.820140838623047,3.9236888885498047,1.0
114,1996435,tactical,11.75,ward,13,13,2,2.5271549224853516,3.9236888885498047,1.3333333333333333
114,1996435,team,23.0,single,1,1,0,0.0,0.0,22.0
114,1996435,team,23.0,complete,7,7,1,4.625026702880859,4.625026702880859,1.0
114,1996435,team,23.0,ward,7,7,1,1.5206298828125,1.5206298828125,1.0
115,1996435,individual,2.75,single,20,20,2,1.5551066398620605,1.8672075271606445,3.0
115,1996435,individual,2.75,complete,21,21,2,1.5551066398620605,1.8672075271606445,2.0
115,1996435,individual,2.75,ward,21,21,2,1.5551066398620605,1.8672075271606445,2.0
115,1996435,tactical,11.75,single,4,4,0,0.0,0.0,19.0
115,1996435,tactical,11.75,complete,11,11,2,0.47827911376953125,0.7732934951782227,1.0
115,1996435,tactical,11.75,ward,10,10,0,0.0,0.0,1.25
115,1996435,team,23.0,single,2,2,0,0.0,0.0,21.0
115,1996435,team,23.0,complete,6,6,0,0.0,0.0,1.1666666666666667
115,1996435,team,23.0,ward,6,6,0,0.0,0.0,1.2
116,1996435,individual,2.75,single,21,21,4,2.3219356536865234,3.567594528198242,2.0
116,1996435,individual,2.75,complete,21,21,4,2.3219356536865234,3.567594528198242,2.0
116,1996435,individual,2.75,ward,21,21,4,2.3219356536865234,3.567594528198242,2.0
116,1996435,tactical,11.75,single,5,5,0,0.0,0.0,5.333333333333333
116,1996435,tactical,11.75,complete,14,14,2,2.862807273864746,4.927938461303711,1.5
116,1996435,tactical,11.75,ward,14,14,2,2.862807273864746,4.927938461303711,1.5
116,1996435,team,23.0,single,2,2,0,0.0,0.0,21.0
116,1996435,team,23.0,complete,7,7,1,0.09181022644042969,0.09181022644042969,1.0
116,1996435,team,23.0,ward,7,7,0,0.0,0.0,1.0
117,1996435,individual,2.75,single,22,22,3,2.0065364837646484,3.9835033416748047,1.0
117,1996435,individual,2.75,complete,22,22,3,2.0065364837646484,3.9835033416748047,1.0
117,1996435,individual,2.75,ward,22,22,3,2.0065364837646484,3.9835033416748047,1.0
117,1996435,tactical,11.75,single,6,6,0,0.0,0.0,17.0
117,1996435,tactical,11.75,complete,13,13,1,3.8597660064697266,3.8597660064697266,1.0
117,1996435,tactical,11.75,ward,13,13,1,3.8597660064697266,3.8597660064697266,1.0
117,1996435,team,23.0,single,2,2,0,0.0,0.0,21.0
117,1996435,team,23.0,complete,7,7,0,0.0,0.0,1.2
117,1996435,team,23.0,ward,8,8,0,0.0,0.0,1.0
118,1996435,individual,2.75,single,20,20,4,0.6874022483825684,1.3463239669799805,1.0
118,1996435,individual,2.75,complete,20,20,4,0.6874022483825684,1.3463239669799805,1.0
118,1996435,individual,2.75,ward,20,20,4,0.6874022483825684,1.3463239669799805,1.0
118,1996435,tactical,11.75,single,4,4,0,0.0,0.0,9.0
118,1996435,tactical,11.75,complete,11,11,2,1.6367058753967285,3.202652931213379,1.6666666666666667
118,1996435,tactical,11.75,ward,11,11,2,1.6367058753967285,3.202652931213379,1.6666666666666667
118,1996435,team,23.0,single,2,2,0,0.0,0.0,21.0
118,1996435,team,23.0,complete,6,6,0,0.0,0.0,1.0
118,1996435,team,23.0,ward,8,8,1,3.9156742095947266,3.9156742095947266,1.25
119,1996435,individual,2.75,single,20,20,4,1.647148609161377,4.237771034240723,1.0
119,1996435,individual,2.75,complete,20,20,4,1.647148609161377,4.237771034240723,1.0
119,1996435,individual,2.75,ward,20,20,4,1.647148609161377,4.237771034240723,1.0
119,1996435,tactical,11.75,single,5,5,0,0.0,0.0,1.5
119,1996435,tactical,11.75,complete,11,11,1,6.401401519775391,6.401401519775391,1.0
119,1996435,tactical,11.75,ward,10,10,1,2.854520797729492,2.854520797729492,1.6666666666666667
119,1996435,team,23.0,single,2,2,0,0.0,0.0,21.0
119,1996435,team,23.0,complete,6,6,1,2.7442150115966797,2.7442150115966797,1.2
119,1996435,team,23.0,ward,7,7,1,7.937765121459961,7.937765121459961,1.25
120,1996435,individual,2.75,single,19,19,1,1.5247015953063965,1.5247015953063965,1.0
120,1996435,individual,2.75,complete,19,19,1,1.5247015953063965,1.5247015953063965,1.0
120,1996435,individual,2.75,ward,19,19,1,1.5247015953063965,1.5247015953063965,1.0
120,1996435,tactical,11.75,single,5,5,0,0.0,0.0,4.333333333333333
120,1996435,tactical,11.75,complete,9,9,1,1.6687183380126953,1.6687183380126953,2.0
120,1996435,tactical,11.75,ward,10,10,1,1.6687183380126953,1.6687183380126953,1.3333333333333333
120,1996435,team,23.0,single,2,2,0,0.0,0.0,21.0
120,1996435,team,23.0,complete,5,5,0,0.0,0.0,4.333333333333333
120,1996435,team,23.0,ward,6,6,0,0.0,0.0,1.6
121,1996435,individual,2.75,single,19,19,2,0.39012694358825684,0.5229067802429199,1.0
121,1996435,individual,2.75,complete,19,19,2,0.39012694358825684,0.5229067802429199,1.0
121,1996435,individual,2.75,ward,19,19,2,0.39012694358825684,0.5229067802429199,1.0
121,1996435,tactical,11.75,single,4,4,0,0.0,0.0,1.7142857142857142
121,1996435,tactical,11.75,complete,8,8,1,1.7369804382324219,1.7369804382324219,1.75
121,1996435,tactical,11.75,ward,9,9,1,1.7369804382324219,1.7369804382324219,1.6666666666666667
121,1996435,team,23.0,single,2,2,0,0.0,0.0,21.0
121,1996435,team,23.0,complete,5,5,0,0.0,0.0,3.0
121,1996435,team,23.0,ward,5,5,0,0.0,0.0,3.0
122,1996435,individual,2.75,single,20,20,4,1.9185845851898193,3.586071014404297,1.0
122,1996435,individual,2.75,complete,20,20,4,1.9185845851898193,3.586071014404297,1.0
122,1996435,individual,2.75,ward,20,20,4,1.9185845851898193,3.586071014404297,1.0
122,1996435,tactical,11.75,single,4,4,0,0.0,0.0,19.0
122,1996435,tactical,11.75,complete,12,12,1,0.4934883117675781,0.4934883117675781,1.0
122,1996435,tactical,11.75,ward,12,12,3,1.7977231343587239,2.240727424621582,1.3333333333333333
122,1996435,team,23.0,single,2,2,0,0.0,0.0,21.0
122,1996435,team,23.0,complete,7,7,1,0.8931713104248047,0.8931713104248047,1.75
122,1996435,team,23.0,ward,7,7,1,0.8931713104248047,0.8931713104248047,1.75
123,1996435,individual,2.75,single,13,13,1,1.0147037506103516,1.0147037506103516,1.2
123,1996435,individual,2.75,complete,16,16,1,0.8493690490722656,0.8493690490722656,1.5
123,1996435,individual,2.75,ward,16,16,1,0.8493690490722656,0.8493690490722656,1.5
123,1996435,tactical,11.75,single,4,4,0,0.0,0.0,19.0
123,1996435,tactical,11.75,complete,8,8,1,2.902606964111328,2.902606964111328,1.1666666666666667
123,1996435,tactical,11.75,ward,8,8,1,2.902606964111328,2.902606964111328,1.1666666666666667
123,1996435,team,23.0,single,2,2,0,0.0,0.0,21.0
123,1996435,team,23.0,complete,4,4,0,0.0,0.0,5.0
123,1996435,team,23.0,ward,6,6,0,0.0,0.0,1.5
124,1996435,individual,2.75,single,20,20,2,2.6594443321228027,3.9767837524414062,1.0
124,1996435,individual,2.75,complete,20,20,2,2.6594443321228027,3.9767837524414062,1.0
124,1996435,individual,2.75,ward,20,20,2,2.6594443321228027,3.9767837524414062,1.0
124,1996435,tactical,11.75,single,5,5,0,0.0,0.0,5.0
124,1996435,tactical,11.75,complete,10,10,2,1.429037094116211,1.4299583435058594,1.0
124,1996435,tactical,11.75,ward,9,9,2,0.9200983047485352,1.4281158447265625,1.0
124,1996435,team,23.0,single,2,2,0,0.0,0.0,21.0
124,1996435,team,23.0,complete,7,7,2,3.864133834838867,4.707969665527344,1.0
124,1996435,team,23.0,ward,7,7,2,2.3432235717773438,4.092399597167969,1.0
125,1996435,individual,2.75,single,19,19,2,2.7741341590881348,2.9190053939819336,1.0
125,1996435,individual,2.75,complete,19,19,2,2.7741341590881348,2.9190053939819336,1.0
125,1996435,individual,2.75,ward,19,19,2,2.7741341590881348,2.9190053939819336,1.0
125,1996435,tactical,11.75,single,5,5,0,0.0,0.0,8.5
125,1996435,tactical,11.75,complete,9,9,2,4.094477653503418,4.862325668334961,1.0
125,1996435,tactical,11.75,ward,11,11,3,1.9485270182291667,4.862325668334961,1.6666666666666667
125,1996435,team,23.0,single,2,2,0,0.0,0.0,21.0
125,1996435,team,23.0,complete,7,7,1,4.663608551025391,4.663608551025391,1.0
125,1996435,team,23.0,ward,8,8,2,2.6596899032592773,2.9327621459960938,1.0
126,1996435,individual,2.75,single,21,21,3,1.2479235331217449,2.3195343017578125,2.0
126,1996435,individual,2.75,complete,21,21,3,1.2479235331217449,2.3195343017578125,2.0
126,1996435,individual,2.75,ward,21,21,3,1.2479235331217449,2.3195343017578125,2.0
126,1996435,tactical,11.75,single,7,7,0,0.0,0.0,7.5
126,1996435,tactical,11.75,complete,13,13,3,0.7260513305664062,1.3367061614990234,1.0
126,1996435,tactical,11.75,ward,13,13,3,0.7260513305664062,1.3367061614990234,1.0
126,1996435,team,23.0,single,2,2,0,0.0,0.0,21.0
126,1996435,team,23.0,complete,7,7,0,0.0,0.0,2.0
126,1996435,team,23.0,ward,9,9,0,0.0,0.0,1.3333333333333333
127,1996435,individual,2.75,single,20,20,3,2.3029352823893228,3.4217700958251953,1.0
127,1996435,individual,2.75,complete,20,20,3,2.3029352823893228,3.4217700958251953,1.0
127,1996435,individual,2.75,ward,20,20,3,2.3029352823893228,3.4217700958251953,1.0
127,1996435,tactical,11.75,single,4,4,0,0.0,0.0,9.0
127,1996435,tactical,11.75,complete,10,10,2,2.3919849395751953,4.422529220581055,1.6666666666666667
127,1996435,tactical,11.75,ward,10,10,1,4.216670989990234,4.216670989990234,1.3333333333333333
127,1996435,team,23.0,single,3,3,0,0.0,0.0,20.0
127,1996435,team,23.0,complete,6,6,1,4.137918472290039,4.137918472290039,2.5
127,1996435,team,23.0,ward,7,7,1,1.6958789825439453,1.6958789825439453,1.5
128,1996435,individual,2.75,single,19,19,4,2.3995275497436523,3.4718875885009766,1.0
128,1996435,individual,2.75,complete,19,19,4,2.3995275497436523,3.4718875885009766,1.0
128,1996435,individual,2.75,ward,19,19,4,2.3995275497436523,3.4718875885009766,1.0
128,1996435,tactical,11.75,single,4,4,0,0.0,0.0,19.0
128,1996435,tactical,11.75,complete,10,10,1,2.972269058227539,2.972269058227539,1.0
128,1996435,tactical,11.75,ward,11,11,1,2.6986923217773438,2.6986923217773438,1.0
128,1996435,team,23.0,single,2,2,0,0.0,0.0,21.0
128,1996435,team,23.0,complete,7,7,1,4.8519287109375,4.8519287109375,2.6666666666666665
128,1996435,team,23.0,ward,8,8,1,4.8519287109375,4.8519287109375,1.6666666666666667
129,1996435,individual,2.75,single,21,21,2,3.4714550971984863,6.647834777832031,2.0
129,1996435,individual,2.75,complete,21,21,2,3.4714550971984863,6.647834777832031,2.0
129,1996435,individual,2.75,ward,21,21,2,3.4714550971984863,6.647834777832031,2.0
129,1996435,tactical,11.75,single,7,7,1,3.3343849182128906,3.3343849182128906,1.0
129,1996435,tactical,11.75,complete,11,11,2,4.282796859741211,6.535486221313477,2.0
129,1996435,tactical,11.75,ward,11,11,2,4.282796859741211,6.535486221313477,2.0
129,1996435,team,23.0,single,2,2,0,0.0,0.0,21.0
129,1996435,team,23.0,complete,6,6,0,0.0,0.0,1.3333333333333333
129,1996435,team,23.0,ward,7,7,0,0.0,0.0,1.0
130,1996435,individual,2.75,single,18,18,3,2.5835386912027993,3.6918563842773438,1.5
130,1996435,individual,2.75,complete,19,19,4,1.9503809213638306,3.6918563842773438,1.0
130,1996435,individual,2.75,ward,19,19,4,1.9503809213638306,3.6918563842773438,1.0
130,1996435,tactical,11.75,single,6,6,0,0.0,0.0,8.0
130,1996435,tactical,11.75,complete,10,10,1,1.8974437713623047,1.8974437713623047,1.75
130,1996435,tactical,11.75,ward,11,11,2,1.3018455505371094,1.8974437713623047,1.3333333333333333
130,1996435,team,23.0,single,2,2,0,0.0,0.0,21.0
130,1996435,team,23.0,complete,6,6,1,1.4773178100585938,1.4773178100585938,1.2857142857142858
130,1996435,team,23.0,ward,6,6,1,1.4773178100585938,1.4773178100585938,1.2857142857142858
131,1996435,individual,2.75,single,18,18,3,2.191305637359619,2.4447708129882812,1.0
131,1996435,individual,2.75,complete,18,18,3,2.191305637359619,2.4447708129882812,1.0
131,1996435,individual,2.75,ward,18,18,3,2.191305637359619,2.4447708129882812,1.0
131,1996435,tactical,11.75,single,3,3,0,0.0,0.0,20.0
131,1996435,tactical,11.75,complete,11,11,2,0.9787635803222656,1.8894519805908203,1.0
131,1996435,tactical,11.75,ward,11,11,2,0.9787635803222656,1.8894519805908203,1.0
131,1996435,team,23.0,single,2,2,0,0.0,0.0,21.0
131,1996435,team,23.0,complete,7,7,1,3.7624988555908203,3.7624988555908203,1.0
131,1996435,team,23.0,ward,7,7,1,1.3952503204345703,1.3952503204345703,1.0
132,1996435,individual,2.75,single,20,20,3,2.0420010884602866,3.046642303466797,3.0
132,1996435,individual,2.75,complete,21,21,4,1.839667797088623,3.2227096557617188,2.0
132,1996435,individual,2.75,ward,21,21,4,1.839667797088623,3.2227096557617188,2.0
132,1996435,tactical,11.75,single,6,6,1,4.976480484008789,4.976480484008789,1.1666666666666667
132,1996435,tactical,11.75,complete,9,9,1,1.7762832641601562,1.7762832641601562,1.25
132,1996435,tactical,11.75,ward,11,11,2,1.5117616653442383,2.4934558868408203,1.6666666666666667
132,1996435,team,23.0,single,2,2,0,0.0,0.0,21.0
132,1996435,team,23.0,complete,7,7,1,9.217082977294922,9.217082977294922,1.75
132,1996435,team,23.0,ward,7,7,1,9.217082977294922,9.217082977294922,1.75
133,1996435,individual,2.75,single,20,20,2,4.0802342891693115,5.396158218383789,3.0
133,1996435,individual,2.75,complete,21,21,2,3.4316389560699463,5.396158218383789,2.0
133,1996435,individual,2.75,ward,21,21,2,3.4316389560699463,5.396158218383789,2.0
133,1996435,tactical,11.75,single,3,3,0,0.0,0.0,6.0
133,1996435,tactical,11.75,complete,8,8,0,0.0,0.0,2.0
133,1996435,tactical,11.75,ward,8,8,1,1.983123779296875,1.983123779296875,2.0
133,1996435,team,23.0,single,2,2,0,0.0,0.0,21.0
133,1996435,team,23.0,complete,5,5,0,0.0,0.0,2.2
133,1996435,team,23.0,ward,6,6,1,1.1160049438476562,1.1160049438476562,2.25
134,1996435,individual,2.75,single,22,22,3,1.2037502924601238,1.400064468383789,1.0
134,1996435,individual,2.75,complete,22,22,3,1.2037502924601238,1.400064468383789,1.0
134,1996435,individual,2.75,ward,22,22,3,1.2037502924601238,1.400064468383789,1.0
134,1996435,tactical,11.75,single,5,5,0,0.0,0.0,18.0
134,1996435,tactical,11.75,complete,11,11,1,2.0494937896728516,2.0494937896728516,1.0
134,1996435,tactical,11.75,ward,11,11,1,2.0494937896728516,2.0494937896728516,1.0
134,1996435,team,23.0,single,2,2,0,0.0,0.0,21.0
134,1996435,team,23.0,complete,7,7,0,0.0,0.0,2.25
134,1996435,team,23.0,ward,8,8,0,0.0,0.0,1.5
135,1996435,individual,2.75,single,21,21,1,2.5649662017822266,2.5649662017822266,2.0
135,1996435,individual,2.75,complete,21,21,1,2.5649662017822266,2.5649662017822266,2.0
135,1996435,individual,2.75,ward,21,21,1,2.5649662017822266,2.5649662017822266,2.0
135,1996435,tactical,11.75,single,5,5,0,0.0,0.0,18.0
135,1996435,tactical,11.75,complete,13,13,3,1.7087249755859375,2.6839351654052734,1.0
135,1996435,tactical,11.75,ward,13,13,3,1.7087249755859375,2.6839351654052734,1.0
135,1996435,team,23.0,single,1,1,0,0.0,0.0,22.0
135,1996435,team,23.0,complete,6,6,1,5.021013259887695,5.021013259887695,1.1666666666666667
135,1996435,team,23.0,ward,6,6,1,5.021013259887695,5.021013259887695,1.1666666666666667
136,1996435,individual,2.75,single,22,22,2,1.3120641708374023,2.607105255126953,1.0
136,1996435,individual,2.75,complete,22,22,2,1.3120641708374023,2.607105255126953,1.0
136,1996435,individual,2.75,ward,22,22,2,1.3120641708374023,2.607105255126953,1.0
136,1996435,tactical,11.75,single,5,5,0,0.0,0.0,18.0
136,1996435,tactical,11.75,complete,12,12,2,1.7389955520629883,2.9748058319091797,1.0
136,1996435,tactical,11.75,ward,12,12,2,1.7389955520629883,2.9748058319091797,1.0
136,1996435,team,23.0,single,2,2,0,0.0,0.0,21.0
136,1996435,team,23.0,complete,7,7,0,0.0,0.0,1.2
136,1996435,team,23.0,ward,7,7,1,2.5546951293945312,2.5546951293945312,1.0
137,1996435,individual,2.75,single,18,18,4,0.3505866527557373,0.6950287818908691,1.0
137,1996435,individual,2.75,complete,18,18,4,0.3505866527557373,0.6950287818908691,1.0
137,1996435,individual,2.75,ward,18,18,4,0.3505866527557373,0.6950287818908691,1.0
137,1996435,tactical,11.75,single,3,3,0,0.0,0.0,20.0
137,1996435,tactical,11.75,complete,7,7,1,3.9616565704345703,3.9616565704345703,2.0
137,1996435,tactical,11.75,ward,9,9,1,1.6494083404541016,1.6494083404541016,1.0
137,1996435,team,23.0,single,3,3,0,0.0,0.0,20.0
137,1996435,team,23.0,complete,5,5,0,0.0,0.0,1.1428571428571428
137,1996435,team,23.0,ward,6,6,1,1.1410026550292969,1.1410026550292969,1.1666666666666667
138,1996435,individual,2.75,single,19,19,4,1.8803285360336304,4.124859809875488,1.0
138,1996435,individual,2.75,complete,19,19,4,1.8803285360336304,4.124859809875488,1.0
138,1996435,individual,2.75,ward,19,19,4,1.8803285360336304,4.124859809875488,1.0
138,1996435,tactical,11.75,single,7,7,0,0.0,0.0,7.5
138,1996435,tactical,11.75,complete,11,11,1,5.499746322631836,5.499746322631836,2.3333333333333335
138,1996435,tactical,11.75,ward,11,11,1,5.499746322631836,5.499746322631836,2.3333333333333335
138,1996435,team,23.0,single,2,2,0,0.0,0.0,21.0
138,1996435,team,23.0,complete,6,6,0,0.0,0.0,4.0
138,1996435,team,23.0,ward,6,6,0,0.0,0.0,2.0
139,1996435,individual,2.75,single,19,19,2,0.5249128341674805,0.8177318572998047,1.5
139,1996435,individual,2.75,complete,19,19,2,0.5249128341674805,0.8177318572998047,1.5
139,1996435,individual,2.75,ward,20,20,2,0.8950223922729492,1.5579509735107422,1.0
139,1996435,tactical,11.75,single,5,5,0,0.0,0.0,8.5
139,1996435,tactical,11.75,complete,11,11,0,0.0,0.0,1.0
139,1996435,tactical,11.75,ward,11,11,1,0.2797966003417969,0.2797966003417969,1.3333333333333333
139,1996435,team,23.0,single,2,2,0,0.0,0.0,21.0
139,1996435,team,23.0,complete,7,7,1,2.003610610961914,2.003610610961914,2.6666666666666665
139,1996435,team,23.0,ward,6,6,1,1.7839317321777344,1.7839317321777344,1.4
140,1996435,individual,2.75,single,20,20,3,2.8802831967671714,5.381041526794434,3.0
140,1996435,individual,2.75,complete,21,21,3,2.8802831967671714,5.381041526794434,2.0
140,1996435,individual,2.75,ward,21,21,3,2.8802831967671714,5.381041526794434,2.0
140,1996435,tactical,11.75,single,4,4,0,0.0,0.0,19.0
140,1996435,tactical,11.75,complete,10,10,2,3.3181257247924805,3.649494171142578,1.25
140,1996435,tactical,11.75,ward,11,11,2,3.3181257247924805,3.649494171142578,1.25
140,1996435,team,23.0,single,2,2,0,0.0,0.0,21.0
140,1996435,team,23.0,complete,5,5,1,1.4409618377685547,1.4409618377685547,3.0
140,1996435,team,23.0,ward,6,6,1,0.1801300048828125,0.1801300048828125,1.4
141,1996435,individual,2.75,single,20,20,2,6.56926417350769,12.991003036499023,1.0
141,1996435,individual,2.75,complete,20,20,2,6.56926417350769,12.991003036499023,1.0
141,1996435,individual,2.75,ward,20,20,2,6.56926417350769,12.991003036499023,1.0
141,1996435,tactical,11.75,single,5,5,0,0.0,0.0,18.0
141,1996435,tactical,11.75,complete,10,10,1,10.60995864868164,10.60995864868164,1.6666666666666667
141,1996435,tactical,11.75,ward,9,9,1,10.634941101074219,10.634941101074219,1.0
141,1996435,team,23.0,single,2,2,0,0.0,0.0,21.0
141,1996435,team,23.0,complete,6,6,1,3.7585086822509766,3.7585086822509766,1.6
141,1996435,team,23.0,ward,8,8,1,7.150121688842773,7.150121688842773,1.0
142,1996435,individual,2.75,single,19,19,3,2.16355832417806,4.143678665161133,1.5
142,1996435,individual,2.75,complete,20,20,3,2.2807931900024414,4.143678665161133,1.0
142,1996435,individual,2.75,ward,20,20,3,2.2807931900024414,4.143678665161133,1.0
142,1996435,tactical,11.75,single,5,5,0,0.0,0.0,3.25
142,1996435,tactical,11.75,complete,11,11,1,2.502817153930664,2.502817153930664,1.0
142,1996435,tactical,11.75,ward,12,12,1,4.073835372924805,4.073835372924805,2.0
142,1996435,team,23.0,single,2,2,0,0.0,0.0,21.0
142,1996435,team,23.0,complete,6,6,0,0.0,0.0,1.1666666666666667
142,1996435,team,23.0,ward,6,6,0,0.0,0.0,1.2
143,1996435,individual,2.75,single,20,20,2,2.325821876525879,2.980531692504883,1.0
143,1996435,individual,2.75,complete,20,20,2,2.325821876525879,2.980531692504883,1.0
143,1996435,individual,2.75,ward,20,20,2,2.325821876525879,2.980531692504883,1.0
143,1996435,tactical,11.75,single,3,3,0,0.0,0.0,20.0
143,1996435,tactical,11.75,complete,10,10,1,3.4897918701171875,3.4897918701171875,1.0
143,1996435,tactical,11.75,ward,10,10,1,3.4897918701171875,3.4897918701171875,1.0
143,1996435,team,23.0,single,2,2,0,0.0,0.0,21.0
143,1996435,team,23.0,complete,6,6,0,0.0,0.0,1.3333333333333333
143,1996435,team,23.0,ward,5,5,0,0.0,0.0,1.0
144,1996435,individual,2.75,single,17,17,2,0.5065231323242188,0.6708583831787109,1.3333333333333333
144,1996435,individual,2.75,complete,18,18,2,0.5065231323242188,0.6708583831787109,1.5
144,1996435,individual,2.75,ward,18,18,2,0.5065231323242188,0.6708583831787109,1.5
144,1996435,tactical,11.75,single,2,2,0,0.0,0.0,21.0
144,1996435,tactical,11.75,complete,10,10,1,0.6217670440673828,0.6217670440673828,1.5
144,1996435,tactical,11.75,ward,10,10,2,0.4098691940307617,0.6217670440673828,1.3333333333333333
144,1996435,team,23.0,single,2,2,0,0.0,0.0,21.0
144,1996435,team,23.0,complete,5,5,1,0.15631103515625,0.15631103515625,1.4
144,1996435,team,23.0,ward,5,5,0,0.0,0.0,1.0
145,1996435,individual,2.75,single,17,17,3,2.3154567082722983,6.499627113342285,1.5
145,1996435,individual,2.75,complete,18,18,2,3.4269185066223145,6.499627113342285,1.0
145,1996435,individual,2.75,ward,18,18,2,3.4269185066223145,6.499627113342285,1.0
145,1996435,tactical,11.75,single,3,3,0,0.0,0.0,20.0
145,1996435,tactical,11.75,complete,9,9,1,3.48895263671875,3.48895263671875,2.3333333333333335
145,1996435,tactical,11.75,ward,11,11,1,4.993027687072754,4.993027687072754,1.3333333333333333
145,1996435,team,23.0,single,2,2,0,0.0,0.0,21.0
145,1996435,team,23.0,complete,5,5,0,0.0,0.0,1.8333333333333333
145,1996435,team,23.0,ward,7,7,1,4.929450988769531,4.929450988769531,3.0
146,1996435,individual,2.75,single,19,19,2,2.430631160736084,3.1174936294555664,1.0
146,1996435,individual,2.75,complete,19,19,2,2.430631160736084,3.1174936294555664,1.0
146,1996435,individual,2.75,ward,19,19,2,2.430631160736084,3.1174936294555664,1.0
146,1996435,tactical,11.75,single,5,5,0,0.0,0.0,1.0
146,1996435,tactical,11.75,complete,11,11,1,3.8048858642578125,3.8048858642578125,1.0
146,1996435,tactical,11.75,ward,12,12,2,3.0801401138305664,3.8048858642578125,1.0
146,1996435,team,23.0,single,2,2,0,0.0,0.0,21.0
146,1996435,team,23.0,complete,7,7,0,0.0,0.0,1.2
146,1996435,team,23.0,ward,7,7,1,0.31497764587402344,0.31497764587402344,1.5
147,1996435,individual,2.75,single,21,21,4,1.2035589218139648,3.1721296310424805,2.0
147,1996435,individual,2.75,complete,21,21,4,1.2035589218139648,3.1721296310424805,2.0
147,1996435,individual,2.75,ward,21,21,4,1.2035589218139648,3.1721296310424805,2.0
147,1996435,tactical,11.75,single,7,7,0,0.0,0.0,16.0
147,1996435,tactical,11.75,complete,14,14,2,1.4856042861938477,1.8787612915039062,1.5
147,1996435,tactical,11.75,ward,14,14,2,1.4856042861938477,1.8787612915039062,1.5
147,1996435,team,23.0,single,2,2,0,0.0,0.0,21.0
147,1996435,team,23.0,complete,7,7,1,2.710050582885742,2.710050582885742,1.2
147,1996435,team,23.0,ward,7,7,1,3.835968017578125,3.835968017578125,1.2
148,1996435,individual,2.75,single,21,21,2,1.7359895706176758,3.1442060470581055,2.0
148,1996435,individual,2.75,complete,21,21,2,1.7359895706176758,3.1442060470581055,2.0
148,1996435,individual,2.75,ward,21,21,2,1.7359895706176758,3.1442060470581055,2.0
148,1996435,tactical,11.75,single,6,6,1,2.66583251953125,2.66583251953125,1.25
148,1996435,tactical,11.75,complete,12,12,3,0.8250452677408854,1.5781993865966797,1.3333333333333333
148,1996435,tactical,11.75,ward,11,11,1,2.170848846435547,2.170848846435547,1.25
148,1996435,team,23.0,single,2,2,0,0.0,0.0,21.0
148,1996435,team,23.0,complete,7,7,1,1.5583610534667969,1.5583610534667969,1.6
148,1996435,team,23.0,ward,6,6,1,5.768945693969727,5.768945693969727,1.1666666666666667
149,1996435,individual,2.75,single,21,21,3,1.4271411895751953,3.518073081970215,2.0
149,1996435,individual,2.75,complete,21,21,3,1.4271411895751953,3.518073081970215,2.0
149,1996435,individual,2.75,ward,21,21,3,1.4271411895751953,3.518073081970215,2.0
149,1996435,tactical,11.75,single,7,7,1,2.776935577392578,2.776935577392578,4.666666666666667
149,1996435,tactical,11.75,complete,13,13,2,2.7091636657714844,3.9243698120117188,1.0
149,1996435,tactical,11.75,ward,15,15,2,1.0749320983886719,1.49395751953125,1.0
149,1996435,team,23.0,single,2,2,0,0.0,0.0,21.0
149,1996435,team,23.0,complete,7,7,0,0.0,0.0,1.5
149,1996435,team,23.0,ward,7,7,0,0.0,0.0,1.5
0,1886347,individual,2.75,single,22,22,4,1.9524633884429932,3.5057621002197266,1.0
0,1886347,individual,2.75,complete,22,22,4,1.9524633884429932,3.5057621002197266,1.0
0,1886347,individual,2.75,ward,22,22,4,1.9524633884429932,3.5057621002197266,1.0
0,1886347,tactical,11.75,single,5,5,0,0.0,0.0,18.0
0,1886347,tactical,11.75,complete,12,12,2,1.471059799194336,1.6582756042480469,1.3333333333333333
0,1886347,tactical,11.75,ward,12,12,2,1.471059799194336,1.6582756042480469,1.3333333333333333
0,1886347,team,23.0,single,2,2,0,0.0,0.0,21.0
0,1886347,team,23.0,complete,8,8,2,3.9218053817749023,3.925914764404297,2.0
0,1886347,team,23.0,ward,8,8,2,3.9218053817749023,3.925914764404297,2.0
1,1886347,individual,2.75,single,20,20,3,2.860895792643229,6.281850814819336,1.0
1,1886347,individual,2.75,complete,20,20,3,2.860895792643229,6.281850814819336,1.0
1,1886347,individual,2.75,ward,20,20,3,2.860895792643229,6.281850814819336,1.0
1,1886347,tactical,11.75,single,8,8,1,0.6959018707275391,0.6959018707275391,2.0
1,1886347,tactical,11.75,complete,11,11,3,2.036929448445638,3.293720245361328,1.3333333333333333
1,1886347,tactical,11.75,ward,13,13,2,4.047438621520996,6.20506477355957,1.5
1,1886347,team,23.0,single,2,2,0,0.0,0.0,21.0
1,1886347,team,23.0,complete,7,7,1,8.704730987548828,8.704730987548828,1.25
1,1886347,team,23.0,ward,6,6,1,8.704730987548828,8.704730987548828,1.0
2,1886347,individual,2.75,single,19,19,1,4.046309471130371,4.046309471130371,1.0
2,1886347,individual,2.75,complete,19,19,1,4.046309471130371,4.046309471130371,1.0
2,1886347,individual,2.75,ward,19,19,1,4.046309471130371,4.046309471130371,1.0
2,1886347,tactical,11.75,single,6,6,0,0.0,0.0,17.0
2,1886347,tactical,11.75,complete,12,12,1,2.1205177307128906,2.1205177307128906,1.3333333333333333
2,1886347,tactical,11.75,ward,12,12,1,5.306638717651367,5.306638717651367,1.6666666666666667
2,1886347,team,23.0,single,2,2,0,0.0,0.0,21.0
2,1886347,team,23.0,complete,7,7,1,5.8548126220703125,5.8548126220703125,1.6
2,1886347,team,23.0,ward,7,7,0,0.0,0.0,1.0
3,1886347,individual,2.75,single,20,20,3,1.8428621292114258,3.327939033508301,1.0
3,1886347,individual,2.75,complete,20,20,3,1.8428621292114258,3.327939033508301,1.0
3,1886347,individual,2.75,ward,20,20,3,1.8428621292114258,3.327939033508301,1.0
3,1886347,tactical,11.75,single,5,5,0,0.0,0.0,5.0
3,1886347,tactical,11.75,complete,11,11,0,0.0,0.0,1.6666666666666667
3,1886347,tactical,11.75,ward,13,13,2,1.8808460235595703,3.4174728393554688,1.0
3,1886347,team,23.0,single,2,2,0,0.0,0.0,21.0
3,1886347,team,23.0,complete,6,6,1,2.016437530517578,2.016437530517578,1.2
3,1886347,team,23.0,ward,7,7,1,4.343374252319336,4.343374252319336,1.0
4,1886347,individual,2.75,single,20,20,1,1.4270458221435547,1.4270458221435547,1.0
4,1886347,individual,2.75,complete,20,20,1,1.4270458221435547,1.4270458221435547,1.0
4,1886347,individual,2.75,ward,20,20,1,1.4270458221435547,1.4270458221435547,1.0
4,1886347,tactical,11.75,single,5,5,0,0.0,0.0,18.0
4,1886347,tactical,11.75,complete,10,10,0,0.0,0.0,1.25
4,1886347,tactical,11.75,ward,11,11,0,0.0,0.0,1.0
4,1886347,team,23.0,single,2,2,0,0.0,0.0,21.0
4,1886347,team,23.0,complete,7,7,1,1.100534439086914,1.100534439086914,1.8
4,1886347,team,23.0,ward,8,8,0,0.0,0.0,1.0
5,1886347,individual,2.75,single,21,21,3,0.7133243878682455,0.9709939956665039,2.0
5,1886347,individual,2.75,complete,21,21,3,0.7133243878682455,0.9709939956665039,2.0
5,1886347,individual,2.75,ward,21,21,3,0.7133243878682455,0.9709939956665039,2.0
5,1886347,tactical,11.75,single,4,4,0,0.0,0.0,3.75
5,1886347,tactical,11.75,complete,10,10,2,1.3627924919128418,1.9730863571166992,2.0
5,1886347,tactical,11.75,ward,10,10,0,0.0,0.0,1.6666666666666667
5,1886347,team,23.0,single,2,2,0,0.0,0.0,21.0
5,1886347,team,23.0,complete,5,5,0,0.0,0.0,2.0
5,1886347,team,23.0,ward,6,6,0,0.0,0.0,2.75
6,1886347,individual,2.75,single,21,21,3,1.4669570922851562,3.7773666381835938,2.0
6,1886347,individual,2.75,complete,21,21,3,1.4669570922851562,3.7773666381835938,2.0
6,1886347,individual,2.75,ward,21,21,3,1.4669570922851562,3.7773666381835938,2.0
6,1886347,tactical,11.75,single,3,3,0,0.0,0.0,1.3333333333333333
6,1886347,tactical,11.75,complete,10,10,1,6.499155044555664,6.499155044555664,1.5
6,1886347,tactical,11.75,ward,10,10,1,6.276233673095703,6.276233673095703,1.0
6,1886347,team,23.0,single,2,2,0,0.0,0.0,21.0
6,1886347,team,23.0,complete,6,6,1,4.301076889038086,4.301076889038086,1.0
6,1886347,team,23.0,ward,6,6,1,4.301076889038086,4.301076889038086,1.0
7,1886347,individual,2.75,single,22,22,4,1.8964192867279053,5.008571624755859,1.0
7,1886347,individual,2.75,complete,22,22,4,1.8964192867279053,5.008571624755859,1.0
7,1886347,individual,2.75,ward,22,22,4,1.8964192867279053,5.008571624755859,1.0
7,1886347,tactical,11.75,single,4,4,0,0.0,0.0,19.0
7,1886347,tactical,11.75,complete,13,13,2,1.4668188095092773,1.8771495819091797,1.0
7,1886347,tactical,11.75,ward,13,13,2,1.4668188095092773,1.8771495819091797,1.0
7,1886347,team,23.0,single,2,2,0,0.0,0.0,21.0
7,1886347,team,23.0,complete,7,7,1,4.818794250488281,4.818794250488281,1.2
7,1886347,team,23.0,ward,8,8,1,2.6832122802734375,2.6832122802734375,1.25
8,1886347,individual,2.75,single,21,21,4,1.6821622848510742,2.81768798828125,2.0
8,1886347,individual,2.75,complete,21,21,4,1.6821622848510742,2.81768798828125,2.0
8,1886347,individual,2.75,ward,21,21,4,1.6821622848510742,2.81768798828125,2.0
8,1886347,tactical,11.75,single,6,6,0,0.0,0.0,8.0
8,1886347,tactical,11.75,complete,13,13,2,3.3967647552490234,4.784868240356445,1.0
8,1886347,tactical,11.75,ward,13,13,2,3.3967647552490234,4.784868240356445,1.0
8,1886347,team,23.0,single,2,2,0,0.0,0.0,21.0
8,1886347,team,23.0,complete,6,6,1,1.5404739379882812,1.5404739379882812,1.4
8,1886347,team,23.0,ward,5,5,1,1.4836139678955078,1.4836139678955078,1.1666666666666667
9,1886347,individual,2.75,single,22,22,4,1.3098647594451904,2.4485044479370117,1.0
9,1886347,individual,2.75,complete,22,22,4,1.3098647594451904,2.4485044479370117,1.0
9,1886347,individual,2.75,ward,22,22,4,1.3098647594451904,2.4485044479370117,1.0
9,1886347,tactical,11.75,single,5,5,0,0.0,0.0,18.0
9,1886347,tactical,11.75,complete,13,13,1,4.39837646484375,4.39837646484375,1.0
9,1886347,tactical,11.75,ward,12,12,1,4.682336807250977,4.682336807250977,1.0
9,1886347,team,23.0,single,2,2,0,0.0,0.0,21.0
9,1886347,team,23.0,complete,8,8,1,3.3688430786132812,3.3688430786132812,1.2
9,1886347,team,23.0,ward,7,7,1,1.1947193145751953,1.1947193145751953,1.2
10,1886347,individual,2.75,single,18,18,2,0.7736501693725586,0.9637184143066406,1.0
10,1886347,individual,2.75,complete,18,18,2,0.7736501693725586,0.9637184143066406,1.0
10,1886347,individual,2.75,ward,18,18,2,0.7736501693725586,0.9637184143066406,1.0
10,1886347,tactical,11.75,single,4,4,0,0.0,0.0,19.0
10,1886347,tactical,11.75,complete,9,9,1,6.12187385559082,6.12187385559082,1.25
10,1886347,tactical,11.75,ward,9,9,1,6.12187385559082,6.12187385559082,2.0
10,1886347,team,23.0,single,2,2,0,0.0,0.0,21.0
10,1886347,team,23.0,complete,6,6,1,3.682891845703125,3.682891845703125,1.5
10,1886347,team,23.0,ward,6,6,1,0.7454299926757812,0.7454299926757812,2.25
11,1886347,individual,2.75,single,21,21,2,3.731011390686035,7.110246658325195,2.0
11,1886347,individual,2.75,complete,21,21,2,3.731011390686035,7.110246658325195,2.0
11,1886347,individual,2.75,ward,21,21,2,3.731011390686035,7.110246658325195,2.0
11,1886347,tactical,11.75,single,5,5,0,0.0,0.0,18.0
11,1886347,tactical,11.75,complete,12,12,3,3.652451515197754,5.7087907791137695,1.3333333333333333
11,1886347,tactical,11.75,ward,13,13,3,2.3129421869913735,4.835206031799316,1.5
11,1886347,team,23.0,single,2,2,0,0.0,0.0,21.0
11,1886347,team,23.0,complete,7,7,1,3.3992576599121094,3.3992576599121094,1.2
11,1886347,team,23.0,ward,8,8,1,1.382904052734375,1.382904052734375,1.2
12,1886347,individual,2.75,single,20,20,3,2.9807535807291665,3.5883655548095703,1.0
12,1886347,individual,2.75,complete,20,20,3,2.9807535807291665,3.5883655548095703,1.0
12,1886347,individual,2.75,ward,20,20,3,2.9807535807291665,3.5883655548095703,1.0
12,1886347,tactical,11.75,single,11,11,2,6.381081581115723,9.365707397460938,1.2
12,1886347,tactical,11.75,complete,15,15,2,2.3766469955444336,3.396455764770508,1.5
12,1886347,tactical,11.75,ward,15,15,2,2.3766469955444336,3.396455764770508,1.5
12,1886347,team,23.0,single,2,2,0,0.0,0.0,21.0
12,1886347,team,23.0,complete,7,7,0,0.0,0.0,1.5
12,1886347,team,23.0,ward,7,7,1,3.969675064086914,3.969675064086914,1.2
13,1886347,individual,2.75,single,21,21,4,2.2312166690826416,4.018791198730469,2.0
13,1886347,individual,2.75,complete,21,21,4,2.2312166690826416,4.018791198730469,2.0
13,1886347,individual,2.75,ward,21,21,4,2.2312166690826416,4.018791198730469,2.0
13,1886347,tactical,11.75,single,5,5,0,0.0,0.0,8.0
13,1886347,tactical,11.75,complete,10,10,2,3.529798984527588,5.430576324462891,1.25
13,1886347,tactical,11.75,ward,11,11,2,1.7333307266235352,2.000925064086914,1.6666666666666667
13,1886347,team,23.0,single,2,2,0,0.0,0.0,21.0
13,1886347,team,23.0,complete,7,7,1,6.7578125,6.7578125,1.2
13,1886347,team,23.0,ward,7,7,1,6.296974182128906,6.296974182128906,1.75
14,1886347,individual,2.75,single,22,22,3,4.143967628479004,8.454249382019043,1.0
14,1886347,individual,2.75,complete,22,22,3,4.143967628479004,8.454249382019043,1.0
14,1886347,individual,2.75,ward,22,22,3,4.143967628479004,8.454249382019043,1.0
14,1886347,tactical,11.75,single,7,7,0,0.0,0.0,4.333333333333333
14,1886347,tactical,11.75,complete,12,12,2,5.9235382080078125,9.343116760253906,1.0
14,1886347,tactical,11.75,ward,12,12,2,5.9235382080078125,9.343116760253906,1.0
14,1886347,team,23.0,single,2,2,0,0.0,0.0,21.0
14,1886347,team,23.0,complete,7,7,1,3.4959659576416016,3.4959659576416016,1.4
14,1886347,team,23.0,ward,8,8,1,11.766462326049805,11.766462326049805,2.3333333333333335
15,1886347,individual,2.75,single,21,21,4,2.00583553314209,4.095542907714844,2.0
15,1886347,individual,2.75,complete,21,21,4,2.00583553314209,4.095542907714844,2.0
15,1886347,individual,2.75,ward,21,21,4,2.00583553314209,4.095542907714844,2.0
15,1886347,tactical,11.75,single,4,4,0,0.0,0.0,9.0
15,1886347,tactical,11.75,complete,9,9,1,7.92919921875,7.92919921875,1.5
15,1886347,tactical,11.75,ward,11,11,1,4.588106155395508,4.588106155395508,1.0
15,1886347,team,23.0,single,2,2,0,0.0,0.0,21.0
15,1886347,team,23.0,complete,6,6,1,0.04532814025878906,0.04532814025878906,1.3333333333333333
15,1886347,team,23.0,ward,7,7,1,0.7797985076904297,0.7797985076904297,1.0
16,1886347,individual,2.75,single,20,20,4,1.7085598707199097,4.522564888000488,1.0
16,1886347,individual,2.75,complete,20,20,4,1.7085598707199097,4.522564888000488,1.0
16,1886347,individual,2.75,ward,20,20,4,1.7085598707199097,4.522564888000488,1.0
16,1886347,tactical,11.75,single,6,6,1,1.2597122192382812,1.2597122192382812,8.0
16,1886347,tactical,11.75,complete,11,11,1,2.641042709350586,2.641042709350586,1.25
16,1886347,tactical,11.75,ward,11,11,3,2.049558957417806,2.641042709350586,1.25
16,1886347,team,23.0,single,2,2,0,0.0,0.0,21.0
16,1886347,team,23.0,complete,7,7,0,0.0,0.0,1.75
16,1886347,team,23.0,ward,7,7,0,0.0,0.0,1.2
17,1886347,individual,2.75,single,19,19,1,5.276937484741211,5.276937484741211,1.0
17,1886347,individual,2.75,complete,19,19,1,5.276937484741211,5.276937484741211,1.0
17,1886347,individual,2.75,ward,19,19,1,5.276937484741211,5.276937484741211,1.0
17,1886347,tactical,11.75,single,4,4,0,0.0,0.0,19.0
17,1886347,tactical,11.75,complete,9,9,2,2.025587558746338,2.8784103393554688,1.6666666666666667
17,1886347,tactical,11.75,ward,10,10,2,2.765272617340088,4.357780456542969,1.6666666666666667
17,1886347,team,23.0,single,2,2,0,0.0,0.0,21.0
17,1886347,team,23.0,complete,5,5,0,0.0,0.0,3.25
17,1886347,team,23.0,ward,7,7,0,0.0,0.0,1.0
18,1886347,individual,2.75,single,17,17,2,1.7170743942260742,3.1720170974731445,1.0
18,1886347,individual,2.75,complete,17,17,2,1.7170743942260742,3.1720170974731445,1.0
18,1886347,individual,2.75,ward,17,17,2,1.7170743942260742,3.1720170974731445,1.0
18,1886347,tactical,11.75,single,3,3,0,0.0,0.0,20.0
18,1886347,tactical,11.75,complete,9,9,1,4.883047103881836,4.883047103881836,1.6666666666666667
18,1886347,tactical,11.75,ward,10,10,1,4.155988693237305,4.155988693237305,1.0
18,1886347,team,23.0,single,2,2,0,0.0,0.0,21.0
18,1886347,team,23.0,complete,5,5,0,0.0,0.0,1.3333333333333333
18,1886347,team,23.0,ward,6,6,1,3.236339569091797,3.236339569091797,1.2
19,1886347,individual,2.75,single,20,20,4,1.0114428997039795,1.9000358581542969,1.0
19,1886347,individual,2.75,complete,20,20,4,1.0114428997039795,1.9000358581542969,1.0
19,1886347,individual,2.75,ward,20,20,4,1.0114428997039795,1.9000358581542969,1.0
19,1886347,tactical,11.75,single,5,5,0,0.0,0.0,18.0
19,1886347,tactical,11.75,complete,12,12,2,4.200173377990723,4.629833221435547,1.0
19,1886347,tactical,11.75,ward,12,12,2,4.200173377990723,4.629833221435547,1.0
19,1886347,team,23.0,single,2,2,0,0.0,0.0,21.0
19,1886347,team,23.0,complete,7,7,1,3.516185760498047,3.516185760498047,1.0
19,1886347,team,23.0,ward,6,6,0,0.0,0.0,1.1666666666666667
20,1886347,individual,2.75,single,21,21,3,2.491854190826416,3.8255996704101562,2.0
20,1886347,individual,2.75,complete,21,21,3,2.491854190826416,3.8255996704101562,2.0
20,1886347,individual,2.75,ward,21,21,3,2.491854190826416,3.8255996704101562,2.0
20,1886347,tactical,11.75,single,3,3,0,0.0,0.0,20.0
20,1886347,tactical,11.75,complete,11,11,1,5.254100799560547,5.254100799560547,1.3333333333333333
20,1886347,tactical,11.75,ward,11,11,1,5.254100799560547,5.254100799560547,1.6666666666666667
20,1886347,team,23.0,single,2,2,0,0.0,0.0,21.0
20,1886347,team,23.0,complete,6,6,0,0.0,0.0,1.4
20,1886347,team,23.0,ward,6,6,0,0.0,0.0,1.4
21,1886347,individual,2.75,single,20,20,3,2.625319798787435,4.385712623596191,1.0
21,1886347,individual,2.75,complete,20,20,3,2.625319798787435,4.385712623596191,1.0
21,1886347,individual,2.75,ward,20,20,3,2.625319798787435,4.385712623596191,1.0
21,1886347,tactical,11.75,single,7,7,0,0.0,0.0,1.4285714285714286
21,1886347,tactical,11.75,complete,14,14,4,1.658773422241211,2.5444507598876953,1.3333333333333333
21,1886347,tactical,11.75,ward,15,15,3,2.740461985270182,3.9380359649658203,1.5
21,1886347,team,23.0,single,2,2,0,0.0,0.0,21.0
21,1886347,team,23.0,complete,8,8,0,0.0,0.0,1.2
21,1886347,team,23.0,ward,8,8,1,1.142751693725586,1.142751693725586,1.0
22,1886347,individual,2.75,single,18,18,5,2.166848373413086,6.325428009033203,1.5
22,1886347,individual,2.75,complete,19,19,5,2.3962709426879885,6.325428009033203,1.0
22,1886347,individual,2.75,ward,19,19,5,2.3962709426879885,6.325428009033203,1.0
22,1886347,tactical,11.75,single,6,6,1,2.09857177734375,2.09857177734375,7.0
22,1886347,tactical,11.75,complete,12,12,2,3.0997867584228516,3.5116052627563477,1.0
22,1886347,tactical,11.75,ward,12,12,2,3.0997867584228516,3.5116052627563477,1.0
22,1886347,team,23.0,single,2,2,0,0.0,0.0,21.0
22,1886347,team,23.0,complete,6,6,1,1.119363784790039,1.119363784790039,1.6
22,1886347,team,23.0,ward,7,7,1,1.0339107513427734,1.0339107513427734,2.0
23,1886347,individual,2.75,single,21,21,3,0.8506027857462565,2.1128158569335938,2.0
23,1886347,individual,2.75,complete,21,21,3,0.8506027857462565,2.1128158569335938,2.0
23,1886347,individual,2.75,ward,21,21,3,0.8506027857462565,2.1128158569335938,2.0
23,1886347,tactical,11.75,single,4,4,0,0.0,0.0,19.0
23,1886347,tactical,11.75,complete,13,13,2,0.20948314666748047,0.2589244842529297,1.0
23,1886347,tactical,11.75,ward,13,13,2,0.20948314666748047,0.2589244842529297,1.0
23,1886347,team,23.0,single,2,2,0,0.0,0.0,21.0
23,1886347,team,23.0,complete,7,7,0,0.0,0.0,1.2
23,1886347,team,23.0,ward,6,6,1,3.815317153930664,3.815317153930664,1.1666666666666667
24,1886347,individual,2.75,single,22,22,2,4.083379745483398,4.290323257446289,1.0
24,1886347,individual,2.75,complete,22,22,2,4.083379745483398,4.290323257446289,1.0
24,1886347,individual,2.75,ward,22,22,2,4.083379745483398,4.290323257446289,1.0
24,1886347,tactical,11.75,single,6,6,0,0.0,0.0,2.75
24,1886347,tactical,11.75,complete,11,11,2,3.282787322998047,6.090227127075195,2.0
24,1886347,tactical,11.75,ward,11,11,2,3.282787322998047,6.090227127075195,2.0
24,1886347,team,23.0,single,2,2,0,0.0,0.0,21.0
24,1886347,team,23.0,complete,6,6,0,0.0,0.0,2.0
24,1886347,team,23.0,ward,7,7,1,2.339628219604492,2.339628219604492,1.5
25,1886347,individual,2.75,single,20,20,3,2.6079305013020835,3.9310808181762695,1.0
25,1886347,individual,2.75,complete,20,20,3,2.6079305013020835,3.9310808181762695,1.0
25,1886347,individual,2.75,ward,20,20,3,2.6079305013020835,3.9310808181762695,1.0
25,1886347,tactical,11.75,single,3,3,0,0.0,0.0,20.0
25,1886347,tactical,11.75,complete,10,10,2,1.401273250579834,1.8452014923095703,1.3333333333333333
25,1886347,tactical,11.75,ward,10,10,2,1.401273250579834,1.8452014923095703,1.3333333333333333
25,1886347,team,23.0,single,2,2,0,0.0,0.0,21.0
25,1886347,team,23.0,complete,6,6,1,2.0356788635253906,2.0356788635253906,1.8
25,1886347,team,23.0,ward,5,5,1,3.605764389038086,3.605764389038086,1.5
26,1886347,individual,2.75,single,22,22,3,1.0066312154134114,1.9358558654785156,1.0
26,1886347,individual,2.75,complete,22,22,3,1.0066312154134114,1.9358558654785156,1.0
26,1886347,individual,2.75,ward,22,22,3,1.0066312154134114,1.9358558654785156,1.0
26,1886347,tactical,11.75,single,5,5,0,0.0,0.0,1.7142857142857142
26,1886347,tactical,11.75,complete,12,12,1,3.6855087280273438,3.6855087280273438,1.0
26,1886347,tactical,11.75,ward,11,11,1,1.2869701385498047,1.2869701385498047,1.0
26,1886347,team,23.0,single,2,2,0,0.0,0.0,21.0
26,1886347,team,23.0,complete,7,7,1,0.3453655242919922,0.3453655242919922,1.2
26,1886347,team,23.0,ward,8,8,0,0.0,0.0,1.25
27,1886347,individual,2.75,single,19,19,3,2.6938063303629556,6.373271942138672,1.0
27,1886347,individual,2.75,complete,19,19,3,2.6938063303629556,6.373271942138672,1.0
27,1886347,individual,2.75,ward,19,19,3,2.6938063303629556,6.373271942138672,1.0
27,1886347,tactical,11.75,single,3,3,0,0.0,0.0,20.0
27,1886347,tactical,11.75,complete,9,9,1,7.639589309692383,7.639589309692383,1.25
27,1886347,tactical,11.75,ward,11,11,1,9.335823059082031,9.335823059082031,1.6666666666666667
27,1886347,team,23.0,single,3,3,0,0.0,0.0,20.0
27,1886347,team,23.0,complete,7,7,1,2.864492416381836,2.864492416381836,1.75
27,1886347,team,23.0,ward,6,6,1,2.0751476287841797,2.0751476287841797,2.5
28,1886347,individual,2.75,single,21,21,4,2.4487154483795166,3.458425521850586,2.0
28,1886347,individual,2.75,complete,21,21,4,2.4487154483795166,3.458425521850586,2.0
28,1886347,individual,2.75,ward,21,21,4,2.4487154483795166,3.458425521850586,2.0
28,1886347,tactical,11.75,single,5,5,0,0.0,0.0,8.5
28,1886347,tactical,11.75,complete,13,13,3,2.6818087895711265,3.3872814178466797,1.5
28,1886347,tactical,11.75,ward,13,13,3,2.6818087895711265,3.3872814178466797,1.5
28,1886347,team,23.0,single,2,2,0,0.0,0.0,21.0
28,1886347,team,23.0,complete,7,7,1,0.5856132507324219,0.5856132507324219,1.0
28,1886347,team,23.0,ward,8,8,2,1.0078678131103516,1.4301223754882812,1.25
29,1886347,individual,2.75,single,22,22,2,0.07130193710327148,0.09579849243164062,1.0
29,1886347,individual,2.75,complete,22,22,2,0.07130193710327148,0.09579849243164062,1.0
29,1886347,individual,2.75,ward,22,22,2,0.07130193710327148,0.09579849243164062,1.0
29,1886347,tactical,11.75,single,6,6,1,2.302448272705078,2.302448272705078,17.0
29,1886347,tactical,11.75,complete,11,11,1,0.14256858825683594,0.14256858825683594,1.0
29,1886347,tactical,11.75,ward,11,11,1,0.14256858825683594,0.14256858825683594,1.0
29,1886347,team,23.0,single,2,2,0,0.0,0.0,21.0
29,1886347,team,23.0,complete,6,6,0,0.0,0.0,1.1428571428571428
29,1886347,team,23.0,ward,5,5,1,1.2141742706298828,1.2141742706298828,1.0
30,1886347,individual,2.75,single,20,20,1,0.9881763458251953,0.9881763458251953,1.0
30,1886347,individual,2.75,complete,20,20,1,0.9881763458251953,0.9881763458251953,1.0
30,1886347,individual,2.75,ward,20,20,1,0.9881763458251953,0.9881763458251953,1.0
30,1886347,tactical,11.75,single,5,5,0,0.0,0.0,18.0
30,1886347,tactical,11.75,complete,10,10,0,0.0,0.0,2.0
30,1886347,tactical,11.75,ward,11,11,0,0.0,0.0,1.3333333333333333
30,1886347,team,23.0,single,2,2,0,0.0,0.0,21.0
30,1886347,team,23.0,complete,5,5,1,3.021953582763672,3.021953582763672,2.75
30,1886347,team,23.0,ward,6,6,1,2.619935989379883,2.619935989379883,1.2
31,1886347,individual,2.75,single,20,20,2,2.2743048667907715,3.2418746948242188,1.0
31,1886347,individual,2.75,complete,20,20,2,2.2743048667907715,3.2418746948242188,1.0
31,1886347,individual,2.75,ward,20,20,2,2.2743048667907715,3.2418746948242188,1.0
31,1886347,tactical,11.75,single,4,4,0,0.0,0.0,19.0
31,1886347,tactical,11.75,complete,12,12,0,0.0,0.0,1.0
31,1886347,tactical,11.75,ward,12,12,1,1.7120981216430664,1.7120981216430664,1.3333333333333333
31,1886347,team,23.0,single,1,1,0,0.0,0.0,22.0
31,1886347,team,23.0,complete,7,7,1,2.5651016235351562,2.5651016235351562,1.4
31,1886347,team,23.0,ward,6,6,0,0.0,0.0,1.1666666666666667
32,1886347,individual,2.75,single,21,21,2,3.9242501258850098,6.862273216247559,2.0
32,1886347,individual,2.75,complete,21,21,2,3.9242501258850098,6.862273216247559,2.0
32,1886347,individual,2.75,ward,21,21,2,3.9242501258850098,6.862273216247559,2.0
32,1886347,tactical,11.75,single,5,5,0,0.0,0.0,8.5
32,1886347,tactical,11.75,complete,12,12,2,2.589761734008789,3.4895572662353516,1.3333333333333333
32,1886347,tactical,11.75,ward,12,12,2,2.589761734008789,3.4895572662353516,1.3333333333333333
32,1886347,team,23.0,single,2,2,0,0.0,0.0,21.0
32,1886347,team,23.0,complete,6,6,1,3.9406375885009766,3.9406375885009766,1.2
32,1886347,team,23.0,ward,7,7,1,3.9406375885009766,3.9406375885009766,1.2
33,1886347,individual,2.75,single,21,21,3,3.0257479349772134,5.820043563842773,2.0
33,1886347,individual,2.75,complete,21,21,3,3.0257479349772134,5.820043563842773,2.0
33,1886347,individual,2.75,ward,21,21,3,3.0257479349772134,5.820043563842773,2.0
33,1886347,tactical,11.75,single,6,6,0,0.0,0.0,2.6
33,1886347,tactical,11.75,complete,12,12,3,3.3965021769205728,5.120920181274414,1.0
33,1886347,tactical,11.75,ward,12,12,3,3.3965021769205728,5.120920181274414,1.0
33,1886347,team,23.0,single,2,2,0,0.0,0.0,21.0
33,1886347,team,23.0,complete,8,8,1,9.996122360229492,9.996122360229492,1.25
33,1886347,team,23.0,ward,8,8,1,9.996122360229492,9.996122360229492,1.25
34,1886347,individual,2.75,single,19,19,2,2.0749993324279785,2.304245948791504,1.0
34,1886347,individual,2.75,complete,19,19,2,2.0749993324279785,2.304245948791504,1.0
34,1886347,individual,2.75,ward,19,19,2,2.0749993324279785,2.304245948791504,1.0
34,1886347,tactical,11.75,single,3,3,0,0.0,0.0,20.0
34,1886347,tactical,11.75,complete,10,10,1,1.8128833770751953,1.8128833770751953,2.6666666666666665
34,1886347,tactical,11.75,ward,11,11,2,1.737126350402832,1.8128833770751953,1.0
34,1886347,team,23.0,single,2,2,0,0.0,0.0,21.0
34,1886347,team,23.0,complete,5,5,1,0.6174030303955078,0.6174030303955078,1.3333333333333333
34,1886347,team,23.0,ward,6,6,0,0.0,0.0,2.5
35,1886347,individual,2.75,single,20,20,4,1.8085229396820068,3.6649341583251953,1.0
35,1886347,individual,2.75,complete,20,20,4,1.8085229396820068,3.6649341583251953,1.0
35,1886347,individual,2.75,ward,20,20,4,1.8085229396820068,3.6649341583251953,1.0
35,1886347,tactical,11.75,single,3,3,0,0.0,0.0,9.5
35,1886347,tactical,11.75,complete,10,10,0,0.0,0.0,1.6666666666666667
35,1886347,tactical,11.75,ward,10,10,2,2.7028274536132812,3.1337432861328125,1.6666666666666667
35,1886347,team,23.0,single,2,2,0,0.0,0.0,21.0
35,1886347,team,23.0,complete,6,6,1,2.8844223022460938,2.8844223022460938,1.0
35,1886347,team,23.0,ward,6,6,1,3.915800094604492,3.915800094604492,1.2
36,1886347,individual,2.75,single,19,19,2,0.7705187797546387,1.4434967041015625,1.0
36,1886347,individual,2.75,complete,19,19,2,0.7705187797546387,1.4434967041015625,1.0
36,1886347,individual,2.75,ward,19,19,2,0.7705187797546387,1.4434967041015625,1.0
36,1886347,tactical,11.75,single,9,9,1,3.7579689025878906,3.7579689025878906,2.25
36,1886347,tactical,11.75,complete,13,13,2,3.984408378601074,6.41241455078125,1.3333333333333333
36,1886347,tactical,11.75,ward,13,13,2,3.984408378601074,6.41241455078125,1.3333333333333333
36,1886347,team,23.0,single,2,2,0,0.0,0.0,21.0
36,1886347,team,23.0,complete,7,7,1,4.128669738769531,4.128669738769531,1.4
36,1886347,team,23.0,ward,8,8,1,6.280004501342773,6.280004501342773,1.25
37,1886347,individual,2.75,single,22,22,2,1.1818041801452637,2.352334976196289,1.0
37,1886347,individual,2.75,complete,22,22,2,1.1818041801452637,2.352334976196289,1.0
37,1886347,individual,2.75,ward,22,22,2,1.1818041801452637,2.352334976196289,1.0
37,1886347,tactical,11.75,single,6,6,1,0.9154014587402344,0.9154014587402344,8.0
37,1886347,tactical,11.75,complete,12,12,1,6.112651824951172,6.112651824951172,1.3333333333333333
37,1886347,tactical,11.75,ward,13,13,1,2.3548545837402344,2.3548545837402344,1.0
37,1886347,team,23.0,single,2,2,0,0.0,0.0,21.0
37,1886347,team,23.0,complete,6,6,1,5.259943008422852,5.259943008422852,1.2
37,1886347,team,23.0,ward,7,7,0,0.0,0.0,1.5
38,1886347,individual,2.75,single,17,17,3,2.867340405782064,3.8414649963378906,1.0
38,1886347,individual,2.75,complete,17,17,3,2.867340405782064,3.8414649963378906,1.0
38,1886347,individual,2.75,ward,17,17,3,2.867340405782064,3.8414649963378906,1.0
38,1886347,tactical,11.75,single,6,6,0,0.0,0.0,5.0
38,1886347,tactical,11.75,complete,12,12,2,1.4406919479370117,1.5230903625488281,1.3333333333333333
38,1886347,tactical,11.75,ward,12,12,1,0.3104972839355469,0.3104972839355469,1.0
38,1886347,team,23.0,single,1,1,0,0.0,0.0,22.0
38,1886347,team,23.0,complete,7,7,0,0.0,0.0,1.4
38,1886347,team,23.0,ward,8,8,1,1.5038890838623047,1.5038890838623047,1.5
39,1886347,individual,2.75,single,21,21,2,5.151117324829102,7.433555603027344,2.0
39,1886347,individual,2.75,complete,21,21,2,5.151117324829102,7.433555603027344,2.0
39,1886347,individual,2.75,ward,21,21,2,5.151117324829102,7.433555603027344,2.0
39,1886347,tactical,11.75,single,5,5,0,0.0,0.0,1.1666666666666667
39,1886347,tactical,11.75,complete,11,11,2,3.006014823913574,5.723354339599609,1.0
39,1886347,tactical,11.75,ward,11,11,2,3.006014823913574,5.723354339599609,1.0
39,1886347,team,23.0,single,2,2,0,0.0,0.0,21.0
39,1886347,team,23.0,complete,6,6,1,0.06057548522949219,0.06057548522949219,1.2
39,1886347,team,23.0,ward,7,7,1,1.8821182250976562,1.8821182250976562,1.5
40,1886347,individual,2.75,single,10,10,0,0.0,0.0,13.0
40,1886347,individual,2.75,complete,15,15,1,1.0230464935302734,1.0230464935302734,1.0
40,1886347,individual,2.75,ward,16,16,1,1.0230464935302734,1.0230464935302734,2.0
40,1886347,tactical,11.75,single,3,3,0,0.0,0.0,4.25
40,1886347,tactical,11.75,complete,7,7,0,0.0,0.0,1.3333333333333333
40,1886347,tactical,11.75,ward,7,7,0,0.0,0.0,1.3333333333333333
40,1886347,team,23.0,single,2,2,0,0.0,0.0,21.0
40,1886347,team,23.0,complete,4,4,0,0.0,0.0,3.75
40,1886347,team,23.0,ward,4,4,0,0.0,0.0,3.75
41,1886347,individual,2.75,single,16,16,3,1.5231876373291016,2.900869369506836,2.5
41,1886347,individual,2.75,complete,17,17,3,1.5231876373291016,2.900869369506836,1.5
41,1886347,individual,2.75,ward,18,18,3,1.5231876373291016,2.900869369506836,1.0
41,1886347,tactical,11.75,single,3,3,0,0.0,0.0,20.0
41,1886347,tactical,11.75,complete,10,10,1,0.6258659362792969,0.6258659362792969,2.0
41,1886347,tactical,11.75,ward,9,9,2,0.8833122253417969,1.1407585144042969,2.3333333333333335
41,1886347,team,23.0,single,2,2,0,0.0,0.0,21.0
41,1886347,team,23.0,complete,5,5,0,0.0,0.0,2.0
41,1886347,team,23.0,ward,5,5,0,0.0,0.0,1.6
42,1886347,individual,2.75,single,21,21,4,1.9442973136901855,3.5679988861083984,2.0
42,1886347,individual,2.75,complete,21,21,4,1.9442973136901855,3.5679988861083984,2.0
42,1886347,individual,2.75,ward,21,21,4,1.9442973136901855,3.5679988861083984,2.0
42,1886347,tactical,11.75,single,6,6,0,0.0,0.0,17.0
42,1886347,tactical,11.75,complete,14,14,3,2.255258878072103,4.269463539123535,1.0
42,1886347,tactical,11.75,ward,14,14,3,2.255258878072103,4.269463539123535,1.0
42,1886347,team,23.0,single,1,1,0,0.0,0.0,22.0
42,1886347,team,23.0,complete,7,7,1,1.775930404663086,1.775930404663086,1.1666666666666667
42,1886347,team,23.0,ward,8,8,1,0.954315185546875,0.954315185546875,1.6666666666666667
43,1886347,individual,2.75,single,20,20,4,2.8907742500305176,4.6263227462768555,1.0
43,1886347,individual,2.75,complete,20,20,4,2.8907742500305176,4.6263227462768555,1.0
43,1886347,individual,2.75,ward,20,20,4,2.8907742500305176,4.6263227462768555,1.0
43,1886347,tactical,11.75,single,4,4,0,0.0,0.0,9.0
43,1886347,tactical,11.75,complete,10,10,1,6.314304351806641,6.314304351806641,1.3333333333333333
43,1886347,tactical,11.75,ward,12,12,1,5.437117576599121,5.437117576599121,1.0
43,1886347,team,23.0,single,2,2,0,0.0,0.0,21.0
43,1886347,team,23.0,complete,6,6,1,4.161672592163086,4.161672592163086,1.0
43,1886347,team,23.0,ward,8,8,1,3.9442577362060547,3.9442577362060547,1.25
44,1886347,individual,2.75,single,22,22,2,3.5638017654418945,6.38471794128418,1.0
44,1886347,individual,2.75,complete,22,22,2,3.5638017654418945,6.38471794128418,1.0
44,1886347,individual,2.75,ward,22,22,2,3.5638017654418945,6.38471794128418,1.0
44,1886347,tactical,11.75,single,6,6,1,2.236133575439453,2.236133575439453,1.5
44,1886347,tactical,11.75,complete,13,13,1,6.963335990905762,6.963335990905762,1.5
44,1886347,tactical,11.75,ward,13,13,1,6.963335990905762,6.963335990905762,1.5
44,1886347,team,23.0,single,2,2,0,0.0,0.0,21.0
44,1886347,team,23.0,complete,7,7,0,0.0,0.0,1.25
44,1886347,team,23.0,ward,7,7,0,0.0,0.0,1.5
45,1886347,individual,2.75,single,21,21,3,1.6774781545003254,2.1712560653686523,2.0
45,1886347,individual,2.75,complete,21,21,3,1.6774781545003254,2.1712560653686523,2.0
45,1886347,individual,2.75,ward,21,21,3,1.6774781545003254,2.1712560653686523,2.0
45,1886347,tactical,11.75,single,5,5,0,0.0,0.0,8.5
45,1886347,tactical,11.75,complete,13,13,2,1.0155906677246094,1.3956012725830078,1.0
45,1886347,tactical,11.75,ward,12,12,0,0.0,0.0,1.3333333333333333
45,1886347,team,23.0,single,2,2,0,0.0,0.0,21.0
45,1886347,team,23.0,complete,7,7,0,0.0,0.0,1.0
45,1886347,team,23.0,ward,7,7,0,0.0,0.0,1.0
46,1886347,individual,2.75,single,18,18,1,0.12391090393066406,0.12391090393066406,1.0
46,1886347,individual,2.75,complete,18,18,1,0.12391090393066406,0.12391090393066406,1.0
46,1886347,individual,2.75,ward,18,18,1,0.12391090393066406,0.12391090393066406,1.0
46,1886347,tactical,11.75,single,5,5,0,0.0,0.0,8.5
46,1886347,tactical,11.75,complete,10,10,0,0.0,0.0,1.25
46,1886347,tactical,11.75,ward,11,11,0,0.0,0.0,1.3333333333333333
46,1886347,team,23.0,single,2,2,0,0.0,0.0,21.0
46,1886347,team,23.0,complete,6,6,1,2.4428348541259766,2.4428348541259766,1.2
46,1886347,team,23.0,ward,5,5,1,0.3724651336669922,0.3724651336669922,1.0
47,1886347,individual,2.75,single,14,14,0,0.0,0.0,2.3333333333333335
47,1886347,individual,2.75,complete,15,15,0,0.0,0.0,1.3333333333333333
47,1886347,individual,2.75,ward,16,16,0,0.0,0.0,1.0
47,1886347,tactical,11.75,single,3,3,0,0.0,0.0,20.0
47,1886347,tactical,11.75,complete,6,6,0,0.0,0.0,1.8
47,1886347,tactical,11.75,ward,7,7,0,0.0,0.0,1.4
47,1886347,team,23.0,single,2,2,0,0.0,0.0,21.0
47,1886347,team,23.0,complete,4,4,0,0.0,0.0,1.8571428571428572
47,1886347,team,23.0,ward,4,4,0,0.0,0.0,1.8571428571428572
48,1886347,individual,2.75,single,20,20,5,1.359125518798828,3.888360023498535,1.0
48,1886347,individual,2.75,complete,20,20,5,1.359125518798828,3.888360023498535,1.0
48,1886347,individual,2.75,ward,20,20,5,1.359125518798828,3.888360023498535,1.0
48,1886347,tactical,11.75,single,5,5,0,0.0,0.0,1.0
48,1886347,tactical,11.75,complete,12,12,3,2.4024829864501953,3.691293716430664,1.3333333333333333
48,1886347,tactical,11.75,ward,12,12,3,2.4024829864501953,3.691293716430664,1.3333333333333333
48,1886347,team,23.0,single,2,2,0,0.0,0.0,21.0
48,1886347,team,23.0,complete,7,7,1,3.2377262115478516,3.2377262115478516,1.2
48,1886347,team,23.0,ward,7,7,1,3.2377262115478516,3.2377262115478516,1.2
49,1886347,individual,2.75,single,20,20,6,1.5182677110036213,4.400754928588867,1.0
49,1886347,individual,2.75,complete,20,20,6,1.5182677110036213,4.400754928588867,1.0
49,1886347,individual,2.75,ward,20,20,6,1.5182677110036213,4.400754928588867,1.0
49,1886347,tactical,11.75,single,3,3,0,0.0,0.0,20.0
49,1886347,tactical,11.75,complete,10,10,2,0.6751337051391602,0.9042205810546875,2.0
49,1886347,tactical,11.75,ward,10,10,2,0.6751337051391602,0.9042205810546875,2.0
49,1886347,team,23.0,single,2,2,0,0.0,0.0,21.0
49,1886347,team,23.0,complete,6,6,0,0.0,0.0,1.3333333333333333
49,1886347,team,23.0,ward,6,6,0,0.0,0.0,1.3333333333333333
50,1886347,individual,2.75,single,20,20,1,1.1955022811889648,1.1955022811889648,1.0
50,1886347,individual,2.75,complete,20,20,1,1.1955022811889648,1.1955022811889648,1.0
50,1886347,individual,2.75,ward,20,20,1,1.1955022811889648,1.1955022811889648,1.0
50,1886347,tactical,11.75,single,3,3,0,0.0,0.0,9.5
50,1886347,tactical,11.75,complete,10,10,1,0.6844053268432617,0.6844053268432617,1.3333333333333333
50,1886347,tactical,11.75,ward,10,10,0,0.0,0.0,1.0
50,1886347,team,23.0,single,2,2,0,0.0,0.0,21.0
50,1886347,team,23.0,complete,6,6,0,0.0,0.0,1.1666666666666667
50,1886347,team,23.0,ward,6,6,0,0.0,0.0,1.0
51,1886347,individual,2.75,single,21,21,3,0.4530741373697917,1.268263816833496,2.0
51,1886347,individual,2.75,complete,21,21,3,0.4530741373697917,1.268263816833496,2.0
51,1886347,individual,2.75,ward,21,21,3,0.4530741373697917,1.268263816833496,2.0
51,1886347,tactical,11.75,single,4,4,0,0.0,0.0,19.0
51,1886347,tactical,11.75,complete,12,12,0,0.0,0.0,1.3333333333333333
51,1886347,tactical,11.75,ward,12,12,0,0.0,0.0,1.3333333333333333
51,1886347,team,23.0,single,2,2,0,0.0,0.0,21.0
51,1886347,team,23.0,complete,7,7,1,0.5559329986572266,0.5559329986572266,1.2
51,1886347,team,23.0,ward,7,7,1,4.255903244018555,4.255903244018555,1.0
52,1886347,individual,2.75,single,19,19,0,0.0,0.0,1.5
52,1886347,individual,2.75,complete,20,20,0,0.0,0.0,1.0
52,1886347,individual,2.75,ward,20,20,0,0.0,0.0,1.0
52,1886347,tactical,11.75,single,5,5,1,1.965097427368164,1.965097427368164,18.0
52,1886347,tactical,11.75,complete,11,11,1,1.380472183227539,1.380472183227539,1.3333333333333333
52,1886347,tactical,11.75,ward,12,12,2,0.5082836151123047,0.9831714630126953,1.3333333333333333
52,1886347,team,23.0,single,2,2,0,0.0,0.0,21.0
52,1886347,team,23.0,complete,6,6,0,0.0,0.0,2.0
52,1886347,team,23.0,ward,5,5,1,1.1655807495117188,1.1655807495117188,1.3333333333333333
53,1886347,individual,2.75,single,21,21,3,1.101871172587077,2.1313838958740234,2.0
53,1886347,individual,2.75,complete,21,21,3,1.101871172587077,2.1313838958740234,2.0
53,1886347,individual,2.75,ward,21,21,3,1.101871172587077,2.1313838958740234,2.0
53,1886347,tactical,11.75,single,5,5,0,0.0,0.0,18.0
53,1886347,tactical,11.75,complete,12,12,2,2.6040773391723633,4.8636627197265625,1.0
53,1886347,tactical,11.75,ward,12,12,2,2.9416494369506836,5.001502990722656,1.3333333333333333
53,1886347,team,23.0,single,2,2,0,0.0,0.0,21.0
53,1886347,team,23.0,complete,7,7,1,4.463039398193359,4.463039398193359,1.1666666666666667
53,1886347,team,23.0,ward,7,7,0,0.0,0.0,1.2
54,1886347,individual,2.75,single,19,19,4,2.3843109607696533,6.390876770019531,1.5
54,1886347,individual,2.75,complete,20,20,4,2.525773525238037,6.390876770019531,1.0
54,1886347,individual,2.75,ward,20,20,4,2.525773525238037,6.390876770019531,1.0
54,1886347,tactical,11.75,single,5,5,0,0.0,0.0,18.0
54,1886347,tactical,11.75,complete,13,13,3,4.574744542439778,8.367053985595703,1.5
54,1886347,tactical,11.75,ward,13,13,3,4.574744542439778,8.367053985595703,1.5
54,1886347,team,23.0,single,2,2,0,0.0,0.0,21.0
54,1886347,team,23.0,complete,7,7,1,1.0905189514160156,1.0905189514160156,1.4
54,1886347,team,23.0,ward,8,8,1,3.3724327087402344,3.3724327087402344,1.25
55,1886347,individual,2.75,single,21,21,2,2.436708450317383,3.5106868743896484,2.0
55,1886347,individual,2.75,complete,21,21,2,2.436708450317383,3.5106868743896484,2.0
55,1886347,individual,2.75,ward,21,21,2,2.436708450317383,3.5106868743896484,2.0
55,1886347,tactical,11.75,single,5,5,0,0.0,0.0,3.5
55,1886347,tactical,11.75,complete,12,12,2,2.1120290756225586,2.989347457885742,1.0
55,1886347,tactical,11.75,ward,12,12,2,2.1120290756225586,2.989347457885742,1.0
55,1886347,team,23.0,single,2,2,0,0.0,0.0,21.0
55,1886347,team,23.0,complete,7,7,0,0.0,0.0,1.5
55,1886347,team,23.0,ward,8,8,2,0.9692802429199219,1.8159980773925781,1.5
56,1886347,individual,2.75,single,22,22,2,3.9326610565185547,5.419960021972656,1.0
56,1886347,individual,2.75,complete,22,22,2,3.9326610565185547,5.419960021972656,1.0
56,1886347,individual,2.75,ward,22,22,2,3.9326610565185547,5.419960021972656,1.0
56,1886347,tactical,11.75,single,6,6,0,0.0,0.0,17.0
56,1886347,tactical,11.75,complete,13,13,2,2.7878360748291016,5.131616592407227,1.5
56,1886347,tactical,11.75,ward,13,13,2,2.7878360748291016,5.131616592407227,1.5
56,1886347,team,23.0,single,2,2,0,0.0,0.0,21.0
56,1886347,team,23.0,complete,6,6,0,0.0,0.0,1.2
56,1886347,team,23.0,ward,6,6,0,0.0,0.0,1.2
57,1886347,individual,2.75,single,18,18,2,0.79400634765625,1.0985698699951172,1.0
57,1886347,individual,2.75,complete,18,18,2,0.79400634765625,1.0985698699951172,1.0
57,1886347,individual,2.75,ward,18,18,2,0.79400634765625,1.0985698699951172,1.0
57,1886347,tactical,11.75,single,3,3,0,0.0,0.0,2.5
57,1886347,tactical,11.75,complete,9,9,0,0.0,0.0,1.0
57,1886347,tactical,11.75,ward,9,9,0,0.0,0.0,1.25
57,1886347,team,23.0,single,2,2,0,0.0,0.0,21.0
57,1886347,team,23.0,complete,4,4,0,0.0,0.0,1.1428571428571428
57,1886347,team,23.0,ward,4,4,0,0.0,0.0,1.1428571428571428
58,1886347,individual,2.75,single,20,20,3,0.6992317835489908,1.4667339324951172,1.0
58,1886347,individual,2.75,complete,20,20,3,0.6992317835489908,1.4667339324951172,1.0
58,1886347,individual,2.75,ward,20,20,3,0.6992317835489908,1.4667339324951172,1.0
58,1886347,tactical,11.75,single,3,3,0,0.0,0.0,20.0
58,1886347,tactical,11.75,complete,9,9,0,0.0,0.0,1.25
58,1886347,tactical,11.75,ward,10,10,0,0.0,0.0,1.25
58,1886347,team,23.0,single,2,2,0,0.0,0.0,21.0
58,1886347,team,23.0,complete,5,5,0,0.0,0.0,2.25
58,1886347,team,23.0,ward,5,5,0,0.0,0.0,2.25
59,1886347,individual,2.75,single,20,20,3,1.7850745519002278,2.8405704498291016,1.0
59,1886347,individual,2.75,complete,20,20,3,1.7850745519002278,2.8405704498291016,1.0
59,1886347,individual,2.75,ward,20,20,3,1.7850745519002278,2.8405704498291016,1.0
59,1886347,tactical,11.75,single,7,7,1,5.119630813598633,5.119630813598633,4.333333333333333
59,1886347,tactical,11.75,complete,12,12,2,3.0967254638671875,5.119630813598633,1.0
59,1886347,tactical,11.75,ward,12,12,2,3.0967254638671875,5.119630813598633,1.0
59,1886347,team,23.0,single,2,2,0,0.0,0.0,21.0
59,1886347,team,23.0,complete,7,7,1,2.864103317260742,2.864103317260742,1.25
59,1886347,team,23.0,ward,7,7,1,2.864103317260742,2.864103317260742,1.25
60,1886347,individual,2.75,single,21,21,2,1.9686999320983887,3.8347625732421875,2.0
60,1886347,individual,2.75,complete,21,21,2,1.9686999320983887,3.8347625732421875,2.0
60,1886347,individual,2.75,ward,21,21,2,1.9686999320983887,3.8347625732421875,2.0
60,1886347,tactical,11.75,single,5,5,0,0.0,0.0,8.5
60,1886347,tactical,11.75,complete,11,11,2,2.540806293487549,3.475125312805176,1.0
60,1886347,tactical,11.75,ward,11,11,2,1.6064295768737793,2.422083854675293,1.0
60,1886347,team,23.0,single,2,2,0,0.0,0.0,21.0
60,1886347,team,23.0,complete,7,7,0,0.0,0.0,1.5
60,1886347,team,23.0,ward,6,6,1,4.934944152832031,4.934944152832031,1.6
61,1886347,individual,2.75,single,15,15,2,1.5713014602661133,2.2682199478149414,1.0
61,1886347,individual,2.75,complete,16,16,2,1.5713014602661133,2.2682199478149414,1.5
61,1886347,individual,2.75,ward,16,16,2,1.5713014602661133,2.2682199478149414,1.5
61,1886347,tactical,11.75,single,4,4,0,0.0,0.0,19.0
61,1886347,tactical,11.75,complete,10,10,0,0.0,0.0,2.0
61,1886347,tactical,11.75,ward,10,10,0,0.0,0.0,2.0
61,1886347,team,23.0,single,2,2,0,0.0,0.0,21.0
61,1886347,team,23.0,complete,5,5,0,0.0,0.0,3.25
61,1886347,team,23.0,ward,6,6,0,0.0,0.0,1.1666666666666667
62,1886347,individual,2.75,single,20,20,3,2.1944967905680337,3.5588197708129883,1.0
62,1886347,individual,2.75,complete,20,20,3,2.1944967905680337,3.5588197708129883,1.0
62,1886347,individual,2.75,ward,20,20,3,2.1944967905680337,3.5588197708129883,1.0
62,1886347,tactical,11.75,single,5,5,0,0.0,0.0,18.0
62,1886347,tactical,11.75,complete,13,13,3,1.1821775436401367,2.824803352355957,1.3333333333333333
62,1886347,tactical,11.75,ward,14,14,3,2.2650655110677085,3.3820390701293945,1.5
62,1886347,team,23.0,single,1,1,0,0.0,0.0,22.0
62,1886347,team,23.0,complete,8,8,1,5.066352844238281,5.066352844238281,1.25
62,1886347,team,23.0,ward,8,8,1,5.066352844238281,5.066352844238281,1.25
63,1886347,individual,2.75,single,20,20,4,1.6321148872375488,3.6574716567993164,1.0
63,1886347,individual,2.75,complete,20,20,4,1.6321148872375488,3.6574716567993164,1.0
63,1886347,individual,2.75,ward,20,20,4,1.6321148872375488,3.6574716567993164,1.0
63,1886347,tactical,11.75,single,3,3,0,0.0,0.0,20.0
63,1886347,tactical,11.75,complete,10,10,1,5.009779930114746,5.009779930114746,1.0
63,1886347,tactical,11.75,ward,11,11,1,0.887451171875,0.887451171875,1.3333333333333333
63,1886347,team,23.0,single,2,2,0,0.0,0.0,21.0
63,1886347,team,23.0,complete,6,6,1,1.130727767944336,1.130727767944336,1.8
63,1886347,team,23.0,ward,7,7,1,3.655282974243164,3.655282974243164,1.5
64,1886347,individual,2.75,single,18,18,1,3.829578399658203,3.829578399658203,1.0
64,1886347,individual,2.75,complete,18,18,1,3.829578399658203,3.829578399658203,1.0
64,1886347,individual,2.75,ward,18,18,1,3.829578399658203,3.829578399658203,1.0
64,1886347,tactical,11.75,single,8,8,1,3.5584678649902344,3.5584678649902344,2.25
64,1886347,tactical,11.75,complete,11,11,1,4.868654251098633,4.868654251098633,1.0
64,1886347,tactical,11.75,ward,11,11,1,4.868654251098633,4.868654251098633,1.0
64,1886347,team,23.0,single,1,1,0,0.0,0.0,22.0
64,1886347,team,23.0,complete,7,7,1,3.5584678649902344,3.5584678649902344,2.25
64,1886347,team,23.0,ward,8,8,1,2.8622570037841797,2.8622570037841797,1.5
65,1886347,individual,2.75,single,12,12,1,0.7587699890136719,0.7587699890136719,1.5
65,1886347,individual,2.75,complete,15,15,1,0.4711637496948242,0.4711637496948242,1.3333333333333333
65,1886347,individual,2.75,ward,16,16,2,0.37278056144714355,0.5214037895202637,1.5
65,1886347,tactical,11.75,single,3,3,0,0.0,0.0,9.5
65,1886347,tactical,11.75,complete,6,6,0,0.0,0.0,2.2
65,1886347,tactical,11.75,ward,6,6,0,0.0,0.0,1.2857142857142858
65,1886347,team,23.0,single,2,2,0,0.0,0.0,21.0
65,1886347,team,23.0,complete,4,4,0,0.0,0.0,5.333333333333333
65,1886347,team,23.0,ward,4,4,0,0.0,0.0,5.333333333333333
66,1886347,individual,2.75,single,20,20,3,1.868638038635254,3.739185333251953,1.0
66,1886347,individual,2.75,complete,20,20,3,1.868638038635254,3.739185333251953,1.0
66,1886347,individual,2.75,ward,20,20,3,1.868638038635254,3.739185333251953,1.0
66,1886347,tactical,11.75,single,4,4,0,0.0,0.0,9.0
66,1886347,tactical,11.75,complete,9,9,1,0.9042797088623047,0.9042797088623047,1.25
66,1886347,tactical,11.75,ward,9,9,1,0.9042797088623047,0.9042797088623047,1.25
66,1886347,team,23.0,single,2,2,0,0.0,0.0,21.0
66,1886347,team,23.0,complete,5,5,0,0.0,0.0,1.8
66,1886347,team,23.0,ward,5,5,0,0.0,0.0,1.8
67,1886347,individual,2.75,single,21,21,2,0.6563243865966797,1.2597217559814453,2.0
67,1886347,individual,2.75,complete,21,21,2,0.6563243865966797,1.2597217559814453,2.0
67,1886347,individual,2.75,ward,21,21,2,0.6563243865966797,1.2597217559814453,2.0
67,1886347,tactical,11.75,single,5,5,1,0.2380523681640625,0.2380523681640625,2.4
67,1886347,tactical,11.75,complete,8,8,0,0.0,0.0,1.5
67,1886347,tactical,11.75,ward,9,9,0,0.0,0.0,2.0
67,1886347,team,23.0,single,2,2,0,0.0,0.0,21.0
67,1886347,team,23.0,complete,5,5,1,0.2380523681640625,0.2380523681640625,2.4
67,1886347,team,23.0,ward,5,5,1,0.2380523681640625,0.2380523681640625,2.4
68,1886347,individual,2.75,single,20,20,3,1.8148778279622395,4.393543243408203,1.0
68,1886347,individual,2.75,complete,20,20,3,1.8148778279622395,4.393543243408203,1.0
68,1886347,individual,2.75,ward,20,20,3,1.8148778279622395,4.393543243408203,1.0
68,1886347,tactical,11.75,single,5,5,0,0.0,0.0,5.333333333333333
68,1886347,tactical,11.75,complete,12,12,1,5.032159805297852,5.032159805297852,1.0
68,1886347,tactical,11.75,ward,12,12,1,5.032159805297852,5.032159805297852,1.0
68,1886347,team,23.0,single,3,3,0,0.0,0.0,20.0
68,1886347,team,23.0,complete,6,6,0,0.0,0.0,2.0
68,1886347,team,23.0,ward,7,7,0,0.0,0.0,1.25
69,1886347,individual,2.75,single,22,22,4,1.8000118732452393,4.546525001525879,1.0
69,1886347,individual,2.75,complete,22,22,4,1.8000118732452393,4.546525001525879,1.0
69,1886347,individual,2.75,ward,22,22,4,1.8000118732452393,4.546525001525879,1.0
69,1886347,tactical,11.75,single,8,8,1,3.3467273712158203,3.3467273712158203,7.0
69,1886347,tactical,11.75,complete,14,14,3,0.9744071960449219,2.2396392822265625,1.0
69,1886347,tactical,11.75,ward,15,15,1,3.0557193756103516,3.0557193756103516,1.5
69,1886347,team,23.0,single,2,2,0,0.0,0.0,21.0
69,1886347,team,23.0,complete,9,9,0,0.0,0.0,1.0
69,1886347,team,23.0,ward,8,8,0,0.0,0.0,1.25
70,1886347,individual,2.75,single,22,22,5,1.1928197860717773,1.5318737030029297,1.0
70,1886347,individual,2.75,complete,22,22,5,1.1928197860717773,1.5318737030029297,1.0
70,1886347,individual,2.75,ward,22,22,5,1.1928197860717773,1.5318737030029297,1.0
70,1886347,tactical,11.75,single,5,5,0,0.0,0.0,1.1111111111111112
70,1886347,tactical,11.75,complete,14,14,5,1.5179658889770509,3.0432472229003906,1.5
70,1886347,tactical,11.75,ward,13,13,4,1.9583714008331299,5.380744934082031,1.0
70,1886347,team,23.0,single,2,2,0,0.0,0.0,21.0
70,1886347,team,23.0,complete,7,7,1,6.650634765625,6.650634765625,1.2
70,1886347,team,23.0,ward,7,7,1,3.4997100830078125,3.4997100830078125,1.25
71,1886347,individual,2.75,single,18,18,1,0.9222087860107422,0.9222087860107422,1.0
71,1886347,individual,2.75,complete,18,18,1,0.9222087860107422,0.9222087860107422,1.0
71,1886347,individual,2.75,ward,18,18,1,0.9222087860107422,0.9222087860107422,1.0
71,1886347,tactical,11.75,single,5,5,0,0.0,0.0,5.333333333333333
71,1886347,tactical,11.75,complete,9,9,1,2.8563194274902344,2.8563194274902344,1.25
71,1886347,tactical,11.75,ward,10,10,1,2.8563194274902344,2.8563194274902344,1.3333333333333333
71,1886347,team,23.0,single,2,2,0,0.0,0.0,21.0
71,1886347,team,23.0,complete,7,7,0,0.0,0.0,1.0
71,1886347,team,23.0,ward,7,7,1,2.8563194274902344,2.8563194274902344,1.6
72,1886347,individual,2.75,single,20,20,3,3.1441129048665366,3.9802703857421875,1.0
72,1886347,individual,2.75,complete,20,20,3,3.1441129048665366,3.9802703857421875,1.0
72,1886347,individual,2.75,ward,20,20,3,3.1441129048665366,3.9802703857421875,1.0
72,1886347,tactical,11.75,single,5,5,0,0.0,0.0,18.0
72,1886347,tactical,11.75,complete,13,13,3,2.9756056467692056,4.182615280151367,1.0
72,1886347,tactical,11.75,ward,13,13,3,2.9756056467692056,4.182615280151367,1.0
72,1886347,team,23.0,single,2,2,0,0.0,0.0,21.0
72,1886347,team,23.0,complete,8,8,0,0.0,0.0,1.0
72,1886347,team,23.0,ward,8,8,1,2.0131988525390625,2.0131988525390625,1.25
73,1886347,individual,2.75,single,19,19,2,0.8048601150512695,1.409078598022461,1.0
73,1886347,individual,2.75,complete,19,19,2,0.8048601150512695,1.409078598022461,1.0
73,1886347,individual,2.75,ward,19,19,2,0.8048601150512695,1.409078598022461,1.0
73,1886347,tactical,11.75,single,5,5,0,0.0,0.0,3.25
73,1886347,tactical,11.75,complete,9,9,1,5.777978897094727,5.777978897094727,1.0
73,1886347,tactical,11.75,ward,9,9,1,5.777978897094727,5.777978897094727,1.0
73,1886347,team,23.0,single,2,2,0,0.0,0.0,21.0
73,1886347,team,23.0,complete,7,7,0,0.0,0.0,1.6
73,1886347,team,23.0,ward,8,8,1,4.834489822387695,4.834489822387695,2.6666666666666665
74,1886347,individual,2.75,single,20,20,5,2.1261688232421876,5.632452964782715,1.0
74,1886347,individual,2.75,complete,20,20,5,2.1261688232421876,5.632452964782715,1.0
74,1886347,individual,2.75,ward,20,20,5,2.1261688232421876,5.632452964782715,1.0
74,1886347,tactical,11.75,single,7,7,0,0.0,0.0,7.5
74,1886347,tactical,11.75,complete,14,14,2,3.870795726776123,6.262628555297852,1.5
74,1886347,tactical,11.75,ward,14,14,2,3.870795726776123,6.262628555297852,1.5
74,1886347,team,23.0,single,2,2,0,0.0,0.0,21.0
74,1886347,team,23.0,complete,7,7,1,5.655651092529297,5.655651092529297,1.1666666666666667
74,1886347,team,23.0,ward,7,7,1,0.5519504547119141,0.5519504547119141,2.3333333333333335
75,1886347,individual,2.75,single,21,21,2,5.260012626647949,9.046574592590332,2.0
75,1886347,individual,2.75,complete,21,21,2,5.260012626647949,9.046574592590332,2.0
75,1886347,individual,2.75,ward,21,21,2,5.260012626647949,9.046574592590332,2.0
75,1886347,tactical,11.75,single,3,3,0,0.0,0.0,20.0
75,1886347,tactical,11.75,complete,11,11,2,2.604503631591797,4.979427337646484,1.3333333333333333
75,1886347,tactical,11.75,ward,11,11,1,4.554821014404297,4.554821014404297,1.3333333333333333
75,1886347,team,23.0,single,2,2,0,0.0,0.0,21.0
75,1886347,team,23.0,complete,6,6,1,0.3317852020263672,0.3317852020263672,1.0
75,1886347,team,23.0,ward,7,7,1,1.9526634216308594,1.9526634216308594,1.0
76,1886347,individual,2.75,single,18,18,2,1.4128060340881348,2.120701789855957,1.0
76,1886347,individual,2.75,complete,18,18,2,1.4128060340881348,2.120701789855957,1.0
76,1886347,individual,2.75,ward,18,18,2,1.4128060340881348,2.120701789855957,1.0
76,1886347,tactical,11.75,single,4,4,0,0.0,0.0,19.0
76,1886347,tactical,11.75,complete,11,11,2,1.9663901329040527,3.3404064178466797,1.25
76,1886347,tactical,11.75,ward,12,12,1,0.5883646011352539,0.5883646011352539,1.3333333333333333
76,1886347,team,23.0,single,2,2,0,0.0,0.0,21.0
76,1886347,team,23.0,complete,7,7,1,1.6726150512695312,1.6726150512695312,1.6
76,1886347,team,23.0,ward,7,7,1,2.734201431274414,2.734201431274414,1.0
77,1886347,individual,2.75,single,22,22,3,2.763214906056722,6.957676887512207,1.0
77,1886347,individual,2.75,complete,22,22,3,2.763214906056722,6.957676887512207,1.0
77,1886347,individual,2.75,ward,22,22,3,2.763214906056722,6.957676887512207,1.0
77,1886347,tactical,11.75,single,5,5,0,0.0,0.0,2.8
77,1886347,tactical,11.75,complete,12,12,1,7.279085159301758,7.279085159301758,1.3333333333333333
77,1886347,tactical,11.75,ward,11,11,1,9.753026962280273,9.753026962280273,1.3333333333333333
77,1886347,team,23.0,single,2,2,0,0.0,0.0,21.0
77,1886347,team,23.0,complete,7,7,1,2.926006317138672,2.926006317138672,1.2
77,1886347,team,23.0,ward,7,7,1,2.926006317138672,2.926006317138672,1.2
78,1886347,individual,2.75,single,21,21,4,1.768169641494751,3.9624576568603516,2.0
78,1886347,individual,2.75,complete,21,21,4,1.768169641494751,3.9624576568603516,2.0
78,1886347,individual,2.75,ward,21,21,4,1.768169641494751,3.9624576568603516,2.0
78,1886347,tactical,11.75,single,4,4,0,0.0,0.0,19.0
78,1886347,tactical,11.75,complete,11,11,1,3.4935264587402344,3.4935264587402344,1.0
78,1886347,tactical,11.75,ward,12,12,2,1.5310635566711426,2.782642364501953,1.0
78,1886347,team,23.0,single,2,2,0,0.0,0.0,21.0
78,1886347,team,23.0,complete,7,7,0,0.0,0.0,1.0
78,1886347,team,23.0,ward,8,8,2,3.188426971435547,3.5831947326660156,1.25
79,1886347,individual,2.75,single,20,20,3,3.242455800374349,6.5457763671875,3.0
79,1886347,individual,2.75,complete,21,21,2,4.660301208496094,6.5457763671875,2.0
79,1886347,individual,2.75,ward,21,21,2,4.660301208496094,6.5457763671875,2.0
79,1886347,tactical,11.75,single,4,4,0,0.0,0.0,19.0
79,1886347,tactical,11.75,complete,11,11,1,4.812904357910156,4.812904357910156,1.3333333333333333
79,1886347,tactical,11.75,ward,12,12,1,4.812904357910156,4.812904357910156,1.0
79,1886347,team,23.0,single,2,2,0,0.0,0.0,21.0
79,1886347,team,23.0,complete,5,5,1,0.07407951354980469,0.07407951354980469,1.0
79,1886347,team,23.0,ward,6,6,0,0.0,0.0,1.4
80,1886347,individual,2.75,single,20,20,2,1.4607889652252197,2.083904266357422,1.0
80,1886347,individual,2.75,complete,20,20,2,1.4607889652252197,2.083904266357422,1.0
80,1886347,individual,2.75,ward,20,20,2,1.4607889652252197,2.083904266357422,1.0
80,1886347,tactical,11.75,single,4,4,0,0.0,0.0,9.0
80,1886347,tactical,11.75,complete,10,10,1,2.180933952331543,2.180933952331543,2.0
80,1886347,tactical,11.75,ward,9,9,0,0.0,0.0,1.0
80,1886347,team,23.0,single,2,2,0,0.0,0.0,21.0
80,1886347,team,23.0,complete,5,5,0,0.0,0.0,1.5714285714285714
80,1886347,team,23.0,ward,6,6,1,1.3444137573242188,1.3444137573242188,1.125
81,1886347,individual,2.75,single,17,17,2,3.3246665000915527,6.140386581420898,2.0
81,1886347,individual,2.75,complete,18,18,1,5.978717803955078,5.978717803955078,1.5
81,1886347,individual,2.75,ward,18,18,1,5.978717803955078,5.978717803955078,1.5
81,1886347,tactical,11.75,single,5,5,0,0.0,0.0,8.5
81,1886347,tactical,11.75,complete,8,8,0,0.0,0.0,2.25
81,1886347,tactical,11.75,ward,10,10,1,2.9975223541259766,2.9975223541259766,1.25
81,1886347,team,23.0,single,2,2,0,0.0,0.0,21.0
81,1886347,team,23.0,complete,6,6,1,1.9545001983642578,1.9545001983642578,3.0
81,1886347,team,23.0,ward,6,6,1,2.8488903045654297,2.8488903045654297,2.25
82,1886347,individual,2.75,single,8,8,0,0.0,0.0,7.0
82,1886347,individual,2.75,complete,11,11,0,0.0,0.0,2.3333333333333335
82,1886347,individual,2.75,ward,11,11,0,0.0,0.0,2.3333333333333335
82,1886347,tactical,11.75,single,4,4,0,0.0,0.0,9.0
82,1886347,tactical,11.75,complete,5,5,0,0.0,0.0,8.5
82,1886347,tactical,11.75,ward,5,5,0,0.0,0.0,8.5
82,1886347,team,23.0,single,2,2,0,0.0,0.0,21.0
82,1886347,team,23.0,complete,3,3,0,0.0,0.0,6.0
82,1886347,team,23.0,ward,3,3,0,0.0,0.0,6.0
83,1886347,individual,2.75,single,20,20,3,2.734254837036133,4.319498062133789,1.0
83,1886347,individual,2.75,complete,20,20,3,2.734254837036133,4.319498062133789,1.0
83,1886347,individual,2.75,ward,20,20,3,2.734254837036133,4.319498062133789,1.0
83,1886347,tactical,11.75,single,7,7,0,0.0,0.0,7.0
83,1886347,tactical,11.75,complete,12,12,2,3.4443864822387695,3.621591567993164,1.0
83,1886347,tactical,11.75,ward,12,12,2,3.4443864822387695,3.621591567993164,1.0
83,1886347,team,23.0,single,2,2,0,0.0,0.0,21.0
83,1886347,team,23.0,complete,7,7,0,0.0,0.0,1.5
83,1886347,team,23.0,ward,8,8,2,4.837475776672363,5.503667831420898,1.25
84,1886347,individual,2.75,single,19,19,2,1.8752546310424805,3.0482349395751953,1.0
84,1886347,individual,2.75,complete,19,19,2,1.8752546310424805,3.0482349395751953,1.0
84,1886347,individual,2.75,ward,19,19,2,1.8752546310424805,3.0482349395751953,1.0
84,1886347,tactical,11.75,single,3,3,0,0.0,0.0,20.0
84,1886347,tactical,11.75,complete,10,10,1,0.7991142272949219,0.7991142272949219,1.3333333333333333
84,1886347,tactical,11.75,ward,11,11,0,0.0,0.0,1.3333333333333333
84,1886347,team,23.0,single,2,2,0,0.0,0.0,21.0
84,1886347,team,23.0,complete,5,5,0,0.0,0.0,3.0
84,1886347,team,23.0,ward,5,5,0,0.0,0.0,1.0
85,1886347,individual,2.75,single,19,19,1,1.973555564880371,1.973555564880371,1.0
85,1886347,individual,2.75,complete,19,19,1,1.973555564880371,1.973555564880371,1.0
85,1886347,individual,2.75,ward,19,19,1,1.973555564880371,1.973555564880371,1.0
85,1886347,tactical,11.75,single,4,4,0,0.0,0.0,19.0
85,1886347,tactical,11.75,complete,10,10,1,0.7298946380615234,0.7298946380615234,1.3333333333333333
85,1886347,tactical,11.75,ward,11,11,2,1.218724250793457,1.7075538635253906,1.3333333333333333
85,1886347,team,23.0,single,2,2,0,0.0,0.0,21.0
85,1886347,team,23.0,complete,6,6,1,2.795652389526367,2.795652389526367,1.75
85,1886347,team,23.0,ward,6,6,1,2.795652389526367,2.795652389526367,1.75
86,1886347,individual,2.75,single,20,20,3,2.006758689880371,2.535999298095703,1.0
86,1886347,individual,2.75,complete,20,20,3,2.006758689880371,2.535999298095703,1.0
86,1886347,individual,2.75,ward,20,20,3,2.006758689880371,2.535999298095703,1.0
86,1886347,tactical,11.75,single,6,6,0,0.0,0.0,8.0
86,1886347,tactical,11.75,complete,10,10,1,5.88029670715332,5.88029670715332,1.6666666666666667
86,1886347,tactical,11.75,ward,10,10,1,5.88029670715332,5.88029670715332,1.6666666666666667
86,1886347,team,23.0,single,2,2,0,0.0,0.0,21.0
86,1886347,team,23.0,complete,7,7,1,2.498096466064453,2.498096466064453,1.6
86,1886347,team,23.0,ward,7,7,1,2.498096466064453,2.498096466064453,1.6
87,1886347,individual,2.75,single,21,21,3,2.903292973836263,5.8675079345703125,2.0
87,1886347,individual,2.75,complete,21,21,3,2.903292973836263,5.8675079345703125,2.0
87,1886347,individual,2.75,ward,21,21,3,2.903292973836263,5.8675079345703125,2.0
87,1886347,tactical,11.75,single,5,5,1,3.8326950073242188,3.8326950073242188,1.6666666666666667
87,1886347,tactical,11.75,complete,13,13,2,4.145551681518555,7.377138137817383,1.5
87,1886347,tactical,11.75,ward,13,13,2,4.145551681518555,7.377138137817383,1.5
87,1886347,team,23.0,single,1,1,0,0.0,0.0,22.0
87,1886347,team,23.0,complete,7,7,1,8.703023910522461,8.703023910522461,1.2
87,1886347,team,23.0,ward,7,7,1,8.703023910522461,8.703023910522461,1.2
88,1886347,individual,2.75,single,18,18,1,1.9220867156982422,1.9220867156982422,1.5
88,1886347,individual,2.75,complete,18,18,1,1.9220867156982422,1.9220867156982422,1.5
88,1886347,individual,2.75,ward,18,18,1,1.9220867156982422,1.9220867156982422,1.5
88,1886347,tactical,11.75,single,5,5,0,0.0,0.0,3.75
88,1886347,tactical,11.75,complete,11,11,1,3.931795120239258,3.931795120239258,1.6666666666666667
88,1886347,tactical,11.75,ward,10,10,1,3.931795120239258,3.931795120239258,2.0
88,1886347,team,23.0,single,2,2,0,0.0,0.0,21.0
88,1886347,team,23.0,complete,5,5,1,4.010477066040039,4.010477066040039,1.0
88,1886347,team,23.0,ward,5,5,1,4.010477066040039,4.010477066040039,1.0
89,1886347,individual,2.75,single,21,21,5,2.12099142074585,3.7145767211914062,2.0
89,1886347,individual,2.75,complete,21,21,5,2.12099142074585,3.7145767211914062,2.0
89,1886347,individual,2.75,ward,21,21,5,2.12099142074585,3.7145767211914062,2.0
89,1886347,tactical,11.75,single,7,7,0,0.0,0.0,16.0
89,1886347,tactical,11.75,complete,13,13,3,2.508967717488607,5.182600021362305,1.0
89,1886347,tactical,11.75,ward,12,12,2,1.9358844757080078,3.379199981689453,1.0
89,1886347,team,23.0,single,2,2,0,0.0,0.0,21.0
89,1886347,team,23.0,complete,6,6,0,0.0,0.0,1.8
89,1886347,team,23.0,ward,7,7,0,0.0,0.0,1.2
90,1886347,individual,2.75,single,19,19,2,1.3368406295776367,2.1434526443481445,1.0
90,1886347,individual,2.75,complete,19,19,2,1.3368406295776367,2.1434526443481445,1.0
90,1886347,individual,2.75,ward,19,19,2,1.3368406295776367,2.1434526443481445,1.0
90,1886347,tactical,11.75,single,3,3,0,0.0,0.0,6.0
90,1886347,tactical,11.75,complete,9,9,1,2.836794853210449,2.836794853210449,1.25
90,1886347,tactical,11.75,ward,10,10,1,3.713686943054199,3.713686943054199,1.6666666666666667
90,1886347,team,23.0,single,2,2,0,0.0,0.0,21.0
90,1886347,team,23.0,complete,5,5,0,0.0,0.0,1.3333333333333333
90,1886347,team,23.0,ward,6,6,1,3.398634910583496,3.398634910583496,2.0
91,1886347,individual,2.75,single,12,12,0,0.0,0.0,1.4
91,1886347,individual,2.75,complete,16,16,0,0.0,0.0,1.3333333333333333
91,1886347,individual,2.75,ward,16,16,0,0.0,0.0,1.3333333333333333
91,1886347,tactical,11.75,single,3,3,0,0.0,0.0,9.5
91,1886347,tactical,11.75,complete,7,7,0,0.0,0.0,1.3333333333333333
91,1886347,tactical,11.75,ward,7,7,0,0.0,0.0,1.3333333333333333
91,1886347,team,23.0,single,2,2,0,0.0,0.0,21.0
91,1886347,team,23.0,complete,4,4,0,0.0,0.0,3.75
91,1886347,team,23.0,ward,5,5,0,0.0,0.0,1.1428571428571428
92,1886347,individual,2.75,single,15,15,1,2.050992965698242,2.050992965698242,1.5
92,1886347,individual,2.75,complete,15,15,1,2.050992965698242,2.050992965698242,1.5
92,1886347,individual,2.75,ward,15,15,1,2.050992965698242,2.050992965698242,1.5
92,1886347,tactical,11.75,single,5,5,0,0.0,0.0,3.5
92,1886347,tactical,11.75,complete,8,8,0,0.0,0.0,1.75
92,1886347,tactical,11.75,ward,9,9,1,0.18285655975341797,0.18285655975341797,1.25
92,1886347,team,23.0,single,2,2,0,0.0,0.0,21.0
92,1886347,team,23.0,complete,5,5,0,0.0,0.0,2.1666666666666665
92,1886347,team,23.0,ward,6,6,0,0.0,0.0,3.0
93,1886347,individual,2.75,single,19,19,1,4.314814567565918,4.314814567565918,1.5
93,1886347,individual,2.75,complete,19,19,1,4.314814567565918,4.314814567565918,1.5
93,1886347,individual,2.75,ward,19,19,1,4.314814567565918,4.314814567565918,1.5
93,1886347,tactical,11.75,single,3,3,0,0.0,0.0,20.0
93,1886347,tactical,11.75,complete,10,10,1,6.681767463684082,6.681767463684082,1.25
93,1886347,tactical,11.75,ward,11,11,2,1.592757225036621,2.8645362854003906,1.0
93,1886347,team,23.0,single,2,2,0,0.0,0.0,21.0
93,1886347,team,23.0,complete,6,6,0,0.0,0.0,1.0
93,1886347,team,23.0,ward,6,6,1,1.0473213195800781,1.0473213195800781,1.4
94,1886347,individual,2.75,single,21,21,4,2.406968593597412,3.6473159790039062,2.0
94,1886347,individual,2.75,complete,21,21,4,2.406968593597412,3.6473159790039062,2.0
94,1886347,individual,2.75,ward,21,21,4,2.406968593597412,3.6473159790039062,2.0
94,1886347,tactical,11.75,single,6,6,0,0.0,0.0,1.2857142857142858
94,1886347,tactical,11.75,complete,11,11,1,1.5289058685302734,1.5289058685302734,1.0
94,1886347,tactical,11.75,ward,11,11,1,1.5289058685302734,1.5289058685302734,1.0
94,1886347,team,23.0,single,2,2,0,0.0,0.0,21.0
94,1886347,team,23.0,complete,7,7,1,0.03324317932128906,0.03324317932128906,1.25
94,1886347,team,23.0,ward,7,7,1,4.326395034790039,4.326395034790039,1.25
95,1886347,individual,2.75,single,20,20,2,0.7050371170043945,1.2283658981323242,3.0
95,1886347,individual,2.75,complete,21,21,2,0.7050371170043945,1.2283658981323242,2.0
95,1886347,individual,2.75,ward,21,21,2,0.7050371170043945,1.2283658981323242,2.0
95,1886347,tactical,11.75,single,2,2,0,0.0,0.0,21.0
95,1886347,tactical,11.75,complete,10,10,0,0.0,0.0,1.6666666666666667
95,1886347,tactical,11.75,ward,10,10,0,0.0,0.0,1.0
95,1886347,team,23.0,single,2,2,0,0.0,0.0,21.0
95,1886347,team,23.0,complete,5,5,0,0.0,0.0,1.6
95,1886347,team,23.0,ward,6,6,0,0.0,0.0,1.2
96,1886347,individual,2.75,single,21,21,4,1.481095790863037,2.1690969467163086,2.0
96,1886347,individual,2.75,complete,21,21,4,1.481095790863037,2.1690969467163086,2.0
96,1886347,individual,2.75,ward,21,21,4,1.481095790863037,2.1690969467163086,2.0
96,1886347,tactical,11.75,single,5,5,0,0.0,0.0,18.0
96,1886347,tactical,11.75,complete,12,12,2,2.7460737228393555,3.276226043701172,1.3333333333333333
96,1886347,tactical,11.75,ward,12,12,3,2.6944141387939453,3.276226043701172,1.0
96,1886347,team,23.0,single,2,2,0,0.0,0.0,21.0
96,1886347,team,23.0,complete,7,7,1,3.898448944091797,3.898448944091797,1.0
96,1886347,team,23.0,ward,8,8,2,1.1387453079223633,2.0281009674072266,1.75
97,1886347,individual,2.75,single,21,21,4,0.7655688524246216,1.7687139511108398,2.0
97,1886347,individual,2.75,complete,21,21,4,0.7655688524246216,1.7687139511108398,2.0
97,1886347,individual,2.75,ward,21,21,4,0.7655688524246216,1.7687139511108398,2.0
97,1886347,tactical,11.75,single,4,4,0,0.0,0.0,19.0
97,1886347,tactical,11.75,complete,9,9,1,1.7346420288085938,1.7346420288085938,1.25
97,1886347,tactical,11.75,ward,9,9,1,1.7346420288085938,1.7346420288085938,1.25
97,1886347,team,23.0,single,2,2,0,0.0,0.0,21.0
97,1886347,team,23.0,complete,4,4,0,0.0,0.0,1.375
97,1886347,team,23.0,ward,6,6,1,0.606414794921875,0.606414794921875,1.0
98,1886347,individual,2.75,single,20,20,1,2.0417866706848145,2.0417866706848145,1.0
98,1886347,individual,2.75,complete,20,20,1,2.0417866706848145,2.0417866706848145,1.0
98,1886347,individual,2.75,ward,20,20,1,2.0417866706848145,2.0417866706848145,1.0
98,1886347,tactical,11.75,single,6,6,0,0.0,0.0,5.0
98,1886347,tactical,11.75,complete,10,10,1,2.7580909729003906,2.7580909729003906,1.0
98,1886347,tactical,11.75,ward,11,11,1,2.7580909729003906,2.7580909729003906,1.3333333333333333
98,1886347,team,23.0,single,2,2,0,0.0,0.0,21.0
98,1886347,team,23.0,complete,7,7,0,0.0,0.0,1.5
98,1886347,team,23.0,ward,7,7,0,0.0,0.0,1.2
99,1886347,individual,2.75,single,21,21,1,3.8489551544189453,3.8489551544189453,2.0
99,1886347,individual,2.75,complete,21,21,1,3.8489551544189453,3.8489551544189453,2.0
99,1886347,individual,2.75,ward,21,21,1,3.8489551544189453,3.8489551544189453,2.0
99,1886347,tactical,11.75,single,6,6,0,0.0,0.0,1.2857142857142858
99,1886347,tactical,11.75,complete,12,12,1,1.719583511352539,1.719583511352539,1.0
99,1886347,tactical,11.75,ward,12,12,1,1.719583511352539,1.719583511352539,1.0
99,1886347,team,23.0,single,2,2,0,0.0,0.0,21.0
99,1886347,team,23.0,complete,8,8,1,7.15716552734375,7.15716552734375,1.2
99,1886347,team,23.0,ward,8,8,2,2.3257827758789062,4.577463150024414,1.25
100,1886347,individual,2.75,single,21,21,2,1.630664348602295,2.8691205978393555,2.0
100,1886347,individual,2.75,complete,21,21,2,1.630664348602295,2.8691205978393555,2.0
100,1886347,individual,2.75,ward,21,21,2,1.630664348602295,2.8691205978393555,2.0
100,1886347,tactical,11.75,single,5,5,0,0.0,0.0,18.0
100,1886347,tactical,11.75,complete,11,11,1,0.5963640213012695,0.5963640213012695,1.25
100,1886347,tactical,11.75,ward,11,11,0,0.0,0.0,1.0
100,1886347,team,23.0,single,2,2,0,0.0,0.0,21.0
100,1886347,team,23.0,complete,7,7,0,0.0,0.0,1.2
100,1886347,team,23.0,ward,5,5,0,0.0,0.0,1.1666666666666667
101,1886347,individual,2.75,single,22,22,4,2.6170217990875244,4.761004447937012,1.0
101,1886347,individual,2.75,complete,22,22,4,2.6170217990875244,4.761004447937012,1.0
101,1886347,individual,2.75,ward,22,22,4,2.6170217990875244,4.761004447937012,1.0
101,1886347,tactical,11.75,single,8,8,0,0.0,0.0,15.0
101,1886347,tactical,11.75,complete,15,15,4,1.869455337524414,3.493328094482422,1.5
101,1886347,tactical,11.75,ward,14,14,4,2.7989864349365234,4.005388259887695,1.3333333333333333
101,1886347,team,23.0,single,2,2,0,0.0,0.0,21.0
101,1886347,team,23.0,complete,7,7,1,6.339252471923828,6.339252471923828,1.0
101,1886347,team,23.0,ward,8,8,1,5.717193603515625,5.717193603515625,2.0
102,1886347,individual,2.75,single,22,22,4,1.1452662944793701,2.6567134857177734,1.0
102,1886347,individual,2.75,complete,22,22,4,1.1452662944793701,2.6567134857177734,1.0
102,1886347,individual,2.75,ward,22,22,4,1.1452662944793701,2.6567134857177734,1.0
102,1886347,tactical,11.75,single,6,6,0,0.0,0.0,8.0
102,1886347,tactical,11.75,complete,12,12,1,0.8296318054199219,0.8296318054199219,1.3333333333333333
102,1886347,tactical,11.75,ward,12,12,1,0.8296318054199219,0.8296318054199219,1.3333333333333333
102,1886347,team,23.0,single,2,2,0,0.0,0.0,21.0
102,1886347,team,23.0,complete,7,7,0,0.0,0.0,1.3333333333333333
102,1886347,team,23.0,ward,7,7,0,0.0,0.0,1.3333333333333333
103,1886347,individual,2.75,single,20,20,2,1.259312629699707,1.6038799285888672,1.0
103,1886347,individual,2.75,complete,20,20,2,1.259312629699707,1.6038799285888672,1.0
103,1886347,individual,2.75,ward,20,20,2,1.259312629699707,1.6038799285888672,1.0
103,1886347,tactical,11.75,single,4,4,0,0.0,0.0,9.0
103,1886347,tactical,11.75,complete,10,10,0,0.0,0.0,1.3333333333333333
103,1886347,tactical,11.75,ward,10,10,0,0.0,0.0,1.3333333333333333
103,1886347,team,23.0,single,2,2,0,0.0,0.0,21.0
103,1886347,team,23.0,complete,6,6,0,0.0,0.0,1.3333333333333333
103,1886347,team,23.0,ward,7,7,0,0.0,0.0,1.2
104,1886347,individual,2.75,single,21,21,4,0.7098076343536377,0.9902858734130859,2.0
104,1886347,individual,2.75,complete,21,21,4,0.7098076343536377,0.9902858734130859,2.0
104,1886347,individual,2.75,ward,21,21,4,0.7098076343536377,0.9902858734130859,2.0
104,1886347,tactical,11.75,single,5,5,0,0.0,0.0,18.0
104,1886347,tactical,11.75,complete,11,11,2,1.8073806762695312,3.2032928466796875,1.3333333333333333
104,1886347,tactical,11.75,ward,11,11,2,1.8073806762695312,3.2032928466796875,1.3333333333333333
104,1886347,team,23.0,single,1,1,0,0.0,0.0,22.0
104,1886347,team,23.0,complete,7,7,0,0.0,0.0,1.1666666666666667
104,1886347,team,23.0,ward,7,7,0,0.0,0.0,1.4
105,1886347,individual,2.75,single,17,17,4,1.3382360935211182,2.0835371017456055,2.5
105,1886347,individual,2.75,complete,19,19,4,1.675201654434204,2.0835371017456055,1.0
105,1886347,individual,2.75,ward,19,19,4,1.675201654434204,2.0835371017456055,1.0
105,1886347,tactical,11.75,single,5,5,0,0.0,0.0,1.5
105,1886347,tactical,11.75,complete,9,9,1,1.9696884155273438,1.9696884155273438,1.25
105,1886347,tactical,11.75,ward,9,9,1,1.9696884155273438,1.9696884155273438,1.25
105,1886347,team,23.0,single,2,2,0,0.0,0.0,21.0
105,1886347,team,23.0,complete,6,6,1,1.344808578491211,1.344808578491211,2.25
105,1886347,team,23.0,ward,6,6,1,1.344808578491211,1.344808578491211,2.25
106,1886347,individual,2.75,single,20,20,5,2.8011621475219726,7.358991622924805,1.0
106,1886347,individual,2.75,complete,20,20,5,2.8011621475219726,7.358991622924805,1.0
106,1886347,individual,2.75,ward,20,20,5,2.8011621475219726,7.358991622924805,1.0
106,1886347,tactical,11.75,single,6,6,0,0.0,0.0,8.0
106,1886347,tactical,11.75,complete,13,13,3,4.163005510965983,6.047176361083984,1.3333333333333333
106,1886347,tactical,11.75,ward,13,13,3,4.163005510965983,6.047176361083984,1.3333333333333333
106,1886347,team,23.0,single,2,2,0,0.0,0.0,21.0
106,1886347,team,23.0,complete,7,7,0,0.0,0.0,2.0
106,1886347,team,23.0,ward,7,7,1,9.228958129882812,9.228958129882812,1.75
107,1886347,individual,2.75,single,20,20,2,1.7805767059326172,2.4559402465820312,1.0
107,1886347,individual,2.75,complete,20,20,2,1.7805767059326172,2.4559402465820312,1.0
107,1886347,individual,2.75,ward,20,20,2,1.7805767059326172,2.4559402465820312,1.0
107,1886347,tactical,11.75,single,5,5,0,0.0,0.0,2.8
107,1886347,tactical,11.75,complete,10,10,1,1.4895668029785156,1.4895668029785156,1.25
107,1886347,tactical,11.75,ward,11,11,0,0.0,0.0,1.6666666666666667
107,1886347,team,23.0,single,2,2,0,0.0,0.0,21.0
107,1886347,team,23.0,complete,6,6,1,1.7634925842285156,1.7634925842285156,2.5
107,1886347,team,23.0,ward,7,7,1,3.5056533813476562,3.5056533813476562,1.75
108,1886347,individual,2.75,single,21,21,4,1.6088759899139404,2.6625185012817383,2.0
108,1886347,individual,2.75,complete,21,21,4,1.6088759899139404,2.6625185012817383,2.0
108,1886347,individual,2.75,ward,21,21,4,1.6088759899139404,2.6625185012817383,2.0
108,1886347,tactical,11.75,single,7,7,1,1.2260169982910156,1.2260169982910156,3.0
108,1886347,tactical,11.75,complete,12,12,3,2.2867749532063804,2.501932144165039,1.3333333333333333
108,1886347,tactical,11.75,ward,12,12,1,2.473918914794922,2.473918914794922,1.0
108,1886347,team,23.0,single,2,2,0,0.0,0.0,21.0
108,1886347,team,23.0,complete,6,6,0,0.0,0.0,1.4
108,1886347,team,23.0,ward,7,7,0,0.0,0.0,1.0
109,1886347,individual,2.75,single,16,16,2,1.6491761207580566,2.2467899322509766,1.3333333333333333
109,1886347,individual,2.75,complete,18,18,2,1.6491761207580566,2.2467899322509766,1.0
109,1886347,individual,2.75,ward,18,18,2,1.6491761207580566,2.2467899322509766,1.0
109,1886347,tactical,11.75,single,2,2,0,0.0,0.0,21.0
109,1886347,tactical,11.75,complete,7,7,0,0.0,0.0,1.2
109,1886347,tactical,11.75,ward,6,6,0,0.0,0.0,1.4
109,1886347,team,23.0,single,2,2,0,0.0,0.0,21.0
109,1886347,team,23.0,complete,5,5,0,0.0,0.0,1.1666666666666667
109,1886347,team,23.0,ward,6,6,0,0.0,0.0,1.4
110,1886347,individual,2.75,single,19,19,2,0.5422835350036621,0.9626026153564453,1.5
110,1886347,individual,2.75,complete,20,20,2,0.5422835350036621,0.9626026153564453,1.0
110,1886347,individual,2.75,ward,20,20,2,0.5422835350036621,0.9626026153564453,1.0
110,1886347,tactical,11.75,single,4,4,0,0.0,0.0,5.0
110,1886347,tactical,11.75,complete,8,8,0,0.0,0.0,1.5
110,1886347,tactical,11.75,ward,7,7,1,3.825357437133789,3.825357437133789,1.5
110,1886347,team,23.0,single,2,2,0,0.0,0.0,21.0
110,1886347,team,23.0,complete,5,5,0,0.0,0.0,1.0
110,1886347,team,23.0,ward,6,6,1,3.825357437133789,3.825357437133789,1.0
111,1886347,individual,2.75,single,14,14,1,0.049652099609375,0.049652099609375,3.0
111,1886347,individual,2.75,complete,16,16,0,0.0,0.0,1.5
111,1886347,individual,2.75,ward,16,16,0,0.0,0.0,1.5
111,1886347,tactical,11.75,single,5,5,0,0.0,0.0,8.5
111,1886347,tactical,11.75,complete,8,8,1,3.6410045623779297,3.6410045623779297,1.1666666666666667
111,1886347,tactical,11.75,ward,9,9,2,1.2176127433776855,2.0746192932128906,2.25
111,1886347,team,23.0,single,2,2,0,0.0,0.0,21.0
111,1886347,team,23.0,complete,5,5,0,0.0,0.0,1.4285714285714286
111,1886347,team,23.0,ward,5,5,0,0.0,0.0,4.666666666666667
112,1886347,individual,2.75,single,21,21,3,0.891259511311849,1.70489501953125,2.0
112,1886347,individual,2.75,complete,21,21,3,0.891259511311849,1.70489501953125,2.0
112,1886347,individual,2.75,ward,21,21,3,0.891259511311849,1.70489501953125,2.0
112,1886347,tactical,11.75,single,6,6,0,0.0,0.0,17.0
112,1886347,tactical,11.75,complete,12,12,3,1.7226924896240234,3.4331226348876953,1.0
112,1886347,tactical,11.75,ward,12,12,3,1.7226924896240234,3.4331226348876953,1.0
112,1886347,team,23.0,single,2,2,0,0.0,0.0,21.0
112,1886347,team,23.0,complete,7,7,1,8.1900634765625,8.1900634765625,1.0
112,1886347,team,23.0,ward,8,8,1,5.272563934326172,5.272563934326172,1.0
113,1886347,individual,2.75,single,18,18,2,1.220777988433838,2.3140697479248047,1.5
113,1886347,individual,2.75,complete,19,19,1,2.3140697479248047,2.3140697479248047,1.0
113,1886347,individual,2.75,ward,19,19,1,2.3140697479248047,2.3140697479248047,1.0
113,1886347,tactical,11.75,single,4,4,0,0.0,0.0,19.0
113,1886347,tactical,11.75,complete,10,10,1,2.819852828979492,2.819852828979492,1.25
113,1886347,tactical,11.75,ward,11,11,1,0.9007883071899414,0.9007883071899414,1.25
113,1886347,team,23.0,single,2,2,0,0.0,0.0,21.0
113,1886347,team,23.0,complete,6,6,1,4.201374053955078,4.201374053955078,1.2
113,1886347,team,23.0,ward,6,6,1,4.201374053955078,4.201374053955078,1.2
114,1886347,individual,2.75,single,14,14,0,0.0,0.0,1.0
114,1886347,individual,2.75,complete,16,16,0,0.0,0.0,1.0
114,1886347,individual,2.75,ward,16,16,0,0.0,0.0,1.0
114,1886347,tactical,11.75,single,4,4,0,0.0,0.0,3.5
114,1886347,tactical,11.75,complete,7,7,0,0.0,0.0,1.1666666666666667
114,1886347,tactical,11.75,ward,7,7,0,0.0,0.0,1.1666666666666667
114,1886347,team,23.0,single,2,2,0,0.0,0.0,21.0
114,1886347,team,23.0,complete,4,4,0,0.0,0.0,3.5
114,1886347,team,23.0,ward,5,5,0,0.0,0.0,1.3333333333333333
115,1886347,individual,2.75,single,18,18,0,0.0,0.0,1.5
115,1886347,individual,2.75,complete,19,19,1,0.40626955032348633,0.40626955032348633,1.0
115,1886347,individual,2.75,ward,19,19,1,0.40626955032348633,0.40626955032348633,1.0
115,1886347,tactical,11.75,single,4,4,0,0.0,0.0,4.0
115,1886347,tactical,11.75,complete,8,8,0,0.0,0.0,1.75
115,1886347,tactical,11.75,ward,9,9,0,0.0,0.0,1.0
115,1886347,team,23.0,single,2,2,0,0.0,0.0,21.0
115,1886347,team,23.0,complete,5,5,0,0.0,0.0,2.75
115,1886347,team,23.0,ward,6,6,1,0.08016014099121094,0.08016014099121094,1.4
116,1886347,individual,2.75,single,22,22,2,3.0826034545898438,4.687115669250488,1.0
116,1886347,individual,2.75,complete,22,22,2,3.0826034545898438,4.687115669250488,1.0
116,1886347,individual,2.75,ward,22,22,2,3.0826034545898438,4.687115669250488,1.0
116,1886347,tactical,11.75,single,7,7,1,3.7592201232910156,3.7592201232910156,1.6
116,1886347,tactical,11.75,complete,13,13,2,4.274077892303467,4.846417427062988,1.0
116,1886347,tactical,11.75,ward,13,13,2,4.274077892303467,4.846417427062988,1.0
116,1886347,team,23.0,single,2,2,0,0.0,0.0,21.0
116,1886347,team,23.0,complete,6,6,0,0.0,0.0,1.4
116,1886347,team,23.0,ward,7,7,1,8.615676879882812,8.615676879882812,1.2
117,1886347,individual,2.75,single,10,10,1,3.912830352783203,3.912830352783203,1.3333333333333333
117,1886347,individual,2.75,complete,12,12,1,3.1324081420898438,3.1324081420898438,1.5
117,1886347,individual,2.75,ward,13,13,1,3.1397266387939453,3.1397266387939453,2.0
117,1886347,tactical,11.75,single,5,5,0,0.0,0.0,5.333333333333333
117,1886347,tactical,11.75,complete,8,8,1,4.49479866027832,4.49479866027832,7.0
117,1886347,tactical,11.75,ward,9,9,1,3.912830352783203,3.912830352783203,1.3333333333333333
117,1886347,team,23.0,single,2,2,0,0.0,0.0,21.0
117,1886347,team,23.0,complete,5,5,0,0.0,0.0,4.666666666666667
117,1886347,team,23.0,ward,5,5,0,0.0,0.0,5.0
118,1886347,individual,2.75,single,20,20,3,1.8441648483276367,2.8985652923583984,1.0
118,1886347,individual,2.75,complete,20,20,3,1.8441648483276367,2.8985652923583984,1.0
118,1886347,individual,2.75,ward,20,20,3,1.8441648483276367,2.8985652923583984,1.0
118,1886347,tactical,11.75,single,8,8,1,4.2873077392578125,4.2873077392578125,4.0
118,1886347,tactical,11.75,complete,12,12,2,1.673783302307129,2.1472721099853516,1.3333333333333333
118,1886347,tactical,11.75,ward,12,12,2,1.673783302307129,2.1472721099853516,1.3333333333333333
118,1886347,team,23.0,single,2,2,0,0.0,0.0,21.0
118,1886347,team,23.0,complete,7,7,1,7.638370513916016,7.638370513916016,1.75
118,1886347,team,23.0,ward,6,6,1,1.174530029296875,1.174530029296875,1.4
119,1886347,individual,2.75,single,17,17,4,1.8816843032836914,3.8428173065185547,1.5
119,1886347,individual,2.75,complete,18,18,4,1.8816843032836914,3.8428173065185547,1.0
119,1886347,individual,2.75,ward,18,18,4,1.8816843032836914,3.8428173065185547,1.0
119,1886347,tactical,11.75,single,5,5,0,0.0,0.0,8.5
119,1886347,tactical,11.75,complete,11,11,2,3.6829681396484375,5.026165008544922,1.6666666666666667
119,1886347,tactical,11.75,ward,12,12,2,3.6829681396484375,5.026165008544922,1.0
119,1886347,team,23.0,single,2,2,0,0.0,0.0,21.0
119,1886347,team,23.0,complete,8,8,2,2.150021553039551,4.073871612548828,1.0
119,1886347,team,23.0,ward,9,9,1,0.22617149353027344,0.22617149353027344,1.6666666666666667
120,1886347,individual,2.75,single,20,20,1,0.27257633209228516,0.27257633209228516,1.0
120,1886347,individual,2.75,complete,20,20,1,0.27257633209228516,0.27257633209228516,1.0
120,1886347,individual,2.75,ward,20,20,1,0.27257633209228516,0.27257633209228516,1.0
120,1886347,tactical,11.75,single,4,4,0,0.0,0.0,19.0
120,1886347,tactical,11.75,complete,11,11,1,3.5120582580566406,3.5120582580566406,1.0
120,1886347,tactical,11.75,ward,12,12,2,2.5098304748535156,3.59124755859375,2.0
120,1886347,team,23.0,single,2,2,0,0.0,0.0,21.0
120,1886347,team,23.0,complete,7,7,0,0.0,0.0,1.1666666666666667
120,1886347,team,23.0,ward,7,7,1,1.6591815948486328,1.6591815948486328,1.2
121,1886347,individual,2.75,single,22,22,1,5.991174697875977,5.991174697875977,1.0
121,1886347,individual,2.75,complete,22,22,1,5.991174697875977,5.991174697875977,1.0
121,1886347,individual,2.75,ward,22,22,1,5.991174697875977,5.991174697875977,1.0
121,1886347,tactical,11.75,single,4,4,0,0.0,0.0,3.5
121,1886347,tactical,11.75,complete,11,11,2,3.4088382720947266,6.40411376953125,1.3333333333333333
121,1886347,tactical,11.75,ward,11,11,2,3.4088382720947266,6.40411376953125,1.3333333333333333
121,1886347,team,23.0,single,2,2,0,0.0,0.0,21.0
121,1886347,team,23.0,complete,6,6,1,0.8240089416503906,0.8240089416503906,1.2
121,1886347,team,23.0,ward,6,6,1,5.862922668457031,5.862922668457031,1.0
122,1886347,individual,2.75,single,22,22,4,3.081677198410034,8.697701454162598,1.0
122,1886347,individual,2.75,complete,22,22,4,3.081677198410034,8.697701454162598,1.0
122,1886347,individual,2.75,ward,22,22,4,3.081677198410034,8.697701454162598,1.0
122,1886347,tactical,11.75,single,7,7,0,0.0,0.0,4.333333333333333
122,1886347,tactical,11.75,complete,13,13,1,5.537445068359375,5.537445068359375,1.0
122,1886347,tactical,11.75,ward,13,13,1,5.537445068359375,5.537445068359375,1.0
122,1886347,team,23.0,single,2,2,0,0.0,0.0,21.0
122,1886347,team,23.0,complete,7,7,1,3.8509483337402344,3.8509483337402344,1.75
122,1886347,team,23.0,ward,8,8,1,8.513565063476562,8.513565063476562,1.25
123,1886347,individual,2.75,single,11,11,1,3.0283803939819336,3.0283803939819336,5.5
123,1886347,individual,2.75,complete,15,15,2,0.9962148666381836,1.1196680068969727,2.0
123,1886347,individual,2.75,ward,14,14,2,1.753631591796875,2.6345014572143555,1.3333333333333333
123,1886347,tactical,11.75,single,3,3,0,0.0,0.0,9.5
123,1886347,tactical,11.75,complete,5,5,0,0.0,0.0,2.4
123,1886347,tactical,11.75,ward,6,6,0,0.0,0.0,1.6666666666666667
123,1886347,team,23.0,single,2,2,0,0.0,0.0,21.0
123,1886347,team,23.0,complete,3,3,0,0.0,0.0,9.5
123,1886347,team,23.0,ward,4,4,0,0.0,0.0,8.5
124,1886347,individual,2.75,single,21,21,2,3.4480018615722656,4.775674819946289,2.0
124,1886347,individual,2.75,complete,21,21,2,3.4480018615722656,4.775674819946289,2.0
124,1886347,individual,2.75,ward,21,21,2,3.4480018615722656,4.775674819946289,2.0
124,1886347,tactical,11.75,single,4,4,0,0.0,0.0,19.0
124,1886347,tactical,11.75,complete,13,13,2,2.722146987915039,3.712291717529297,1.3333333333333333
124,1886347,tactical,11.75,ward,14,14,2,2.657358169555664,2.9183006286621094,1.0
124,1886347,team,23.0,single,2,2,0,0.0,0.0,21.0
124,1886347,team,23.0,complete,8,8,1,4.422882080078125,4.422882080078125,1.5
124,1886347,team,23.0,ward,8,8,1,4.422882080078125,4.422882080078125,1.5
125,1886347,individual,2.75,single,18,18,3,0.6365594863891602,1.0038442611694336,1.0
125,1886347,individual,2.75,complete,18,18,3,0.6365594863891602,1.0038442611694336,1.0
125,1886347,individual,2.75,ward,18,18,3,0.6365594863891602,1.0038442611694336,1.0
125,1886347,tactical,11.75,single,3,3,0,0.0,0.0,20.0
125,1886347,tactical,11.75,complete,9,9,0,0.0,0.0,1.6666666666666667
125,1886347,tactical,11.75,ward,10,10,0,0.0,0.0,1.0
125,1886347,team,23.0,single,2,2,0,0.0,0.0,21.0
125,1886347,team,23.0,complete,5,5,0,0.0,0.0,1.1428571428571428
125,1886347,team,23.0,ward,6,6,0,0.0,0.0,1.0
126,1886347,individual,2.75,single,21,21,3,2.0250031153361,2.7436017990112305,2.0
126,1886347,individual,2.75,complete,21,21,3,2.0250031153361,2.7436017990112305,2.0
126,1886347,individual,2.75,ward,21,21,3,2.0250031153361,2.7436017990112305,2.0
126,1886347,tactical,11.75,single,4,4,0,0.0,0.0,9.0
126,1886347,tactical,11.75,complete,11,11,2,2.762282371520996,4.562028884887695,1.3333333333333333
126,1886347,tactical,11.75,ward,11,11,2,2.762282371520996,4.562028884887695,1.3333333333333333
126,1886347,team,23.0,single,2,2,0,0.0,0.0,21.0
126,1886347,team,23.0,complete,7,7,0,0.0,0.0,1.0
126,1886347,team,23.0,ward,7,7,0,0.0,0.0,1.0
127,1886347,individual,2.75,single,19,19,2,1.9453153610229492,3.5409107208251953,1.0
127,1886347,individual,2.75,complete,19,19,2,1.9453153610229492,3.5409107208251953,1.0
127,1886347,individual,2.75,ward,19,19,2,1.9453153610229492,3.5409107208251953,1.0
127,1886347,tactical,11.75,single,7,7,0,0.0,0.0,7.5
127,1886347,tactical,11.75,complete,11,11,2,4.176527976989746,5.019458770751953,1.25
127,1886347,tactical,11.75,ward,11,11,2,4.176527976989746,5.019458770751953,1.25
127,1886347,team,23.0,single,2,2,0,0.0,0.0,21.0
127,1886347,team,23.0,complete,6,6,1,1.1396255493164062,1.1396255493164062,2.75
127,1886347,team,23.0,ward,7,7,0,0.0,0.0,1.2
128,1886347,individual,2.75,single,21,21,3,3.0253734588623047,4.24345588684082,2.0
128,1886347,individual,2.75,complete,21,21,3,3.0253734588623047,4.24345588684082,2.0
128,1886347,individual,2.75,ward,21,21,3,3.0253734588623047,4.24345588684082,2.0
128,1886347,tactical,11.75,single,6,6,0,0.0,0.0,8.0
128,1886347,tactical,11.75,complete,12,12,2,2.3861494064331055,3.9036102294921875,1.0
128,1886347,tactical,11.75,ward,11,11,2,2.3861494064331055,3.9036102294921875,1.0
128,1886347,team,23.0,single,2,2,0,0.0,0.0,21.0
128,1886347,team,23.0,complete,7,7,1,3.575061798095703,3.575061798095703,1.6
128,1886347,team,23.0,ward,8,8,1,9.282791137695312,9.282791137695312,1.25
129,1886347,individual,2.75,single,20,20,3,1.8403703371683757,3.0968894958496094,1.0
129,1886347,individual,2.75,complete,20,20,3,1.8403703371683757,3.0968894958496094,1.0
129,1886347,individual,2.75,ward,20,20,3,1.8403703371683757,3.0968894958496094,1.0
129,1886347,tactical,11.75,single,5,5,0,0.0,0.0,18.0
129,1886347,tactical,11.75,complete,11,11,1,1.2410697937011719,1.2410697937011719,1.3333333333333333
129,1886347,tactical,11.75,ward,11,11,1,0.2653846740722656,0.2653846740722656,1.0
129,1886347,team,23.0,single,2,2,0,0.0,0.0,21.0
129,1886347,team,23.0,complete,6,6,1,2.7475318908691406,2.7475318908691406,1.2
129,1886347,team,23.0,ward,6,6,1,0.22565841674804688,0.22565841674804688,2.0
130,1886347,individual,2.75,single,21,21,3,1.9810984929402669,4.458413124084473,2.0
130,1886347,individual,2.75,complete,21,21,3,1.9810984929402669,4.458413124084473,2.0
130,1886347,individual,2.75,ward,21,21,3,1.9810984929402669,4.458413124084473,2.0
130,1886347,tactical,11.75,single,5,5,0,0.0,0.0,18.0
130,1886347,tactical,11.75,complete,11,11,1,2.871044158935547,2.871044158935547,1.0
130,1886347,tactical,11.75,ward,11,11,1,2.871044158935547,2.871044158935547,1.0
130,1886347,team,23.0,single,2,2,0,0.0,0.0,21.0
130,1886347,team,23.0,complete,7,7,1,3.1744041442871094,3.1744041442871094,1.25
130,1886347,team,23.0,ward,7,7,1,3.1744041442871094,3.1744041442871094,1.25
131,1886347,individual,2.75,single,21,21,2,2.782682418823242,3.5750770568847656,2.0
131,1886347,individual,2.75,complete,21,21,2,2.782682418823242,3.5750770568847656,2.0
131,1886347,individual,2.75,ward,21,21,2,2.782682418823242,3.5750770568847656,2.0
131,1886347,tactical,11.75,single,5,5,0,0.0,0.0,8.5
131,1886347,tactical,11.75,complete,10,10,2,3.7820606231689453,4.948978424072266,1.0
131,1886347,tactical,11.75,ward,12,12,2,4.109457969665527,4.481178283691406,1.0
131,1886347,team,23.0,single,1,1,0,0.0,0.0,22.0
131,1886347,team,23.0,complete,7,7,1,4.176248550415039,4.176248550415039,1.4
131,1886347,team,23.0,ward,7,7,1,3.132528305053711,3.132528305053711,1.4
132,1886347,individual,2.75,single,18,18,2,1.690873622894287,1.8998184204101562,2.0
132,1886347,individual,2.75,complete,20,20,2,2.47255802154541,3.4631872177124023,1.0
132,1886347,individual,2.75,ward,20,20,2,2.47255802154541,3.4631872177124023,1.0
132,1886347,tactical,11.75,single,4,4,0,0.0,0.0,19.0
132,1886347,tactical,11.75,complete,9,9,2,1.0976829528808594,1.384988784790039,1.0
132,1886347,tactical,11.75,ward,9,9,2,1.0976829528808594,1.384988784790039,1.0
132,1886347,team,23.0,single,2,2,0,0.0,0.0,21.0
132,1886347,team,23.0,complete,6,6,0,0.0,0.0,1.2
132,1886347,team,23.0,ward,6,6,1,0.05079841613769531,0.05079841613769531,1.4
133,1886347,individual,2.75,single,20,20,2,1.9939231872558594,3.9044876098632812,1.0
133,1886347,individual,2.75,complete,20,20,2,1.9939231872558594,3.9044876098632812,1.0
133,1886347,individual,2.75,ward,20,20,2,1.9939231872558594,3.9044876098632812,1.0
133,1886347,tactical,11.75,single,5,5,0,0.0,0.0,18.0
133,1886347,tactical,11.75,complete,10,10,1,3.6576642990112305,3.6576642990112305,1.0
133,1886347,tactical,11.75,ward,10,10,1,3.6576642990112305,3.6576642990112305,1.0
133,1886347,team,23.0,single,2,2,0,0.0,0.0,21.0
133,1886347,team,23.0,complete,5,5,0,0.0,0.0,2.0
133,1886347,team,23.0,ward,7,7,1,4.673564910888672,4.673564910888672,1.5
134,1886347,individual,2.75,single,19,19,2,2.3540287017822266,2.5836915969848633,1.0
134,1886347,individual,2.75,complete,19,19,2,2.3540287017822266,2.5836915969848633,1.0
134,1886347,individual,2.75,ward,19,19,2,2.3540287017822266,2.5836915969848633,1.0
134,1886347,tactical,11.75,single,6,6,0,0.0,0.0,17.0
134,1886347,tactical,11.75,complete,12,12,1,3.756633758544922,3.756633758544922,1.6666666666666667
134,1886347,tactical,11.75,ward,12,12,1,3.756633758544922,3.756633758544922,1.6666666666666667
134,1886347,team,23.0,single,2,2,0,0.0,0.0,21.0
134,1886347,team,23.0,complete,6,6,0,0.0,0.0,2.0
134,1886347,team,23.0,ward,6,6,1,7.009088516235352,7.009088516235352,1.0
135,1886347,individual,2.75,single,20,20,1,4.74131965637207,4.74131965637207,1.0
135,1886347,individual,2.75,complete,20,20,1,4.74131965637207,4.74131965637207,1.0
135,1886347,individual,2.75,ward,20,20,1,4.74131965637207,4.74131965637207,1.0
135,1886347,tactical,11.75,single,6,6,0,0.0,0.0,17.0
135,1886347,tactical,11.75,complete,13,13,1,3.0569686889648438,3.0569686889648438,1.0
135,1886347,tactical,11.75,ward,12,12,1,1.398040771484375,1.398040771484375,1.3333333333333333
135,1886347,team,23.0,single,2,2,0,0.0,0.0,21.0
135,1886347,team,23.0,complete,5,5,0,0.0,0.0,1.5
135,1886347,team,23.0,ward,7,7,0,0.0,0.0,1.0
136,1886347,individual,2.75,single,22,22,7,1.437917709350586,2.3180971145629883,1.0
136,1886347,individual,2.75,complete,22,22,7,1.437917709350586,2.3180971145629883,1.0
136,1886347,individual,2.75,ward,22,22,7,1.437917709350586,2.3180971145629883,1.0
136,1886347,tactical,11.75,single,8,8,1,3.036458969116211,3.036458969116211,15.0
136,1886347,tactical,11.75,complete,15,15,4,1.3912501335144043,2.6179323196411133,1.5
136,1886347,tactical,11.75,ward,14,14,4,1.3912501335144043,2.6179323196411133,1.0
136,1886347,team,23.0,single,2,2,0,0.0,0.0,21.0
136,1886347,team,23.0,complete,8,8,0,0.0,0.0,1.0
136,1886347,team,23.0,ward,8,8,0,0.0,0.0,1.0
137,1886347,individual,2.75,single,19,19,1,3.448488235473633,3.448488235473633,1.0
137,1886347,individual,2.75,complete,19,19,1,3.448488235473633,3.448488235473633,1.0
137,1886347,individual,2.75,ward,19,19,1,3.448488235473633,3.448488235473633,1.0
137,1886347,tactical,11.75,single,6,6,1,4.241569519042969,4.241569519042969,17.0
137,1886347,tactical,11.75,complete,12,12,1,7.314815521240234,7.314815521240234,1.3333333333333333
137,1886347,tactical,11.75,ward,12,12,1,7.314815521240234,7.314815521240234,1.3333333333333333
137,1886347,team,23.0,single,2,2,0,0.0,0.0,21.0
137,1886347,team,23.0,complete,6,6,0,0.0,0.0,1.2
137,1886347,team,23.0,ward,6,6,0,0.0,0.0,1.2
138,1886347,individual,2.75,single,20,20,3,1.7859859466552734,3.511453628540039,1.0
138,1886347,individual,2.75,complete,20,20,3,1.7859859466552734,3.511453628540039,1.0
138,1886347,individual,2.75,ward,20,20,3,1.7859859466552734,3.511453628540039,1.0
138,1886347,tactical,11.75,single,2,2,0,0.0,0.0,21.0
138,1886347,tactical,11.75,complete,10,10,2,0.9445972442626953,1.0340194702148438,1.0
138,1886347,tactical,11.75,ward,10,10,2,0.9445972442626953,1.0340194702148438,1.0
138,1886347,team,23.0,single,2,2,0,0.0,0.0,21.0
138,1886347,team,23.0,complete,5,5,1,0.209197998046875,0.209197998046875,1.0
138,1886347,team,23.0,ward,6,6,0,0.0,0.0,1.2
139,1886347,individual,2.75,single,12,12,0,0.0,0.0,11.0
139,1886347,individual,2.75,complete,16,16,1,0.2554044723510742,0.2554044723510742,1.0
139,1886347,individual,2.75,ward,16,16,0,0.0,0.0,2.5
139,1886347,tactical,11.75,single,4,4,0,0.0,0.0,19.0
139,1886347,tactical,11.75,complete,7,7,1,2.3419837951660156,2.3419837951660156,4.333333333333333
139,1886347,tactical,11.75,ward,8,8,0,0.0,0.0,2.25
139,1886347,team,23.0,single,2,2,0,0.0,0.0,21.0
139,1886347,team,23.0,complete,4,4,0,0.0,0.0,2.3333333333333335
139,1886347,team,23.0,ward,5,5,1,3.068086624145508,3.068086624145508,4.666666666666667
140,1886347,individual,2.75,single,20,20,3,1.7513809204101562,3.141857147216797,1.0
140,1886347,individual,2.75,complete,20,20,3,1.7513809204101562,3.141857147216797,1.0
140,1886347,individual,2.75,ward,20,20,3,1.7513809204101562,3.141857147216797,1.0
140,1886347,tactical,11.75,single,5,5,0,0.0,0.0,18.0
140,1886347,tactical,11.75,complete,10,10,1,3.7562599182128906,3.7562599182128906,1.25
140,1886347,tactical,11.75,ward,11,11,2,2.2753982543945312,3.7562599182128906,1.6666666666666667
140,1886347,team,23.0,single,3,3,0,0.0,0.0,20.0
140,1886347,team,23.0,complete,7,7,1,1.5504627227783203,1.5504627227783203,1.0
140,1886347,team,23.0,ward,7,7,1,1.5504627227783203,1.5504627227783203,1.0
141,1886347,individual,2.75,single,22,22,3,2.5123400688171387,6.612429618835449,1.0
141,1886347,individual,2.75,complete,22,22,3,2.5123400688171387,6.612429618835449,1.0
141,1886347,individual,2.75,ward,22,22,3,2.5123400688171387,6.612429618835449,1.0
141,1886347,tactical,11.75,single,5,5,0,0.0,0.0,8.5
141,1886347,tactical,11.75,complete,11,11,1,6.197717666625977,6.197717666625977,1.25
141,1886347,tactical,11.75,ward,11,11,1,6.197717666625977,6.197717666625977,1.25
141,1886347,team,23.0,single,2,2,0,0.0,0.0,21.0
141,1886347,team,23.0,complete,7,7,1,0.7063388824462891,0.7063388824462891,1.2
141,1886347,team,23.0,ward,7,7,1,3.2909374237060547,3.2909374237060547,1.75
142,1886347,individual,2.75,single,20,20,3,2.316865603129069,4.232647895812988,1.0
142,1886347,individual,2.75,complete,20,20,3,2.316865603129069,4.232647895812988,1.0
142,1886347,individual,2.75,ward,20,20,3,2.316865603129069,4.232647895812988,1.0
142,1886347,tactical,11.75,single,6,6,0,0.0,0.0,1.1666666666666667
142,1886347,tactical,11.75,complete,11,11,1,2.4113025665283203,2.4113025665283203,1.3333333333333333
142,1886347,tactical,11.75,ward,11,11,1,2.4113025665283203,2.4113025665283203,1.0
142,1886347,team,23.0,single,2,2,0,0.0,0.0,21.0
142,1886347,team,23.0,complete,6,6,0,0.0,0.0,1.1666666666666667
142,1886347,team,23.0,ward,6,6,0,0.0,0.0,1.1666666666666667
143,1886347,individual,2.75,single,20,20,3,3.885493596394857,6.304712295532227,1.0
143,1886347,individual,2.75,complete,20,20,3,3.885493596394857,6.304712295532227,1.0
143,1886347,individual,2.75,ward,20,20,3,3.885493596394857,6.304712295532227,1.0
143,1886347,tactical,11.75,single,5,5,1,1.2907524108886719,1.2907524108886719,8.5
143,1886347,tactical,11.75,complete,12,12,2,5.74678897857666,8.487581253051758,1.0
143,1886347,tactical,11.75,ward,12,12,2,5.74678897857666,8.487581253051758,1.0
143,1886347,team,23.0,single,2,2,0,0.0,0.0,21.0
143,1886347,team,23.0,complete,6,6,1,6.717218399047852,6.717218399047852,1.2
143,1886347,team,23.0,ward,6,6,1,4.599147796630859,4.599147796630859,1.2
144,1886347,individual,2.75,single,19,19,2,3.889458656311035,4.085395812988281,1.0
144,1886347,individual,2.75,complete,19,19,2,3.889458656311035,4.085395812988281,1.0
144,1886347,individual,2.75,ward,19,19,2,3.889458656311035,4.085395812988281,1.0
144,1886347,tactical,11.75,single,4,4,0,0.0,0.0,5.666666666666667
144,1886347,tactical,11.75,complete,11,11,2,3.3376827239990234,4.366664886474609,1.3333333333333333
144,1886347,tactical,11.75,ward,10,10,2,3.3376827239990234,4.366664886474609,1.6666666666666667
144,1886347,team,23.0,single,2,2,0,0.0,0.0,21.0
144,1886347,team,23.0,complete,6,6,0,0.0,0.0,1.0
144,1886347,team,23.0,ward,7,7,2,1.243208885192871,1.271383285522461,1.25
145,1886347,individual,2.75,single,19,19,2,5.510982990264893,8.45046329498291,1.0
145,1886347,individual,2.75,complete,19,19,2,5.510982990264893,8.45046329498291,1.0
145,1886347,individual,2.75,ward,19,19,2,5.510982990264893,8.45046329498291,1.0
145,1886347,tactical,11.75,single,6,6,0,0.0,0.0,1.8333333333333333
145,1886347,tactical,11.75,complete,11,11,2,4.357332229614258,4.924867630004883,1.0
145,1886347,tactical,11.75,ward,11,11,2,4.357332229614258,4.924867630004883,1.0
145,1886347,team,23.0,single,2,2,0,0.0,0.0,21.0
145,1886347,team,23.0,complete,7,7,1,7.560205459594727,7.560205459594727,1.2
145,1886347,team,23.0,ward,7,7,1,7.560205459594727,7.560205459594727,1.2
146,1886347,individual,2.75,single,20,20,1,0.9144096374511719,0.9144096374511719,1.0
146,1886347,individual,2.75,complete,20,20,1,0.9144096374511719,0.9144096374511719,1.0
146,1886347,individual,2.75,ward,20,20,1,0.9144096374511719,0.9144096374511719,1.0
146,1886347,tactical,11.75,single,5,5,0,0.0,0.0,3.5
146,1886347,tactical,11.75,complete,11,11,0,0.0,0.0,1.3333333333333333
146,1886347,tactical,11.75,ward,11,11,0,0.0,0.0,1.3333333333333333
146,1886347,team,23.0,single,1,1,0,0.0,0.0,22.0
146,1886347,team,23.0,complete,6,6,1,3.8521041870117188,3.8521041870117188,1.3333333333333333
146,1886347,team,23.0,ward,7,7,1,3.8521041870117188,3.8521041870117188,1.2
147,1886347,individual,2.75,single,18,18,3,3.329157829284668,6.872097015380859,1.5
147,1886347,individual,2.75,complete,19,19,3,3.474773724873861,6.872097015380859,1.0
147,1886347,individual,2.75,ward,19,19,3,3.474773724873861,6.872097015380859,1.0
147,1886347,tactical,11.75,single,6,6,0,0.0,0.0,17.0
147,1886347,tactical,11.75,complete,11,11,2,3.8984994888305664,5.356851577758789,1.25
147,1886347,tactical,11.75,ward,12,12,2,4.76197624206543,7.083805084228516,1.3333333333333333
147,1886347,team,23.0,single,2,2,0,0.0,0.0,21.0
147,1886347,team,23.0,complete,6,6,1,3.354400634765625,3.354400634765625,1.2857142857142858
147,1886347,team,23.0,ward,6,6,1,3.354400634765625,3.354400634765625,1.2857142857142858
148,1886347,individual,2.75,single,21,21,3,2.075389544169108,2.5763635635375977,2.0
148,1886347,individual,2.75,complete,21,21,3,2.075389544169108,2.5763635635375977,2.0
148,1886347,individual,2.75,ward,21,21,3,2.075389544169108,2.5763635635375977,2.0
148,1886347,tactical,11.75,single,5,5,0,0.0,0.0,18.0
148,1886347,tactical,11.75,complete,12,12,1,2.884592056274414,2.884592056274414,1.3333333333333333
148,1886347,tactical,11.75,ward,12,12,2,1.2797765731811523,1.5265121459960938,1.3333333333333333
148,1886347,team,23.0,single,2,2,0,0.0,0.0,21.0
148,1886347,team,23.0,complete,6,6,0,0.0,0.0,1.1428571428571428
148,1886347,team,23.0,ward,7,7,0,0.0,0.0,1.4
149,1886347,individual,2.75,single,21,21,2,2.6818108558654785,3.13114070892334,2.0
149,1886347,individual,2.75,complete,21,21,2,2.6818108558654785,3.13114070892334,2.0
149,1886347,individual,2.75,ward,21,21,2,2.6818108558654785,3.13114070892334,2.0
149,1886347,tactical,11.75,single,4,4,0,0.0,0.0,19.0
149,1886347,tactical,11.75,complete,12,12,1,1.6763896942138672,1.6763896942138672,1.0
149,1886347,tactical,11.75,ward,11,11,1,1.639791488647461,1.639791488647461,1.0
149,1886347,team,23.0,single,2,2,0,0.0,0.0,21.0
149,1886347,team,23.0,complete,7,7,0,0.0,0.0,1.75
149,1886347,team,23.0,ward,6,6,0,0.0,0.0,1.4
0,1899585,individual,2.75,single,20,20,6,1.13389253616333,2.7014875411987305,1.0
0,1899585,individual,2.75,complete,20,20,6,1.13389253616333,2.7014875411987305,1.0
0,1899585,individual,2.75,ward,20,20,6,1.13389253616333,2.7014875411987305,1.0
0,1899585,tactical,11.75,single,6,6,0,0.0,0.0,8.0
0,1899585,tactical,11.75,complete,13,13,3,1.8269367218017578,2.8328933715820312,1.3333333333333333
0,1899585,tactical,11.75,ward,13,13,2,1.496424674987793,2.809856414794922,1.0
0,1899585,team,23.0,single,1,1,0,0.0,0.0,22.0
0,1899585,team,23.0,complete,8,8,0,0.0,0.0,1.2
0,1899585,team,23.0,ward,8,8,1,5.824497222900391,5.824497222900391,1.0
1,1899585,individual,2.75,single,21,21,4,2.415512442588806,4.595973968505859,2.0
1,1899585,individual,2.75,complete,21,21,4,2.415512442588806,4.595973968505859,2.0
1,1899585,individual,2.75,ward,21,21,4,2.415512442588806,4.595973968505859,2.0
1,1899585,tactical,11.75,single,8,8,1,4.837583541870117,4.837583541870117,1.5
1,1899585,tactical,11.75,complete,12,12,3,2.2429014841715493,3.4554805755615234,1.6666666666666667
1,1899585,tactical,11.75,ward,13,13,3,2.2885615030924478,3.4554805755615234,1.0
1,1899585,team,23.0,single,2,2,0,0.0,0.0,21.0
1,1899585,team,23.0,complete,7,7,1,7.128984451293945,7.128984451293945,1.25
1,1899585,team,23.0,ward,8,8,1,5.576616287231445,5.576616287231445,1.25
2,1899585,individual,2.75,single,11,11,0,0.0,0.0,1.0
2,1899585,individual,2.75,complete,15,15,0,0.0,0.0,1.0
2,1899585,individual,2.75,ward,14,14,0,0.0,0.0,1.0
2,1899585,tactical,11.75,single,4,4,0,0.0,0.0,19.0
2,1899585,tactical,11.75,complete,8,8,0,0.0,0.0,1.1428571428571428
2,1899585,tactical,11.75,ward,8,8,0,0.0,0.0,1.0
2,1899585,team,23.0,single,2,2,0,0.0,0.0,21.0
2,1899585,team,23.0,complete,5,5,0,0.0,0.0,1.125
2,1899585,team,23.0,ward,5,5,0,0.0,0.0,4.666666666666667
3,1899585,individual,2.75,single,19,19,5,1.9499570846557617,2.919931411743164,1.5
3,1899585,individual,2.75,complete,20,20,5,1.9499570846557617,2.919931411743164,1.0
3,1899585,individual,2.75,ward,20,20,5,1.9499570846557617,2.919931411743164,1.0
3,1899585,tactical,11.75,single,7,7,1,6.215705871582031,6.215705871582031,16.0
3,1899585,tactical,11.75,complete,14,14,4,2.515195846557617,4.055192947387695,2.0
3,1899585,tactical,11.75,ward,14,14,4,2.515195846557617,4.055192947387695,2.0
3,1899585,team,23.0,single,1,1,0,0.0,0.0,22.0
3,1899585,team,23.0,complete,7,7,0,0.0,0.0,1.2
3,1899585,team,23.0,ward,8,8,1,6.941671371459961,6.941671371459961,1.5
4,1899585,individual,2.75,single,18,18,1,0.657200813293457,0.657200813293457,1.5
4,1899585,individual,2.75,complete,19,19,1,0.05110359191894531,0.05110359191894531,1.0
4,1899585,individual,2.75,ward,19,19,1,0.05110359191894531,0.05110359191894531,1.0
4,1899585,tactical,11.75,single,5,5,0,0.0,0.0,18.0
4,1899585,tactical,11.75,complete,12,12,2,1.8233814239501953,3.5440444946289062,1.6666666666666667
4,1899585,tactical,11.75,ward,13,13,3,0.4098825454711914,0.7933101654052734,1.0
4,1899585,team,23.0,single,2,2,0,0.0,0.0,21.0
4,1899585,team,23.0,complete,7,7,0,0.0,0.0,1.1666666666666667
4,1899585,team,23.0,ward,7,7,1,1.9261302947998047,1.9261302947998047,2.0
5,1899585,individual,2.75,single,18,18,3,2.1321789423624673,4.351742744445801,1.5
5,1899585,individual,2.75,complete,18,18,3,2.1321789423624673,4.351742744445801,1.5
5,1899585,individual,2.75,ward,18,18,3,2.1321789423624673,4.351742744445801,1.5
5,1899585,tactical,11.75,single,7,7,1,4.232234954833984,4.232234954833984,4.666666666666667
5,1899585,tactical,11.75,complete,11,11,2,1.8877811431884766,2.121774673461914,1.6666666666666667
5,1899585,tactical,11.75,ward,11,11,2,1.8877811431884766,2.121774673461914,1.6666666666666667
5,1899585,team,23.0,single,3,3,0,0.0,0.0,20.0
5,1899585,team,23.0,complete,7,7,1,0.8170623779296875,0.8170623779296875,1.0
5,1899585,team,23.0,ward,8,8,0,0.0,0.0,1.0
6,1899585,individual,2.75,single,11,11,1,2.543722152709961,2.543722152709961,3.3333333333333335
6,1899585,individual,2.75,complete,13,13,1,2.543722152709961,2.543722152709961,1.6666666666666667
6,1899585,individual,2.75,ward,13,13,1,2.543722152709961,2.543722152709961,1.6666666666666667
6,1899585,tactical,11.75,single,5,5,0,0.0,0.0,5.333333333333333
6,1899585,tactical,11.75,complete,7,7,0,0.0,0.0,4.333333333333333
6,1899585,tactical,11.75,ward,7,7,0,0.0,0.0,4.333333333333333
6,1899585,team,23.0,single,2,2,0,0.0,0.0,21.0
6,1899585,team,23.0,complete,4,4,0,0.0,0.0,4.0
6,1899585,team,23.0,ward,5,5,1,2.074422836303711,2.074422836303711,3.25
7,1899585,individual,2.75,single,19,19,2,0.6460156440734863,0.9600849151611328,1.0
7,1899585,individual,2.75,complete,19,19,2,0.6460156440734863,0.9600849151611328,1.0
7,1899585,individual,2.75,ward,19,19,2,0.6460156440734863,0.9600849151611328,1.0
7,1899585,tactical,11.75,single,3,3,0,0.0,0.0,20.0
7,1899585,tactical,11.75,complete,8,8,0,0.0,0.0,1.5
7,1899585,tactical,11.75,ward,8,8,0,0.0,0.0,1.0
7,1899585,team,23.0,single,2,2,0,0.0,0.0,21.0
7,1899585,team,23.0,complete,4,4,0,0.0,0.0,1.5714285714285714
7,1899585,team,23.0,ward,5,5,0,0.0,0.0,1.0
8,1899585,individual,2.75,single,21,21,5,0.8994683265686035,2.6507043838500977,2.0
8,1899585,individual,2.75,complete,21,21,5,0.8994683265686035,2.6507043838500977,2.0
8,1899585,individual,2.75,ward,21,21,5,0.8994683265686035,2.6507043838500977,2.0
8,1899585,tactical,11.75,single,5,5,0,0.0,0.0,8.5
8,1899585,tactical,11.75,complete,10,10,0,0.0,0.0,1.5
8,1899585,tactical,11.75,ward,10,10,0,0.0,0.0,1.5
8,1899585,team,23.0,single,3,3,0,0.0,0.0,20.0
8,1899585,team,23.0,complete,6,6,0,0.0,0.0,1.5
8,1899585,team,23.0,ward,6,6,0,0.0,0.0,1.6666666666666667
9,1899585,individual,2.75,single,21,21,4,1.0977721214294434,2.054464340209961,2.0
9,1899585,individual,2.75,complete,21,21,4,1.0977721214294434,2.054464340209961,2.0
9,1899585,individual,2.75,ward,21,21,4,1.0977721214294434,2.054464340209961,2.0
9,1899585,tactical,11.75,single,6,6,0,0.0,0.0,17.0
9,1899585,tactical,11.75,complete,12,12,1,0.7108097076416016,0.7108097076416016,1.0
9,1899585,tactical,11.75,ward,12,12,1,0.7108097076416016,0.7108097076416016,1.0
9,1899585,team,23.0,single,2,2,0,0.0,0.0,21.0
9,1899585,team,23.0,complete,7,7,1,0.11308097839355469,0.11308097839355469,1.8
9,1899585,team,23.0,ward,8,8,1,0.11308097839355469,0.11308097839355469,1.2
10,1899585,individual,2.75,single,18,18,2,3.807551383972168,4.214183807373047,1.5
10,1899585,individual,2.75,complete,18,18,2,3.807551383972168,4.214183807373047,1.5
10,1899585,individual,2.75,ward,18,18,2,3.807551383972168,4.214183807373047,1.5
10,1899585,tactical,11.75,single,9,9,1,4.414567947387695,4.414567947387695,14.0
10,1899585,tactical,11.75,complete,13,13,2,3.7515869140625,4.214183807373047,1.0
10,1899585,tactical,11.75,ward,13,13,2,3.7515869140625,4.214183807373047,1.0
10,1899585,team,23.0,single,2,2,0,0.0,0.0,21.0
10,1899585,team,23.0,complete,7,7,0,0.0,0.0,1.1666666666666667
10,1899585,team,23.0,ward,7,7,1,7.404483795166016,7.404483795166016,1.1666666666666667
11,1899585,individual,2.75,single,19,19,3,1.4103164672851562,1.7335281372070312,1.0
11,1899585,individual,2.75,complete,19,19,3,1.4103164672851562,1.7335281372070312,1.0
11,1899585,individual,2.75,ward,19,19,3,1.4103164672851562,1.7335281372070312,1.0
11,1899585,tactical,11.75,single,6,6,0,0.0,0.0,8.0
11,1899585,tactical,11.75,complete,9,9,0,0.0,0.0,1.5
11,1899585,tactical,11.75,ward,9,9,0,0.0,0.0,1.5
11,1899585,team,23.0,single,2,2,0,0.0,0.0,21.0
11,1899585,team,23.0,complete,6,6,0,0.0,0.0,2.5
11,1899585,team,23.0,ward,6,6,0,0.0,0.0,1.75
12,1899585,individual,2.75,single,21,21,1,4.981548309326172,4.981548309326172,2.0
12,1899585,individual,2.75,complete,21,21,1,4.981548309326172,4.981548309326172,2.0
12,1899585,individual,2.75,ward,21,21,1,4.981548309326172,4.981548309326172,2.0
12,1899585,tactical,11.75,single,2,2,0,0.0,0.0,21.0
12,1899585,tactical,11.75,complete,10,10,1,4.76118278503418,4.76118278503418,1.6666666666666667
12,1899585,tactical,11.75,ward,10,10,1,4.76118278503418,4.76118278503418,1.6666666666666667
12,1899585,team,23.0,single,2,2,0,0.0,0.0,21.0
12,1899585,team,23.0,complete,5,5,0,0.0,0.0,1.1666666666666667
12,1899585,team,23.0,ward,6,6,0,0.0,0.0,1.0
13,1899585,individual,2.75,single,21,21,1,1.4344215393066406,1.4344215393066406,2.0
13,1899585,individual,2.75,complete,21,21,1,1.4344215393066406,1.4344215393066406,2.0
13,1899585,individual,2.75,ward,21,21,1,1.4344215393066406,1.4344215393066406,2.0
13,1899585,tactical,11.75,single,5,5,0,0.0,0.0,5.0
13,1899585,tactical,11.75,complete,9,9,1,2.915090560913086,2.915090560913086,1.5
13,1899585,tactical,11.75,ward,10,10,1,2.915090560913086,2.915090560913086,1.0
13,1899585,team,23.0,single,2,2,0,0.0,0.0,21.0
13,1899585,team,23.0,complete,6,6,0,0.0,0.0,4.333333333333333
13,1899585,team,23.0,ward,7,7,1,1.5847969055175781,1.5847969055175781,1.1666666666666667
14,1899585,individual,2.75,single,17,17,0,0.0,0.0,2.5
14,1899585,individual,2.75,complete,19,19,0,0.0,0.0,1.0
14,1899585,individual,2.75,ward,19,19,0,0.0,0.0,1.0
14,1899585,tactical,11.75,single,4,4,0,0.0,0.0,9.0
14,1899585,tactical,11.75,complete,8,8,0,0.0,0.0,1.75
14,1899585,tactical,11.75,ward,8,8,0,0.0,0.0,1.2
14,1899585,team,23.0,single,2,2,0,0.0,0.0,21.0
14,1899585,team,23.0,complete,5,5,0,0.0,0.0,1.1428571428571428
14,1899585,team,23.0,ward,5,5,0,0.0,0.0,1.2857142857142858
15,1899585,individual,2.75,single,20,20,2,1.8098459243774414,2.849257469177246,1.0
15,1899585,individual,2.75,complete,20,20,2,1.8098459243774414,2.849257469177246,1.0
15,1899585,individual,2.75,ward,20,20,2,1.8098459243774414,2.849257469177246,1.0
15,1899585,tactical,11.75,single,5,5,0,0.0,0.0,3.75
15,1899585,tactical,11.75,complete,13,13,2,3.3117146492004395,5.406764030456543,1.3333333333333333
15,1899585,tactical,11.75,ward,12,12,2,3.3117146492004395,5.406764030456543,1.3333333333333333
15,1899585,team,23.0,single,2,2,0,0.0,0.0,21.0
15,1899585,team,23.0,complete,7,7,1,0.44122314453125,0.44122314453125,1.2
15,1899585,team,23.0,ward,6,6,1,0.44122314453125,0.44122314453125,1.4
16,1899585,individual,2.75,single,21,21,2,1.9740986824035645,3.170886993408203,2.0
16,1899585,individual,2.75,complete,21,21,2,1.9740986824035645,3.170886993408203,2.0
16,1899585,individual,2.75,ward,21,21,2,1.9740986824035645,3.170886993408203,2.0
16,1899585,tactical,11.75,single,3,3,0,0.0,0.0,20.0
16,1899585,tactical,11.75,complete,11,11,1,1.1263847351074219,1.1263847351074219,1.3333333333333333
16,1899585,tactical,11.75,ward,11,11,1,1.1263847351074219,1.1263847351074219,1.3333333333333333
16,1899585,team,23.0,single,2,2,0,0.0,0.0,21.0
16,1899585,team,23.0,complete,5,5,0,0.0,0.0,2.25
16,1899585,team,23.0,ward,5,5,1,3.5329113006591797,3.5329113006591797,1.3333333333333333
17,1899585,individual,2.75,single,18,18,2,1.5091540813446045,2.164374351501465,2.0
17,1899585,individual,2.75,complete,19,19,2,1.6456704139709473,2.164374351501465,1.0
17,1899585,individual,2.75,ward,19,19,2,1.6456704139709473,2.164374351501465,1.0
17,1899585,tactical,11.75,single,3,3,0,0.0,0.0,9.5
17,1899585,tactical,11.75,complete,8,8,1,3.2299861907958984,3.2299861907958984,2.0
17,1899585,tactical,11.75,ward,8,8,1,3.2299861907958984,3.2299861907958984,1.6666666666666667
17,1899585,team,23.0,single,2,2,0,0.0,0.0,21.0
17,1899585,team,23.0,complete,5,5,0,0.0,0.0,1.8
17,1899585,team,23.0,ward,5,5,1,4.133068084716797,4.133068084716797,1.3333333333333333
18,1899585,individual,2.75,single,21,21,3,1.6461381912231445,2.4330577850341797,2.0
18,1899585,individual,2.75,complete,21,21,3,1.6461381912231445,2.4330577850341797,2.0
18,1899585,individual,2.75,ward,21,21,3,1.6461381912231445,2.4330577850341797,2.0
18,1899585,tactical,11.75,single,4,4,0,0.0,0.0,1.0
18,1899585,tactical,11.75,complete,12,12,2,2.050168991088867,2.8632450103759766,1.3333333333333333
18,1899585,tactical,11.75,ward,12,12,2,2.050168991088867,2.8632450103759766,1.3333333333333333
18,1899585,team,23.0,single,2,2,0,0.0,0.0,21.0
18,1899585,team,23.0,complete,7,7,1,1.6255512237548828,1.6255512237548828,1.2
18,1899585,team,23.0,ward,7,7,0,0.0,0.0,1.25
19,1899585,individual,2.75,single,19,19,3,1.866166114807129,2.731926918029785,1.0
19,1899585,individual,2.75,complete,19,19,3,1.866166114807129,2.731926918029785,1.0
19,1899585,individual,2.75,ward,19,19,3,1.866166114807129,2.731926918029785,1.0
19,1899585,tactical,11.75,single,6,6,0,0.0,0.0,17.0
19,1899585,tactical,11.75,complete,11,11,2,1.5668277740478516,1.93304443359375,1.25
19,1899585,tactical,11.75,ward,13,13,3,0.5489079157511393,1.2006111145019531,2.0
19,1899585,team,23.0,single,2,2,0,0.0,0.0,21.0
19,1899585,team,23.0,complete,6,6,1,8.04292106628418,8.04292106628418,1.2857142857142858
19,1899585,team,23.0,ward,7,7,1,4.707622528076172,4.707622528076172,1.75
20,1899585,individual,2.75,single,20,20,2,2.79058837890625,4.562691688537598,1.0
20,1899585,individual,2.75,complete,20,20,2,2.79058837890625,4.562691688537598,1.0
20,1899585,individual,2.75,ward,20,20,2,2.79058837890625,4.562691688537598,1.0
20,1899585,tactical,11.75,single,5,5,0,0.0,0.0,8.5
20,1899585,tactical,11.75,complete,11,11,1,2.933725357055664,2.933725357055664,1.3333333333333333
20,1899585,tactical,11.75,ward,12,12,1,3.239278793334961,3.239278793334961,1.0
20,1899585,team,23.0,single,2,2,0,0.0,0.0,21.0
20,1899585,team,23.0,complete,8,8,2,2.848308563232422,3.6520652770996094,1.25
20,1899585,team,23.0,ward,7,7,1,3.038358688354492,3.038358688354492,2.0
21,1899585,individual,2.75,single,20,20,4,0.9889616966247559,2.3503541946411133,1.0
21,1899585,individual,2.75,complete,20,20,4,0.9889616966247559,2.3503541946411133,1.0
21,1899585,individual,2.75,ward,20,20,4,0.9889616966247559,2.3503541946411133,1.0
21,1899585,tactical,11.75,single,6,6,1,1.6255340576171875,1.6255340576171875,2.0
21,1899585,tactical,11.75,complete,8,8,0,0.0,0.0,1.25
21,1899585,tactical,11.75,ward,9,9,0,0.0,0.0,1.3333333333333333
21,1899585,team,23.0,single,2,2,0,0.0,0.0,21.0
21,1899585,team,23.0,complete,6,6,0,0.0,0.0,1.4
21,1899585,team,23.0,ward,6,6,0,0.0,0.0,1.4
22,1899585,individual,2.75,single,20,20,1,0.2043437957763672,0.2043437957763672,1.0
22,1899585,individual,2.75,complete,20,20,1,0.2043437957763672,0.2043437957763672,1.0
22,1899585,individual,2.75,ward,20,20,1,0.2043437957763672,0.2043437957763672,1.0
22,1899585,tactical,11.75,single,3,3,0,0.0,0.0,3.2
22,1899585,tactical,11.75,complete,10,10,1,0.129119873046875,0.129119873046875,1.25
22,1899585,tactical,11.75,ward,10,10,0,0.0,0.0,1.25
22,1899585,team,23.0,single,2,2,0,0.0,0.0,21.0
22,1899585,team,23.0,complete,4,4,0,0.0,0.0,1.6666666666666667
22,1899585,team,23.0,ward,4,4,0,0.0,0.0,1.6666666666666667
23,1899585,individual,2.75,single,20,20,2,1.6408429145812988,2.657939910888672,1.0
23,1899585,individual,2.75,complete,20,20,2,1.6408429145812988,2.657939910888672,1.0
23,1899585,individual,2.75,ward,20,20,2,1.6408429145812988,2.657939910888672,1.0
23,1899585,tactical,11.75,single,7,7,0,0.0,0.0,3.25
23,1899585,tactical,11.75,complete,12,12,1,0.9026165008544922,0.9026165008544922,1.3333333333333333
23,1899585,tactical,11.75,ward,13,13,1,0.9026165008544922,0.9026165008544922,1.0
23,1899585,team,23.0,single,2,2,0,0.0,0.0,21.0
23,1899585,team,23.0,complete,8,8,1,4.057889938354492,4.057889938354492,1.0
23,1899585,team,23.0,ward,8,8,1,4.057889938354492,4.057889938354492,1.0
24,1899585,individual,2.75,single,22,22,6,1.5773906707763672,3.920102119445801,1.0
24,1899585,individual,2.75,complete,22,22,6,1.5773906707763672,3.920102119445801,1.0
24,1899585,individual,2.75,ward,22,22,6,1.5773906707763672,3.920102119445801,1.0
24,1899585,tactical,11.75,single,7,7,1,3.5601234436035156,3.5601234436035156,3.25
24,1899585,tactical,11.75,complete,12,12,2,3.9895830154418945,7.563323974609375,1.3333333333333333
24,1899585,tactical,11.75,ward,12,12,2,3.281559944152832,3.9457225799560547,1.0
24,1899585,team,23.0,single,2,2,0,0.0,0.0,21.0
24,1899585,team,23.0,complete,8,8,1,6.782833099365234,6.782833099365234,1.5
24,1899585,team,23.0,ward,8,8,1,5.91746711730957,5.91746711730957,1.25
25,1899585,individual,2.75,single,22,22,4,1.919523000717163,3.44106388092041,1.0
25,1899585,individual,2.75,complete,22,22,4,1.919523000717163,3.44106388092041,1.0
25,1899585,individual,2.75,ward,22,22,4,1.919523000717163,3.44106388092041,1.0
25,1899585,tactical,11.75,single,7,7,1,0.9623603820800781,0.9623603820800781,4.0
25,1899585,tactical,11.75,complete,10,10,1,2.167448043823242,2.167448043823242,1.3333333333333333
25,1899585,tactical,11.75,ward,10,10,1,3.984691619873047,3.984691619873047,1.3333333333333333
25,1899585,team,23.0,single,2,2,0,0.0,0.0,21.0
25,1899585,team,23.0,complete,7,7,0,0.0,0.0,1.0
25,1899585,team,23.0,ward,7,7,1,4.546165466308594,4.546165466308594,1.2
26,1899585,individual,2.75,single,19,19,3,1.3347454071044922,1.540907859802246,1.0
26,1899585,individual,2.75,complete,19,19,3,1.3347454071044922,1.540907859802246,1.0
26,1899585,individual,2.75,ward,19,19,3,1.3347454071044922,1.540907859802246,1.0
26,1899585,tactical,11.75,single,8,8,0,0.0,0.0,2.25
26,1899585,tactical,11.75,complete,12,12,1,4.739235877990723,4.739235877990723,1.5
26,1899585,tactical,11.75,ward,12,12,1,4.739235877990723,4.739235877990723,1.5
26,1899585,team,23.0,single,2,2,0,0.0,0.0,21.0
26,1899585,team,23.0,complete,6,6,0,0.0,0.0,1.1666666666666667
26,1899585,team,23.0,ward,8,8,1,2.802907943725586,2.802907943725586,1.0
27,1899585,individual,2.75,single,20,20,2,3.4131555557250977,5.664693832397461,1.0
27,1899585,individual,2.75,complete,20,20,2,3.4131555557250977,5.664693832397461,1.0
27,1899585,individual,2.75,ward,20,20,2,3.4131555557250977,5.664693832397461,1.0
27,1899585,tactical,11.75,single,4,4,0,0.0,0.0,19.0
27,1899585,tactical,11.75,complete,10,10,0,0.0,0.0,1.25
27,1899585,tactical,11.75,ward,11,11,2,0.761939525604248,1.2198114395141602,1.3333333333333333
27,1899585,team,23.0,single,2,2,0,0.0,0.0,21.0
27,1899585,team,23.0,complete,6,6,0,0.0,0.0,1.1428571428571428
27,1899585,team,23.0,ward,7,7,0,0.0,0.0,1.4
28,1899585,individual,2.75,single,18,18,3,1.4203100204467773,2.553318977355957,1.0
28,1899585,individual,2.75,complete,18,18,3,1.4203100204467773,2.553318977355957,1.0
28,1899585,individual,2.75,ward,18,18,3,1.4203100204467773,2.553318977355957,1.0
28,1899585,tactical,11.75,single,3,3,0,0.0,0.0,4.25
28,1899585,tactical,11.75,complete,8,8,1,5.872255325317383,5.872255325317383,1.25
28,1899585,tactical,11.75,ward,8,8,1,5.872255325317383,5.872255325317383,1.25
28,1899585,team,23.0,single,2,2,0,0.0,0.0,21.0
28,1899585,team,23.0,complete,5,5,1,1.4191837310791016,1.4191837310791016,1.1428571428571428
28,1899585,team,23.0,ward,5,5,1,1.4191837310791016,1.4191837310791016,1.1428571428571428
29,1899585,individual,2.75,single,22,22,3,2.173121770222982,4.132856369018555,1.0
29,1899585,individual,2.75,complete,22,22,3,2.173121770222982,4.132856369018555,1.0
29,1899585,individual,2.75,ward,22,22,3,2.173121770222982,4.132856369018555,1.0
29,1899585,tactical,11.75,single,5,5,0,0.0,0.0,1.7142857142857142
29,1899585,tactical,11.75,complete,14,14,4,1.843061923980713,2.4992504119873047,1.0
29,1899585,tactical,11.75,ward,13,13,3,2.943383534749349,3.927623748779297,1.0
29,1899585,team,23.0,single,2,2,0,0.0,0.0,21.0
29,1899585,team,23.0,complete,8,8,2,2.4916210174560547,4.902599334716797,1.0
29,1899585,team,23.0,ward,7,7,1,7.933723449707031,7.933723449707031,1.25
30,1899585,individual,2.75,single,16,16,0,0.0,0.0,2.0
30,1899585,individual,2.75,complete,17,17,1,0.34594249725341797,0.34594249725341797,1.0
30,1899585,individual,2.75,ward,17,17,1,0.34594249725341797,0.34594249725341797,1.0
30,1899585,tactical,11.75,single,2,2,0,0.0,0.0,21.0
30,1899585,tactical,11.75,complete,9,9,0,0.0,0.0,2.3333333333333335
30,1899585,tactical,11.75,ward,9,9,0,0.0,0.0,2.3333333333333335
30,1899585,team,23.0,single,2,2,0,0.0,0.0,21.0
30,1899585,team,23.0,complete,5,5,0,0.0,0.0,1.1666666666666667
30,1899585,team,23.0,ward,5,5,0,0.0,0.0,1.1666666666666667
31,1899585,individual,2.75,single,20,20,2,1.8383269309997559,2.5874252319335938,1.0
31,1899585,individual,2.75,complete,20,20,2,1.8383269309997559,2.5874252319335938,1.0
31,1899585,individual,2.75,ward,20,20,2,1.8383269309997559,2.5874252319335938,1.0
31,1899585,tactical,11.75,single,7,7,1,0.60821533203125,0.60821533203125,16.0
31,1899585,tactical,11.75,complete,12,12,1,2.272573471069336,2.272573471069336,1.6666666666666667
31,1899585,tactical,11.75,ward,12,12,1,2.272573471069336,2.272573471069336,1.6666666666666667
31,1899585,team,23.0,single,2,2,0,0.0,0.0,21.0
31,1899585,team,23.0,complete,6,6,1,1.9654502868652344,1.9654502868652344,1.5
31,1899585,team,23.0,ward,7,7,1,3.562742233276367,3.562742233276367,1.0
32,1899585,individual,2.75,single,11,11,1,1.0744094848632812,1.0744094848632812,1.75
32,1899585,individual,2.75,complete,15,15,1,0.8468732833862305,0.8468732833862305,1.5
32,1899585,individual,2.75,ward,16,16,1,0.8468732833862305,0.8468732833862305,1.0
32,1899585,tactical,11.75,single,4,4,0,0.0,0.0,19.0
32,1899585,tactical,11.75,complete,8,8,0,0.0,0.0,1.2
32,1899585,tactical,11.75,ward,7,7,0,0.0,0.0,1.1666666666666667
32,1899585,team,23.0,single,2,2,0,0.0,0.0,21.0
32,1899585,team,23.0,complete,3,3,0,0.0,0.0,2.5
32,1899585,team,23.0,ward,5,5,0,0.0,0.0,1.1666666666666667
33,1899585,individual,2.75,single,19,19,3,1.6191778182983398,4.323992729187012,1.0
33,1899585,individual,2.75,complete,19,19,3,1.6191778182983398,4.323992729187012,1.0
33,1899585,individual,2.75,ward,19,19,3,1.6191778182983398,4.323992729187012,1.0
33,1899585,tactical,11.75,single,6,6,0,0.0,0.0,1.0
33,1899585,tactical,11.75,complete,12,12,2,2.6461658477783203,3.1300525665283203,2.5
33,1899585,tactical,11.75,ward,13,13,2,3.5731096267700195,4.983940124511719,1.5
33,1899585,team,23.0,single,1,1,0,0.0,0.0,22.0
33,1899585,team,23.0,complete,7,7,1,2.9450836181640625,2.9450836181640625,1.75
33,1899585,team,23.0,ward,8,8,1,3.0895843505859375,3.0895843505859375,1.25
34,1899585,individual,2.75,single,21,21,5,1.2064388275146485,2.070842742919922,2.0
34,1899585,individual,2.75,complete,21,21,5,1.2064388275146485,2.070842742919922,2.0
34,1899585,individual,2.75,ward,21,21,5,1.2064388275146485,2.070842742919922,2.0
34,1899585,tactical,11.75,single,5,5,0,0.0,0.0,18.0
34,1899585,tactical,11.75,complete,13,13,1,3.8606443405151367,3.8606443405151367,1.3333333333333333
34,1899585,tactical,11.75,ward,13,13,1,3.8606443405151367,3.8606443405151367,1.3333333333333333
34,1899585,team,23.0,single,2,2,0,0.0,0.0,21.0
34,1899585,team,23.0,complete,8,8,2,3.492746353149414,4.099712371826172,1.5
34,1899585,team,23.0,ward,7,7,1,2.8857803344726562,2.8857803344726562,1.5
35,1899585,individual,2.75,single,18,18,2,2.2898387908935547,2.358621597290039,1.5
35,1899585,individual,2.75,complete,19,19,2,2.2898387908935547,2.358621597290039,1.0
35,1899585,individual,2.75,ward,19,19,2,2.2898387908935547,2.358621597290039,1.0
35,1899585,tactical,11.75,single,4,4,0,0.0,0.0,9.0
35,1899585,tactical,11.75,complete,10,10,2,3.514768123626709,4.670914649963379,1.25
35,1899585,tactical,11.75,ward,11,11,2,2.3795905113220215,2.400559425354004,1.6666666666666667
35,1899585,team,23.0,single,2,2,0,0.0,0.0,21.0
35,1899585,team,23.0,complete,6,6,0,0.0,0.0,2.25
35,1899585,team,23.0,ward,6,6,0,0.0,0.0,2.25
36,1899585,individual,2.75,single,20,20,2,1.4227237701416016,2.0173511505126953,1.0
36,1899585,individual,2.75,complete,20,20,2,1.4227237701416016,2.0173511505126953,1.0
36,1899585,individual,2.75,ward,20,20,2,1.4227237701416016,2.0173511505126953,1.0
36,1899585,tactical,11.75,single,6,6,1,3.7303619384765625,3.7303619384765625,2.75
36,1899585,tactical,11.75,complete,11,11,1,2.8739795684814453,2.8739795684814453,1.3333333333333333
36,1899585,tactical,11.75,ward,12,12,1,2.3377819061279297,2.3377819061279297,1.3333333333333333
36,1899585,team,23.0,single,2,2,0,0.0,0.0,21.0
36,1899585,team,23.0,complete,6,6,1,8.922208786010742,8.922208786010742,1.2
36,1899585,team,23.0,ward,5,5,1,3.7384090423583984,3.7384090423583984,1.6
37,1899585,individual,2.75,single,20,20,5,1.422968864440918,4.667301177978516,1.0
37,1899585,individual,2.75,complete,20,20,5,1.422968864440918,4.667301177978516,1.0
37,1899585,individual,2.75,ward,20,20,5,1.422968864440918,4.667301177978516,1.0
37,1899585,tactical,11.75,single,6,6,0,0.0,0.0,3.5
37,1899585,tactical,11.75,complete,12,12,1,2.7148590087890625,2.7148590087890625,1.3333333333333333
37,1899585,tactical,11.75,ward,12,12,2,2.0558815002441406,2.848165512084961,1.3333333333333333
37,1899585,team,23.0,single,2,2,0,0.0,0.0,21.0
37,1899585,team,23.0,complete,8,8,1,7.111661911010742,7.111661911010742,1.25
37,1899585,team,23.0,ward,7,7,1,1.5275707244873047,1.5275707244873047,1.25
38,1899585,individual,2.75,single,18,18,2,0.4707045555114746,0.7719230651855469,1.0
38,1899585,individual,2.75,complete,18,18,2,0.4707045555114746,0.7719230651855469,1.0
38,1899585,individual,2.75,ward,18,18,2,0.4707045555114746,0.7719230651855469,1.0
38,1899585,tactical,11.75,single,5,5,0,0.0,0.0,2.6
38,1899585,tactical,11.75,complete,9,9,1,1.4061470031738281,1.4061470031738281,1.6666666666666667
38,1899585,tactical,11.75,ward,10,10,0,0.0,0.0,1.3333333333333333
38,1899585,team,23.0,single,2,2,0,0.0,0.0,21.0
38,1899585,team,23.0,complete,6,6,1,0.7618026733398438,0.7618026733398438,1.0
38,1899585,team,23.0,ward,6,6,1,0.7618026733398438,0.7618026733398438,1.0
39,1899585,individual,2.75,single,22,22,2,4.43222188949585,6.073113441467285,1.0
39,1899585,individual,2.75,complete,22,22,2,4.43222188949585,6.073113441467285,1.0
39,1899585,individual,2.75,ward,22,22,2,4.43222188949585,6.073113441467285,1.0
39,1899585,tactical,11.75,single,6,6,0,0.0,0.0,8.0
39,1899585,tactical,11.75,complete,13,13,2,2.994415283203125,5.638725280761719,2.0
39,1899585,tactical,11.75,ward,13,13,2,2.994415283203125,5.638725280761719,2.0
39,1899585,team,23.0,single,2,2,0,0.0,0.0,21.0
39,1899585,team,23.0,complete,8,8,1,3.664480209350586,3.664480209350586,1.4
39,1899585,team,23.0,ward,8,8,1,3.664480209350586,3.664480209350586,1.4
40,1899585,individual,2.75,single,19,19,1,10.144817352294922,10.144817352294922,1.0
40,1899585,individual,2.75,complete,19,19,1,10.144817352294922,10.144817352294922,1.0
40,1899585,individual,2.75,ward,19,19,1,10.144817352294922,10.144817352294922,1.0
40,1899585,tactical,11.75,single,6,6,1,3.0162105560302734,3.0162105560302734,2.0
40,1899585,tactical,11.75,complete,11,11,2,4.84145450592041,9.372615814208984,1.3333333333333333
40,1899585,tactical,11.75,ward,10,10,1,9.319112777709961,9.319112777709961,1.3333333333333333
40,1899585,team,23.0,single,2,2,0,0.0,0.0,21.0
40,1899585,team,23.0,complete,6,6,1,8.441337585449219,8.441337585449219,1.4
40,1899585,team,23.0,ward,6,6,1,8.441337585449219,8.441337585449219,1.4
41,1899585,individual,2.75,single,18,18,4,2.3336119651794434,4.62699031829834,1.5
41,1899585,individual,2.75,complete,19,19,4,2.0776145458221436,4.62699031829834,1.0
41,1899585,individual,2.75,ward,19,19,4,2.0776145458221436,4.62699031829834,1.0
41,1899585,tactical,11.75,single,4,4,0,0.0,0.0,19.0
41,1899585,tactical,11.75,complete,11,11,1,0.07862472534179688,0.07862472534179688,1.3333333333333333
41,1899585,tactical,11.75,ward,11,11,1,0.07862472534179688,0.07862472534179688,1.3333333333333333
41,1899585,team,23.0,single,2,2,0,0.0,0.0,21.0
41,1899585,team,23.0,complete,6,6,1,0.2653217315673828,0.2653217315673828,1.0
41,1899585,team,23.0,ward,6,6,1,4.982501983642578,4.982501983642578,1.5
42,1899585,individual,2.75,single,19,19,4,2.0200533866882324,4.020892143249512,1.5
42,1899585,individual,2.75,complete,20,20,4,2.0200533866882324,4.020892143249512,1.0
42,1899585,individual,2.75,ward,20,20,4,2.0200533866882324,4.020892143249512,1.0
42,1899585,tactical,11.75,single,6,6,0,0.0,0.0,8.0
42,1899585,tactical,11.75,complete,12,12,2,3.1310291290283203,3.6181602478027344,3.0
42,1899585,tactical,11.75,ward,11,11,1,2.6438980102539062,2.6438980102539062,2.0
42,1899585,team,23.0,single,2,2,0,0.0,0.0,21.0
42,1899585,team,23.0,complete,7,7,0,0.0,0.0,1.1666666666666667
42,1899585,team,23.0,ward,7,7,0,0.0,0.0,1.4
43,1899585,individual,2.75,single,21,21,4,0.30167198181152344,0.5569839477539062,2.0
43,1899585,individual,2.75,complete,21,21,4,0.30167198181152344,0.5569839477539062,2.0
43,1899585,individual,2.75,ward,21,21,4,0.30167198181152344,0.5569839477539062,2.0
43,1899585,tactical,11.75,single,6,6,0,0.0,0.0,8.0
43,1899585,tactical,11.75,complete,11,11,1,0.9628067016601562,0.9628067016601562,1.6666666666666667
43,1899585,tactical,11.75,ward,11,11,0,0.0,0.0,1.25
43,1899585,team,23.0,single,2,2,0,0.0,0.0,21.0
43,1899585,team,23.0,complete,7,7,0,0.0,0.0,1.6
43,1899585,team,23.0,ward,6,6,0,0.0,0.0,1.3333333333333333
44,1899585,individual,2.75,single,18,18,3,2.292649586995443,3.59158992767334,1.0
44,1899585,individual,2.75,complete,20,20,3,2.563640594482422,3.4169492721557617,1.0
44,1899585,individual,2.75,ward,20,20,3,2.563640594482422,3.4169492721557617,1.0
44,1899585,tactical,11.75,single,5,5,0,0.0,0.0,18.0
44,1899585,tactical,11.75,complete,11,11,2,1.9108810424804688,2.664966583251953,1.0
44,1899585,tactical,11.75,ward,11,11,2,1.9108810424804688,2.664966583251953,1.0
44,1899585,team,23.0,single,3,3,0,0.0,0.0,20.0
44,1899585,team,23.0,complete,6,6,1,0.6093578338623047,0.6093578338623047,1.8
44,1899585,team,23.0,ward,7,7,0,0.0,0.0,1.0
45,1899585,individual,2.75,single,19,19,4,1.6978766918182373,3.5485801696777344,1.5
45,1899585,individual,2.75,complete,20,20,4,1.925391435623169,4.458639144897461,1.0
45,1899585,individual,2.75,ward,20,20,4,1.925391435623169,4.458639144897461,1.0
45,1899585,tactical,11.75,single,6,6,1,0.8935432434082031,0.8935432434082031,1.3333333333333333
45,1899585,tactical,11.75,complete,12,12,1,1.635833740234375,1.635833740234375,1.0
45,1899585,tactical,11.75,ward,12,12,1,1.635833740234375,1.635833740234375,1.0
45,1899585,team,23.0,single,2,2,0,0.0,0.0,21.0
45,1899585,team,23.0,complete,7,7,1,3.4271068572998047,3.4271068572998047,1.2
45,1899585,team,23.0,ward,7,7,1,3.4271068572998047,3.4271068572998047,1.2
46,1899585,individual,2.75,single,21,21,3,1.7659778594970703,3.530978202819824,2.0
46,1899585,individual,2.75,complete,21,21,3,1.7659778594970703,3.530978202819824,2.0
46,1899585,individual,2.75,ward,21,21,3,1.7659778594970703,3.530978202819824,2.0
46,1899585,tactical,11.75,single,7,7,0,0.0,0.0,7.5
46,1899585,tactical,11.75,complete,14,14,2,2.0543570518493652,2.554551124572754,1.0
46,1899585,tactical,11.75,ward,13,13,2,1.2188615798950195,1.5541629791259766,1.3333333333333333
46,1899585,team,23.0,single,1,1,0,0.0,0.0,22.0
46,1899585,team,23.0,complete,7,7,1,3.415189743041992,3.415189743041992,1.2
46,1899585,team,23.0,ward,8,8,1,0.37138938903808594,0.37138938903808594,1.25
47,1899585,individual,2.75,single,22,22,4,1.6702275276184082,2.622346878051758,1.0
47,1899585,individual,2.75,complete,22,22,4,1.6702275276184082,2.622346878051758,1.0
47,1899585,individual,2.75,ward,22,22,4,1.6702275276184082,2.622346878051758,1.0
47,1899585,tactical,11.75,single,8,8,1,8.562061309814453,8.562061309814453,15.0
47,1899585,tactical,11.75,complete,15,15,2,3.7266244888305664,5.118650436401367,2.0
47,1899585,tactical,11.75,ward,16,16,3,2.1598072052001953,3.7233734130859375,1.0
47,1899585,team,23.0,single,2,2,0,0.0,0.0,21.0
47,1899585,team,23.0,complete,9,9,2,1.2028608322143555,2.284992218017578,1.0
47,1899585,team,23.0,ward,8,8,1,9.306255340576172,9.306255340576172,1.25
48,1899585,individual,2.75,single,22,22,3,2.6425021489461265,2.8045177459716797,1.0
48,1899585,individual,2.75,complete,22,22,3,2.6425021489461265,2.8045177459716797,1.0
48,1899585,individual,2.75,ward,22,22,3,2.6425021489461265,2.8045177459716797,1.0
48,1899585,tactical,11.75,single,7,7,1,0.08801841735839844,0.08801841735839844,3.0
48,1899585,tactical,11.75,complete,11,11,2,2.874542236328125,4.683624267578125,1.6666666666666667
48,1899585,tactical,11.75,ward,11,11,2,2.874542236328125,4.683624267578125,1.6666666666666667
48,1899585,team,23.0,single,2,2,0,0.0,0.0,21.0
48,1899585,team,23.0,complete,7,7,1,4.0416412353515625,4.0416412353515625,2.0
48,1899585,team,23.0,ward,8,8,1,4.404756546020508,4.404756546020508,1.2
49,1899585,individual,2.75,single,20,20,2,0.5150532722473145,0.6256008148193359,1.0
49,1899585,individual,2.75,complete,20,20,2,0.5150532722473145,0.6256008148193359,1.0
49,1899585,individual,2.75,ward,20,20,2,0.5150532722473145,0.6256008148193359,1.0
49,1899585,tactical,11.75,single,7,7,1,7.54896354675293,7.54896354675293,2.4
49,1899585,tactical,11.75,complete,12,12,1,6.193525314331055,6.193525314331055,1.0
49,1899585,tactical,11.75,ward,13,13,1,6.193525314331055,6.193525314331055,2.0
49,1899585,team,23.0,single,2,2,0,0.0,0.0,21.0
49,1899585,team,23.0,complete,7,7,1,5.214630126953125,5.214630126953125,1.6
49,1899585,team,23.0,ward,6,6,1,5.178653717041016,5.178653717041016,1.1666666666666667
50,1899585,individual,2.75,single,16,16,3,1.2210954030354817,1.480978012084961,2.5
50,1899585,individual,2.75,complete,17,17,3,1.2210954030354817,1.480978012084961,1.5
50,1899585,individual,2.75,ward,17,17,3,1.2210954030354817,1.480978012084961,1.5
50,1899585,tactical,11.75,single,6,6,0,0.0,0.0,8.0
50,1899585,tactical,11.75,complete,10,10,1,2.608091354370117,2.608091354370117,1.5
50,1899585,tactical,11.75,ward,12,12,1,0.35323333740234375,0.35323333740234375,2.5
50,1899585,team,23.0,single,2,2,0,0.0,0.0,21.0
50,1899585,team,23.0,complete,6,6,1,1.9425811767578125,1.9425811767578125,1.3333333333333333
50,1899585,team,23.0,ward,7,7,1,1.5393199920654297,1.5393199920654297,1.2
51,1899585,individual,2.75,single,21,21,2,1.4537558555603027,2.7964935302734375,2.0
51,1899585,individual,2.75,complete,21,21,2,1.4537558555603027,2.7964935302734375,2.0
51,1899585,individual,2.75,ward,21,21,2,1.4537558555603027,2.7964935302734375,2.0
51,1899585,tactical,11.75,single,9,9,1,2.984485626220703,2.984485626220703,1.5
51,1899585,tactical,11.75,complete,13,13,3,0.8478101094563802,1.5805702209472656,1.0
51,1899585,tactical,11.75,ward,13,13,3,0.8478101094563802,1.5805702209472656,1.0
51,1899585,team,23.0,single,2,2,0,0.0,0.0,21.0
51,1899585,team,23.0,complete,8,8,1,3.0711097717285156,3.0711097717285156,1.5
51,1899585,team,23.0,ward,8,8,1,5.930089950561523,5.930089950561523,1.5
52,1899585,individual,2.75,single,21,21,3,1.4510656992594402,2.433499336242676,2.0
52,1899585,individual,2.75,complete,21,21,3,1.4510656992594402,2.433499336242676,2.0
52,1899585,individual,2.75,ward,21,21,3,1.4510656992594402,2.433499336242676,2.0
52,1899585,tactical,11.75,single,4,4,0,0.0,0.0,5.666666666666667
52,1899585,tactical,11.75,complete,10,10,1,1.2197132110595703,1.2197132110595703,1.0
52,1899585,tactical,11.75,ward,11,11,2,1.833756446838379,2.050260543823242,1.3333333333333333
52,1899585,team,23.0,single,2,2,0,0.0,0.0,21.0
52,1899585,team,23.0,complete,5,5,0,0.0,0.0,1.3333333333333333
52,1899585,team,23.0,ward,5,5,0,0.0,0.0,1.5
53,1899585,individual,2.75,single,19,19,4,0.41890203952789307,0.6610827445983887,1.0
53,1899585,individual,2.75,complete,19,19,4,0.41890203952789307,0.6610827445983887,1.0
53,1899585,individual,2.75,ward,19,19,4,0.41890203952789307,0.6610827445983887,1.0
53,1899585,tactical,11.75,single,7,7,1,6.608358383178711,6.608358383178711,7.5
53,1899585,tactical,11.75,complete,12,12,2,3.0029001235961914,3.1252517700195312,1.3333333333333333
53,1899585,tactical,11.75,ward,12,12,2,3.0029001235961914,3.1252517700195312,1.3333333333333333
53,1899585,team,23.0,single,2,2,0,0.0,0.0,21.0
53,1899585,team,23.0,complete,7,7,1,4.227411270141602,4.227411270141602,1.8
53,1899585,team,23.0,ward,7,7,1,4.227411270141602,4.227411270141602,1.8
54,1899585,individual,2.75,single,21,21,2,2.4251441955566406,3.6979751586914062,2.0
54,1899585,individual,2.75,complete,21,21,2,2.4251441955566406,3.6979751586914062,2.0
54,1899585,individual,2.75,ward,21,21,2,2.4251441955566406,3.6979751586914062,2.0
54,1899585,tactical,11.75,single,7,7,1,1.9043350219726562,1.9043350219726562,1.4
54,1899585,tactical,11.75,complete,12,12,1,0.5376262664794922,0.5376262664794922,1.0
54,1899585,tactical,11.75,ward,12,12,1,0.5376262664794922,0.5376262664794922,1.0
54,1899585,team,23.0,single,2,2,0,0.0,0.0,21.0
54,1899585,team,23.0,complete,7,7,1,3.6845226287841797,3.6845226287841797,1.25
54,1899585,team,23.0,ward,7,7,1,3.6845226287841797,3.6845226287841797,1.25
55,1899585,individual,2.75,single,21,21,2,4.0439348220825195,4.858110427856445,2.0
55,1899585,individual,2.75,complete,21,21,2,4.0439348220825195,4.858110427856445,2.0
55,1899585,individual,2.75,ward,21,21,2,4.0439348220825195,4.858110427856445,2.0
55,1899585,tactical,11.75,single,7,7,0,0.0,0.0,1.125
55,1899585,tactical,11.75,complete,13,13,2,3.367068290710449,6.088340759277344,1.0
55,1899585,tactical,11.75,ward,14,14,2,4.357845306396484,4.953771591186523,1.0
55,1899585,team,23.0,single,2,2,0,0.0,0.0,21.0
55,1899585,team,23.0,complete,8,8,1,5.10420036315918,5.10420036315918,1.5
55,1899585,team,23.0,ward,8,8,1,10.633781433105469,10.633781433105469,1.5
56,1899585,individual,2.75,single,18,18,4,2.814923048019409,4.284337043762207,1.0
56,1899585,individual,2.75,complete,18,18,4,2.814923048019409,4.284337043762207,1.0
56,1899585,individual,2.75,ward,18,18,4,2.814923048019409,4.284337043762207,1.0
56,1899585,tactical,11.75,single,5,5,0,0.0,0.0,8.5
56,1899585,tactical,11.75,complete,11,11,3,1.7379716237386067,2.893587112426758,2.0
56,1899585,tactical,11.75,ward,12,12,3,1.4612751007080078,2.272357940673828,1.0
56,1899585,team,23.0,single,2,2,0,0.0,0.0,21.0
56,1899585,team,23.0,complete,6,6,0,0.0,0.0,2.0
56,1899585,team,23.0,ward,7,7,0,0.0,0.0,1.5
57,1899585,individual,2.75,single,21,21,3,2.5282745361328125,3.605224609375,2.0
57,1899585,individual,2.75,complete,21,21,3,2.5282745361328125,3.605224609375,2.0
57,1899585,individual,2.75,ward,21,21,3,2.5282745361328125,3.605224609375,2.0
57,1899585,tactical,11.75,single,6,6,0,0.0,0.0,1.1666666666666667
57,1899585,tactical,11.75,complete,12,12,2,0.8766212463378906,1.1908512115478516,1.5
57,1899585,tactical,11.75,ward,12,12,2,0.8766212463378906,1.1908512115478516,1.5
57,1899585,team,23.0,single,2,2,0,0.0,0.0,21.0
57,1899585,team,23.0,complete,7,7,0,0.0,0.0,1.25
57,1899585,team,23.0,ward,9,9,1,1.3926315307617188,1.3926315307617188,1.0
58,1899585,individual,2.75,single,19,19,3,5.280644416809082,9.378907203674316,1.0
58,1899585,individual,2.75,complete,19,19,3,5.280644416809082,9.378907203674316,1.0
58,1899585,individual,2.75,ward,19,19,3,5.280644416809082,9.378907203674316,1.0
58,1899585,tactical,11.75,single,8,8,0,0.0,0.0,1.1666666666666667
58,1899585,tactical,11.75,complete,12,12,3,2.8618545532226562,3.487163543701172,1.3333333333333333
58,1899585,tactical,11.75,ward,12,12,3,2.8618545532226562,3.487163543701172,1.3333333333333333
58,1899585,team,23.0,single,2,2,0,0.0,0.0,21.0
58,1899585,team,23.0,complete,7,7,1,3.9384231567382812,3.9384231567382812,1.75
58,1899585,team,23.0,ward,7,7,1,3.9384231567382812,3.9384231567382812,1.2
59,1899585,individual,2.75,single,22,22,6,1.1511748631795247,2.3193559646606445,1.0
59,1899585,individual,2.75,complete,22,22,6,1.1511748631795247,2.3193559646606445,1.0
59,1899585,individual,2.75,ward,22,22,6,1.1511748631795247,2.3193559646606445,1.0
59,1899585,tactical,11.75,single,5,5,0,0.0,0.0,18.0
59,1899585,tactical,11.75,complete,13,13,3,3.364312171936035,5.196531295776367,1.0
59,1899585,tactical,11.75,ward,13,13,3,3.364312171936035,5.196531295776367,1.0
59,1899585,team,23.0,single,2,2,0,0.0,0.0,21.0
59,1899585,team,23.0,complete,7,7,0,0.0,0.0,1.0
59,1899585,team,23.0,ward,8,8,1,0.6893482208251953,0.6893482208251953,1.25
60,1899585,individual,2.75,single,19,19,2,1.4342055320739746,2.8507041931152344,1.5
60,1899585,individual,2.75,complete,19,19,2,1.4342055320739746,2.8507041931152344,1.5
60,1899585,individual,2.75,ward,19,19,2,1.4342055320739746,2.8507041931152344,1.5
60,1899585,tactical,11.75,single,4,4,0,0.0,0.0,4.0
60,1899585,tactical,11.75,complete,10,10,2,2.173368453979492,2.9562339782714844,2.6666666666666665
60,1899585,tactical,11.75,ward,10,10,2,1.6957693099975586,2.0530567169189453,2.3333333333333335
60,1899585,team,23.0,single,2,2,0,0.0,0.0,21.0
60,1899585,team,23.0,complete,5,5,1,4.092050552368164,4.092050552368164,1.5
60,1899585,team,23.0,ward,5,5,1,4.092050552368164,4.092050552368164,1.5
61,1899585,individual,2.75,single,20,20,3,1.4777965545654297,3.0962677001953125,1.0
61,1899585,individual,2.75,complete,20,20,3,1.4777965545654297,3.0962677001953125,1.0
61,1899585,individual,2.75,ward,20,20,3,1.4777965545654297,3.0962677001953125,1.0
61,1899585,tactical,11.75,single,5,5,1,1.2375221252441406,1.2375221252441406,1.5714285714285714
61,1899585,tactical,11.75,complete,12,12,1,6.121194839477539,6.121194839477539,1.0
61,1899585,tactical,11.75,ward,13,13,2,4.23349666595459,6.121194839477539,1.5
61,1899585,team,23.0,single,1,1,0,0.0,0.0,22.0
61,1899585,team,23.0,complete,7,7,1,7.198724746704102,7.198724746704102,1.25
61,1899585,team,23.0,ward,7,7,1,7.198724746704102,7.198724746704102,1.25
62,1899585,individual,2.75,single,21,21,5,2.1108335494995116,6.065105438232422,2.0
62,1899585,individual,2.75,complete,21,21,5,2.1108335494995116,6.065105438232422,2.0
62,1899585,individual,2.75,ward,21,21,5,2.1108335494995116,6.065105438232422,2.0
62,1899585,tactical,11.75,single,8,8,1,0.5387802124023438,0.5387802124023438,15.0
62,1899585,tactical,11.75,complete,14,14,3,2.995096524556478,5.865738868713379,1.3333333333333333
62,1899585,tactical,11.75,ward,15,15,2,3.2022595405578613,5.865738868713379,1.5
62,1899585,team,23.0,single,2,2,0,0.0,0.0,21.0
62,1899585,team,23.0,complete,8,8,1,3.4590930938720703,3.4590930938720703,1.4
62,1899585,team,23.0,ward,8,8,1,3.4590930938720703,3.4590930938720703,1.2
63,1899585,individual,2.75,single,18,18,3,2.1960609753926597,2.6598448753356934,1.5
63,1899585,individual,2.75,complete,19,19,3,2.1960609753926597,2.6598448753356934,1.0
63,1899585,individual,2.75,ward,19,19,3,2.1960609753926597,2.6598448753356934,1.0
63,1899585,tactical,11.75,single,4,4,0,0.0,0.0,19.0
63,1899585,tactical,11.75,complete,9,9,0,0.0,0.0,1.2
63,1899585,tactical,11.75,ward,10,10,0,0.0,0.0,1.6666666666666667
63,1899585,team,23.0,single,2,2,0,0.0,0.0,21.0
63,1899585,team,23.0,complete,5,5,0,0.0,0.0,2.8
63,1899585,team,23.0,ward,6,6,1,1.3582992553710938,1.3582992553710938,1.8
64,1899585,individual,2.75,single,16,16,1,0.8060531616210938,0.8060531616210938,1.5
64,1899585,individual,2.75,complete,16,16,1,0.8060531616210938,0.8060531616210938,1.5
64,1899585,individual,2.75,ward,16,16,1,0.8060531616210938,0.8060531616210938,1.5
64,1899585,tactical,11.75,single,3,3,0,0.0,0.0,20.0
64,1899585,tactical,11.75,complete,8,8,0,0.0,0.0,1.5
64,1899585,tactical,11.75,ward,8,8,0,0.0,0.0,1.5
64,1899585,team,23.0,single,2,2,0,0.0,0.0,21.0
64,1899585,team,23.0,complete,5,5,0,0.0,0.0,1.1428571428571428
64,1899585,team,23.0,ward,5,5,0,0.0,0.0,1.1428571428571428
65,1899585,individual,2.75,single,20,20,2,0.741065502166748,0.9119691848754883,1.0
65,1899585,individual,2.75,complete,20,20,2,0.741065502166748,0.9119691848754883,1.0
65,1899585,individual,2.75,ward,20,20,2,0.741065502166748,0.9119691848754883,1.0
65,1899585,tactical,11.75,single,7,7,1,5.898902893066406,5.898902893066406,2.4
65,1899585,tactical,11.75,complete,12,12,1,9.453500747680664,9.453500747680664,1.3333333333333333
65,1899585,tactical,11.75,ward,12,12,1,9.453500747680664,9.453500747680664,1.3333333333333333
65,1899585,team,23.0,single,2,2,0,0.0,0.0,21.0
65,1899585,team,23.0,complete,7,7,1,1.372262954711914,1.372262954711914,1.4
65,1899585,team,23.0,ward,8,8,1,1.6838436126708984,1.6838436126708984,1.25
66,1899585,individual,2.75,single,19,19,2,1.213327407836914,2.3718204498291016,1.0
66,1899585,individual,2.75,complete,19,19,2,1.213327407836914,2.3718204498291016,1.0
66,1899585,individual,2.75,ward,19,19,2,1.213327407836914,2.3718204498291016,1.0
66,1899585,tactical,11.75,single,3,3,0,0.0,0.0,20.0
66,1899585,tactical,11.75,complete,9,9,0,0.0,0.0,1.0
66,1899585,tactical,11.75,ward,11,11,2,1.7406892776489258,2.800199508666992,1.3333333333333333
66,1899585,team,23.0,single,2,2,0,0.0,0.0,21.0
66,1899585,team,23.0,complete,5,5,0,0.0,0.0,1.6666666666666667
66,1899585,team,23.0,ward,6,6,0,0.0,0.0,2.0
67,1899585,individual,2.75,single,12,12,0,0.0,0.0,2.0
67,1899585,individual,2.75,complete,14,14,1,0.2888031005859375,0.2888031005859375,1.5
67,1899585,individual,2.75,ward,14,14,1,0.2888031005859375,0.2888031005859375,1.5
67,1899585,tactical,11.75,single,3,3,0,0.0,0.0,9.5
67,1899585,tactical,11.75,complete,6,6,0,0.0,0.0,1.2
67,1899585,tactical,11.75,ward,6,6,0,0.0,0.0,2.0
67,1899585,team,23.0,single,2,2,0,0.0,0.0,21.0
67,1899585,team,23.0,complete,4,4,0,0.0,0.0,3.75
67,1899585,team,23.0,ward,4,4,0,0.0,0.0,1.7142857142857142
68,1899585,individual,2.75,single,18,18,3,0.41919517517089844,0.7644844055175781,1.0
68,1899585,individual,2.75,complete,19,19,2,0.3919954299926758,0.7644844055175781,1.5
68,1899585,individual,2.75,ward,19,19,2,0.3919954299926758,0.7644844055175781,1.5
68,1899585,tactical,11.75,single,2,2,0,0.0,0.0,21.0
68,1899585,tactical,11.75,complete,8,8,0,0.0,0.0,1.75
68,1899585,tactical,11.75,ward,8,8,0,0.0,0.0,1.25
68,1899585,team,23.0,single,2,2,0,0.0,0.0,21.0
68,1899585,team,23.0,complete,4,4,0,0.0,0.0,2.6
68,1899585,team,23.0,ward,5,5,0,0.0,0.0,1.8
69,1899585,individual,2.75,single,20,20,2,3.958822727203369,5.264967918395996,1.0
69,1899585,individual,2.75,complete,20,20,2,3.958822727203369,5.264967918395996,1.0
69,1899585,individual,2.75,ward,20,20,2,3.958822727203369,5.264967918395996,1.0
69,1899585,tactical,11.75,single,2,2,0,0.0,0.0,21.0
69,1899585,tactical,11.75,complete,10,10,2,3.924553394317627,6.206452369689941,1.3333333333333333
69,1899585,tactical,11.75,ward,10,10,2,3.924553394317627,6.206452369689941,1.3333333333333333
69,1899585,team,23.0,single,2,2,0,0.0,0.0,21.0
69,1899585,team,23.0,complete,5,5,0,0.0,0.0,1.1666666666666667
69,1899585,team,23.0,ward,6,6,1,3.3812026977539062,3.3812026977539062,1.1666666666666667
70,1899585,individual,2.75,single,19,19,2,0.7658014297485352,1.0538129806518555,1.0
70,1899585,individual,2.75,complete,19,19,2,0.7658014297485352,1.0538129806518555,1.0
70,1899585,individual,2.75,ward,19,19,2,0.7658014297485352,1.0538129806518555,1.0
70,1899585,tactical,11.75,single,6,6,0,0.0,0.0,17.0
70,1899585,tactical,11.75,complete,10,10,1,3.6837310791015625,3.6837310791015625,1.2
70,1899585,tactical,11.75,ward,11,11,3,0.7312272389729818,1.6537666320800781,1.25
70,1899585,team,23.0,single,2,2,0,0.0,0.0,21.0
70,1899585,team,23.0,complete,6,6,1,0.35297203063964844,0.35297203063964844,1.8333333333333333
70,1899585,team,23.0,ward,6,6,1,2.5299129486083984,2.5299129486083984,1.0
71,1899585,individual,2.75,single,19,19,1,2.012859344482422,2.012859344482422,1.5
71,1899585,individual,2.75,complete,20,20,2,1.234607219696045,2.012859344482422,1.0
71,1899585,individual,2.75,ward,20,20,2,1.234607219696045,2.012859344482422,1.0
71,1899585,tactical,11.75,single,4,4,0,0.0,0.0,4.0
71,1899585,tactical,11.75,complete,10,10,1,2.6913986206054688,2.6913986206054688,1.6666666666666667
71,1899585,tactical,11.75,ward,10,10,1,2.6913986206054688,2.6913986206054688,1.6666666666666667
71,1899585,team,23.0,single,2,2,0,0.0,0.0,21.0
71,1899585,team,23.0,complete,5,5,0,0.0,0.0,2.25
71,1899585,team,23.0,ward,6,6,0,0.0,0.0,1.75
72,1899585,individual,2.75,single,17,17,3,1.1128425598144531,1.8564214706420898,1.3333333333333333
72,1899585,individual,2.75,complete,19,19,4,0.9548037052154541,1.4585351943969727,1.0
72,1899585,individual,2.75,ward,19,19,4,0.9548037052154541,1.4585351943969727,1.0
72,1899585,tactical,11.75,single,3,3,0,0.0,0.0,20.0
72,1899585,tactical,11.75,complete,10,10,3,1.6314455668131511,3.2372303009033203,2.3333333333333335
72,1899585,tactical,11.75,ward,10,10,3,2.508668581644694,4.480129241943359,1.0
72,1899585,team,23.0,single,2,2,0,0.0,0.0,21.0
72,1899585,team,23.0,complete,4,4,0,0.0,0.0,2.0
72,1899585,team,23.0,ward,6,6,1,2.9250850677490234,2.9250850677490234,1.6
73,1899585,individual,2.75,single,22,22,3,3.766141891479492,6.049333572387695,1.0
73,1899585,individual,2.75,complete,22,22,3,3.766141891479492,6.049333572387695,1.0
73,1899585,individual,2.75,ward,22,22,3,3.766141891479492,6.049333572387695,1.0
73,1899585,tactical,11.75,single,5,5,0,0.0,0.0,8.0
73,1899585,tactical,11.75,complete,13,13,3,3.676865895589193,6.613792419433594,1.5
73,1899585,tactical,11.75,ward,13,13,3,3.676865895589193,6.613792419433594,1.5
73,1899585,team,23.0,single,2,2,0,0.0,0.0,21.0
73,1899585,team,23.0,complete,8,8,1,4.040920257568359,4.040920257568359,1.0
73,1899585,team,23.0,ward,7,7,1,4.040920257568359,4.040920257568359,1.0
74,1899585,individual,2.75,single,20,20,3,3.460399627685547,4.554790496826172,1.0
74,1899585,individual,2.75,complete,20,20,3,3.460399627685547,4.554790496826172,1.0
74,1899585,individual,2.75,ward,20,20,3,3.460399627685547,4.554790496826172,1.0
74,1899585,tactical,11.75,single,6,6,1,2.2038497924804688,2.2038497924804688,1.0
74,1899585,tactical,11.75,complete,11,11,3,2.0408054987589517,3.94490909576416,1.6666666666666667
74,1899585,tactical,11.75,ward,11,11,3,2.0408054987589517,3.94490909576416,1.6666666666666667
74,1899585,team,23.0,single,2,2,0,0.0,0.0,21.0
74,1899585,team,23.0,complete,5,5,1,5.191322326660156,5.191322326660156,1.5
74,1899585,team,23.0,ward,6,6,1,2.709287643432617,2.709287643432617,2.25
75,1899585,individual,2.75,single,13,13,0,0.0,0.0,2.3333333333333335
75,1899585,individual,2.75,complete,14,14,1,0.24573612213134766,0.24573612213134766,1.3333333333333333
75,1899585,individual,2.75,ward,15,15,1,0.24573612213134766,0.24573612213134766,1.3333333333333333
75,1899585,tactical,11.75,single,3,3,0,0.0,0.0,9.5
75,1899585,tactical,11.75,complete,5,5,0,0.0,0.0,3.0
75,1899585,tactical,11.75,ward,6,6,0,0.0,0.0,2.25
75,1899585,team,23.0,single,2,2,0,0.0,0.0,21.0
75,1899585,team,23.0,complete,4,4,0,0.0,0.0,1.7142857142857142
75,1899585,team,23.0,ward,5,5,0,0.0,0.0,3.0
76,1899585,individual,2.75,single,21,21,1,6.453197479248047,6.453197479248047,2.0
76,1899585,individual,2.75,complete,21,21,1,6.453197479248047,6.453197479248047,2.0
76,1899585,individual,2.75,ward,21,21,1,6.453197479248047,6.453197479248047,2.0
76,1899585,tactical,11.75,single,4,4,0,0.0,0.0,9.0
76,1899585,tactical,11.75,complete,11,11,1,6.148240089416504,6.148240089416504,1.0
76,1899585,tactical,11.75,ward,11,11,2,0.8269252777099609,1.2859516143798828,1.3333333333333333
76,1899585,team,23.0,single,2,2,0,0.0,0.0,21.0
76,1899585,team,23.0,complete,6,6,0,0.0,0.0,1.4
76,1899585,team,23.0,ward,6,6,0,0.0,0.0,1.4
77,1899585,individual,2.75,single,21,21,2,0.46733856201171875,0.8446903228759766,2.0
77,1899585,individual,2.75,complete,21,21,2,0.46733856201171875,0.8446903228759766,2.0
77,1899585,individual,2.75,ward,21,21,2,0.46733856201171875,0.8446903228759766,2.0
77,1899585,tactical,11.75,single,4,4,0,0.0,0.0,19.0
77,1899585,tactical,11.75,complete,10,10,1,2.3745365142822266,2.3745365142822266,1.0
77,1899585,tactical,11.75,ward,11,11,1,2.3745365142822266,2.3745365142822266,1.6666666666666667
77,1899585,team,23.0,single,2,2,0,0.0,0.0,21.0
77,1899585,team,23.0,complete,6,6,1,1.0183887481689453,1.0183887481689453,1.4
77,1899585,team,23.0,ward,6,6,0,0.0,0.0,1.0
78,1899585,individual,2.75,single,21,21,2,1.1163032054901123,1.7699804306030273,2.0
78,1899585,individual,2.75,complete,21,21,2,1.1163032054901123,1.7699804306030273,2.0
78,1899585,individual,2.75,ward,21,21,2,1.1163032054901123,1.7699804306030273,2.0
78,1899585,tactical,11.75,single,4,4,0,0.0,0.0,5.666666666666667
78,1899585,tactical,11.75,complete,11,11,2,0.7967061996459961,1.3368988037109375,1.6666666666666667
78,1899585,tactical,11.75,ward,11,11,2,0.857147216796875,0.9490947723388672,1.0
78,1899585,team,23.0,single,2,2,0,0.0,0.0,21.0
78,1899585,team,23.0,complete,7,7,0,0.0,0.0,2.0
78,1899585,team,23.0,ward,7,7,0,0.0,0.0,2.0
79,1899585,individual,2.75,single,19,19,4,2.973184108734131,7.9286041259765625,1.5
79,1899585,individual,2.75,complete,19,19,4,2.973184108734131,7.9286041259765625,1.5
79,1899585,individual,2.75,ward,19,19,4,2.973184108734131,7.9286041259765625,1.5
79,1899585,tactical,11.75,single,7,7,1,3.223400115966797,3.223400115966797,1.0
79,1899585,tactical,11.75,complete,12,12,2,6.372461318969727,7.57177734375,1.6666666666666667
79,1899585,tactical,11.75,ward,11,11,2,6.372461318969727,7.57177734375,1.6666666666666667
79,1899585,team,23.0,single,2,2,0,0.0,0.0,21.0
79,1899585,team,23.0,complete,7,7,1,5.607063293457031,5.607063293457031,1.25
79,1899585,team,23.0,ward,6,6,1,6.53302001953125,6.53302001953125,1.2
80,1899585,individual,2.75,single,20,20,6,0.8012421925862631,2.1871089935302734,1.0
80,1899585,individual,2.75,complete,20,20,6,0.8012421925862631,2.1871089935302734,1.0
80,1899585,individual,2.75,ward,20,20,6,0.8012421925862631,2.1871089935302734,1.0
80,1899585,tactical,11.75,single,8,8,0,0.0,0.0,2.5
80,1899585,tactical,11.75,complete,12,12,3,0.9304974873860677,1.132699966430664,1.0
80,1899585,tactical,11.75,ward,12,12,1,0.2007465362548828,0.2007465362548828,1.0
80,1899585,team,23.0,single,2,2,0,0.0,0.0,21.0
80,1899585,team,23.0,complete,7,7,1,1.54559326171875,1.54559326171875,2.0
80,1899585,team,23.0,ward,8,8,1,3.0326271057128906,3.0326271057128906,1.0
81,1899585,individual,2.75,single,20,20,2,1.555544376373291,2.2569828033447266,1.0
81,1899585,individual,2.75,complete,20,20,2,1.555544376373291,2.2569828033447266,1.0
81,1899585,individual,2.75,ward,20,20,2,1.555544376373291,2.2569828033447266,1.0
81,1899585,tactical,11.75,single,5,5,0,0.0,0.0,1.7142857142857142
81,1899585,tactical,11.75,complete,12,12,2,2.6964855194091797,5.044395446777344,1.3333333333333333
81,1899585,tactical,11.75,ward,12,12,2,2.6964855194091797,5.044395446777344,1.3333333333333333
81,1899585,team,23.0,single,2,2,0,0.0,0.0,21.0
81,1899585,team,23.0,complete,6,6,1,5.735513687133789,5.735513687133789,1.4
81,1899585,team,23.0,ward,8,8,1,2.333087921142578,2.333087921142578,1.4
82,1899585,individual,2.75,single,20,20,3,0.6897579828898112,0.9079551696777344,3.0
82,1899585,individual,2.75,complete,21,21,3,0.6897579828898112,0.9079551696777344,2.0
82,1899585,individual,2.75,ward,21,21,3,0.6897579828898112,0.9079551696777344,2.0
82,1899585,tactical,11.75,single,5,5,0,0.0,0.0,1.0
82,1899585,tactical,11.75,complete,11,11,1,1.5922069549560547,1.5922069549560547,1.0
82,1899585,tactical,11.75,ward,11,11,1,1.5922069549560547,1.5922069549560547,1.0
82,1899585,team,23.0,single,2,2,0,0.0,0.0,21.0
82,1899585,team,23.0,complete,7,7,1,5.335786819458008,5.335786819458008,1.0
82,1899585,team,23.0,ward,7,7,0,0.0,0.0,1.4
83,1899585,individual,2.75,single,20,20,2,3.9093360900878906,4.517195701599121,1.0
83,1899585,individual,2.75,complete,20,20,2,3.9093360900878906,4.517195701599121,1.0
83,1899585,individual,2.75,ward,20,20,2,3.9093360900878906,4.517195701599121,1.0
83,1899585,tactical,11.75,single,7,7,1,1.7584171295166016,1.7584171295166016,1.6
83,1899585,tactical,11.75,complete,12,12,1,9.044677734375,9.044677734375,1.3333333333333333
83,1899585,tactical,11.75,ward,12,12,2,4.805572509765625,5.283658981323242,1.0
83,1899585,team,23.0,single,2,2,0,0.0,0.0,21.0
83,1899585,team,23.0,complete,8,8,1,4.038713455200195,4.038713455200195,1.25
83,1899585,team,23.0,ward,8,8,2,4.6011810302734375,7.730119705200195,1.6666666666666667
84,1899585,individual,2.75,single,20,20,3,2.3976917266845703,6.2558441162109375,1.0
84,1899585,individual,2.75,complete,20,20,3,2.3976917266845703,6.2558441162109375,1.0
84,1899585,individual,2.75,ward,20,20,3,2.3976917266845703,6.2558441162109375,1.0
84,1899585,tactical,11.75,single,6,6,0,0.0,0.0,8.0
84,1899585,tactical,11.75,complete,10,10,1,2.6360301971435547,2.6360301971435547,1.0
84,1899585,tactical,11.75,ward,10,10,1,2.6360301971435547,2.6360301971435547,1.0
84,1899585,team,23.0,single,2,2,0,0.0,0.0,21.0
84,1899585,team,23.0,complete,5,5,1,0.06347274780273438,0.06347274780273438,2.75
84,1899585,team,23.0,ward,7,7,0,0.0,0.0,1.0
85,1899585,individual,2.75,single,11,11,1,0.1279582977294922,0.1279582977294922,3.3333333333333335
85,1899585,individual,2.75,complete,15,15,0,0.0,0.0,1.0
85,1899585,individual,2.75,ward,14,14,0,0.0,0.0,1.0
85,1899585,tactical,11.75,single,3,3,0,0.0,0.0,9.5
85,1899585,tactical,11.75,complete,7,7,0,0.0,0.0,1.3333333333333333
85,1899585,tactical,11.75,ward,7,7,0,0.0,0.0,1.3333333333333333
85,1899585,team,23.0,single,2,2,0,0.0,0.0,21.0
85,1899585,team,23.0,complete,4,4,0,0.0,0.0,9.0
85,1899585,team,23.0,ward,4,4,0,0.0,0.0,3.75
86,1899585,individual,2.75,single,9,9,0,0.0,0.0,1.3333333333333333
86,1899585,individual,2.75,complete,13,13,0,0.0,0.0,1.25
86,1899585,individual,2.75,ward,13,13,0,0.0,0.0,1.25
86,1899585,tactical,11.75,single,2,2,0,0.0,0.0,21.0
86,1899585,tactical,11.75,complete,5,5,0,0.0,0.0,1.125
86,1899585,tactical,11.75,ward,7,7,0,0.0,0.0,1.3333333333333333
86,1899585,team,23.0,single,2,2,0,0.0,0.0,21.0
86,1899585,team,23.0,complete,3,3,0,0.0,0.0,1.1
86,1899585,team,23.0,ward,3,3,0,0.0,0.0,2.0
87,1899585,individual,2.75,single,18,18,5,1.5922103881835938,3.4223270416259766,1.0
87,1899585,individual,2.75,complete,18,18,5,1.5922103881835938,3.4223270416259766,1.0
87,1899585,individual,2.75,ward,18,18,5,1.5922103881835938,3.4223270416259766,1.0
87,1899585,tactical,11.75,single,5,5,0,0.0,0.0,8.0
87,1899585,tactical,11.75,complete,9,9,1,2.911710739135742,2.911710739135742,1.25
87,1899585,tactical,11.75,ward,9,9,1,2.911710739135742,2.911710739135742,1.25
87,1899585,team,23.0,single,2,2,0,0.0,0.0,21.0
87,1899585,team,23.0,complete,6,6,1,6.989099502563477,6.989099502563477,1.2857142857142858
87,1899585,team,23.0,ward,5,5,1,2.0256919860839844,2.0256919860839844,1.2857142857142858
88,1899585,individual,2.75,single,19,19,3,3.879631996154785,6.035299301147461,1.5
88,1899585,individual,2.75,complete,20,20,3,3.1313327153523765,6.035299301147461,1.0
88,1899585,individual,2.75,ward,20,20,3,3.1313327153523765,6.035299301147461,1.0
88,1899585,tactical,11.75,single,5,5,1,4.885568618774414,4.885568618774414,8.5
88,1899585,tactical,11.75,complete,11,11,3,3.4783802032470703,5.809762954711914,1.6666666666666667
88,1899585,tactical,11.75,ward,11,11,2,3.16817569732666,6.100128173828125,1.0
88,1899585,team,23.0,single,2,2,0,0.0,0.0,21.0
88,1899585,team,23.0,complete,8,8,2,3.625359535217285,5.809762954711914,1.25
88,1899585,team,23.0,ward,8,8,1,7.393280029296875,7.393280029296875,1.5
89,1899585,individual,2.75,single,18,18,1,7.423707008361816,7.423707008361816,2.0
89,1899585,individual,2.75,complete,19,19,1,7.423707008361816,7.423707008361816,1.0
89,1899585,individual,2.75,ward,19,19,1,7.423707008361816,7.423707008361816,1.0
89,1899585,tactical,11.75,single,2,2,0,0.0,0.0,21.0
89,1899585,tactical,11.75,complete,9,9,1,3.7589111328125,3.7589111328125,2.6666666666666665
89,1899585,tactical,11.75,ward,8,8,1,3.676457405090332,3.676457405090332,1.25
89,1899585,team,23.0,single,2,2,0,0.0,0.0,21.0
89,1899585,team,23.0,complete,4,4,0,0.0,0.0,1.6666666666666667
89,1899585,team,23.0,ward,4,4,0,0.0,0.0,1.6666666666666667
90,1899585,individual,2.75,single,16,16,2,1.6103787422180176,2.4756174087524414,1.0
90,1899585,individual,2.75,complete,17,17,2,1.6103787422180176,2.4756174087524414,1.5
90,1899585,individual,2.75,ward,17,17,2,1.6103787422180176,2.4756174087524414,1.5
90,1899585,tactical,11.75,single,2,2,0,0.0,0.0,21.0
90,1899585,tactical,11.75,complete,9,9,0,0.0,0.0,1.25
90,1899585,tactical,11.75,ward,9,9,0,0.0,0.0,2.0
90,1899585,team,23.0,single,2,2,0,0.0,0.0,21.0
90,1899585,team,23.0,complete,5,5,0,0.0,0.0,1.0
90,1899585,team,23.0,ward,5,5,0,0.0,0.0,1.5
91,1899585,individual,2.75,single,21,21,4,1.9384047985076904,3.420853614807129,2.0
91,1899585,individual,2.75,complete,21,21,4,1.9384047985076904,3.420853614807129,2.0
91,1899585,individual,2.75,ward,21,21,4,1.9384047985076904,3.420853614807129,2.0
91,1899585,tactical,11.75,single,4,4,0,0.0,0.0,5.666666666666667
91,1899585,tactical,11.75,complete,11,11,2,2.4968204498291016,3.265026092529297,1.6666666666666667
91,1899585,tactical,11.75,ward,11,11,2,3.0080671310424805,4.344587326049805,1.6666666666666667
91,1899585,team,23.0,single,2,2,0,0.0,0.0,21.0
91,1899585,team,23.0,complete,5,5,1,3.9006290435791016,3.9006290435791016,1.8
91,1899585,team,23.0,ward,5,5,1,3.9006290435791016,3.9006290435791016,1.8
92,1899585,individual,2.75,single,20,20,3,2.750901540120443,4.797606468200684,1.0
92,1899585,individual,2.75,complete,20,20,3,2.750901540120443,4.797606468200684,1.0
92,1899585,individual,2.75,ward,20,20,3,2.750901540120443,4.797606468200684,1.0
92,1899585,tactical,11.75,single,9,9,0,0.0,0.0,1.4
92,1899585,tactical,11.75,complete,13,13,2,4.817849636077881,4.838092803955078,1.0
92,1899585,tactical,11.75,ward,13,13,2,4.817849636077881,4.838092803955078,1.0
92,1899585,team,23.0,single,2,2,0,0.0,0.0,21.0
92,1899585,team,23.0,complete,8,8,1,6.526405334472656,6.526405334472656,1.0
92,1899585,team,23.0,ward,8,8,1,6.526405334472656,6.526405334472656,1.0
93,1899585,individual,2.75,single,20,20,2,1.8086047172546387,2.2964859008789062,1.0
93,1899585,individual,2.75,complete,20,20,2,1.8086047172546387,2.2964859008789062,1.0
93,1899585,individual,2.75,ward,20,20,2,1.8086047172546387,2.2964859008789062,1.0
93,1899585,tactical,11.75,single,4,4,0,0.0,0.0,19.0
93,1899585,tactical,11.75,complete,11,11,1,1.1896419525146484,1.1896419525146484,1.6666666666666667
93,1899585,tactical,11.75,ward,12,12,0,0.0,0.0,1.0
93,1899585,team,23.0,single,2,2,0,0.0,0.0,21.0
93,1899585,team,23.0,complete,7,7,1,0.043224334716796875,0.043224334716796875,1.8
93,1899585,team,23.0,ward,7,7,0,0.0,0.0,1.4
94,1899585,individual,2.75,single,17,17,1,0.8520126342773438,0.8520126342773438,1.0
94,1899585,individual,2.75,complete,19,19,2,0.7973437309265137,0.8520126342773438,1.0
94,1899585,individual,2.75,ward,19,19,2,0.7973437309265137,0.8520126342773438,1.0
94,1899585,tactical,11.75,single,4,4,0,0.0,0.0,9.0
94,1899585,tactical,11.75,complete,9,9,2,1.871656894683838,3.6560888290405273,1.25
94,1899585,tactical,11.75,ward,9,9,2,1.871656894683838,3.6560888290405273,1.25
94,1899585,team,23.0,single,2,2,0,0.0,0.0,21.0
94,1899585,team,23.0,complete,5,5,0,0.0,0.0,1.1428571428571428
94,1899585,team,23.0,ward,6,6,0,0.0,0.0,1.1428571428571428
95,1899585,individual,2.75,single,19,19,4,0.7880423069000244,2.363677978515625,1.5
95,1899585,individual,2.75,complete,20,20,4,0.7880423069000244,2.363677978515625,1.0
95,1899585,individual,2.75,ward,20,20,4,0.7880423069000244,2.363677978515625,1.0
95,1899585,tactical,11.75,single,2,2,0,0.0,0.0,21.0
95,1899585,tactical,11.75,complete,9,9,1,2.813669204711914,2.813669204711914,1.3333333333333333
95,1899585,tactical,11.75,ward,8,8,1,2.7345218658447266,2.7345218658447266,2.0
95,1899585,team,23.0,single,2,2,0,0.0,0.0,21.0
95,1899585,team,23.0,complete,5,5,1,1.9638233184814453,1.9638233184814453,1.0
95,1899585,team,23.0,ward,5,5,0,0.0,0.0,1.1428571428571428
96,1899585,individual,2.75,single,22,22,4,2.736196756362915,6.805739402770996,1.0
96,1899585,individual,2.75,complete,22,22,4,2.736196756362915,6.805739402770996,1.0
96,1899585,individual,2.75,ward,22,22,4,2.736196756362915,6.805739402770996,1.0
96,1899585,tactical,11.75,single,6,6,0,0.0,0.0,4.666666666666667
96,1899585,tactical,11.75,complete,12,12,3,1.8844490051269531,4.473176956176758,1.3333333333333333
96,1899585,tactical,11.75,ward,12,12,3,3.93474547068278,5.4300432205200195,1.0
96,1899585,team,23.0,single,2,2,0,0.0,0.0,21.0
96,1899585,team,23.0,complete,8,8,1,3.7986698150634766,3.7986698150634766,1.0
96,1899585,team,23.0,ward,7,7,1,3.2907752990722656,3.2907752990722656,1.2
97,1899585,individual,2.75,single,20,20,2,1.457672119140625,1.5125741958618164,1.0
97,1899585,individual,2.75,complete,20,20,2,1.457672119140625,1.5125741958618164,1.0
97,1899585,individual,2.75,ward,20,20,2,1.457672119140625,1.5125741958618164,1.0
97,1899585,tactical,11.75,single,4,4,0,0.0,0.0,19.0
97,1899585,tactical,11.75,complete,11,11,0,0.0,0.0,1.6666666666666667
97,1899585,tactical,11.75,ward,10,10,0,0.0,0.0,1.25
97,1899585,team,23.0,single,2,2,0,0.0,0.0,21.0
97,1899585,team,23.0,complete,6,6,0,0.0,0.0,1.8
97,1899585,team,23.0,ward,6,6,0,0.0,0.0,1.8
98,1899585,individual,2.75,single,22,22,5,1.1805923461914063,2.2639617919921875,1.0
98,1899585,individual,2.75,complete,22,22,5,1.1805923461914063,2.2639617919921875,1.0
98,1899585,individual,2.75,ward,22,22,5,1.1805923461914063,2.2639617919921875,1.0
98,1899585,tactical,11.75,single,8,8,0,0.0,0.0,3.6666666666666665
98,1899585,tactical,11.75,complete,13,13,2,3.4402050971984863,4.39205265045166,1.0
98,1899585,tactical,11.75,ward,12,12,2,2.145169258117676,3.2467823028564453,1.0
98,1899585,team,23.0,single,2,2,0,0.0,0.0,21.0
98,1899585,team,23.0,complete,8,8,0,0.0,0.0,1.0
98,1899585,team,23.0,ward,8,8,1,3.484283447265625,3.484283447265625,1.0
99,1899585,individual,2.75,single,21,21,3,1.4181931813557942,2.6924753189086914,2.0
99,1899585,individual,2.75,complete,21,21,3,1.4181931813557942,2.6924753189086914,2.0
99,1899585,individual,2.75,ward,21,21,3,1.4181931813557942,2.6924753189086914,2.0
99,1899585,tactical,11.75,single,4,4,0,0.0,0.0,19.0
99,1899585,tactical,11.75,complete,10,10,0,0.0,0.0,1.6666666666666667
99,1899585,tactical,11.75,ward,10,10,0,0.0,0.0,1.6666666666666667
99,1899585,team,23.0,single,1,1,0,0.0,0.0,22.0
99,1899585,team,23.0,complete,6,6,0,0.0,0.0,1.0
99,1899585,team,23.0,ward,6,6,0,0.0,0.0,1.0
100,1899585,individual,2.75,single,22,22,2,1.8633766174316406,3.083463668823242,1.0
100,1899585,individual,2.75,complete,22,22,2,1.8633766174316406,3.083463668823242,1.0
100,1899585,individual,2.75,ward,22,22,2,1.8633766174316406,3.083463668823242,1.0
100,1899585,tactical,11.75,single,6,6,0,0.0,0.0,8.0
100,1899585,tactical,11.75,complete,12,12,0,0.0,0.0,1.3333333333333333
100,1899585,tactical,11.75,ward,12,12,0,0.0,0.0,1.0
100,1899585,team,23.0,single,2,2,0,0.0,0.0,21.0
100,1899585,team,23.0,complete,8,8,0,0.0,0.0,1.25
100,1899585,team,23.0,ward,8,8,0,0.0,0.0,1.25
101,1899585,individual,2.75,single,10,10,0,0.0,0.0,2.25
101,1899585,individual,2.75,complete,14,14,0,0.0,0.0,1.0
101,1899585,individual,2.75,ward,14,14,0,0.0,0.0,1.6666666666666667
101,1899585,tactical,11.75,single,4,4,0,0.0,0.0,19.0
101,1899585,tactical,11.75,complete,6,6,0,0.0,0.0,2.4
101,1899585,tactical,11.75,ward,7,7,0,0.0,0.0,1.4
101,1899585,team,23.0,single,2,2,0,0.0,0.0,21.0
101,1899585,team,23.0,complete,4,4,0,0.0,0.0,2.8
101,1899585,team,23.0,ward,4,4,0,0.0,0.0,2.8
102,1899585,individual,2.75,single,19,19,3,2.2172114054361978,3.543710708618164,1.5
102,1899585,individual,2.75,complete,20,20,4,1.4790105819702148,3.543710708618164,1.0
102,1899585,individual,2.75,ward,20,20,4,1.4790105819702148,3.543710708618164,1.0
102,1899585,tactical,11.75,single,8,8,0,0.0,0.0,6.0
102,1899585,tactical,11.75,complete,12,12,2,2.4649410247802734,3.409393310546875,2.0
102,1899585,tactical,11.75,ward,12,12,2,2.4649410247802734,3.409393310546875,2.0
102,1899585,team,23.0,single,2,2,0,0.0,0.0,21.0
102,1899585,team,23.0,complete,8,8,1,5.118589401245117,5.118589401245117,1.5
102,1899585,team,23.0,ward,8,8,2,4.2441511154174805,4.520259857177734,1.5
103,1899585,individual,2.75,single,20,20,2,0.3585848808288574,0.6058330535888672,1.0
103,1899585,individual,2.75,complete,20,20,2,0.3585848808288574,0.6058330535888672,1.0
103,1899585,individual,2.75,ward,20,20,2,0.3585848808288574,0.6058330535888672,1.0
103,1899585,tactical,11.75,single,8,8,1,3.6897716522216797,3.6897716522216797,1.8
103,1899585,tactical,11.75,complete,12,12,0,0.0,0.0,1.3333333333333333
103,1899585,tactical,11.75,ward,13,13,0,0.0,0.0,1.0
103,1899585,team,23.0,single,2,2,0,0.0,0.0,21.0
103,1899585,team,23.0,complete,6,6,1,1.3953533172607422,1.3953533172607422,1.1666666666666667
103,1899585,team,23.0,ward,7,7,1,0.9364395141601562,0.9364395141601562,1.2
104,1899585,individual,2.75,single,17,17,5,2.454611587524414,4.6097612380981445,2.0
104,1899585,individual,2.75,complete,18,18,5,2.3480903625488283,4.6097612380981445,1.0
104,1899585,individual,2.75,ward,18,18,5,2.3480903625488283,4.6097612380981445,1.0
104,1899585,tactical,11.75,single,6,6,1,1.0631752014160156,1.0631752014160156,7.5
104,1899585,tactical,11.75,complete,12,12,2,2.410560131072998,4.2555036544799805,1.6666666666666667
104,1899585,tactical,11.75,ward,13,13,3,3.1130749384562173,4.518104553222656,1.3333333333333333
104,1899585,team,23.0,single,2,2,0,0.0,0.0,21.0
104,1899585,team,23.0,complete,7,7,1,2.404508590698242,2.404508590698242,1.2
104,1899585,team,23.0,ward,8,8,1,0.736328125,0.736328125,1.2
105,1899585,individual,2.75,single,20,20,4,1.4529750347137451,4.111354827880859,1.0
105,1899585,individual,2.75,complete,20,20,4,1.4529750347137451,4.111354827880859,1.0
105,1899585,individual,2.75,ward,20,20,4,1.4529750347137451,4.111354827880859,1.0
105,1899585,tactical,11.75,single,7,7,1,5.194004058837891,5.194004058837891,16.0
105,1899585,tactical,11.75,complete,12,12,2,2.1974706649780273,3.1243019104003906,1.6666666666666667
105,1899585,tactical,11.75,ward,13,13,2,2.876588821411133,3.186695098876953,1.0
105,1899585,team,23.0,single,1,1,0,0.0,0.0,22.0
105,1899585,team,23.0,complete,8,8,0,0.0,0.0,1.0
105,1899585,team,23.0,ward,7,7,1,4.0777587890625,4.0777587890625,1.2
106,1899585,individual,2.75,single,22,22,3,1.6078554789225261,2.121241569519043,1.0
106,1899585,individual,2.75,complete,22,22,3,1.6078554789225261,2.121241569519043,1.0
106,1899585,individual,2.75,ward,22,22,3,1.6078554789225261,2.121241569519043,1.0
106,1899585,tactical,11.75,single,9,9,2,3.1396093368530273,5.219659805297852,6.5
106,1899585,tactical,11.75,complete,12,12,3,2.3721790313720703,3.269430160522461,1.0
106,1899585,tactical,11.75,ward,13,13,3,2.244695027669271,2.8869781494140625,1.3333333333333333
106,1899585,team,23.0,single,2,2,0,0.0,0.0,21.0
106,1899585,team,23.0,complete,9,9,1,0.1903820037841797,0.1903820037841797,1.25
106,1899585,team,23.0,ward,8,8,1,2.378631591796875,2.378631591796875,1.0
107,1899585,individual,2.75,single,21,21,3,1.8656514485677083,3.0563154220581055,2.0
107,1899585,individual,2.75,complete,21,21,3,1.8656514485677083,3.0563154220581055,2.0
107,1899585,individual,2.75,ward,21,21,3,1.8656514485677083,3.0563154220581055,2.0
107,1899585,tactical,11.75,single,4,4,0,0.0,0.0,19.0
107,1899585,tactical,11.75,complete,12,12,3,3.012292226155599,4.262645721435547,2.0
107,1899585,tactical,11.75,ward,11,11,2,3.9883737564086914,4.262645721435547,1.3333333333333333
107,1899585,team,23.0,single,2,2,0,0.0,0.0,21.0
107,1899585,team,23.0,complete,7,7,1,3.333009719848633,3.333009719848633,1.25
107,1899585,team,23.0,ward,8,8,0,0.0,0.0,1.25
108,1899585,individual,2.75,single,21,21,3,1.474418004353841,2.8553314208984375,2.0
108,1899585,individual,2.75,complete,21,21,3,1.474418004353841,2.8553314208984375,2.0
108,1899585,individual,2.75,ward,21,21,3,1.474418004353841,2.8553314208984375,2.0
108,1899585,tactical,11.75,single,5,5,1,1.6707630157470703,1.6707630157470703,18.0
108,1899585,tactical,11.75,complete,11,11,2,1.588277816772461,1.7326374053955078,1.0
108,1899585,tactical,11.75,ward,12,12,1,2.2278976440429688,2.2278976440429688,1.3333333333333333
108,1899585,team,23.0,single,2,2,0,0.0,0.0,21.0
108,1899585,team,23.0,complete,6,6,0,0.0,0.0,1.3333333333333333
108,1899585,team,23.0,ward,6,6,0,0.0,0.0,1.3333333333333333
109,1899585,individual,2.75,single,22,22,3,2.6832491556803384,4.761924743652344,1.0
109,1899585,individual,2.75,complete,22,22,3,2.6832491556803384,4.761924743652344,1.0
109,1899585,individual,2.75,ward,22,22,3,2.6832491556803384,4.761924743652344,1.0
109,1899585,tactical,11.75,single,6,6,0,0.0,0.0,1.8333333333333333
109,1899585,tactical,11.75,complete,12,12,3,2.674989700317383,5.8121490478515625,1.5
109,1899585,tactical,11.75,ward,12,12,3,2.674989700317383,5.8121490478515625,1.5
109,1899585,team,23.0,single,2,2,0,0.0,0.0,21.0
109,1899585,team,23.0,complete,8,8,1,1.0717697143554688,1.0717697143554688,1.25
109,1899585,team,23.0,ward,9,9,2,1.005859375,1.0717697143554688,1.0
110,1899585,individual,2.75,single,18,18,3,2.5695133209228516,2.9372711181640625,1.0
110,1899585,individual,2.75,complete,18,18,3,2.5695133209228516,2.9372711181640625,1.0
110,1899585,individual,2.75,ward,18,18,3,2.5695133209228516,2.9372711181640625,1.0
110,1899585,tactical,11.75,single,4,4,0,0.0,0.0,5.666666666666667
110,1899585,tactical,11.75,complete,11,11,1,3.1014556884765625,3.1014556884765625,1.0
110,1899585,tactical,11.75,ward,11,11,1,3.1014556884765625,3.1014556884765625,1.0
110,1899585,team,23.0,single,2,2,0,0.0,0.0,21.0
110,1899585,team,23.0,complete,6,6,1,0.4335498809814453,0.4335498809814453,2.25
110,1899585,team,23.0,ward,6,6,1,0.4335498809814453,0.4335498809814453,2.25
111,1899585,individual,2.75,single,20,20,4,2.9044089317321777,6.221942901611328,3.0
111,1899585,individual,2.75,complete,21,21,4,2.9044089317321777,6.221942901611328,2.0
111,1899585,individual,2.75,ward,21,21,4,2.9044089317321777,6.221942901611328,2.0
111,1899585,tactical,11.75,single,4,4,0,0.0,0.0,2.1666666666666665
111,1899585,tactical,11.75,complete,10,10,2,2.9516944885253906,5.285186767578125,1.25
111,1899585,tactical,11.75,ward,9,9,2,3.563652992248535,6.509103775024414,1.75
111,1899585,team,23.0,single,2,2,0,0.0,0.0,21.0
111,1899585,team,23.0,complete,6,6,1,5.405782699584961,5.405782699584961,2.25
111,1899585,team,23.0,ward,6,6,1,1.7982215881347656,1.7982215881347656,1.5
112,1899585,individual,2.75,single,18,18,3,1.6844218571980794,3.1103858947753906,1.0
112,1899585,individual,2.75,complete,18,18,3,1.6844218571980794,3.1103858947753906,1.0
112,1899585,individual,2.75,ward,18,18,3,1.6844218571980794,3.1103858947753906,1.0
112,1899585,tactical,11.75,single,5,5,0,0.0,0.0,18.0
112,1899585,tactical,11.75,complete,11,11,2,3.466668128967285,4.810331344604492,1.6666666666666667
112,1899585,tactical,11.75,ward,10,10,2,3.293943405151367,4.810331344604492,1.25
112,1899585,team,23.0,single,2,2,0,0.0,0.0,21.0
112,1899585,team,23.0,complete,5,5,0,0.0,0.0,1.6
112,1899585,team,23.0,ward,5,5,0,0.0,0.0,1.6
113,1899585,individual,2.75,single,12,12,2,0.5300664901733398,0.8858089447021484,11.0
113,1899585,individual,2.75,complete,16,16,2,0.34554243087768555,0.5167608261108398,1.3333333333333333
113,1899585,individual,2.75,ward,16,16,2,0.34554243087768555,0.5167608261108398,1.0
113,1899585,tactical,11.75,single,3,3,0,0.0,0.0,9.5
113,1899585,tactical,11.75,complete,5,5,0,0.0,0.0,1.2857142857142858
113,1899585,tactical,11.75,ward,5,5,0,0.0,0.0,3.0
113,1899585,team,23.0,single,2,2,0,0.0,0.0,21.0
113,1899585,team,23.0,complete,3,3,0,0.0,0.0,9.5
113,1899585,team,23.0,ward,4,4,0,0.0,0.0,1.7142857142857142
114,1899585,individual,2.75,single,21,21,3,3.09047794342041,6.510663986206055,2.0
114,1899585,individual,2.75,complete,21,21,3,3.09047794342041,6.510663986206055,2.0
114,1899585,individual,2.75,ward,21,21,3,3.09047794342041,6.510663986206055,2.0
114,1899585,tactical,11.75,single,7,7,0,0.0,0.0,7.5
114,1899585,tactical,11.75,complete,12,12,3,2.437079747517904,4.424762725830078,1.3333333333333333
114,1899585,tactical,11.75,ward,13,13,3,3.3610521952311196,7.196680068969727,1.5
114,1899585,team,23.0,single,2,2,0,0.0,0.0,21.0
114,1899585,team,23.0,complete,8,8,1,2.2453041076660156,2.2453041076660156,1.0
114,1899585,team,23.0,ward,8,8,1,3.3292980194091797,3.3292980194091797,1.25
115,1899585,individual,2.75,single,19,19,3,1.8952534993489583,2.8186588287353516,1.0
115,1899585,individual,2.75,complete,19,19,3,1.8952534993489583,2.8186588287353516,1.0
115,1899585,individual,2.75,ward,19,19,3,1.8952534993489583,2.8186588287353516,1.0
115,1899585,tactical,11.75,single,8,8,1,5.704315185546875,5.704315185546875,6.5
115,1899585,tactical,11.75,complete,12,12,2,2.1602783203125,2.181028366088867,1.6666666666666667
115,1899585,tactical,11.75,ward,12,12,2,2.1602783203125,2.181028366088867,1.6666666666666667
115,1899585,team,23.0,single,2,2,0,0.0,0.0,21.0
115,1899585,team,23.0,complete,8,8,2,2.93241024017334,3.1349334716796875,1.0
115,1899585,team,23.0,ward,8,8,2,2.93241024017334,3.1349334716796875,1.0
116,1899585,individual,2.75,single,19,19,4,4.424365997314453,12.408082962036133,1.5
116,1899585,individual,2.75,complete,20,20,5,3.62823486328125,12.408082962036133,1.0
116,1899585,individual,2.75,ward,20,20,5,3.62823486328125,12.408082962036133,1.0
116,1899585,tactical,11.75,single,11,11,1,12.330280303955078,12.330280303955078,1.3333333333333333
116,1899585,tactical,11.75,complete,14,14,2,6.6480841636657715,9.453912734985352,1.0
116,1899585,tactical,11.75,ward,14,14,2,6.6480841636657715,9.453912734985352,1.0
116,1899585,team,23.0,single,2,2,0,0.0,0.0,21.0
116,1899585,team,23.0,complete,8,8,1,12.985946655273438,12.985946655273438,1.0
116,1899585,team,23.0,ward,8,8,1,12.985946655273438,12.985946655273438,1.0
117,1899585,individual,2.75,single,20,20,1,3.9462804794311523,3.9462804794311523,1.0
117,1899585,individual,2.75,complete,20,20,1,3.9462804794311523,3.9462804794311523,1.0
117,1899585,individual,2.75,ward,20,20,1,3.9462804794311523,3.9462804794311523,1.0
117,1899585,tactical,11.75,single,5,5,0,0.0,0.0,18.0
117,1899585,tactical,11.75,complete,10,10,0,0.0,0.0,2.0
117,1899585,tactical,11.75,ward,11,11,0,0.0,0.0,1.0
117,1899585,team,23.0,single,2,2,0,0.0,0.0,21.0
117,1899585,team,23.0,complete,6,6,0,0.0,0.0,1.2857142857142858
117,1899585,team,23.0,ward,6,6,0,0.0,0.0,1.0
118,1899585,individual,2.75,single,21,21,3,1.9751793543497722,3.893204689025879,2.0
118,1899585,individual,2.75,complete,21,21,3,1.9751793543497722,3.893204689025879,2.0
118,1899585,individual,2.75,ward,21,21,3,1.9751793543497722,3.893204689025879,2.0
118,1899585,tactical,11.75,single,5,5,0,0.0,0.0,8.5
118,1899585,tactical,11.75,complete,13,13,1,5.451667785644531,5.451667785644531,1.3333333333333333
118,1899585,tactical,11.75,ward,13,13,1,5.451667785644531,5.451667785644531,1.3333333333333333
118,1899585,team,23.0,single,2,2,0,0.0,0.0,21.0
118,1899585,team,23.0,complete,7,7,1,5.6515350341796875,5.6515350341796875,1.25
118,1899585,team,23.0,ward,8,8,1,8.032371520996094,8.032371520996094,1.0
119,1899585,individual,2.75,single,21,21,5,0.7783801078796386,1.1654586791992188,2.0
119,1899585,individual,2.75,complete,21,21,5,0.7783801078796386,1.1654586791992188,2.0
119,1899585,individual,2.75,ward,21,21,5,0.7783801078796386,1.1654586791992188,2.0
119,1899585,tactical,11.75,single,7,7,0,0.0,0.0,2.4
119,1899585,tactical,11.75,complete,12,12,1,5.224130630493164,5.224130630493164,1.3333333333333333
119,1899585,tactical,11.75,ward,12,12,1,5.224130630493164,5.224130630493164,1.3333333333333333
119,1899585,team,23.0,single,2,2,0,0.0,0.0,21.0
119,1899585,team,23.0,complete,6,6,1,1.9012069702148438,1.9012069702148438,1.8
119,1899585,team,23.0,ward,6,6,1,2.9111289978027344,2.9111289978027344,1.4
120,1899585,individual,2.75,single,13,13,0,0.0,0.0,2.3333333333333335
120,1899585,individual,2.75,complete,15,15,0,0.0,0.0,1.0
120,1899585,individual,2.75,ward,15,15,0,0.0,0.0,1.0
120,1899585,tactical,11.75,single,2,2,0,0.0,0.0,21.0
120,1899585,tactical,11.75,complete,6,6,0,0.0,0.0,3.0
120,1899585,tactical,11.75,ward,7,7,0,0.0,0.0,6.0
120,1899585,team,23.0,single,2,2,0,0.0,0.0,21.0
120,1899585,team,23.0,complete,4,4,0,0.0,0.0,5.333333333333333
120,1899585,team,23.0,ward,4,4,0,0.0,0.0,2.0
121,1899585,individual,2.75,single,19,19,3,1.993735949198405,4.7693681716918945,1.0
121,1899585,individual,2.75,complete,19,19,3,1.993735949198405,4.7693681716918945,1.0
121,1899585,individual,2.75,ward,19,19,3,1.993735949198405,4.7693681716918945,1.0
121,1899585,tactical,11.75,single,3,3,0,0.0,0.0,20.0
121,1899585,tactical,11.75,complete,10,10,1,1.7743463516235352,1.7743463516235352,1.3333333333333333
121,1899585,tactical,11.75,ward,10,10,1,1.7743463516235352,1.7743463516235352,1.3333333333333333
121,1899585,team,23.0,single,2,2,0,0.0,0.0,21.0
121,1899585,team,23.0,complete,6,6,0,0.0,0.0,1.4
121,1899585,team,23.0,ward,7,7,1,2.9206008911132812,2.9206008911132812,1.5
122,1899585,individual,2.75,single,20,20,2,3.8307414054870605,5.141810417175293,3.0
122,1899585,individual,2.75,complete,21,21,2,3.8307414054870605,5.141810417175293,2.0
122,1899585,individual,2.75,ward,21,21,2,3.8307414054870605,5.141810417175293,2.0
122,1899585,tactical,11.75,single,5,5,0,0.0,0.0,8.0
122,1899585,tactical,11.75,complete,12,12,1,2.442127227783203,2.442127227783203,1.3333333333333333
122,1899585,tactical,11.75,ward,12,12,1,2.442127227783203,2.442127227783203,1.0
122,1899585,team,23.0,single,2,2,0,0.0,0.0,21.0
122,1899585,team,23.0,complete,7,7,1,2.7426185607910156,2.7426185607910156,1.0
122,1899585,team,23.0,ward,7,7,0,0.0,0.0,1.4
123,1899585,individual,2.75,single,21,21,6,1.9086416562398274,4.687957763671875,2.0
123,1899585,individual,2.75,complete,21,21,6,1.9086416562398274,4.687957763671875,2.0
123,1899585,individual,2.75,ward,21,21,6,1.9086416562398274,4.687957763671875,2.0
123,1899585,tactical,11.75,single,8,8,1,4.869913101196289,4.869913101196289,1.2
123,1899585,tactical,11.75,complete,15,15,2,4.9388604164123535,7.4399566650390625,1.5
123,1899585,tactical,11.75,ward,14,14,3,3.3070882161458335,4.740764617919922,1.0
123,1899585,team,23.0,single,2,2,0,0.0,0.0,21.0
123,1899585,team,23.0,complete,7,7,1,6.903324127197266,6.903324127197266,1.0
123,1899585,team,23.0,ward,7,7,1,0.22191429138183594,0.22191429138183594,1.5
124,1899585,individual,2.75,single,20,20,2,1.9436240196228027,2.2374963760375977,1.0
124,1899585,individual,2.75,complete,20,20,2,1.9436240196228027,2.2374963760375977,1.0
124,1899585,individual,2.75,ward,20,20,2,1.9436240196228027,2.2374963760375977,1.0
124,1899585,tactical,11.75,single,4,4,0,0.0,0.0,19.0
124,1899585,tactical,11.75,complete,12,12,2,0.22409343719482422,0.44058990478515625,2.0
124,1899585,tactical,11.75,ward,12,12,2,0.22409343719482422,0.44058990478515625,2.0
124,1899585,team,23.0,single,2,2,0,0.0,0.0,21.0
124,1899585,team,23.0,complete,7,7,0,0.0,0.0,1.0
124,1899585,team,23.0,ward,7,7,0,0.0,0.0,1.5
125,1899585,individual,2.75,single,19,19,2,0.4644594192504883,0.7375946044921875,1.0
125,1899585,individual,2.75,complete,19,19,2,0.4644594192504883,0.7375946044921875,1.0
125,1899585,individual,2.75,ward,19,19,2,0.4644594192504883,0.7375946044921875,1.0
125,1899585,tactical,11.75,single,8,8,1,6.214109420776367,6.214109420776367,15.0
125,1899585,tactical,11.75,complete,14,14,2,1.4008455276489258,2.3064537048339844,1.0
125,1899585,tactical,11.75,ward,13,13,2,1.5599784851074219,2.6247196197509766,1.3333333333333333
125,1899585,team,23.0,single,2,2,0,0.0,0.0,21.0
125,1899585,team,23.0,complete,7,7,1,1.5376720428466797,1.5376720428466797,1.2
125,1899585,team,23.0,ward,7,7,1,2.707683563232422,2.707683563232422,1.2
126,1899585,individual,2.75,single,21,21,3,3.0527270634969077,6.999261856079102,2.0
126,1899585,individual,2.75,complete,21,21,3,3.0527270634969077,6.999261856079102,2.0
126,1899585,individual,2.75,ward,21,21,3,3.0527270634969077,6.999261856079102,2.0
126,1899585,tactical,11.75,single,6,6,1,1.6580963134765625,1.6580963134765625,8.0
126,1899585,tactical,11.75,complete,11,11,2,3.621377468109131,6.338901519775391,1.3333333333333333
126,1899585,tactical,11.75,ward,11,11,2,3.621377468109131,6.338901519775391,1.3333333333333333
126,1899585,team,23.0,single,2,2,0,0.0,0.0,21.0
126,1899585,team,23.0,complete,7,7,0,0.0,0.0,1.25
126,1899585,team,23.0,ward,8,8,1,2.02593994140625,2.02593994140625,1.25
127,1899585,individual,2.75,single,15,15,2,2.2564315795898438,3.6764068603515625,3.5
127,1899585,individual,2.75,complete,17,17,2,3.057387351989746,5.278318405151367,1.5
127,1899585,individual,2.75,ward,17,17,2,3.057387351989746,5.278318405151367,1.5
127,1899585,tactical,11.75,single,3,3,0,0.0,0.0,9.5
127,1899585,tactical,11.75,complete,8,8,1,3.813103675842285,3.813103675842285,2.3333333333333335
127,1899585,tactical,11.75,ward,8,8,1,3.813103675842285,3.813103675842285,2.3333333333333335
127,1899585,team,23.0,single,2,2,0,0.0,0.0,21.0
127,1899585,team,23.0,complete,6,6,1,2.990816116333008,2.990816116333008,1.4
127,1899585,team,23.0,ward,6,6,1,2.990816116333008,2.990816116333008,1.4
128,1899585,individual,2.75,single,20,20,3,0.7466402053833008,1.0410823822021484,1.0
128,1899585,individual,2.75,complete,20,20,3,0.7466402053833008,1.0410823822021484,1.0
128,1899585,individual,2.75,ward,20,20,3,0.7466402053833008,1.0410823822021484,1.0
128,1899585,tactical,11.75,single,5,5,1,1.501556396484375,1.501556396484375,18.0
128,1899585,tactical,11.75,complete,12,12,1,3.415609359741211,3.415609359741211,1.0
128,1899585,tactical,11.75,ward,12,12,1,3.415609359741211,3.415609359741211,1.0
128,1899585,team,23.0,single,2,2,0,0.0,0.0,21.0
128,1899585,team,23.0,complete,6,6,1,2.292207717895508,2.292207717895508,1.3333333333333333
128,1899585,team,23.0,ward,6,6,1,3.7640762329101562,3.7640762329101562,1.1428571428571428
129,1899585,individual,2.75,single,18,18,1,0.07501888275146484,0.07501888275146484,1.5
129,1899585,individual,2.75,complete,18,18,1,0.07501888275146484,0.07501888275146484,1.5
129,1899585,individual,2.75,ward,19,19,1,0.07501888275146484,0.07501888275146484,1.0
129,1899585,tactical,11.75,single,3,3,0,0.0,0.0,2.0
129,1899585,tactical,11.75,complete,10,10,0,0.0,0.0,1.3333333333333333
129,1899585,tactical,11.75,ward,9,9,0,0.0,0.0,1.6666666666666667
129,1899585,team,23.0,single,2,2,0,0.0,0.0,21.0
129,1899585,team,23.0,complete,5,5,0,0.0,0.0,1.0
129,1899585,team,23.0,ward,5,5,0,0.0,0.0,1.0
130,1899585,individual,2.75,single,21,21,3,0.35310983657836914,0.5053024291992188,2.0
130,1899585,individual,2.75,complete,21,21,3,0.35310983657836914,0.5053024291992188,2.0
130,1899585,individual,2.75,ward,21,21,3,0.35310983657836914,0.5053024291992188,2.0
130,1899585,tactical,11.75,single,5,5,0,0.0,0.0,3.5
130,1899585,tactical,11.75,complete,10,10,1,0.4598388671875,0.4598388671875,1.3333333333333333
130,1899585,tactical,11.75,ward,10,10,1,0.4598388671875,0.4598388671875,1.0
130,1899585,team,23.0,single,2,2,0,0.0,0.0,21.0
130,1899585,team,23.0,complete,7,7,1,6.022775650024414,6.022775650024414,1.0
130,1899585,team,23.0,ward,8,8,1,3.0367794036865234,3.0367794036865234,2.0
131,1899585,individual,2.75,single,20,20,1,2.6695117950439453,2.6695117950439453,1.0
131,1899585,individual,2.75,complete,20,20,1,2.6695117950439453,2.6695117950439453,1.0
131,1899585,individual,2.75,ward,20,20,1,2.6695117950439453,2.6695117950439453,1.0
131,1899585,tactical,11.75,single,3,3,0,0.0,0.0,9.5
131,1899585,tactical,11.75,complete,10,10,1,1.403615951538086,1.403615951538086,1.0
131,1899585,tactical,11.75,ward,9,9,0,0.0,0.0,1.0
131,1899585,team,23.0,single,2,2,0,0.0,0.0,21.0
131,1899585,team,23.0,complete,6,6,1,2.5693740844726562,2.5693740844726562,1.4
131,1899585,team,23.0,ward,6,6,1,4.203624725341797,4.203624725341797,1.4
132,1899585,individual,2.75,single,20,20,3,2.488391876220703,4.4323883056640625,1.0
132,1899585,individual,2.75,complete,20,20,3,2.488391876220703,4.4323883056640625,1.0
132,1899585,individual,2.75,ward,20,20,3,2.488391876220703,4.4323883056640625,1.0
132,1899585,tactical,11.75,single,5,5,0,0.0,0.0,2.4
132,1899585,tactical,11.75,complete,12,12,2,0.7819013595581055,1.1890754699707031,2.0
132,1899585,tactical,11.75,ward,12,12,2,0.7819013595581055,1.1890754699707031,2.0
132,1899585,team,23.0,single,2,2,0,0.0,0.0,21.0
132,1899585,team,23.0,complete,6,6,1,2.4281768798828125,2.4281768798828125,2.0
132,1899585,team,23.0,ward,8,8,1,3.579204559326172,3.579204559326172,2.0
133,1899585,individual,2.75,single,19,19,1,0.5657367706298828,0.5657367706298828,4.0
133,1899585,individual,2.75,complete,20,20,1,0.15055561065673828,0.15055561065673828,1.0
133,1899585,individual,2.75,ward,20,20,1,0.15055561065673828,0.15055561065673828,1.0
133,1899585,tactical,11.75,single,4,4,0,0.0,0.0,19.0
133,1899585,tactical,11.75,complete,9,9,0,0.0,0.0,1.5
133,1899585,tactical,11.75,ward,10,10,0,0.0,0.0,2.0
133,1899585,team,23.0,single,2,2,0,0.0,0.0,21.0
133,1899585,team,23.0,complete,6,6,0,0.0,0.0,1.3333333333333333
133,1899585,team,23.0,ward,6,6,0,0.0,0.0,1.3333333333333333
134,1899585,individual,2.75,single,20,20,4,1.3155369758605957,2.2181167602539062,1.0
134,1899585,individual,2.75,complete,20,20,4,1.3155369758605957,2.2181167602539062,1.0
134,1899585,individual,2.75,ward,20,20,4,1.3155369758605957,2.2181167602539062,1.0
134,1899585,tactical,11.75,single,5,5,0,0.0,0.0,1.4285714285714286
134,1899585,tactical,11.75,complete,12,12,1,3.734236717224121,3.734236717224121,1.0
134,1899585,tactical,11.75,ward,10,10,1,0.49477386474609375,0.49477386474609375,1.3333333333333333
134,1899585,team,23.0,single,2,2,0,0.0,0.0,21.0
134,1899585,team,23.0,complete,6,6,0,0.0,0.0,1.4
134,1899585,team,23.0,ward,7,7,0,0.0,0.0,1.2
135,1899585,individual,2.75,single,19,19,1,0.20395565032958984,0.20395565032958984,1.0
135,1899585,individual,2.75,complete,19,19,1,0.20395565032958984,0.20395565032958984,1.0
135,1899585,individual,2.75,ward,19,19,1,0.20395565032958984,0.20395565032958984,1.0
135,1899585,tactical,11.75,single,3,3,0,0.0,0.0,6.0
135,1899585,tactical,11.75,complete,10,10,1,0.4193124771118164,0.4193124771118164,1.25
135,1899585,tactical,11.75,ward,9,9,0,0.0,0.0,1.0
135,1899585,team,23.0,single,2,2,0,0.0,0.0,21.0
135,1899585,team,23.0,complete,5,5,0,0.0,0.0,1.0
135,1899585,team,23.0,ward,7,7,0,0.0,0.0,1.0
136,1899585,individual,2.75,single,22,22,4,2.5304815769195557,4.580989837646484,1.0
136,1899585,individual,2.75,complete,22,22,4,2.5304815769195557,4.580989837646484,1.0
136,1899585,individual,2.75,ward,22,22,4,2.5304815769195557,4.580989837646484,1.0
136,1899585,tactical,11.75,single,6,6,0,0.0,0.0,3.5
136,1899585,tactical,11.75,complete,13,13,3,3.022008260091146,4.850521087646484,1.5
136,1899585,tactical,11.75,ward,13,13,3,2.795705795288086,4.171613693237305,1.5
136,1899585,team,23.0,single,2,2,0,0.0,0.0,21.0
136,1899585,team,23.0,complete,6,6,0,0.0,0.0,1.2
136,1899585,team,23.0,ward,7,7,1,0.7162666320800781,0.7162666320800781,1.25
137,1899585,individual,2.75,single,19,19,2,1.327779769897461,1.7367744445800781,1.0
137,1899585,individual,2.75,complete,19,19,2,1.327779769897461,1.7367744445800781,1.0
137,1899585,individual,2.75,ward,19,19,2,1.327779769897461,1.7367744445800781,1.0
137,1899585,tactical,11.75,single,3,3,0,0.0,0.0,20.0
137,1899585,tactical,11.75,complete,9,9,0,0.0,0.0,1.3333333333333333
137,1899585,tactical,11.75,ward,9,9,0,0.0,0.0,1.3333333333333333
137,1899585,team,23.0,single,2,2,0,0.0,0.0,21.0
137,1899585,team,23.0,complete,4,4,0,0.0,0.0,1.6666666666666667
137,1899585,team,23.0,ward,6,6,0,0.0,0.0,1.1666666666666667
138,1899585,individual,2.75,single,21,21,3,1.5613188743591309,2.703744888305664,2.0
138,1899585,individual,2.75,complete,21,21,3,1.5613188743591309,2.703744888305664,2.0
138,1899585,individual,2.75,ward,21,21,3,1.5613188743591309,2.703744888305664,2.0
138,1899585,tactical,11.75,single,4,4,0,0.0,0.0,19.0
138,1899585,tactical,11.75,complete,12,12,1,4.053241729736328,4.053241729736328,1.0
138,1899585,tactical,11.75,ward,13,13,2,1.688216209411621,2.05963134765625,1.3333333333333333
138,1899585,team,23.0,single,2,2,0,0.0,0.0,21.0
138,1899585,team,23.0,complete,7,7,0,0.0,0.0,1.0
138,1899585,team,23.0,ward,9,9,1,3.2910079956054688,3.2910079956054688,1.0
139,1899585,individual,2.75,single,17,17,3,1.0916938781738281,1.4143848419189453,1.5
139,1899585,individual,2.75,complete,18,18,3,0.9275970458984375,0.9626808166503906,1.0
139,1899585,individual,2.75,ward,18,18,3,0.9275970458984375,0.9626808166503906,1.0
139,1899585,tactical,11.75,single,5,5,0,0.0,0.0,5.333333333333333
139,1899585,tactical,11.75,complete,10,10,2,2.4626102447509766,3.7567577362060547,1.25
139,1899585,tactical,11.75,ward,9,9,1,6.266132354736328,6.266132354736328,1.25
139,1899585,team,23.0,single,2,2,0,0.0,0.0,21.0
139,1899585,team,23.0,complete,6,6,1,0.42850303649902344,0.42850303649902344,1.1666666666666667
139,1899585,team,23.0,ward,8,8,0,0.0,0.0,1.25
140,1899585,individual,2.75,single,21,21,3,1.9945732752482097,3.993739128112793,2.0
140,1899585,individual,2.75,complete,21,21,3,1.9945732752482097,3.993739128112793,2.0
140,1899585,individual,2.75,ward,21,21,3,1.9945732752482097,3.993739128112793,2.0
140,1899585,tactical,11.75,single,4,4,0,0.0,0.0,5.666666666666667
140,1899585,tactical,11.75,complete,11,11,0,0.0,0.0,1.3333333333333333
140,1899585,tactical,11.75,ward,11,11,0,0.0,0.0,1.3333333333333333
140,1899585,team,23.0,single,3,3,0,0.0,0.0,20.0
140,1899585,team,23.0,complete,7,7,0,0.0,0.0,1.2
140,1899585,team,23.0,ward,7,7,1,3.778413772583008,3.778413772583008,2.0
141,1899585,individual,2.75,single,18,18,1,2.4368228912353516,2.4368228912353516,1.0
141,1899585,individual,2.75,complete,19,19,2,0.8937675952911377,1.6705551147460938,1.5
141,1899585,individual,2.75,ward,19,19,2,0.8937675952911377,1.6705551147460938,1.5
141,1899585,tactical,11.75,single,3,3,0,0.0,0.0,3.2
141,1899585,tactical,11.75,complete,8,8,0,0.0,0.0,1.0
141,1899585,tactical,11.75,ward,8,8,0,0.0,0.0,1.0
141,1899585,team,23.0,single,2,2,0,0.0,0.0,21.0
141,1899585,team,23.0,complete,4,4,0,0.0,0.0,1.2857142857142858
141,1899585,team,23.0,ward,4,4,0,0.0,0.0,1.2857142857142858
142,1899585,individual,2.75,single,19,19,1,1.0852651596069336,1.0852651596069336,1.5
142,1899585,individual,2.75,complete,20,20,1,1.0852651596069336,1.0852651596069336,1.0
142,1899585,individual,2.75,ward,20,20,1,1.0852651596069336,1.0852651596069336,1.0
142,1899585,tactical,11.75,single,5,5,0,0.0,0.0,18.0
142,1899585,tactical,11.75,complete,12,12,0,0.0,0.0,1.6666666666666667
142,1899585,tactical,11.75,ward,12,12,0,0.0,0.0,1.6666666666666667
142,1899585,team,23.0,single,3,3,0,0.0,0.0,20.0
142,1899585,team,23.0,complete,7,7,1,5.35584831237793,5.35584831237793,2.25
142,1899585,team,23.0,ward,7,7,1,1.1220760345458984,1.1220760345458984,2.25
143,1899585,individual,2.75,single,20,20,2,3.7798242568969727,5.147194862365723,1.0
143,1899585,individual,2.75,complete,20,20,2,3.7798242568969727,5.147194862365723,1.0
143,1899585,individual,2.75,ward,20,20,2,3.7798242568969727,5.147194862365723,1.0
143,1899585,tactical,11.75,single,3,3,0,0.0,0.0,20.0
143,1899585,tactical,11.75,complete,11,11,2,2.339815139770508,2.48114013671875,1.0
143,1899585,tactical,11.75,ward,11,11,2,2.339815139770508,2.48114013671875,1.0
143,1899585,team,23.0,single,2,2,0,0.0,0.0,21.0
143,1899585,team,23.0,complete,6,6,1,5.041219711303711,5.041219711303711,1.2
143,1899585,team,23.0,ward,6,6,1,5.041219711303711,5.041219711303711,1.2
144,1899585,individual,2.75,single,19,19,1,5.727065086364746,5.727065086364746,4.0
144,1899585,individual,2.75,complete,20,20,2,2.9918835163116455,5.727065086364746,1.0
144,1899585,individual,2.75,ward,20,20,2,2.9918835163116455,5.727065086364746,1.0
144,1899585,tactical,11.75,single,5,5,0,0.0,0.0,18.0
144,1899585,tactical,11.75,complete,10,10,2,3.036644458770752,5.597517013549805,3.0
144,1899585,tactical,11.75,ward,10,10,2,3.036644458770752,5.597517013549805,3.0
144,1899585,team,23.0,single,2,2,0,0.0,0.0,21.0
144,1899585,team,23.0,complete,6,6,1,4.515970230102539,4.515970230102539,2.5
144,1899585,team,23.0,ward,6,6,1,4.598016738891602,4.598016738891602,1.8
145,1899585,individual,2.75,single,22,22,4,2.7637360095977783,5.804973602294922,1.0
145,1899585,individual,2.75,complete,22,22,4,2.7637360095977783,5.804973602294922,1.0
145,1899585,individual,2.75,ward,22,22,4,2.7637360095977783,5.804973602294922,1.0
145,1899585,tactical,11.75,single,6,6,0,0.0,0.0,3.5
145,1899585,tactical,11.75,complete,13,13,2,2.8648834228515625,4.546779632568359,1.0
145,1899585,tactical,11.75,ward,13,13,2,2.120077133178711,3.0571670532226562,1.0
145,1899585,team,23.0,single,2,2,0,0.0,0.0,21.0
145,1899585,team,23.0,complete,7,7,1,0.812835693359375,0.812835693359375,1.5
145,1899585,team,23.0,ward,7,7,1,0.812835693359375,0.812835693359375,1.5
146,1899585,individual,2.75,single,20,20,2,1.3496942520141602,2.4405517578125,1.0
146,1899585,individual,2.75,complete,20,20,2,1.3496942520141602,2.4405517578125,1.0
146,1899585,individual,2.75,ward,20,20,2,1.3496942520141602,2.4405517578125,1.0
146,1899585,tactical,11.75,single,5,5,0,0.0,0.0,8.5
146,1899585,tactical,11.75,complete,13,13,2,2.1782474517822266,3.123800277709961,1.0
146,1899585,tactical,11.75,ward,12,12,3,2.3854430516560874,5.344154357910156,1.0
146,1899585,team,23.0,single,2,2,0,0.0,0.0,21.0
146,1899585,team,23.0,complete,7,7,1,1.3998146057128906,1.3998146057128906,1.75
146,1899585,team,23.0,ward,7,7,0,0.0,0.0,1.5
147,1899585,individual,2.75,single,20,20,1,5.766010284423828,5.766010284423828,1.0
147,1899585,individual,2.75,complete,20,20,1,5.766010284423828,5.766010284423828,1.0
147,1899585,individual,2.75,ward,20,20,1,5.766010284423828,5.766010284423828,1.0
147,1899585,tactical,11.75,single,4,4,0,0.0,0.0,19.0
147,1899585,tactical,11.75,complete,11,11,1,6.024057388305664,6.024057388305664,1.0
147,1899585,tactical,11.75,ward,11,11,1,6.024057388305664,6.024057388305664,1.0
147,1899585,team,23.0,single,2,2,0,0.0,0.0,21.0
147,1899585,team,23.0,complete,6,6,1,5.908023834228516,5.908023834228516,1.6
147,1899585,team,23.0,ward,7,7,1,5.908023834228516,5.908023834228516,1.2
148,1899585,individual,2.75,single,18,18,2,0.8867287635803223,1.2054529190063477,1.0
148,1899585,individual,2.75,complete,18,18,2,0.8867287635803223,1.2054529190063477,1.0
148,1899585,individual,2.75,ward,18,18,2,0.8867287635803223,1.2054529190063477,1.0
148,1899585,tactical,11.75,single,3,3,0,0.0,0.0,20.0
148,1899585,tactical,11.75,complete,9,9,0,0.0,0.0,1.25
148,1899585,tactical,11.75,ward,9,9,0,0.0,0.0,1.0
148,1899585,team,23.0,single,2,2,0,0.0,0.0,21.0
148,1899585,team,23.0,complete,6,6,0,0.0,0.0,2.0
148,1899585,team,23.0,ward,6,6,0,0.0,0.0,1.4
149,1899585,individual,2.75,single,18,18,3,1.3701626459757488,2.438253402709961,1.0
149,1899585,individual,2.75,complete,18,18,3,1.3701626459757488,2.438253402709961,1.0
149,1899585,individual,2.75,ward,18,18,3,1.3701626459757488,2.438253402709961,1.0
149,1899585,tactical,11.75,single,3,3,0,0.0,0.0,20.0
149,1899585,tactical,11.75,complete,8,8,1,0.48827171325683594,0.48827171325683594,1.0
149,1899585,tactical,11.75,ward,10,10,1,1.2167320251464844,1.2167320251464844,1.0
149,1899585,team,23.0,single,3,3,0,0.0,0.0,20.0
149,1899585,team,23.0,complete,6,6,1,3.2558956146240234,3.2558956146240234,1.0
149,1899585,team,23.0,ward,7,7,0,0.0,0.0,1.75
0,2017461,individual,2.75,single,22,22,5,1.2757072448730469,2.5035924911499023,1.0
0,2017461,individual,2.75,complete,22,22,5,1.2757072448730469,2.5035924911499023,1.0
0,2017461,individual,2.75,ward,22,22,5,1.2757072448730469,2.5035924911499023,1.0
0,2017461,tactical,11.75,single,7,7,0,0.0,0.0,7.5
0,2017461,tactical,11.75,complete,14,14,2,3.954068183898926,6.486320495605469,1.0
0,2017461,tactical,11.75,ward,14,14,2,3.954068183898926,6.486320495605469,1.0
0,2017461,team,23.0,single,1,1,0,0.0,0.0,22.0
0,2017461,team,23.0,complete,8,8,0,0.0,0.0,1.25
0,2017461,team,23.0,ward,6,6,0,0.0,0.0,1.2
1,2017461,individual,2.75,single,16,16,1,0.6019821166992188,0.6019821166992188,2.0
1,2017461,individual,2.75,complete,18,18,1,0.6019821166992188,0.6019821166992188,1.0
1,2017461,individual,2.75,ward,18,18,1,0.6019821166992188,0.6019821166992188,1.0
1,2017461,tactical,11.75,single,4,4,0,0.0,0.0,9.0
1,2017461,tactical,11.75,complete,8,8,0,0.0,0.0,1.2
1,2017461,tactical,11.75,ward,10,10,0,0.0,0.0,1.25
1,2017461,team,23.0,single,3,3,0,0.0,0.0,6.0
1,2017461,team,23.0,complete,5,5,0,0.0,0.0,2.2
1,2017461,team,23.0,ward,5,5,0,0.0,0.0,2.2
2,2017461,individual,2.75,single,22,22,3,1.3239822387695312,2.0642929077148438,1.0
2,2017461,individual,2.75,complete,22,22,3,1.3239822387695312,2.0642929077148438,1.0
2,2017461,individual,2.75,ward,22,22,3,1.3239822387695312,2.0642929077148438,1.0
2,2017461,tactical,11.75,single,6,6,0,0.0,0.0,17.0
2,2017461,tactical,11.75,complete,13,13,1,0.10184669494628906,0.10184669494628906,1.0
2,2017461,tactical,11.75,ward,13,13,1,0.10184669494628906,0.10184669494628906,1.0
2,2017461,team,23.0,single,2,2,0,0.0,0.0,21.0
2,2017461,team,23.0,complete,7,7,0,0.0,0.0,1.2
2,2017461,team,23.0,ward,7,7,0,0.0,0.0,1.2
3,2017461,individual,2.75,single,18,18,2,1.9610083103179932,2.9273691177368164,2.0
3,2017461,individual,2.75,complete,18,18,2,1.9610083103179932,2.9273691177368164,2.0
3,2017461,individual,2.75,ward,19,19,2,1.5020928382873535,2.9273691177368164,1.0
3,2017461,tactical,11.75,single,5,5,0,0.0,0.0,3.25
3,2017461,tactical,11.75,complete,9,9,0,0.0,0.0,2.0
3,2017461,tactical,11.75,ward,9,9,0,0.0,0.0,1.25
3,2017461,team,23.0,single,2,2,0,0.0,0.0,21.0
3,2017461,team,23.0,complete,5,5,0,0.0,0.0,2.25
3,2017461,team,23.0,ward,6,6,0,0.0,0.0,2.25
4,2017461,individual,2.75,single,20,20,5,2.5074705123901366,4.616735458374023,1.0
4,2017461,individual,2.75,complete,20,20,5,2.5074705123901366,4.616735458374023,1.0
4,2017461,individual,2.75,ward,20,20,5,2.5074705123901366,4.616735458374023,1.0
4,2017461,tactical,11.75,single,5,5,0,0.0,0.0,18.0
4,2017461,tactical,11.75,complete,13,13,4,1.0489914417266846,2.9445438385009766,1.3333333333333333
4,2017461,tactical,11.75,ward,13,13,4,1.0489914417266846,2.9445438385009766,1.3333333333333333
4,2017461,team,23.0,single,2,2,0,0.0,0.0,21.0
4,2017461,team,23.0,complete,7,7,1,0.4755134582519531,0.4755134582519531,1.2
4,2017461,team,23.0,ward,7,7,1,0.4755134582519531,0.4755134582519531,1.0
5,2017461,individual,2.75,single,20,20,3,2.251519203186035,3.2169313430786133,1.0
5,2017461,individual,2.75,complete,20,20,3,2.251519203186035,3.2169313430786133,1.0
5,2017461,individual,2.75,ward,20,20,3,2.251519203186035,3.2169313430786133,1.0
5,2017461,tactical,11.75,single,8,8,1,4.878032684326172,4.878032684326172,4.333333333333333
5,2017461,tactical,11.75,complete,13,13,1,3.4985103607177734,3.4985103607177734,1.0
5,2017461,tactical,11.75,ward,14,14,2,1.9783239364624023,3.4985103607177734,1.5
5,2017461,team,23.0,single,2,2,0,0.0,0.0,21.0
5,2017461,team,23.0,complete,7,7,0,0.0,0.0,1.25
5,2017461,team,23.0,ward,9,9,2,2.8276777267456055,5.621734619140625,1.0
6,2017461,individual,2.75,single,17,17,2,0.4800996780395508,0.9207849502563477,1.0
6,2017461,individual,2.75,complete,17,17,2,0.4800996780395508,0.9207849502563477,1.0
6,2017461,individual,2.75,ward,17,17,2,0.4800996780395508,0.9207849502563477,1.0
6,2017461,tactical,11.75,single,5,5,0,0.0,0.0,18.0
6,2017461,tactical,11.75,complete,9,9,1,0.0815877914428711,0.0815877914428711,1.25
6,2017461,tactical,11.75,ward,9,9,1,0.3711738586425781,0.3711738586425781,1.25
6,2017461,team,23.0,single,2,2,0,0.0,0.0,21.0
6,2017461,team,23.0,complete,5,5,0,0.0,0.0,1.125
6,2017461,team,23.0,ward,5,5,0,0.0,0.0,2.0
7,2017461,individual,2.75,single,18,18,3,1.6646528244018555,2.627531051635742,1.5
7,2017461,individual,2.75,complete,19,19,4,1.367278814315796,2.627531051635742,1.0
7,2017461,individual,2.75,ward,19,19,4,1.367278814315796,2.627531051635742,1.0
7,2017461,tactical,11.75,single,3,3,0,0.0,0.0,20.0
7,2017461,tactical,11.75,complete,9,9,1,2.477166175842285,2.477166175842285,1.6666666666666667
7,2017461,tactical,11.75,ward,9,9,1,2.477166175842285,2.477166175842285,1.6666666666666667
7,2017461,team,23.0,single,2,2,0,0.0,0.0,21.0
7,2017461,team,23.0,complete,5,5,0,0.0,0.0,1.6
7,2017461,team,23.0,ward,5,5,0,0.0,0.0,1.1428571428571428
8,2017461,individual,2.75,single,19,19,1,4.969993591308594,4.969993591308594,1.0
8,2017461,individual,2.75,complete,19,19,1,4.969993591308594,4.969993591308594,1.0
8,2017461,individual,2.75,ward,19,19,1,4.969993591308594,4.969993591308594,1.0
8,2017461,tactical,11.75,single,7,7,0,0.0,0.0,1.2
8,2017461,tactical,11.75,complete,12,12,1,6.663394927978516,6.663394927978516,1.3333333333333333
8,2017461,tactical,11.75,ward,13,13,1,4.222307205200195,4.222307205200195,1.5
8,2017461,team,23.0,single,1,1,0,0.0,0.0,22.0
8,2017461,team,23.0,complete,7,7,1,5.35780143737793,5.35780143737793,1.0
8,2017461,team,23.0,ward,8,8,1,5.326784133911133,5.326784133911133,1.0
9,2017461,individual,2.75,single,16,16,3,2.663579305013021,3.3138256072998047,2.5
9,2017461,individual,2.75,complete,17,17,3,2.663579305013021,3.3138256072998047,1.5
9,2017461,individual,2.75,ward,17,17,3,2.663579305013021,3.3138256072998047,1.5
9,2017461,tactical,11.75,single,7,7,1,6.131097793579102,6.131097793579102,1.125
9,2017461,tactical,11.75,complete,11,11,3,2.581022580464681,4.366428375244141,2.3333333333333335
9,2017461,tactical,11.75,ward,12,12,3,2.5206645329793296,4.366428375244141,1.6666666666666667
9,2017461,team,23.0,single,2,2,0,0.0,0.0,21.0
9,2017461,team,23.0,complete,7,7,1,2.5174388885498047,2.5174388885498047,1.6
9,2017461,team,23.0,ward,7,7,1,2.5174388885498047,2.5174388885498047,1.6
10,2017461,individual,2.75,single,21,21,2,1.041405200958252,1.2768869400024414,2.0
10,2017461,individual,2.75,complete,21,21,2,1.041405200958252,1.2768869400024414,2.0
10,2017461,individual,2.75,ward,21,21,2,1.041405200958252,1.2768869400024414,2.0
10,2017461,tactical,11.75,single,4,4,0,0.0,0.0,1.8571428571428572
10,2017461,tactical,11.75,complete,12,12,1,0.04243278503417969,0.04243278503417969,1.0
10,2017461,tactical,11.75,ward,11,11,1,0.04243278503417969,0.04243278503417969,1.0
10,2017461,team,23.0,single,2,2,0,0.0,0.0,21.0
10,2017461,team,23.0,complete,7,7,1,4.856496810913086,4.856496810913086,1.0
10,2017461,team,23.0,ward,7,7,1,4.856496810913086,4.856496810913086,1.0
11,2017461,individual,2.75,single,16,16,2,0.472015380859375,0.9357700347900391,1.5
11,2017461,individual,2.75,complete,17,17,2,0.472015380859375,0.9357700347900391,1.0
11,2017461,individual,2.75,ward,17,17,2,0.472015380859375,0.9357700347900391,1.0
11,2017461,tactical,11.75,single,3,3,0,0.0,0.0,6.0
11,2017461,tactical,11.75,complete,9,9,1,1.7375822067260742,1.7375822067260742,1.25
11,2017461,tactical,11.75,ward,10,10,0,0.0,0.0,1.6666666666666667
11,2017461,team,23.0,single,2,2,0,0.0,0.0,21.0
11,2017461,team,23.0,complete,5,5,0,0.0,0.0,3.0
11,2017461,team,23.0,ward,6,6,1,0.6776523590087891,0.6776523590087891,1.4
12,2017461,individual,2.75,single,21,21,3,2.3870197931925454,3.3399057388305664,2.0
12,2017461,individual,2.75,complete,21,21,3,2.3870197931925454,3.3399057388305664,2.0
12,2017461,individual,2.75,ward,21,21,3,2.3870197931925454,3.3399057388305664,2.0
12,2017461,tactical,11.75,single,4,4,0,0.0,0.0,19.0
12,2017461,tactical,11.75,complete,11,11,2,1.9270000457763672,2.224109649658203,1.25
12,2017461,tactical,11.75,ward,11,11,2,2.734164237976074,4.566049575805664,1.25
12,2017461,team,23.0,single,2,2,0,0.0,0.0,21.0
12,2017461,team,23.0,complete,6,6,1,1.5993518829345703,1.5993518829345703,1.1666666666666667
12,2017461,team,23.0,ward,5,5,0,0.0,0.0,1.1666666666666667
13,2017461,individual,2.75,single,17,17,2,1.2260265350341797,1.8649883270263672,1.0
13,2017461,individual,2.75,complete,19,19,2,1.3919892311096191,2.0637922286987305,1.0
13,2017461,individual,2.75,ward,19,19,2,1.3919892311096191,2.0637922286987305,1.0
13,2017461,tactical,11.75,single,6,6,1,0.770294189453125,0.770294189453125,2.0
13,2017461,tactical,11.75,complete,9,9,1,2.7606029510498047,2.7606029510498047,2.0
13,2017461,tactical,11.75,ward,10,10,0,0.0,0.0,2.6666666666666665
13,2017461,team,23.0,single,2,2,0,0.0,0.0,21.0
13,2017461,team,23.0,complete,5,5,1,3.416872024536133,3.416872024536133,2.0
13,2017461,team,23.0,ward,6,6,0,0.0,0.0,1.3333333333333333
14,2017461,individual,2.75,single,21,21,3,0.2758144537607829,0.5873823165893555,2.0
14,2017461,individual,2.75,complete,21,21,3,0.2758144537607829,0.5873823165893555,2.0
14,2017461,individual,2.75,ward,21,21,3,0.2758144537607829,0.5873823165893555,2.0
14,2017461,tactical,11.75,single,4,4,0,0.0,0.0,19.0
14,2017461,tactical,11.75,complete,11,11,1,1.1035594940185547,1.1035594940185547,1.25
14,2017461,tactical,11.75,ward,11,11,1,1.1035594940185547,1.1035594940185547,1.0
14,2017461,team,23.0,single,2,2,0,0.0,0.0,21.0
14,2017461,team,23.0,complete,5,5,1,0.3642139434814453,0.3642139434814453,1.8
14,2017461,team,23.0,ward,5,5,1,0.3642139434814453,0.3642139434814453,1.8
15,2017461,individual,2.75,single,18,18,0,0.0,0.0,1.0
15,2017461,individual,2.75,complete,18,18,0,0.0,0.0,1.0
15,2017461,individual,2.75,ward,18,18,0,0.0,0.0,1.0
15,2017461,tactical,11.75,single,3,3,0,0.0,0.0,9.5
15,2017461,tactical,11.75,complete,8,8,0,0.0,0.0,1.5
15,2017461,tactical,11.75,ward,8,8,0,0.0,0.0,1.5
15,2017461,team,23.0,single,2,2,0,0.0,0.0,21.0
15,2017461,team,23.0,complete,4,4,0,0.0,0.0,1.1111111111111112
15,2017461,team,23.0,ward,6,6,0,0.0,0.0,1.0
16,2017461,individual,2.75,single,20,20,2,3.4592714309692383,5.407678604125977,1.0
16,2017461,individual,2.75,complete,20,20,2,3.4592714309692383,5.407678604125977,1.0
16,2017461,individual,2.75,ward,20,20,2,3.4592714309692383,5.407678604125977,1.0
16,2017461,tactical,11.75,single,3,3,0,0.0,0.0,6.0
16,2017461,tactical,11.75,complete,9,9,0,0.0,0.0,1.0
16,2017461,tactical,11.75,ward,9,9,0,0.0,0.0,1.0
16,2017461,team,23.0,single,2,2,0,0.0,0.0,21.0
16,2017461,team,23.0,complete,6,6,0,0.0,0.0,1.0
16,2017461,team,23.0,ward,6,6,0,0.0,0.0,1.0
17,2017461,individual,2.75,single,19,19,4,1.2680151462554932,3.1378650665283203,1.0
17,2017461,individual,2.75,complete,19,19,4,1.2680151462554932,3.1378650665283203,1.0
17,2017461,individual,2.75,ward,19,19,4,1.2680151462554932,3.1378650665283203,1.0
17,2017461,tactical,11.75,single,7,7,1,4.601551055908203,4.601551055908203,4.333333333333333
17,2017461,tactical,11.75,complete,12,12,2,0.4431319236755371,0.8755741119384766,1.0
17,2017461,tactical,11.75,ward,12,12,1,1.98492431640625,1.98492431640625,1.3333333333333333
17,2017461,team,23.0,single,2,2,0,0.0,0.0,21.0
17,2017461,team,23.0,complete,7,7,0,0.0,0.0,2.25
17,2017461,team,23.0,ward,7,7,0,0.0,0.0,2.25
18,2017461,individual,2.75,single,17,17,2,3.1284384727478027,5.885414123535156,2.0
18,2017461,individual,2.75,complete,18,18,2,3.1284384727478027,5.885414123535156,1.5
18,2017461,individual,2.75,ward,18,18,2,3.1284384727478027,5.885414123535156,1.5
18,2017461,tactical,11.75,single,4,4,0,0.0,0.0,19.0
18,2017461,tactical,11.75,complete,9,9,1,1.7578849792480469,1.7578849792480469,1.75
18,2017461,tactical,11.75,ward,9,9,1,1.7578849792480469,1.7578849792480469,1.75
18,2017461,team,23.0,single,3,3,0,0.0,0.0,20.0
18,2017461,team,23.0,complete,6,6,1,1.7130393981933594,1.7130393981933594,2.5
18,2017461,team,23.0,ward,7,7,1,7.016260147094727,7.016260147094727,1.75
19,2017461,individual,2.75,single,21,21,3,1.2635265986124675,1.8399925231933594,2.0
19,2017461,individual,2.75,complete,21,21,3,1.2635265986124675,1.8399925231933594,2.0
19,2017461,individual,2.75,ward,21,21,3,1.2635265986124675,1.8399925231933594,2.0
19,2017461,tactical,11.75,single,6,6,1,1.2360305786132812,1.2360305786132812,5.0
19,2017461,tactical,11.75,complete,14,14,3,1.344422976175944,1.8399925231933594,1.0
19,2017461,tactical,11.75,ward,14,14,3,1.344422976175944,1.8399925231933594,1.0
19,2017461,team,23.0,single,2,2,0,0.0,0.0,21.0
19,2017461,team,23.0,complete,8,8,1,0.421600341796875,0.421600341796875,1.5
19,2017461,team,23.0,ward,8,8,2,1.135695457458496,1.8497905731201172,1.25
20,2017461,individual,2.75,single,19,19,3,1.548476219177246,3.579435348510742,1.0
20,2017461,individual,2.75,complete,19,19,3,1.548476219177246,3.579435348510742,1.0
20,2017461,individual,2.75,ward,19,19,3,1.548476219177246,3.579435348510742,1.0
20,2017461,tactical,11.75,single,6,6,0,0.0,0.0,7.5
20,2017461,tactical,11.75,complete,11,11,2,1.0376825332641602,1.9917469024658203,1.3333333333333333
20,2017461,tactical,11.75,ward,10,10,2,1.6842823028564453,1.9917469024658203,1.3333333333333333
20,2017461,team,23.0,single,1,1,0,0.0,0.0,22.0
20,2017461,team,23.0,complete,6,6,1,1.8522930145263672,1.8522930145263672,1.1428571428571428
20,2017461,team,23.0,ward,7,7,0,0.0,0.0,1.4
21,2017461,individual,2.75,single,18,18,3,1.2793432871500652,2.4428176879882812,1.5
21,2017461,individual,2.75,complete,19,19,3,1.4986337025960286,3.100688934326172,1.0
21,2017461,individual,2.75,ward,19,19,3,1.4986337025960286,3.100688934326172,1.0
21,2017461,tactical,11.75,single,3,3,0,0.0,0.0,20.0
21,2017461,tactical,11.75,complete,10,10,1,1.3247690200805664,1.3247690200805664,1.6666666666666667
21,2017461,tactical,11.75,ward,11,11,2,1.476633071899414,2.7216625213623047,1.3333333333333333
21,2017461,team,23.0,single,3,3,0,0.0,0.0,20.0
21,2017461,team,23.0,complete,6,6,1,1.449472427368164,1.449472427368164,2.5
21,2017461,team,23.0,ward,7,7,1,0.09521484375,0.09521484375,1.0
22,2017461,individual,2.75,single,21,21,4,1.9378678798675537,3.5846805572509766,2.0
22,2017461,individual,2.75,complete,21,21,4,1.9378678798675537,3.5846805572509766,2.0
22,2017461,individual,2.75,ward,21,21,4,1.9378678798675537,3.5846805572509766,2.0
22,2017461,tactical,11.75,single,8,8,0,0.0,0.0,1.8
22,2017461,tactical,11.75,complete,13,13,2,2.8075084686279297,5.283252716064453,1.0
22,2017461,tactical,11.75,ward,13,13,2,2.8075084686279297,5.283252716064453,1.0
22,2017461,team,23.0,single,2,2,0,0.0,0.0,21.0
22,2017461,team,23.0,complete,8,8,1,9.551651000976562,9.551651000976562,1.25
22,2017461,team,23.0,ward,8,8,1,9.037343978881836,9.037343978881836,1.25
23,2017461,individual,2.75,single,22,22,4,1.9317309856414795,3.826645851135254,1.0
23,2017461,individual,2.75,complete,22,22,4,1.9317309856414795,3.826645851135254,1.0
23,2017461,individual,2.75,ward,22,22,4,1.9317309856414795,3.826645851135254,1.0
23,2017461,tactical,11.75,single,8,8,1,9.773323059082031,9.773323059082031,2.25
23,2017461,tactical,11.75,complete,12,12,3,2.9934005737304688,4.129888534545898,1.3333333333333333
23,2017461,tactical,11.75,ward,12,12,3,2.9934005737304688,4.129888534545898,1.3333333333333333
23,2017461,team,23.0,single,2,2,0,0.0,0.0,21.0
23,2017461,team,23.0,complete,7,7,1,3.4786300659179688,3.4786300659179688,1.75
23,2017461,team,23.0,ward,7,7,1,3.4786300659179688,3.4786300659179688,1.75
24,2017461,individual,2.75,single,18,18,2,1.09598970413208,1.8678302764892578,2.0
24,2017461,individual,2.75,complete,19,19,2,0.8912420272827148,1.336538314819336,1.0
24,2017461,individual,2.75,ward,19,19,2,0.8912420272827148,1.336538314819336,1.0
24,2017461,tactical,11.75,single,5,5,0,0.0,0.0,8.5
24,2017461,tactical,11.75,complete,9,9,2,1.9847941398620605,2.6814699172973633,1.5
24,2017461,tactical,11.75,ward,9,9,2,1.9847941398620605,2.6814699172973633,1.5
24,2017461,team,23.0,single,2,2,0,0.0,0.0,21.0
24,2017461,team,23.0,complete,5,5,0,0.0,0.0,3.25
24,2017461,team,23.0,ward,6,6,0,0.0,0.0,2.25
25,2017461,individual,2.75,single,21,21,4,0.7551567554473877,1.6259212493896484,2.0
25,2017461,individual,2.75,complete,21,21,4,0.7551567554473877,1.6259212493896484,2.0
25,2017461,individual,2.75,ward,21,21,4,0.7551567554473877,1.6259212493896484,2.0
25,2017461,tactical,11.75,single,3,3,0,0.0,0.0,6.0
25,2017461,tactical,11.75,complete,9,9,1,0.46039772033691406,0.46039772033691406,1.5
25,2017461,tactical,11.75,ward,9,9,1,1.7966842651367188,1.7966842651367188,1.75
25,2017461,team,23.0,single,2,2,0,0.0,0.0,21.0
25,2017461,team,23.0,complete,6,6,1,1.7296028137207031,1.7296028137207031,4.333333333333333
25,2017461,team,23.0,ward,6,6,0,0.0,0.0,1.4
26,2017461,individual,2.75,single,20,20,2,3.2643017768859863,3.8146591186523438,1.0
26,2017461,individual,2.75,complete,20,20,2,3.2643017768859863,3.8146591186523438,1.0
26,2017461,individual,2.75,ward,20,20,2,3.2643017768859863,3.8146591186523438,1.0
26,2017461,tactical,11.75,single,5,5,0,0.0,0.0,18.0
26,2017461,tactical,11.75,complete,13,13,1,4.497681617736816,4.497681617736816,1.0
26,2017461,tactical,11.75,ward,11,11,1,0.8269443511962891,0.8269443511962891,1.0
26,2017461,team,23.0,single,2,2,0,0.0,0.0,21.0
26,2017461,team,23.0,complete,6,6,1,2.099153518676758,2.099153518676758,1.5
26,2017461,team,23.0,ward,7,7,0,0.0,0.0,1.2
27,2017461,individual,2.75,single,21,21,2,1.361708164215088,2.090155601501465,2.0
27,2017461,individual,2.75,complete,21,21,2,1.361708164215088,2.090155601501465,2.0
27,2017461,individual,2.75,ward,21,21,2,1.361708164215088,2.090155601501465,2.0
27,2017461,tactical,11.75,single,7,7,1,0.7426319122314453,0.7426319122314453,7.5
27,2017461,tactical,11.75,complete,12,12,1,4.076810836791992,4.076810836791992,1.0
27,2017461,tactical,11.75,ward,13,13,1,1.3519477844238281,1.3519477844238281,1.0
27,2017461,team,23.0,single,2,2,0,0.0,0.0,21.0
27,2017461,team,23.0,complete,7,7,0,0.0,0.0,1.0
27,2017461,team,23.0,ward,7,7,0,0.0,0.0,1.2
28,2017461,individual,2.75,single,20,20,2,2.425477981567383,2.6895790100097656,1.0
28,2017461,individual,2.75,complete,20,20,2,2.425477981567383,2.6895790100097656,1.0
28,2017461,individual,2.75,ward,20,20,2,2.425477981567383,2.6895790100097656,1.0
28,2017461,tactical,11.75,single,5,5,0,0.0,0.0,18.0
28,2017461,tactical,11.75,complete,13,13,2,3.0844779014587402,5.322237968444824,1.0
28,2017461,tactical,11.75,ward,13,13,2,3.0844779014587402,5.322237968444824,1.0
28,2017461,team,23.0,single,2,2,0,0.0,0.0,21.0
28,2017461,team,23.0,complete,8,8,1,5.907587051391602,5.907587051391602,1.25
28,2017461,team,23.0,ward,7,7,1,2.280679702758789,2.280679702758789,1.1666666666666667
29,2017461,individual,2.75,single,20,20,4,1.4953312873840332,3.4502553939819336,1.0
29,2017461,individual,2.75,complete,20,20,4,1.4953312873840332,3.4502553939819336,1.0
29,2017461,individual,2.75,ward,20,20,4,1.4953312873840332,3.4502553939819336,1.0
29,2017461,tactical,11.75,single,6,6,0,0.0,0.0,8.0
29,2017461,tactical,11.75,complete,12,12,1,3.523406982421875,3.523406982421875,1.0
29,2017461,tactical,11.75,ward,12,12,1,3.523406982421875,3.523406982421875,1.0
29,2017461,team,23.0,single,2,2,0,0.0,0.0,21.0
29,2017461,team,23.0,complete,7,7,0,0.0,0.0,1.2
29,2017461,team,23.0,ward,7,7,0,0.0,0.0,1.2
30,2017461,individual,2.75,single,21,21,2,3.605142593383789,5.381448745727539,2.0
30,2017461,individual,2.75,complete,21,21,2,3.605142593383789,5.381448745727539,2.0
30,2017461,individual,2.75,ward,21,21,2,3.605142593383789,5.381448745727539,2.0
30,2017461,tactical,11.75,single,5,5,0,0.0,0.0,18.0
30,2017461,tactical,11.75,complete,11,11,1,3.854222297668457,3.854222297668457,1.0
30,2017461,tactical,11.75,ward,11,11,1,3.854222297668457,3.854222297668457,1.0
30,2017461,team,23.0,single,2,2,0,0.0,0.0,21.0
30,2017461,team,23.0,complete,7,7,0,0.0,0.0,1.2
30,2017461,team,23.0,ward,7,7,1,1.3144645690917969,1.3144645690917969,1.4
31,2017461,individual,2.75,single,13,13,1,1.489837646484375,1.489837646484375,1.5
31,2017461,individual,2.75,complete,16,16,1,0.2903757095336914,0.2903757095336914,1.5
31,2017461,individual,2.75,ward,16,16,1,0.2903757095336914,0.2903757095336914,1.5
31,2017461,tactical,11.75,single,4,4,0,0.0,0.0,19.0
31,2017461,tactical,11.75,complete,7,7,0,0.0,0.0,4.0
31,2017461,tactical,11.75,ward,8,8,0,0.0,0.0,1.0
31,2017461,team,23.0,single,2,2,0,0.0,0.0,21.0
31,2017461,team,23.0,complete,4,4,0,0.0,0.0,2.8
31,2017461,team,23.0,ward,4,4,0,0.0,0.0,2.8
32,2017461,individual,2.75,single,21,21,3,2.055520216623942,4.806331634521484,2.0
32,2017461,individual,2.75,complete,21,21,3,2.055520216623942,4.806331634521484,2.0
32,2017461,individual,2.75,ward,21,21,3,2.055520216623942,4.806331634521484,2.0
32,2017461,tactical,11.75,single,3,3,0,0.0,0.0,20.0
32,2017461,tactical,11.75,complete,10,10,1,5.04789924621582,5.04789924621582,1.0
32,2017461,tactical,11.75,ward,10,10,1,5.04789924621582,5.04789924621582,1.0
32,2017461,team,23.0,single,2,2,0,0.0,0.0,21.0
32,2017461,team,23.0,complete,5,5,0,0.0,0.0,1.3333333333333333
32,2017461,team,23.0,ward,7,7,1,5.970386505126953,5.970386505126953,2.0
33,2017461,individual,2.75,single,19,19,1,3.6014328002929688,3.6014328002929688,1.0
33,2017461,individual,2.75,complete,19,19,1,3.6014328002929688,3.6014328002929688,1.0
33,2017461,individual,2.75,ward,19,19,1,3.6014328002929688,3.6014328002929688,1.0
33,2017461,tactical,11.75,single,4,4,0,0.0,0.0,9.0
33,2017461,tactical,11.75,complete,9,9,1,0.5889244079589844,0.5889244079589844,1.6666666666666667
33,2017461,tactical,11.75,ward,10,10,1,0.5889244079589844,0.5889244079589844,1.0
33,2017461,team,23.0,single,2,2,0,0.0,0.0,21.0
33,2017461,team,23.0,complete,5,5,0,0.0,0.0,1.0
33,2017461,team,23.0,ward,6,6,0,0.0,0.0,1.0
34,2017461,individual,2.75,single,21,21,2,4.290489673614502,7.0540571212768555,2.0
34,2017461,individual,2.75,complete,21,21,2,4.290489673614502,7.0540571212768555,2.0
34,2017461,individual,2.75,ward,21,21,2,4.290489673614502,7.0540571212768555,2.0
34,2017461,tactical,11.75,single,7,7,1,1.5115985870361328,1.5115985870361328,2.75
34,2017461,tactical,11.75,complete,11,11,2,3.809091567993164,4.175884246826172,1.3333333333333333
34,2017461,tactical,11.75,ward,11,11,2,3.809091567993164,4.175884246826172,1.3333333333333333
34,2017461,team,23.0,single,2,2,0,0.0,0.0,21.0
34,2017461,team,23.0,complete,8,8,1,4.527097702026367,4.527097702026367,1.0
34,2017461,team,23.0,ward,8,8,1,4.527097702026367,4.527097702026367,1.25
35,2017461,individual,2.75,single,19,19,2,2.7871761322021484,3.3995094299316406,1.0
35,2017461,individual,2.75,complete,19,19,2,2.7871761322021484,3.3995094299316406,1.0
35,2017461,individual,2.75,ward,19,19,2,2.7871761322021484,3.3995094299316406,1.0
35,2017461,tactical,11.75,single,4,4,0,0.0,0.0,9.0
35,2017461,tactical,11.75,complete,11,11,1,2.6868152618408203,2.6868152618408203,1.3333333333333333
35,2017461,tactical,11.75,ward,11,11,1,2.6868152618408203,2.6868152618408203,1.3333333333333333
35,2017461,team,23.0,single,1,1,0,0.0,0.0,22.0
35,2017461,team,23.0,complete,7,7,0,0.0,0.0,1.2
35,2017461,team,23.0,ward,7,7,0,0.0,0.0,1.2
36,2017461,individual,2.75,single,17,17,1,0.2989540100097656,0.2989540100097656,1.5
36,2017461,individual,2.75,complete,17,17,1,0.2989540100097656,0.2989540100097656,1.5
36,2017461,individual,2.75,ward,17,17,1,0.2989540100097656,0.2989540100097656,1.5
36,2017461,tactical,11.75,single,2,2,0,0.0,0.0,21.0
36,2017461,tactical,11.75,complete,6,6,0,0.0,0.0,2.25
36,2017461,tactical,11.75,ward,7,7,0,0.0,0.0,1.75
36,2017461,team,23.0,single,2,2,0,0.0,0.0,21.0
36,2017461,team,23.0,complete,4,4,0,0.0,0.0,8.5
36,2017461,team,23.0,ward,4,4,0,0.0,0.0,1.375
37,2017461,individual,2.75,single,21,21,4,0.5159387588500977,1.474935531616211,2.0
37,2017461,individual,2.75,complete,21,21,4,0.5159387588500977,1.474935531616211,2.0
37,2017461,individual,2.75,ward,21,21,4,0.5159387588500977,1.474935531616211,2.0
37,2017461,tactical,11.75,single,6,6,1,5.520900726318359,5.520900726318359,8.0
37,2017461,tactical,11.75,complete,14,14,2,3.2755889892578125,3.527772903442383,1.5
37,2017461,tactical,11.75,ward,14,14,2,1.925837516784668,3.023405075073242,1.5
37,2017461,team,23.0,single,2,2,0,0.0,0.0,21.0
37,2017461,team,23.0,complete,7,7,2,4.465402603149414,6.199577331542969,1.2
37,2017461,team,23.0,ward,7,7,0,0.0,0.0,1.0
38,2017461,individual,2.75,single,18,18,2,6.124972820281982,10.482049942016602,2.0
38,2017461,individual,2.75,complete,19,19,2,6.124972820281982,10.482049942016602,1.0
38,2017461,individual,2.75,ward,19,19,2,6.124972820281982,10.482049942016602,1.0
38,2017461,tactical,11.75,single,4,4,0,0.0,0.0,2.8
38,2017461,tactical,11.75,complete,10,10,1,7.024242401123047,7.024242401123047,1.6666666666666667
38,2017461,tactical,11.75,ward,10,10,1,7.024242401123047,7.024242401123047,1.6666666666666667
38,2017461,team,23.0,single,2,2,0,0.0,0.0,21.0
38,2017461,team,23.0,complete,5,5,0,0.0,0.0,1.8
38,2017461,team,23.0,ward,7,7,1,7.649873733520508,7.649873733520508,2.6666666666666665
39,2017461,individual,2.75,single,18,18,2,3.3808813095092773,4.451963424682617,1.0
39,2017461,individual,2.75,complete,18,18,2,3.3808813095092773,4.451963424682617,1.0
39,2017461,individual,2.75,ward,18,18,2,3.3808813095092773,4.451963424682617,1.0
39,2017461,tactical,11.75,single,8,8,1,5.162202835083008,5.162202835083008,1.8
39,2017461,tactical,11.75,complete,12,12,1,1.5139102935791016,1.5139102935791016,1.6666666666666667
39,2017461,tactical,11.75,ward,12,12,1,1.5139102935791016,1.5139102935791016,1.6666666666666667
39,2017461,team,23.0,single,2,2,0,0.0,0.0,21.0
39,2017461,team,23.0,complete,6,6,0,0.0,0.0,1.6
39,2017461,team,23.0,ward,6,6,0,0.0,0.0,1.6
40,2017461,individual,2.75,single,20,20,4,0.8773367404937744,1.2946157455444336,1.0
40,2017461,individual,2.75,complete,20,20,4,0.8773367404937744,1.2946157455444336,1.0
40,2017461,individual,2.75,ward,20,20,4,0.8773367404937744,1.2946157455444336,1.0
40,2017461,tactical,11.75,single,3,3,0,0.0,0.0,20.0
40,2017461,tactical,11.75,complete,9,9,1,1.596710205078125,1.596710205078125,1.0
40,2017461,tactical,11.75,ward,10,10,1,0.293182373046875,0.293182373046875,1.6666666666666667
40,2017461,team,23.0,single,2,2,0,0.0,0.0,21.0
40,2017461,team,23.0,complete,5,5,0,0.0,0.0,1.0
40,2017461,team,23.0,ward,7,7,0,0.0,0.0,1.2
41,2017461,individual,2.75,single,21,21,4,1.3557891845703125,2.3770523071289062,2.0
41,2017461,individual,2.75,complete,21,21,4,1.3557891845703125,2.3770523071289062,2.0
41,2017461,individual,2.75,ward,21,21,4,1.3557891845703125,2.3770523071289062,2.0
41,2017461,tactical,11.75,single,4,4,0,0.0,0.0,19.0
41,2017461,tactical,11.75,complete,11,11,3,2.530085245768229,4.097072601318359,1.0
41,2017461,tactical,11.75,ward,11,11,3,2.530085245768229,4.097072601318359,1.0
41,2017461,team,23.0,single,2,2,0,0.0,0.0,21.0
41,2017461,team,23.0,complete,6,6,0,0.0,0.0,1.2
41,2017461,team,23.0,ward,7,7,1,5.118015289306641,5.118015289306641,1.2
42,2017461,individual,2.75,single,18,18,3,1.090113639831543,2.280135154724121,5.0
42,2017461,individual,2.75,complete,20,20,3,1.090113639831543,2.280135154724121,1.0
42,2017461,individual,2.75,ward,20,20,3,1.090113639831543,2.280135154724121,1.0
42,2017461,tactical,11.75,single,4,4,0,0.0,0.0,3.5
42,2017461,tactical,11.75,complete,10,10,1,2.483623504638672,2.483623504638672,1.6666666666666667
42,2017461,tactical,11.75,ward,10,10,1,2.483623504638672,2.483623504638672,1.6666666666666667
42,2017461,team,23.0,single,2,2,0,0.0,0.0,21.0
42,2017461,team,23.0,complete,6,6,0,0.0,0.0,1.75
42,2017461,team,23.0,ward,6,6,0,0.0,0.0,1.2
43,2017461,individual,2.75,single,22,22,4,1.8598816394805908,3.946812629699707,1.0
43,2017461,individual,2.75,complete,22,22,4,1.8598816394805908,3.946812629699707,1.0
43,2017461,individual,2.75,ward,22,22,4,1.8598816394805908,3.946812629699707,1.0
43,2017461,tactical,11.75,single,5,5,0,0.0,0.0,18.0
43,2017461,tactical,11.75,complete,12,12,2,2.7825164794921875,3.5106935501098633,1.6666666666666667
43,2017461,tactical,11.75,ward,13,13,2,3.4772462844848633,3.5106935501098633,1.0
43,2017461,team,23.0,single,3,3,0,0.0,0.0,20.0
43,2017461,team,23.0,complete,6,6,0,0.0,0.0,1.0
43,2017461,team,23.0,ward,6,6,0,0.0,0.0,1.0
44,2017461,individual,2.75,single,18,18,3,2.5980011622111,4.610692977905273,1.0
44,2017461,individual,2.75,complete,18,18,3,2.5980011622111,4.610692977905273,1.0
44,2017461,individual,2.75,ward,18,18,3,2.5980011622111,4.610692977905273,1.0
44,2017461,tactical,11.75,single,8,8,0,0.0,0.0,15.0
44,2017461,tactical,11.75,complete,11,11,3,2.616879145304362,4.114892959594727,1.5
44,2017461,tactical,11.75,ward,11,11,3,2.616879145304362,4.114892959594727,1.5
44,2017461,team,23.0,single,2,2,0,0.0,0.0,21.0
44,2017461,team,23.0,complete,7,7,1,5.516141891479492,5.516141891479492,1.1666666666666667
44,2017461,team,23.0,ward,7,7,0,0.0,0.0,1.4
45,2017461,individual,2.75,single,21,21,3,2.4237419764200845,3.371535301208496,2.0
45,2017461,individual,2.75,complete,21,21,3,2.4237419764200845,3.371535301208496,2.0
45,2017461,individual,2.75,ward,21,21,3,2.4237419764200845,3.371535301208496,2.0
45,2017461,tactical,11.75,single,6,6,1,3.436647415161133,3.436647415161133,1.1428571428571428
45,2017461,tactical,11.75,complete,11,11,2,3.3673181533813477,3.6893272399902344,1.3333333333333333
45,2017461,tactical,11.75,ward,12,12,2,4.311336517333984,4.8233184814453125,1.0
45,2017461,team,23.0,single,2,2,0,0.0,0.0,21.0
45,2017461,team,23.0,complete,6,6,0,0.0,0.0,1.1666666666666667
45,2017461,team,23.0,ward,7,7,1,1.0224132537841797,1.0224132537841797,1.5
46,2017461,individual,2.75,single,21,21,4,1.4604771137237549,1.9952354431152344,2.0
46,2017461,individual,2.75,complete,21,21,4,1.4604771137237549,1.9952354431152344,2.0
46,2017461,individual,2.75,ward,21,21,4,1.4604771137237549,1.9952354431152344,2.0
46,2017461,tactical,11.75,single,6,6,1,0.4687843322753906,0.4687843322753906,8.0
46,2017461,tactical,11.75,complete,11,11,3,1.9858773549397786,2.779987335205078,1.6666666666666667
46,2017461,tactical,11.75,ward,12,12,3,1.950670878092448,2.779987335205078,1.0
46,2017461,team,23.0,single,2,2,0,0.0,0.0,21.0
46,2017461,team,23.0,complete,7,7,1,0.983245849609375,0.983245849609375,1.4
46,2017461,team,23.0,ward,8,8,2,1.9591999053955078,2.9351539611816406,2.3333333333333335
47,2017461,individual,2.75,single,20,20,0,0.0,0.0,1.0
47,2017461,individual,2.75,complete,20,20,0,0.0,0.0,1.0
47,2017461,individual,2.75,ward,20,20,0,0.0,0.0,1.0
47,2017461,tactical,11.75,single,5,5,0,0.0,0.0,1.125
47,2017461,tactical,11.75,complete,10,10,1,2.566068649291992,2.566068649291992,1.0
47,2017461,tactical,11.75,ward,12,12,1,1.7641868591308594,1.7641868591308594,1.0
47,2017461,team,23.0,single,2,2,0,0.0,0.0,21.0
47,2017461,team,23.0,complete,6,6,1,3.9255905151367188,3.9255905151367188,1.4
47,2017461,team,23.0,ward,6,6,1,3.9255905151367188,3.9255905151367188,1.4
48,2017461,individual,2.75,single,19,19,3,1.245813210805257,2.3217086791992188,1.0
48,2017461,individual,2.75,complete,19,19,3,1.245813210805257,2.3217086791992188,1.0
48,2017461,individual,2.75,ward,19,19,3,1.245813210805257,2.3217086791992188,1.0
48,2017461,tactical,11.75,single,3,3,0,0.0,0.0,20.0
48,2017461,tactical,11.75,complete,8,8,1,2.428603172302246,2.428603172302246,1.25
48,2017461,tactical,11.75,ward,9,9,0,0.0,0.0,2.0
48,2017461,team,23.0,single,3,3,0,0.0,0.0,20.0
48,2017461,team,23.0,complete,4,4,0,0.0,0.0,3.0
48,2017461,team,23.0,ward,5,5,0,0.0,0.0,1.1428571428571428
49,2017461,individual,2.75,single,19,19,3,1.4247681299845378,1.9209375381469727,1.5
49,2017461,individual,2.75,complete,20,20,3,1.455837885538737,2.4962377548217773,1.0
49,2017461,individual,2.75,ward,20,20,3,1.455837885538737,2.4962377548217773,1.0
49,2017461,tactical,11.75,single,3,3,0,0.0,0.0,20.0
49,2017461,tactical,11.75,complete,9,9,1,0.7405052185058594,0.7405052185058594,1.0
49,2017461,tactical,11.75,ward,10,10,2,1.9251165390014648,3.3945579528808594,1.0
49,2017461,team,23.0,single,2,2,0,0.0,0.0,21.0
49,2017461,team,23.0,complete,4,4,0,0.0,0.0,1.0
49,2017461,team,23.0,ward,6,6,1,2.484762191772461,2.484762191772461,1.1666666666666667
50,2017461,individual,2.75,single,20,20,3,1.9537363052368164,3.6621828079223633,1.0
50,2017461,individual,2.75,complete,20,20,3,1.9537363052368164,3.6621828079223633,1.0
50,2017461,individual,2.75,ward,20,20,3,1.9537363052368164,3.6621828079223633,1.0
50,2017461,tactical,11.75,single,7,7,1,0.9690208435058594,0.9690208435058594,1.6666666666666667
50,2017461,tactical,11.75,complete,12,12,2,3.9457168579101562,5.926218032836914,1.0
50,2017461,tactical,11.75,ward,11,11,1,5.573076248168945,5.573076248168945,1.0
50,2017461,team,23.0,single,2,2,0,0.0,0.0,21.0
50,2017461,team,23.0,complete,7,7,1,2.2946033477783203,2.2946033477783203,1.2
50,2017461,team,23.0,ward,8,8,1,5.40788459777832,5.40788459777832,1.3333333333333333
51,2017461,individual,2.75,single,17,17,2,0.5405511856079102,0.8956470489501953,1.5
51,2017461,individual,2.75,complete,18,18,2,0.5405511856079102,0.8956470489501953,1.0
51,2017461,individual,2.75,ward,18,18,2,0.5405511856079102,0.8956470489501953,1.0
51,2017461,tactical,11.75,single,3,3,0,0.0,0.0,20.0
51,2017461,tactical,11.75,complete,8,8,0,0.0,0.0,1.2
51,2017461,tactical,11.75,ward,7,7,1,2.534665107727051,2.534665107727051,1.2
51,2017461,team,23.0,single,3,3,0,0.0,0.0,20.0
51,2017461,team,23.0,complete,4,4,0,0.0,0.0,2.3333333333333335
51,2017461,team,23.0,ward,5,5,0,0.0,0.0,1.3333333333333333
52,2017461,individual,2.75,single,20,20,2,4.624212741851807,8.202789306640625,3.0
52,2017461,individual,2.75,complete,21,21,2,5.296082496643066,9.546528816223145,2.0
52,2017461,individual,2.75,ward,20,20,2,4.624212741851807,8.202789306640625,3.0
52,2017461,tactical,11.75,single,4,4,0,0.0,0.0,19.0
52,2017461,tactical,11.75,complete,9,9,1,5.640716552734375,5.640716552734375,2.0
52,2017461,tactical,11.75,ward,10,10,1,5.696048736572266,5.696048736572266,2.0
52,2017461,team,23.0,single,2,2,0,0.0,0.0,21.0
52,2017461,team,23.0,complete,5,5,1,3.566194534301758,3.566194534301758,1.1666666666666667
52,2017461,team,23.0,ward,5,5,1,3.566194534301758,3.566194534301758,1.1666666666666667
53,2017461,individual,2.75,single,19,19,3,0.6880957285563151,1.4441852569580078,1.0
53,2017461,individual,2.75,complete,19,19,3,0.6880957285563151,1.4441852569580078,1.0
53,2017461,individual,2.75,ward,19,19,3,0.6880957285563151,1.4441852569580078,1.0
53,2017461,tactical,11.75,single,6,6,1,0.7592277526855469,0.7592277526855469,8.0
53,2017461,tactical,11.75,complete,12,12,1,1.249185562133789,1.249185562133789,1.0
53,2017461,tactical,11.75,ward,12,12,1,1.249185562133789,1.249185562133789,1.0
53,2017461,team,23.0,single,2,2,0,0.0,0.0,21.0
53,2017461,team,23.0,complete,6,6,0,0.0,0.0,1.4
53,2017461,team,23.0,ward,7,7,1,0.9570808410644531,0.9570808410644531,1.0
54,2017461,individual,2.75,single,21,21,3,2.3261305491129556,5.026583671569824,2.0
54,2017461,individual,2.75,complete,21,21,3,2.3261305491129556,5.026583671569824,2.0
54,2017461,individual,2.75,ward,21,21,3,2.3261305491129556,5.026583671569824,2.0
54,2017461,tactical,11.75,single,6,6,1,3.150278091430664,3.150278091430664,17.0
54,2017461,tactical,11.75,complete,11,11,2,2.698847770690918,3.161020278930664,1.0
54,2017461,tactical,11.75,ward,11,11,2,2.698847770690918,3.161020278930664,1.0
54,2017461,team,23.0,single,2,2,0,0.0,0.0,21.0
54,2017461,team,23.0,complete,7,7,0,0.0,0.0,1.1666666666666667
54,2017461,team,23.0,ward,6,6,0,0.0,0.0,1.5
55,2017461,individual,2.75,single,20,20,3,2.394301096598307,5.838319778442383,1.0
55,2017461,individual,2.75,complete,20,20,3,2.394301096598307,5.838319778442383,1.0
55,2017461,individual,2.75,ward,20,20,3,2.394301096598307,5.838319778442383,1.0
55,2017461,tactical,11.75,single,5,5,0,0.0,0.0,1.8333333333333333
55,2017461,tactical,11.75,complete,12,12,2,3.6796493530273438,5.996971130371094,1.0
55,2017461,tactical,11.75,ward,12,12,2,3.6796493530273438,5.996971130371094,1.0
55,2017461,team,23.0,single,2,2,0,0.0,0.0,21.0
55,2017461,team,23.0,complete,5,5,1,1.4887619018554688,1.4887619018554688,1.1666666666666667
55,2017461,team,23.0,ward,6,6,1,4.002376556396484,4.002376556396484,1.2
56,2017461,individual,2.75,single,20,20,2,5.936367511749268,7.1905059814453125,1.0
56,2017461,individual,2.75,complete,20,20,2,5.936367511749268,7.1905059814453125,1.0
56,2017461,individual,2.75,ward,20,20,2,5.936367511749268,7.1905059814453125,1.0
56,2017461,tactical,11.75,single,5,5,0,0.0,0.0,8.0
56,2017461,tactical,11.75,complete,12,12,2,4.000559329986572,4.07913875579834,1.0
56,2017461,tactical,11.75,ward,12,12,2,4.000559329986572,4.07913875579834,1.0
56,2017461,team,23.0,single,1,1,0,0.0,0.0,22.0
56,2017461,team,23.0,complete,8,8,1,0.09389686584472656,0.09389686584472656,1.5
56,2017461,team,23.0,ward,8,8,1,0.09389686584472656,0.09389686584472656,1.5
57,2017461,individual,2.75,single,21,21,4,0.4002859592437744,0.8621654510498047,2.0
57,2017461,individual,2.75,complete,21,21,4,0.4002859592437744,0.8621654510498047,2.0
57,2017461,individual,2.75,ward,21,21,4,0.4002859592437744,0.8621654510498047,2.0
57,2017461,tactical,11.75,single,7,7,1,2.792306900024414,2.792306900024414,2.0
57,2017461,tactical,11.75,complete,12,12,2,2.541543960571289,4.597940444946289,1.0
57,2017461,tactical,11.75,ward,12,12,2,2.541543960571289,4.597940444946289,1.0
57,2017461,team,23.0,single,2,2,0,0.0,0.0,21.0
57,2017461,team,23.0,complete,7,7,1,6.669227600097656,6.669227600097656,1.0
57,2017461,team,23.0,ward,7,7,1,6.669227600097656,6.669227600097656,1.0
58,2017461,individual,2.75,single,21,21,4,2.0783209800720215,3.252695083618164,2.0
58,2017461,individual,2.75,complete,21,21,4,2.0783209800720215,3.252695083618164,2.0
58,2017461,individual,2.75,ward,21,21,4,2.0783209800720215,3.252695083618164,2.0
58,2017461,tactical,11.75,single,3,3,0,0.0,0.0,20.0
58,2017461,tactical,11.75,complete,10,10,1,4.058055877685547,4.058055877685547,1.3333333333333333
58,2017461,tactical,11.75,ward,10,10,1,4.058055877685547,4.058055877685547,1.3333333333333333
58,2017461,team,23.0,single,2,2,0,0.0,0.0,21.0
58,2017461,team,23.0,complete,7,7,1,5.625762939453125,5.625762939453125,1.0
58,2017461,team,23.0,ward,6,6,1,3.601551055908203,3.601551055908203,1.1666666666666667
59,2017461,individual,2.75,single,22,22,5,1.8102556228637696,4.400909423828125,1.0
59,2017461,individual,2.75,complete,22,22,5,1.8102556228637696,4.400909423828125,1.0
59,2017461,individual,2.75,ward,22,22,5,1.8102556228637696,4.400909423828125,1.0
59,2017461,tactical,11.75,single,6,6,1,4.721294403076172,4.721294403076172,8.0
59,2017461,tactical,11.75,complete,11,11,3,4.099984486897786,6.38456916809082,1.0
59,2017461,tactical,11.75,ward,11,11,3,4.099984486897786,6.38456916809082,1.0
59,2017461,team,23.0,single,2,2,0,0.0,0.0,21.0
59,2017461,team,23.0,complete,8,8,2,2.552769660949707,3.0373992919921875,2.0
59,2017461,team,23.0,ward,10,10,1,6.38456916809082,6.38456916809082,1.0
60,2017461,individual,2.75,single,18,18,3,1.1664174397786458,1.790842056274414,1.5
60,2017461,individual,2.75,complete,19,19,3,1.1664174397786458,1.790842056274414,1.0
60,2017461,individual,2.75,ward,19,19,3,1.1664174397786458,1.790842056274414,1.0
60,2017461,tactical,11.75,single,3,3,0,0.0,0.0,20.0
60,2017461,tactical,11.75,complete,9,9,0,0.0,0.0,1.6666666666666667
60,2017461,tactical,11.75,ward,9,9,0,0.0,0.0,1.6666666666666667
60,2017461,team,23.0,single,3,3,0,0.0,0.0,20.0
60,2017461,team,23.0,complete,6,6,0,0.0,0.0,2.0
60,2017461,team,23.0,ward,6,6,1,2.347412109375,2.347412109375,1.0
61,2017461,individual,2.75,single,20,20,3,1.8412791887919109,3.927745819091797,1.0
61,2017461,individual,2.75,complete,20,20,3,1.8412791887919109,3.927745819091797,1.0
61,2017461,individual,2.75,ward,20,20,3,1.8412791887919109,3.927745819091797,1.0
61,2017461,tactical,11.75,single,4,4,0,0.0,0.0,5.666666666666667
61,2017461,tactical,11.75,complete,10,10,1,3.5936756134033203,3.5936756134033203,1.6666666666666667
61,2017461,tactical,11.75,ward,11,11,2,1.0165376663208008,1.9743766784667969,1.6666666666666667
61,2017461,team,23.0,single,2,2,0,0.0,0.0,21.0
61,2017461,team,23.0,complete,5,5,1,1.0319042205810547,1.0319042205810547,2.75
61,2017461,team,23.0,ward,7,7,1,3.4258270263671875,3.4258270263671875,1.2
62,2017461,individual,2.75,single,20,20,3,2.6502453486124673,3.2147884368896484,1.0
62,2017461,individual,2.75,complete,20,20,3,2.6502453486124673,3.2147884368896484,1.0
62,2017461,individual,2.75,ward,20,20,3,2.6502453486124673,3.2147884368896484,1.0
62,2017461,tactical,11.75,single,5,5,0,0.0,0.0,18.0
62,2017461,tactical,11.75,complete,12,12,2,4.255055904388428,5.083183288574219,1.0
62,2017461,tactical,11.75,ward,12,12,2,4.255055904388428,5.083183288574219,1.0
62,2017461,team,23.0,single,2,2,0,0.0,0.0,21.0
62,2017461,team,23.0,complete,6,6,0,0.0,0.0,1.1666666666666667
62,2017461,team,23.0,ward,7,7,0,0.0,0.0,1.0
63,2017461,individual,2.75,single,21,21,4,1.0189257860183716,1.7137012481689453,2.0
63,2017461,individual,2.75,complete,21,21,4,1.0189257860183716,1.7137012481689453,2.0
63,2017461,individual,2.75,ward,21,21,4,1.0189257860183716,1.7137012481689453,2.0
63,2017461,tactical,11.75,single,5,5,0,0.0,0.0,18.0
63,2017461,tactical,11.75,complete,12,12,3,1.097028414408366,1.9182186126708984,1.0
63,2017461,tactical,11.75,ward,11,11,2,0.8682212829589844,1.162384033203125,1.0
63,2017461,team,23.0,single,2,2,0,0.0,0.0,21.0
63,2017461,team,23.0,complete,7,7,1,0.13564109802246094,0.13564109802246094,1.5
63,2017461,team,23.0,ward,7,7,1,1.162384033203125,1.162384033203125,1.75
64,2017461,individual,2.75,single,22,22,4,1.1826789379119873,1.9180679321289062,1.0
64,2017461,individual,2.75,complete,22,22,4,1.1826789379119873,1.9180679321289062,1.0
64,2017461,individual,2.75,ward,22,22,4,1.1826789379119873,1.9180679321289062,1.0
64,2017461,tactical,11.75,single,5,5,0,0.0,0.0,8.5
64,2017461,tactical,11.75,complete,12,12,2,5.47361946105957,7.267810821533203,1.0
64,2017461,tactical,11.75,ward,11,11,2,7.29984188079834,7.643989562988281,1.3333333333333333
64,2017461,team,23.0,single,2,2,0,0.0,0.0,21.0
64,2017461,team,23.0,complete,6,6,1,2.0055694580078125,2.0055694580078125,1.8
64,2017461,team,23.0,ward,6,6,1,0.1502857208251953,0.1502857208251953,1.0
65,2017461,individual,2.75,single,17,17,1,1.3334274291992188,1.3334274291992188,1.5
65,2017461,individual,2.75,complete,18,18,1,1.3334274291992188,1.3334274291992188,1.0
65,2017461,individual,2.75,ward,18,18,1,1.3334274291992188,1.3334274291992188,1.0
65,2017461,tactical,11.75,single,3,3,0,0.0,0.0,20.0
65,2017461,tactical,11.75,complete,9,9,1,0.18964385986328125,0.18964385986328125,2.3333333333333335
65,2017461,tactical,11.75,ward,9,9,1,0.7554340362548828,0.7554340362548828,1.0
65,2017461,team,23.0,single,2,2,0,0.0,0.0,21.0
65,2017461,team,23.0,complete,5,5,0,0.0,0.0,1.0
65,2017461,team,23.0,ward,5,5,0,0.0,0.0,1.6
66,2017461,individual,2.75,single,20,20,2,1.4589881896972656,2.487752914428711,1.0
66,2017461,individual,2.75,complete,20,20,2,1.4589881896972656,2.487752914428711,1.0
66,2017461,individual,2.75,ward,20,20,2,1.4589881896972656,2.487752914428711,1.0
66,2017461,tactical,11.75,single,3,3,0,0.0,0.0,20.0
66,2017461,tactical,11.75,complete,11,11,2,1.8655128479003906,3.2087860107421875,1.0
66,2017461,tactical,11.75,ward,11,11,3,2.175560633341471,3.2087860107421875,1.3333333333333333
66,2017461,team,23.0,single,2,2,0,0.0,0.0,21.0
66,2017461,team,23.0,complete,7,7,0,0.0,0.0,2.6666666666666665
66,2017461,team,23.0,ward,7,7,1,5.704351425170898,5.704351425170898,1.0
67,2017461,individual,2.75,single,18,18,6,0.45420098304748535,0.9473686218261719,1.5
67,2017461,individual,2.75,complete,18,18,6,0.45420098304748535,0.9473686218261719,1.5
67,2017461,individual,2.75,ward,18,18,6,0.45420098304748535,0.9473686218261719,1.5
67,2017461,tactical,11.75,single,4,4,0,0.0,0.0,19.0
67,2017461,tactical,11.75,complete,10,10,1,0.3190422058105469,0.3190422058105469,2.6666666666666665
67,2017461,tactical,11.75,ward,11,11,2,0.4132523536682129,0.5932035446166992,1.0
67,2017461,team,23.0,single,2,2,0,0.0,0.0,21.0
67,2017461,team,23.0,complete,7,7,0,0.0,0.0,2.5
67,2017461,team,23.0,ward,8,8,0,0.0,0.0,2.0
68,2017461,individual,2.75,single,19,19,3,1.5745925903320312,4.097447395324707,1.5
68,2017461,individual,2.75,complete,20,20,3,1.768499533335368,4.097447395324707,1.0
68,2017461,individual,2.75,ward,20,20,3,1.768499533335368,4.097447395324707,1.0
68,2017461,tactical,11.75,single,2,2,0,0.0,0.0,21.0
68,2017461,tactical,11.75,complete,10,10,2,0.41445112228393555,0.4582843780517578,1.0
68,2017461,tactical,11.75,ward,10,10,2,0.41445112228393555,0.4582843780517578,1.0
68,2017461,team,23.0,single,2,2,0,0.0,0.0,21.0
68,2017461,team,23.0,complete,5,5,1,4.439628601074219,4.439628601074219,1.5
68,2017461,team,23.0,ward,5,5,1,4.439628601074219,4.439628601074219,1.5
69,2017461,individual,2.75,single,20,20,6,2.0292698542277017,2.975322723388672,1.0
69,2017461,individual,2.75,complete,20,20,6,2.0292698542277017,2.975322723388672,1.0
69,2017461,individual,2.75,ward,20,20,6,2.0292698542277017,2.975322723388672,1.0
69,2017461,tactical,11.75,single,5,5,0,0.0,0.0,18.0
69,2017461,tactical,11.75,complete,11,11,2,1.4644346237182617,2.0545711517333984,1.3333333333333333
69,2017461,tactical,11.75,ward,11,11,2,1.4644346237182617,2.0545711517333984,1.3333333333333333
69,2017461,team,23.0,single,2,2,0,0.0,0.0,21.0
69,2017461,team,23.0,complete,6,6,0,0.0,0.0,1.0
69,2017461,team,23.0,ward,8,8,0,0.0,0.0,1.0
70,2017461,individual,2.75,single,21,21,3,1.0348529815673828,1.3384056091308594,2.0
70,2017461,individual,2.75,complete,21,21,3,1.0348529815673828,1.3384056091308594,2.0
70,2017461,individual,2.75,ward,21,21,3,1.0348529815673828,1.3384056091308594,2.0
70,2017461,tactical,11.75,single,5,5,0,0.0,0.0,8.5
70,2017461,tactical,11.75,complete,12,12,1,2.8248291015625,2.8248291015625,1.3333333333333333
70,2017461,tactical,11.75,ward,12,12,1,2.8248291015625,2.8248291015625,1.3333333333333333
70,2017461,team,23.0,single,3,3,0,0.0,0.0,20.0
70,2017461,team,23.0,complete,7,7,0,0.0,0.0,1.5
70,2017461,team,23.0,ward,7,7,1,0.20708084106445312,0.20708084106445312,1.75
71,2017461,individual,2.75,single,17,17,0,0.0,0.0,2.0
71,2017461,individual,2.75,complete,19,19,0,0.0,0.0,1.0
71,2017461,individual,2.75,ward,19,19,0,0.0,0.0,1.0
71,2017461,tactical,11.75,single,5,5,0,0.0,0.0,5.333333333333333
71,2017461,tactical,11.75,complete,8,8,1,2.387859344482422,2.387859344482422,1.4
71,2017461,tactical,11.75,ward,8,8,1,2.251544952392578,2.251544952392578,1.2
71,2017461,team,23.0,single,3,3,0,0.0,0.0,20.0
71,2017461,team,23.0,complete,5,5,0,0.0,0.0,1.6666666666666667
71,2017461,team,23.0,ward,6,6,0,0.0,0.0,1.6666666666666667
72,2017461,individual,2.75,single,17,17,2,1.6864147186279297,2.955892562866211,2.5
72,2017461,individual,2.75,complete,19,19,3,1.1946980158487956,2.955892562866211,1.5
72,2017461,individual,2.75,ward,19,19,2,1.6864147186279297,2.955892562866211,1.0
72,2017461,tactical,11.75,single,3,3,0,0.0,0.0,6.0
72,2017461,tactical,11.75,complete,7,7,0,0.0,0.0,2.0
72,2017461,tactical,11.75,ward,7,7,0,0.0,0.0,1.4
72,2017461,team,23.0,single,2,2,0,0.0,0.0,21.0
72,2017461,team,23.0,complete,4,4,0,0.0,0.0,2.6
72,2017461,team,23.0,ward,5,5,0,0.0,0.0,1.1428571428571428
73,2017461,individual,2.75,single,16,16,2,1.398195743560791,1.609029769897461,1.5
73,2017461,individual,2.75,complete,17,17,2,1.398195743560791,1.609029769897461,1.0
73,2017461,individual,2.75,ward,17,17,2,1.398195743560791,1.609029769897461,1.0
73,2017461,tactical,11.75,single,5,5,0,0.0,0.0,1.1111111111111112
73,2017461,tactical,11.75,complete,10,10,2,2.0840206146240234,2.91827392578125,1.25
73,2017461,tactical,11.75,ward,11,11,2,3.85518741607666,4.79210090637207,1.6666666666666667
73,2017461,team,23.0,single,2,2,0,0.0,0.0,21.0
73,2017461,team,23.0,complete,5,5,1,1.4242725372314453,1.4242725372314453,1.1666666666666667
73,2017461,team,23.0,ward,6,6,1,1.7418460845947266,1.7418460845947266,1.2
74,2017461,individual,2.75,single,16,16,1,1.3059167861938477,1.3059167861938477,1.5
74,2017461,individual,2.75,complete,17,17,1,1.3059167861938477,1.3059167861938477,1.0
74,2017461,individual,2.75,ward,17,17,1,1.3059167861938477,1.3059167861938477,1.0
74,2017461,tactical,11.75,single,2,2,0,0.0,0.0,21.0
74,2017461,tactical,11.75,complete,7,7,0,0.0,0.0,1.0
74,2017461,tactical,11.75,ward,8,8,0,0.0,0.0,1.25
74,2017461,team,23.0,single,2,2,0,0.0,0.0,21.0
74,2017461,team,23.0,complete,5,5,1,0.4556732177734375,0.4556732177734375,1.3333333333333333
74,2017461,team,23.0,ward,5,5,1,0.4556732177734375,0.4556732177734375,1.3333333333333333
75,2017461,individual,2.75,single,19,19,1,0.6286635398864746,0.6286635398864746,1.0
75,2017461,individual,2.75,complete,19,19,1,0.6286635398864746,0.6286635398864746,1.0
75,2017461,individual,2.75,ward,19,19,1,0.6286635398864746,0.6286635398864746,1.0
75,2017461,tactical,11.75,single,2,2,0,0.0,0.0,21.0
75,2017461,tactical,11.75,complete,8,8,1,0.13178443908691406,0.13178443908691406,1.0
75,2017461,tactical,11.75,ward,8,8,1,0.13178443908691406,0.13178443908691406,1.0
75,2017461,team,23.0,single,2,2,0,0.0,0.0,21.0
75,2017461,team,23.0,complete,5,5,0,0.0,0.0,1.1428571428571428
75,2017461,team,23.0,ward,5,5,0,0.0,0.0,1.1428571428571428
76,2017461,individual,2.75,single,22,22,4,1.3126368522644043,1.7518177032470703,1.0
76,2017461,individual,2.75,complete,22,22,4,1.3126368522644043,1.7518177032470703,1.0
76,2017461,individual,2.75,ward,22,22,4,1.3126368522644043,1.7518177032470703,1.0
76,2017461,tactical,11.75,single,4,4,0,0.0,0.0,19.0
76,2017461,tactical,11.75,complete,13,13,2,2.7175822257995605,5.122897148132324,1.5
76,2017461,tactical,11.75,ward,13,13,2,2.7175822257995605,5.122897148132324,1.5
76,2017461,team,23.0,single,2,2,0,0.0,0.0,21.0
76,2017461,team,23.0,complete,6,6,1,5.501682281494141,5.501682281494141,1.2
76,2017461,team,23.0,ward,6,6,1,5.501682281494141,5.501682281494141,1.2
77,2017461,individual,2.75,single,16,16,3,2.334376017252604,4.1383209228515625,1.5
77,2017461,individual,2.75,complete,17,17,3,2.4276374181111655,3.798373222351074,1.0
77,2017461,individual,2.75,ward,17,17,3,2.4276374181111655,3.798373222351074,1.0
77,2017461,tactical,11.75,single,4,4,0,0.0,0.0,3.0
77,2017461,tactical,11.75,complete,9,9,0,0.0,0.0,1.0
77,2017461,tactical,11.75,ward,10,10,1,2.5034399032592773,2.5034399032592773,1.6666666666666667
77,2017461,team,23.0,single,2,2,0,0.0,0.0,21.0
77,2017461,team,23.0,complete,5,5,0,0.0,0.0,1.0
77,2017461,team,23.0,ward,6,6,0,0.0,0.0,1.0
78,2017461,individual,2.75,single,13,13,2,1.4634623527526855,1.8136625289916992,2.0
78,2017461,individual,2.75,complete,16,16,3,1.1233495076497395,1.8136625289916992,1.5
78,2017461,individual,2.75,ward,15,15,3,0.9872468312581381,1.8136625289916992,2.0
78,2017461,tactical,11.75,single,4,4,0,0.0,0.0,19.0
78,2017461,tactical,11.75,complete,8,8,1,1.0715656280517578,1.0715656280517578,3.0
78,2017461,tactical,11.75,ward,9,9,1,1.20220947265625,1.20220947265625,3.0
78,2017461,team,23.0,single,2,2,0,0.0,0.0,21.0
78,2017461,team,23.0,complete,6,6,0,0.0,0.0,1.125
78,2017461,team,23.0,ward,7,7,1,1.220438003540039,1.220438003540039,1.8
79,2017461,individual,2.75,single,19,19,2,4.125509262084961,7.233599662780762,1.0
79,2017461,individual,2.75,complete,19,19,2,4.125509262084961,7.233599662780762,1.0
79,2017461,individual,2.75,ward,19,19,2,4.125509262084961,7.233599662780762,1.0
79,2017461,tactical,11.75,single,4,4,0,0.0,0.0,19.0
79,2017461,tactical,11.75,complete,11,11,1,2.0174217224121094,2.0174217224121094,1.0
79,2017461,tactical,11.75,ward,12,12,1,4.0139923095703125,4.0139923095703125,1.0
79,2017461,team,23.0,single,1,1,0,0.0,0.0,22.0
79,2017461,team,23.0,complete,5,5,0,0.0,0.0,1.1666666666666667
79,2017461,team,23.0,ward,8,8,0,0.0,0.0,1.25
80,2017461,individual,2.75,single,20,20,3,2.1919145584106445,3.8591880798339844,1.0
80,2017461,individual,2.75,complete,20,20,3,2.1919145584106445,3.8591880798339844,1.0
80,2017461,individual,2.75,ward,20,20,3,2.1919145584106445,3.8591880798339844,1.0
80,2017461,tactical,11.75,single,6,6,0,0.0,0.0,4.333333333333333
80,2017461,tactical,11.75,complete,10,10,1,6.190404891967773,6.190404891967773,1.0
80,2017461,tactical,11.75,ward,10,10,1,6.190404891967773,6.190404891967773,1.0
80,2017461,team,23.0,single,2,2,0,0.0,0.0,21.0
80,2017461,team,23.0,complete,7,7,1,6.088787078857422,6.088787078857422,1.2
80,2017461,team,23.0,ward,8,8,1,5.499904632568359,5.499904632568359,1.2
81,2017461,individual,2.75,single,19,19,1,3.219022750854492,3.219022750854492,1.0
81,2017461,individual,2.75,complete,19,19,1,3.219022750854492,3.219022750854492,1.0
81,2017461,individual,2.75,ward,19,19,1,3.219022750854492,3.219022750854492,1.0
81,2017461,tactical,11.75,single,6,6,0,0.0,0.0,4.333333333333333
81,2017461,tactical,11.75,complete,10,10,0,0.0,0.0,1.3333333333333333
81,2017461,tactical,11.75,ward,11,11,0,0.0,0.0,1.3333333333333333
81,2017461,team,23.0,single,2,2,0,0.0,0.0,21.0
81,2017461,team,23.0,complete,7,7,0,0.0,0.0,1.75
81,2017461,team,23.0,ward,8,8,0,0.0,0.0,2.3333333333333335
82,2017461,individual,2.75,single,20,20,0,0.0,0.0,1.0
82,2017461,individual,2.75,complete,20,20,0,0.0,0.0,1.0
82,2017461,individual,2.75,ward,20,20,0,0.0,0.0,1.0
82,2017461,tactical,11.75,single,3,3,0,0.0,0.0,2.5
82,2017461,tactical,11.75,complete,9,9,0,0.0,0.0,1.75
82,2017461,tactical,11.75,ward,10,10,1,0.3589801788330078,0.3589801788330078,1.0
82,2017461,team,23.0,single,2,2,0,0.0,0.0,21.0
82,2017461,team,23.0,complete,5,5,0,0.0,0.0,3.0
82,2017461,team,23.0,ward,6,6,0,0.0,0.0,2.75
83,2017461,individual,2.75,single,18,18,2,1.3215415477752686,2.1505603790283203,1.5
83,2017461,individual,2.75,complete,19,19,2,1.243821382522583,2.1505603790283203,1.0
83,2017461,individual,2.75,ward,19,19,2,1.243821382522583,2.1505603790283203,1.0
83,2017461,tactical,11.75,single,3,3,0,0.0,0.0,20.0
83,2017461,tactical,11.75,complete,9,9,1,5.205223083496094,5.205223083496094,2.0
83,2017461,tactical,11.75,ward,11,11,1,2.1505603790283203,2.1505603790283203,1.0
83,2017461,team,23.0,single,2,2,0,0.0,0.0,21.0
83,2017461,team,23.0,complete,4,4,0,0.0,0.0,1.125
83,2017461,team,23.0,ward,5,5,0,0.0,0.0,2.25
84,2017461,individual,2.75,single,20,20,4,1.53706955909729,1.9463739395141602,1.0
84,2017461,individual,2.75,complete,20,20,4,1.53706955909729,1.9463739395141602,1.0
84,2017461,individual,2.75,ward,20,20,4,1.53706955909729,1.9463739395141602,1.0
84,2017461,tactical,11.75,single,3,3,0,0.0,0.0,20.0
84,2017461,tactical,11.75,complete,11,11,1,3.3826332092285156,3.3826332092285156,1.3333333333333333
84,2017461,tactical,11.75,ward,11,11,1,3.3826332092285156,3.3826332092285156,1.3333333333333333
84,2017461,team,23.0,single,2,2,0,0.0,0.0,21.0
84,2017461,team,23.0,complete,5,5,0,0.0,0.0,1.5
84,2017461,team,23.0,ward,7,7,0,0.0,0.0,3.0
85,2017461,individual,2.75,single,22,22,5,2.093984603881836,5.8949079513549805,1.0
85,2017461,individual,2.75,complete,22,22,5,2.093984603881836,5.8949079513549805,1.0
85,2017461,individual,2.75,ward,22,22,5,2.093984603881836,5.8949079513549805,1.0
85,2017461,tactical,11.75,single,6,6,1,9.049888610839844,9.049888610839844,3.25
85,2017461,tactical,11.75,complete,12,12,3,3.8411070505777993,5.859472274780273,1.3333333333333333
85,2017461,tactical,11.75,ward,13,13,4,3.1698007583618164,5.859472274780273,1.5
85,2017461,team,23.0,single,2,2,0,0.0,0.0,21.0
85,2017461,team,23.0,complete,8,8,2,2.1995458602905273,3.0891170501708984,1.0
85,2017461,team,23.0,ward,8,8,2,2.1995458602905273,3.0891170501708984,1.0
86,2017461,individual,2.75,single,22,22,2,2.2317519187927246,4.003983497619629,1.0
86,2017461,individual,2.75,complete,22,22,2,2.2317519187927246,4.003983497619629,1.0
86,2017461,individual,2.75,ward,22,22,2,2.2317519187927246,4.003983497619629,1.0
86,2017461,tactical,11.75,single,6,6,0,0.0,0.0,4.666666666666667
86,2017461,tactical,11.75,complete,11,11,2,1.9565038681030273,3.557332992553711,1.3333333333333333
86,2017461,tactical,11.75,ward,11,11,2,1.9565038681030273,3.557332992553711,1.3333333333333333
86,2017461,team,23.0,single,2,2,0,0.0,0.0,21.0
86,2017461,team,23.0,complete,7,7,1,4.077239990234375,4.077239990234375,1.5
86,2017461,team,23.0,ward,7,7,1,4.077239990234375,4.077239990234375,1.5
87,2017461,individual,2.75,single,12,12,1,2.132923126220703,2.132923126220703,5.0
87,2017461,individual,2.75,complete,16,16,1,2.132923126220703,2.132923126220703,1.0
87,2017461,individual,2.75,ward,16,16,1,2.132923126220703,2.132923126220703,1.5
87,2017461,tactical,11.75,single,7,7,0,0.0,0.0,4.666666666666667
87,2017461,tactical,11.75,complete,8,8,0,0.0,0.0,1.8
87,2017461,tactical,11.75,ward,8,8,0,0.0,0.0,2.5
87,2017461,team,23.0,single,2,2,0,0.0,0.0,21.0
87,2017461,team,23.0,complete,4,4,0,0.0,0.0,3.75
87,2017461,team,23.0,ward,5,5,0,0.0,0.0,3.5
88,2017461,individual,2.75,single,16,16,3,2.255239804585775,3.194594383239746,2.5
88,2017461,individual,2.75,complete,17,17,3,2.10967222849528,3.194594383239746,1.5
88,2017461,individual,2.75,ward,17,17,3,2.10967222849528,3.194594383239746,1.5
88,2017461,tactical,11.75,single,5,5,0,0.0,0.0,3.75
88,2017461,tactical,11.75,complete,8,8,1,4.607797622680664,4.607797622680664,2.5
88,2017461,tactical,11.75,ward,10,10,2,1.6774263381958008,2.4569015502929688,1.5
88,2017461,team,23.0,single,2,2,0,0.0,0.0,21.0
88,2017461,team,23.0,complete,4,4,0,0.0,0.0,3.5
88,2017461,team,23.0,ward,4,4,0,0.0,0.0,3.75
89,2017461,individual,2.75,single,19,19,2,1.0893614292144775,1.1811165809631348,1.0
89,2017461,individual,2.75,complete,19,19,2,1.0893614292144775,1.1811165809631348,1.0
89,2017461,individual,2.75,ward,19,19,2,1.0893614292144775,1.1811165809631348,1.0
89,2017461,tactical,11.75,single,5,5,0,0.0,0.0,8.5
89,2017461,tactical,11.75,complete,8,8,0,0.0,0.0,1.2
89,2017461,tactical,11.75,ward,8,8,0,0.0,0.0,1.2
89,2017461,team,23.0,single,2,2,0,0.0,0.0,21.0
89,2017461,team,23.0,complete,6,6,0,0.0,0.0,1.8333333333333333
89,2017461,team,23.0,ward,6,6,0,0.0,0.0,1.0
90,2017461,individual,2.75,single,19,19,3,2.629241943359375,4.150053024291992,1.0
90,2017461,individual,2.75,complete,19,19,3,2.629241943359375,4.150053024291992,1.0
90,2017461,individual,2.75,ward,19,19,3,2.629241943359375,4.150053024291992,1.0
90,2017461,tactical,11.75,single,5,5,0,0.0,0.0,5.0
90,2017461,tactical,11.75,complete,9,9,1,1.9226226806640625,1.9226226806640625,1.25
90,2017461,tactical,11.75,ward,9,9,1,1.9226226806640625,1.9226226806640625,1.25
90,2017461,team,23.0,single,2,2,0,0.0,0.0,21.0
90,2017461,team,23.0,complete,5,5,0,0.0,0.0,2.0
90,2017461,team,23.0,ward,5,5,0,0.0,0.0,2.0
91,2017461,individual,2.75,single,21,21,4,1.5524307489395142,3.935394287109375,2.0
91,2017461,individual,2.75,complete,21,21,4,1.5524307489395142,3.935394287109375,2.0
91,2017461,individual,2.75,ward,21,21,4,1.5524307489395142,3.935394287109375,2.0
91,2017461,tactical,11.75,single,6,6,0,0.0,0.0,8.0
91,2017461,tactical,11.75,complete,13,13,2,3.992483139038086,4.325935363769531,1.0
91,2017461,tactical,11.75,ward,13,13,2,3.992483139038086,4.325935363769531,1.0
91,2017461,team,23.0,single,2,2,0,0.0,0.0,21.0
91,2017461,team,23.0,complete,7,7,0,0.0,0.0,1.2
91,2017461,team,23.0,ward,7,7,0,0.0,0.0,1.75
92,2017461,individual,2.75,single,17,17,1,0.8218746185302734,0.8218746185302734,1.0
92,2017461,individual,2.75,complete,17,17,1,0.8218746185302734,0.8218746185302734,1.0
92,2017461,individual,2.75,ward,17,17,1,0.8218746185302734,0.8218746185302734,1.0
92,2017461,tactical,11.75,single,3,3,0,0.0,0.0,20.0
92,2017461,tactical,11.75,complete,9,9,0,0.0,0.0,1.6666666666666667
92,2017461,tactical,11.75,ward,8,8,0,0.0,0.0,1.2
92,2017461,team,23.0,single,3,3,0,0.0,0.0,20.0
92,2017461,team,23.0,complete,4,4,0,0.0,0.0,1.2222222222222223
92,2017461,team,23.0,ward,6,6,0,0.0,0.0,1.2
93,2017461,individual,2.75,single,22,22,1,2.7471542358398438,2.7471542358398438,1.0
93,2017461,individual,2.75,complete,22,22,1,2.7471542358398438,2.7471542358398438,1.0
93,2017461,individual,2.75,ward,22,22,1,2.7471542358398438,2.7471542358398438,1.0
93,2017461,tactical,11.75,single,4,4,0,0.0,0.0,19.0
93,2017461,tactical,11.75,complete,11,11,1,2.0503225326538086,2.0503225326538086,1.0
93,2017461,tactical,11.75,ward,11,11,1,2.0503225326538086,2.0503225326538086,1.0
93,2017461,team,23.0,single,2,2,0,0.0,0.0,21.0
93,2017461,team,23.0,complete,6,6,0,0.0,0.0,1.4
93,2017461,team,23.0,ward,6,6,1,2.4598827362060547,2.4598827362060547,1.0
94,2017461,individual,2.75,single,18,18,2,2.9459962844848633,4.321340560913086,1.0
94,2017461,individual,2.75,complete,18,18,2,2.9459962844848633,4.321340560913086,1.0
94,2017461,individual,2.75,ward,18,18,2,2.9459962844848633,4.321340560913086,1.0
94,2017461,tactical,11.75,single,6,6,1,0.8827266693115234,0.8827266693115234,1.5
94,2017461,tactical,11.75,complete,10,10,1,5.629325866699219,5.629325866699219,1.0
94,2017461,tactical,11.75,ward,12,12,1,4.322725296020508,4.322725296020508,1.5
94,2017461,team,23.0,single,3,3,0,0.0,0.0,20.0
94,2017461,team,23.0,complete,7,7,1,0.3309135437011719,0.3309135437011719,1.25
94,2017461,team,23.0,ward,7,7,1,0.3309135437011719,0.3309135437011719,1.25
95,2017461,individual,2.75,single,19,19,3,1.3537139892578125,2.0075254440307617,1.0
95,2017461,individual,2.75,complete,19,19,3,1.3537139892578125,2.0075254440307617,1.0
95,2017461,individual,2.75,ward,19,19,3,1.3537139892578125,2.0075254440307617,1.0
95,2017461,tactical,11.75,single,3,3,0,0.0,0.0,20.0
95,2017461,tactical,11.75,complete,9,9,1,0.2061023712158203,0.2061023712158203,1.0
95,2017461,tactical,11.75,ward,8,8,0,0.0,0.0,1.25
95,2017461,team,23.0,single,3,3,0,0.0,0.0,20.0
95,2017461,team,23.0,complete,5,5,0,0.0,0.0,1.1428571428571428
95,2017461,team,23.0,ward,5,5,0,0.0,0.0,1.8333333333333333
96,2017461,individual,2.75,single,18,18,1,2.839672088623047,2.839672088623047,1.0
96,2017461,individual,2.75,complete,18,18,1,2.839672088623047,2.839672088623047,1.0
96,2017461,individual,2.75,ward,18,18,1,2.839672088623047,2.839672088623047,1.0
96,2017461,tactical,11.75,single,5,5,0,0.0,0.0,18.0
96,2017461,tactical,11.75,complete,10,10,2,3.050477981567383,3.414142608642578,1.0
96,2017461,tactical,11.75,ward,10,10,2,3.0189085006713867,3.414142608642578,1.25
96,2017461,team,23.0,single,2,2,0,0.0,0.0,21.0
96,2017461,team,23.0,complete,6,6,0,0.0,0.0,1.2
96,2017461,team,23.0,ward,6,6,0,0.0,0.0,1.0
97,2017461,individual,2.75,single,14,14,2,0.40862274169921875,0.7782258987426758,4.0
97,2017461,individual,2.75,complete,16,16,2,0.45562744140625,0.7782258987426758,1.0
97,2017461,individual,2.75,ward,16,16,2,0.45562744140625,0.7782258987426758,1.0
97,2017461,tactical,11.75,single,4,4,0,0.0,0.0,5.666666666666667
97,2017461,tactical,11.75,complete,8,8,1,1.1978960037231445,1.1978960037231445,1.2
97,2017461,tactical,11.75,ward,8,8,1,0.7355127334594727,0.7355127334594727,1.75
97,2017461,team,23.0,single,2,2,0,0.0,0.0,21.0
97,2017461,team,23.0,complete,3,3,0,0.0,0.0,4.25
97,2017461,team,23.0,ward,4,4,0,0.0,0.0,1.8333333333333333
98,2017461,individual,2.75,single,20,20,1,1.0452709197998047,1.0452709197998047,1.0
98,2017461,individual,2.75,complete,20,20,1,1.0452709197998047,1.0452709197998047,1.0
98,2017461,individual,2.75,ward,20,20,1,1.0452709197998047,1.0452709197998047,1.0
98,2017461,tactical,11.75,single,3,3,0,0.0,0.0,20.0
98,2017461,tactical,11.75,complete,11,11,0,0.0,0.0,1.3333333333333333
98,2017461,tactical,11.75,ward,11,11,0,0.0,0.0,1.3333333333333333
98,2017461,team,23.0,single,3,3,0,0.0,0.0,20.0
98,2017461,team,23.0,complete,6,6,0,0.0,0.0,2.2
98,2017461,team,23.0,ward,7,7,1,0.44910240173339844,0.44910240173339844,1.6
99,2017461,individual,2.75,single,20,20,3,1.7129720052083333,3.3776044845581055,1.0
99,2017461,individual,2.75,complete,20,20,3,1.7129720052083333,3.3776044845581055,1.0
99,2017461,individual,2.75,ward,20,20,3,1.7129720052083333,3.3776044845581055,1.0
99,2017461,tactical,11.75,single,4,4,0,0.0,0.0,19.0
99,2017461,tactical,11.75,complete,10,10,1,0.9830703735351562,0.9830703735351562,1.0
99,2017461,tactical,11.75,ward,10,10,1,0.9830703735351562,0.9830703735351562,1.0
99,2017461,team,23.0,single,2,2,0,0.0,0.0,21.0
99,2017461,team,23.0,complete,6,6,0,0.0,0.0,2.4
99,2017461,team,23.0,ward,6,6,0,0.0,0.0,1.4
100,2017461,individual,2.75,single,17,17,2,4.570751667022705,8.987805366516113,2.0
100,2017461,individual,2.75,complete,18,18,3,3.0517422358194985,8.987805366516113,1.0
100,2017461,individual,2.75,ward,18,18,3,3.0517422358194985,8.987805366516113,1.0
100,2017461,tactical,11.75,single,5,5,0,0.0,0.0,8.5
100,2017461,tactical,11.75,complete,9,9,1,11.388143539428711,11.388143539428711,1.5
100,2017461,tactical,11.75,ward,10,10,1,9.121072769165039,9.121072769165039,1.3333333333333333
100,2017461,team,23.0,single,2,2,0,0.0,0.0,21.0
100,2017461,team,23.0,complete,6,6,1,6.864828109741211,6.864828109741211,2.5
100,2017461,team,23.0,ward,5,5,1,3.3968067169189453,3.3968067169189453,2.5
101,2017461,individual,2.75,single,20,20,4,2.811521053314209,4.244681358337402,1.0
101,2017461,individual,2.75,complete,20,20,4,2.811521053314209,4.244681358337402,1.0
101,2017461,individual,2.75,ward,20,20,4,2.811521053314209,4.244681358337402,1.0
101,2017461,tactical,11.75,single,6,6,1,1.6741580963134766,1.6741580963134766,1.125
101,2017461,tactical,11.75,complete,14,14,3,3.287245432535807,5.630970001220703,1.5
101,2017461,tactical,11.75,ward,14,14,5,2.960539627075195,7.27229118347168,1.5
101,2017461,team,23.0,single,2,2,0,0.0,0.0,21.0
101,2017461,team,23.0,complete,7,7,1,3.816112518310547,3.816112518310547,1.2
101,2017461,team,23.0,ward,8,8,2,2.529902458190918,3.490550994873047,1.6666666666666667
102,2017461,individual,2.75,single,16,16,3,1.1608298619588215,2.276592254638672,1.3333333333333333
102,2017461,individual,2.75,complete,18,18,4,1.2883630990982056,2.276592254638672,1.0
102,2017461,individual,2.75,ward,18,18,4,1.2883630990982056,2.276592254638672,1.0
102,2017461,tactical,11.75,single,5,5,0,0.0,0.0,18.0
102,2017461,tactical,11.75,complete,8,8,1,0.8617668151855469,0.8617668151855469,1.0
102,2017461,tactical,11.75,ward,9,9,1,3.1580114364624023,3.1580114364624023,1.75
102,2017461,team,23.0,single,2,2,0,0.0,0.0,21.0
102,2017461,team,23.0,complete,4,4,0,0.0,0.0,3.0
102,2017461,team,23.0,ward,5,5,0,0.0,0.0,1.1428571428571428
103,2017461,individual,2.75,single,15,15,1,0.9949865341186523,0.9949865341186523,1.3333333333333333
103,2017461,individual,2.75,complete,17,17,1,2.1569766998291016,2.1569766998291016,1.5
103,2017461,individual,2.75,ward,17,17,1,2.1569766998291016,2.1569766998291016,1.5
103,2017461,tactical,11.75,single,3,3,0,0.0,0.0,20.0
103,2017461,tactical,11.75,complete,8,8,1,3.7588157653808594,3.7588157653808594,1.0
103,2017461,tactical,11.75,ward,8,8,1,2.268198013305664,2.268198013305664,1.75
103,2017461,team,23.0,single,2,2,0,0.0,0.0,21.0
103,2017461,team,23.0,complete,4,4,0,0.0,0.0,1.5714285714285714
103,2017461,team,23.0,ward,5,5,0,0.0,0.0,1.0
104,2017461,individual,2.75,single,20,20,3,2.762740135192871,5.801610946655273,1.0
104,2017461,individual,2.75,complete,20,20,3,2.762740135192871,5.801610946655273,1.0
104,2017461,individual,2.75,ward,20,20,3,2.762740135192871,5.801610946655273,1.0
104,2017461,tactical,11.75,single,5,5,0,0.0,0.0,18.0
104,2017461,tactical,11.75,complete,12,12,1,4.6260881423950195,4.6260881423950195,1.6666666666666667
104,2017461,tactical,11.75,ward,12,12,1,4.6260881423950195,4.6260881423950195,1.6666666666666667
104,2017461,team,23.0,single,2,2,0,0.0,0.0,21.0
104,2017461,team,23.0,complete,6,6,0,0.0,0.0,1.8
104,2017461,team,23.0,ward,7,7,1,3.3213653564453125,3.3213653564453125,1.2
105,2017461,individual,2.75,single,18,18,2,1.5958733558654785,3.1524124145507812,1.0
105,2017461,individual,2.75,complete,18,18,2,1.5958733558654785,3.1524124145507812,1.0
105,2017461,individual,2.75,ward,18,18,2,1.5958733558654785,3.1524124145507812,1.0
105,2017461,tactical,11.75,single,3,3,0,0.0,0.0,6.0
105,2017461,tactical,11.75,complete,8,8,1,0.24273681640625,0.24273681640625,2.0
105,2017461,tactical,11.75,ward,9,9,1,1.7578544616699219,1.7578544616699219,2.0
105,2017461,team,23.0,single,2,2,0,0.0,0.0,21.0
105,2017461,team,23.0,complete,6,6,0,0.0,0.0,1.6
105,2017461,team,23.0,ward,6,6,1,1.3648548126220703,1.3648548126220703,1.3333333333333333
106,2017461,individual,2.75,single,17,17,2,1.8753914833068848,2.232219696044922,1.0
106,2017461,individual,2.75,complete,17,17,2,1.8753914833068848,2.232219696044922,1.0
106,2017461,individual,2.75,ward,17,17,2,1.8753914833068848,2.232219696044922,1.0
106,2017461,tactical,11.75,single,8,8,1,10.391929626464844,10.391929626464844,1.2857142857142858
106,2017461,tactical,11.75,complete,11,11,2,3.8220396041870117,5.232521057128906,1.0
106,2017461,tactical,11.75,ward,12,12,2,3.8220396041870117,5.232521057128906,1.3333333333333333
106,2017461,team,23.0,single,1,1,0,0.0,0.0,22.0
106,2017461,team,23.0,complete,7,7,1,6.35841178894043,6.35841178894043,1.1666666666666667
106,2017461,team,23.0,ward,8,8,1,5.256204605102539,5.256204605102539,1.5
107,2017461,individual,2.75,single,21,21,4,1.1514203548431396,1.5456514358520508,2.0
107,2017461,individual,2.75,complete,21,21,4,1.1514203548431396,1.5456514358520508,2.0
107,2017461,individual,2.75,ward,21,21,4,1.1514203548431396,1.5456514358520508,2.0
107,2017461,tactical,11.75,single,5,5,0,0.0,0.0,3.5
107,2017461,tactical,11.75,complete,11,11,2,3.654849052429199,4.39091682434082,1.3333333333333333
107,2017461,tactical,11.75,ward,10,10,2,3.654849052429199,4.39091682434082,1.3333333333333333
107,2017461,team,23.0,single,2,2,0,0.0,0.0,21.0
107,2017461,team,23.0,complete,8,8,1,3.2979259490966797,3.2979259490966797,1.2
107,2017461,team,23.0,ward,9,9,1,2.918781280517578,2.918781280517578,1.6666666666666667
108,2017461,individual,2.75,single,20,20,4,1.940195083618164,3.7317142486572266,1.0
108,2017461,individual,2.75,complete,20,20,4,1.940195083618164,3.7317142486572266,1.0
108,2017461,individual,2.75,ward,20,20,4,1.940195083618164,3.7317142486572266,1.0
108,2017461,tactical,11.75,single,5,5,0,0.0,0.0,2.0
108,2017461,tactical,11.75,complete,12,12,2,4.3456830978393555,5.910968780517578,1.0
108,2017461,tactical,11.75,ward,12,12,2,4.3456830978393555,5.910968780517578,1.0
108,2017461,team,23.0,single,2,2,0,0.0,0.0,21.0
108,2017461,team,23.0,complete,7,7,1,5.741157531738281,5.741157531738281,2.25
108,2017461,team,23.0,ward,8,8,1,4.124834060668945,4.124834060668945,1.5
109,2017461,individual,2.75,single,22,22,2,0.8391904830932617,1.6050186157226562,1.0
109,2017461,individual,2.75,complete,22,22,2,0.8391904830932617,1.6050186157226562,1.0
109,2017461,individual,2.75,ward,22,22,2,0.8391904830932617,1.6050186157226562,1.0
109,2017461,tactical,11.75,single,5,5,0,0.0,0.0,8.5
109,2017461,tactical,11.75,complete,12,12,1,2.281200408935547,2.281200408935547,1.0
109,2017461,tactical,11.75,ward,11,11,2,0.7500238418579102,1.0484027862548828,1.25
109,2017461,team,23.0,single,3,3,0,0.0,0.0,20.0
109,2017461,team,23.0,complete,7,7,1,5.164999008178711,5.164999008178711,1.25
109,2017461,team,23.0,ward,7,7,1,5.140266418457031,5.140266418457031,1.5
110,2017461,individual,2.75,single,19,19,6,1.1317896842956543,2.5706653594970703,1.0
110,2017461,individual,2.75,complete,19,19,6,1.1317896842956543,2.5706653594970703,1.0
110,2017461,individual,2.75,ward,19,19,6,1.1317896842956543,2.5706653594970703,1.0
110,2017461,tactical,11.75,single,5,5,0,0.0,0.0,18.0
110,2017461,tactical,11.75,complete,12,12,1,1.4628620147705078,1.4628620147705078,2.0
110,2017461,tactical,11.75,ward,12,12,1,6.353030204772949,6.353030204772949,1.6666666666666667
110,2017461,team,23.0,single,2,2,0,0.0,0.0,21.0
110,2017461,team,23.0,complete,6,6,1,0.11114692687988281,0.11114692687988281,1.6
110,2017461,team,23.0,ward,6,6,1,0.3683490753173828,0.3683490753173828,1.4
111,2017461,individual,2.75,single,20,20,2,3.216923713684082,5.810734748840332,1.0
111,2017461,individual,2.75,complete,20,20,2,3.216923713684082,5.810734748840332,1.0
111,2017461,individual,2.75,ward,20,20,2,3.216923713684082,5.810734748840332,1.0
111,2017461,tactical,11.75,single,4,4,0,0.0,0.0,5.666666666666667
111,2017461,tactical,11.75,complete,8,8,1,4.263452529907227,4.263452529907227,1.25
111,2017461,tactical,11.75,ward,8,8,1,4.263452529907227,4.263452529907227,1.25
111,2017461,team,23.0,single,2,2,0,0.0,0.0,21.0
111,2017461,team,23.0,complete,5,5,0,0.0,0.0,1.1428571428571428
111,2017461,team,23.0,ward,6,6,1,0.46041297912597656,0.46041297912597656,1.6
112,2017461,individual,2.75,single,20,20,1,1.1267776489257812,1.1267776489257812,1.0
112,2017461,individual,2.75,complete,20,20,1,1.1267776489257812,1.1267776489257812,1.0
112,2017461,individual,2.75,ward,20,20,1,1.1267776489257812,1.1267776489257812,1.0
112,2017461,tactical,11.75,single,4,4,0,0.0,0.0,19.0
112,2017461,tactical,11.75,complete,11,11,1,3.696187973022461,3.696187973022461,1.0
112,2017461,tactical,11.75,ward,11,11,1,3.696187973022461,3.696187973022461,1.0
112,2017461,team,23.0,single,2,2,0,0.0,0.0,21.0
112,2017461,team,23.0,complete,6,6,0,0.0,0.0,1.0
112,2017461,team,23.0,ward,8,8,0,0.0,0.0,1.5
113,2017461,individual,2.75,single,19,19,4,0.8476653099060059,1.685633659362793,1.0
113,2017461,individual,2.75,complete,19,19,4,0.8476653099060059,1.685633659362793,1.0
113,2017461,individual,2.75,ward,19,19,4,0.8476653099060059,1.685633659362793,1.0
113,2017461,tactical,11.75,single,5,5,0,0.0,0.0,1.0
113,2017461,tactical,11.75,complete,9,9,0,0.0,0.0,1.25
113,2017461,tactical,11.75,ward,11,11,0,0.0,0.0,1.0
113,2017461,team,23.0,single,2,2,0,0.0,0.0,21.0
113,2017461,team,23.0,complete,6,6,0,0.0,0.0,1.2
113,2017461,team,23.0,ward,6,6,0,0.0,0.0,2.0
114,2017461,individual,2.75,single,19,19,4,1.4562015533447266,2.3747072219848633,4.0
114,2017461,individual,2.75,complete,19,19,4,1.4562015533447266,2.3747072219848633,4.0
114,2017461,individual,2.75,ward,19,19,4,1.4562015533447266,2.3747072219848633,4.0
114,2017461,tactical,11.75,single,5,5,0,0.0,0.0,8.0
114,2017461,tactical,11.75,complete,11,11,0,0.0,0.0,1.25
114,2017461,tactical,11.75,ward,11,11,0,0.0,0.0,1.25
114,2017461,team,23.0,single,2,2,0,0.0,0.0,21.0
114,2017461,team,23.0,complete,5,5,1,1.3974189758300781,1.3974189758300781,1.6
114,2017461,team,23.0,ward,6,6,1,0.39597511291503906,0.39597511291503906,1.0
115,2017461,individual,2.75,single,15,15,1,3.374551773071289,3.374551773071289,1.0
115,2017461,individual,2.75,complete,17,17,1,2.607057571411133,2.607057571411133,1.0
115,2017461,individual,2.75,ward,17,17,1,2.607057571411133,2.607057571411133,1.0
115,2017461,tactical,11.75,single,2,2,0,0.0,0.0,21.0
115,2017461,tactical,11.75,complete,7,7,1,1.1940059661865234,1.1940059661865234,1.5
115,2017461,tactical,11.75,ward,7,7,1,1.1940059661865234,1.1940059661865234,1.5
115,2017461,team,23.0,single,2,2,0,0.0,0.0,21.0
115,2017461,team,23.0,complete,4,4,0,0.0,0.0,2.1666666666666665
115,2017461,team,23.0,ward,4,4,0,0.0,0.0,2.1666666666666665
116,2017461,individual,2.75,single,19,19,3,2.148736317952474,5.271156311035156,1.0
116,2017461,individual,2.75,complete,19,19,3,2.148736317952474,5.271156311035156,1.0
116,2017461,individual,2.75,ward,19,19,3,2.148736317952474,5.271156311035156,1.0
116,2017461,tactical,11.75,single,4,4,0,0.0,0.0,9.0
116,2017461,tactical,11.75,complete,8,8,1,3.760740280151367,3.760740280151367,1.0
116,2017461,tactical,11.75,ward,8,8,1,3.760740280151367,3.760740280151367,1.0
116,2017461,team,23.0,single,2,2,0,0.0,0.0,21.0
116,2017461,team,23.0,complete,7,7,1,4.418235778808594,4.418235778808594,1.75
116,2017461,team,23.0,ward,8,8,1,3.760740280151367,3.760740280151367,1.0
117,2017461,individual,2.75,single,20,20,1,5.40974235534668,5.40974235534668,1.0
117,2017461,individual,2.75,complete,20,20,1,5.40974235534668,5.40974235534668,1.0
117,2017461,individual,2.75,ward,20,20,1,5.40974235534668,5.40974235534668,1.0
117,2017461,tactical,11.75,single,4,4,0,0.0,0.0,4.0
117,2017461,tactical,11.75,complete,11,11,1,6.213558197021484,6.213558197021484,1.3333333333333333
117,2017461,tactical,11.75,ward,12,12,1,6.213558197021484,6.213558197021484,1.0
117,2017461,team,23.0,single,2,2,0,0.0,0.0,21.0
117,2017461,team,23.0,complete,6,6,1,4.787067413330078,4.787067413330078,1.0
117,2017461,team,23.0,ward,6,6,1,4.787067413330078,4.787067413330078,1.0
118,2017461,individual,2.75,single,19,19,2,1.3478364944458008,1.6335277557373047,1.0
118,2017461,individual,2.75,complete,19,19,2,1.3478364944458008,1.6335277557373047,1.0
118,2017461,individual,2.75,ward,19,19,2,1.3478364944458008,1.6335277557373047,1.0
118,2017461,tactical,11.75,single,5,5,1,1.2808990478515625,1.2808990478515625,1.4285714285714286
118,2017461,tactical,11.75,complete,10,10,1,5.423219680786133,5.423219680786133,1.25
118,2017461,tactical,11.75,ward,10,10,1,5.423219680786133,5.423219680786133,1.25
118,2017461,team,23.0,single,2,2,0,0.0,0.0,21.0
118,2017461,team,23.0,complete,5,5,1,1.2808990478515625,1.2808990478515625,1.4285714285714286
118,2017461,team,23.0,ward,5,5,1,1.2808990478515625,1.2808990478515625,1.4285714285714286
119,2017461,individual,2.75,single,18,18,3,1.32775084177653,2.1575756072998047,1.0
119,2017461,individual,2.75,complete,18,18,3,1.32775084177653,2.1575756072998047,1.0
119,2017461,individual,2.75,ward,18,18,3,1.32775084177653,2.1575756072998047,1.0
119,2017461,tactical,11.75,single,6,6,0,0.0,0.0,1.3333333333333333
119,2017461,tactical,11.75,complete,10,10,2,1.5294513702392578,2.0858688354492188,1.3333333333333333
119,2017461,tactical,11.75,ward,10,10,2,1.5294513702392578,2.0858688354492188,1.3333333333333333
119,2017461,team,23.0,single,2,2,0,0.0,0.0,21.0
119,2017461,team,23.0,complete,6,6,1,4.30816650390625,4.30816650390625,1.6
119,2017461,team,23.0,ward,7,7,1,0.34386253356933594,0.34386253356933594,1.25
120,2017461,individual,2.75,single,13,13,0,0.0,0.0,2.0
120,2017461,individual,2.75,complete,14,14,1,0.060637474060058594,0.060637474060058594,1.6666666666666667
120,2017461,individual,2.75,ward,14,14,1,0.060637474060058594,0.060637474060058594,1.6666666666666667
120,2017461,tactical,11.75,single,3,3,0,0.0,0.0,20.0
120,2017461,tactical,11.75,complete,7,7,0,0.0,0.0,1.5
120,2017461,tactical,11.75,ward,6,6,0,0.0,0.0,1.5
120,2017461,team,23.0,single,3,3,0,0.0,0.0,20.0
120,2017461,team,23.0,complete,4,4,0,0.0,0.0,5.666666666666667
120,2017461,team,23.0,ward,6,6,0,0.0,0.0,1.5
121,2017461,individual,2.75,single,21,21,5,1.5865865707397462,3.547614097595215,2.0
121,2017461,individual,2.75,complete,21,21,5,1.5865865707397462,3.547614097595215,2.0
121,2017461,individual,2.75,ward,21,21,5,1.5865865707397462,3.547614097595215,2.0
121,2017461,tactical,11.75,single,6,6,0,0.0,0.0,3.25
121,2017461,tactical,11.75,complete,12,12,2,2.55471134185791,4.027290344238281,1.5
121,2017461,tactical,11.75,ward,12,12,2,2.55471134185791,4.027290344238281,1.5
121,2017461,team,23.0,single,1,1,0,0.0,0.0,22.0
121,2017461,team,23.0,complete,7,7,0,0.0,0.0,1.75
121,2017461,team,23.0,ward,8,8,1,2.474672317504883,2.474672317504883,1.75
122,2017461,individual,2.75,single,20,20,2,2.2455577850341797,4.445642471313477,1.0
122,2017461,individual,2.75,complete,20,20,2,2.2455577850341797,4.445642471313477,1.0
122,2017461,individual,2.75,ward,20,20,2,2.2455577850341797,4.445642471313477,1.0
122,2017461,tactical,11.75,single,4,4,0,0.0,0.0,1.2222222222222223
122,2017461,tactical,11.75,complete,12,12,1,6.505088806152344,6.505088806152344,1.6666666666666667
122,2017461,tactical,11.75,ward,11,11,1,10.452594757080078,10.452594757080078,1.25
122,2017461,team,23.0,single,2,2,0,0.0,0.0,21.0
122,2017461,team,23.0,complete,6,6,1,4.790519714355469,4.790519714355469,1.2
122,2017461,team,23.0,ward,6,6,1,6.017032623291016,6.017032623291016,1.3333333333333333
123,2017461,individual,2.75,single,18,18,2,1.3685362339019775,1.9953460693359375,1.5
123,2017461,individual,2.75,complete,18,18,2,1.3685362339019775,1.9953460693359375,1.5
123,2017461,individual,2.75,ward,18,18,2,1.3685362339019775,1.9953460693359375,1.5
123,2017461,tactical,11.75,single,3,3,0,0.0,0.0,20.0
123,2017461,tactical,11.75,complete,9,9,1,1.3962907791137695,1.3962907791137695,2.0
123,2017461,tactical,11.75,ward,8,8,0,0.0,0.0,1.25
123,2017461,team,23.0,single,2,2,0,0.0,0.0,21.0
123,2017461,team,23.0,complete,6,6,1,0.1409893035888672,0.1409893035888672,3.6666666666666665
123,2017461,team,23.0,ward,6,6,1,2.2655868530273438,2.2655868530273438,1.0
124,2017461,individual,2.75,single,15,15,2,0.8350114822387695,0.8805484771728516,1.0
124,2017461,individual,2.75,complete,16,16,2,0.8350114822387695,0.8805484771728516,1.5
124,2017461,individual,2.75,ward,17,17,2,0.8350114822387695,0.8805484771728516,1.0
124,2017461,tactical,11.75,single,5,5,0,0.0,0.0,1.7142857142857142
124,2017461,tactical,11.75,complete,9,9,0,0.0,0.0,1.0
124,2017461,tactical,11.75,ward,10,10,0,0.0,0.0,1.3333333333333333
124,2017461,team,23.0,single,2,2,0,0.0,0.0,21.0
124,2017461,team,23.0,complete,5,5,0,0.0,0.0,1.0
124,2017461,team,23.0,ward,6,6,0,0.0,0.0,1.75
125,2017461,individual,2.75,single,21,21,2,0.6655025482177734,0.8045463562011719,2.0
125,2017461,individual,2.75,complete,21,21,2,0.6655025482177734,0.8045463562011719,2.0
125,2017461,individual,2.75,ward,21,21,2,0.6655025482177734,0.8045463562011719,2.0
125,2017461,tactical,11.75,single,6,6,0,0.0,0.0,8.0
125,2017461,tactical,11.75,complete,11,11,1,2.2883434295654297,2.2883434295654297,1.0
125,2017461,tactical,11.75,ward,11,11,2,1.5577878952026367,2.2883434295654297,1.3333333333333333
125,2017461,team,23.0,single,2,2,0,0.0,0.0,21.0
125,2017461,team,23.0,complete,6,6,0,0.0,0.0,1.4
125,2017461,team,23.0,ward,7,7,1,4.122213363647461,4.122213363647461,1.5
126,2017461,individual,2.75,single,20,20,1,1.1085567474365234,1.1085567474365234,1.0
126,2017461,individual,2.75,complete,20,20,1,1.1085567474365234,1.1085567474365234,1.0
126,2017461,individual,2.75,ward,20,20,1,1.1085567474365234,1.1085567474365234,1.0
126,2017461,tactical,11.75,single,4,4,0,0.0,0.0,9.0
126,2017461,tactical,11.75,complete,11,11,1,0.3796520233154297,0.3796520233154297,1.0
126,2017461,tactical,11.75,ward,11,11,1,0.9076614379882812,0.9076614379882812,2.5
126,2017461,team,23.0,single,2,2,0,0.0,0.0,21.0
126,2017461,team,23.0,complete,7,7,0,0.0,0.0,1.75
126,2017461,team,23.0,ward,7,7,0,0.0,0.0,1.5
127,2017461,individual,2.75,single,16,16,1,3.527419090270996,3.527419090270996,1.0
127,2017461,individual,2.75,complete,18,18,1,3.527419090270996,3.527419090270996,1.0
127,2017461,individual,2.75,ward,18,18,1,3.527419090270996,3.527419090270996,1.0
127,2017461,tactical,11.75,single,4,4,0,0.0,0.0,19.0
127,2017461,tactical,11.75,complete,9,9,1,6.644037246704102,6.644037246704102,1.5
127,2017461,tactical,11.75,ward,10,10,1,1.7232532501220703,1.7232532501220703,1.0
127,2017461,team,23.0,single,2,2,0,0.0,0.0,21.0
127,2017461,team,23.0,complete,5,5,1,4.470907211303711,4.470907211303711,1.125
127,2017461,team,23.0,ward,5,5,0,0.0,0.0,1.1428571428571428
128,2017461,individual,2.75,single,20,20,3,2.4133402506510415,4.447296142578125,1.0
128,2017461,individual,2.75,complete,20,20,3,2.4133402506510415,4.447296142578125,1.0
128,2017461,individual,2.75,ward,20,20,3,2.4133402506510415,4.447296142578125,1.0
128,2017461,tactical,11.75,single,5,5,0,0.0,0.0,1.0
128,2017461,tactical,11.75,complete,11,11,1,1.893564224243164,1.893564224243164,1.3333333333333333
128,2017461,tactical,11.75,ward,11,11,1,0.8319435119628906,0.8319435119628906,1.3333333333333333
128,2017461,team,23.0,single,2,2,0,0.0,0.0,21.0
128,2017461,team,23.0,complete,7,7,0,0.0,0.0,1.2
128,2017461,team,23.0,ward,8,8,1,6.081323623657227,6.081323623657227,1.5
129,2017461,individual,2.75,single,10,10,0,0.0,0.0,2.5
129,2017461,individual,2.75,complete,14,14,1,1.2481317520141602,1.2481317520141602,1.0
129,2017461,individual,2.75,ward,14,14,1,1.2481317520141602,1.2481317520141602,1.0
129,2017461,tactical,11.75,single,4,4,0,0.0,0.0,19.0
129,2017461,tactical,11.75,complete,7,7,0,0.0,0.0,1.6666666666666667
129,2017461,tactical,11.75,ward,7,7,0,0.0,0.0,1.0
129,2017461,team,23.0,single,3,3,0,0.0,0.0,20.0
129,2017461,team,23.0,complete,4,4,0,0.0,0.0,5.666666666666667
129,2017461,team,23.0,ward,5,5,0,0.0,0.0,1.7142857142857142
130,2017461,individual,2.75,single,12,12,1,0.1694936752319336,0.1694936752319336,2.0
130,2017461,individual,2.75,complete,14,14,2,0.2796168327331543,0.3753175735473633,1.5
130,2017461,individual,2.75,ward,14,14,2,0.2796168327331543,0.3753175735473633,1.5
130,2017461,tactical,11.75,single,5,5,0,0.0,0.0,8.5
130,2017461,tactical,11.75,complete,7,7,0,0.0,0.0,1.6
130,2017461,tactical,11.75,ward,8,8,1,1.3375272750854492,1.3375272750854492,3.3333333333333335
130,2017461,team,23.0,single,2,2,0,0.0,0.0,21.0
130,2017461,team,23.0,complete,4,4,0,0.0,0.0,5.666666666666667
130,2017461,team,23.0,ward,5,5,0,0.0,0.0,3.25
131,2017461,individual,2.75,single,17,17,2,1.449526309967041,1.918722152709961,1.5
131,2017461,individual,2.75,complete,18,18,2,1.4522411823272705,1.918722152709961,1.0
131,2017461,individual,2.75,ward,18,18,2,1.4522411823272705,1.918722152709961,1.0
131,2017461,tactical,11.75,single,3,3,0,0.0,0.0,9.5
131,2017461,tactical,11.75,complete,9,9,2,0.8973226547241211,1.2788352966308594,1.0
131,2017461,tactical,11.75,ward,9,9,2,0.8973226547241211,1.2788352966308594,1.0
131,2017461,team,23.0,single,2,2,0,0.0,0.0,21.0
131,2017461,team,23.0,complete,5,5,0,0.0,0.0,4.666666666666667
131,2017461,team,23.0,ward,6,6,0,0.0,0.0,1.3333333333333333
132,2017461,individual,2.75,single,19,19,4,2.744843006134033,5.0613203048706055,1.0
132,2017461,individual,2.75,complete,19,19,4,2.744843006134033,5.0613203048706055,1.0
132,2017461,individual,2.75,ward,19,19,4,2.744843006134033,5.0613203048706055,1.0
132,2017461,tactical,11.75,single,7,7,1,3.738924026489258,3.738924026489258,2.5
132,2017461,tactical,11.75,complete,12,12,1,5.117136001586914,5.117136001586914,1.3333333333333333
132,2017461,tactical,11.75,ward,12,12,1,5.117136001586914,5.117136001586914,1.3333333333333333
132,2017461,team,23.0,single,2,2,0,0.0,0.0,21.0
132,2017461,team,23.0,complete,7,7,1,5.1624908447265625,5.1624908447265625,1.5
132,2017461,team,23.0,ward,8,8,1,2.1946659088134766,2.1946659088134766,1.0
133,2017461,individual,2.75,single,21,21,5,1.3416231155395508,4.195405960083008,2.0
133,2017461,individual,2.75,complete,21,21,5,1.3416231155395508,4.195405960083008,2.0
133,2017461,individual,2.75,ward,21,21,5,1.3416231155395508,4.195405960083008,2.0
133,2017461,tactical,11.75,single,4,4,0,0.0,0.0,9.0
133,2017461,tactical,11.75,complete,11,11,2,0.9641146659851074,1.6014738082885742,1.0
133,2017461,tactical,11.75,ward,12,12,2,0.9641146659851074,1.6014738082885742,1.0
133,2017461,team,23.0,single,2,2,0,0.0,0.0,21.0
133,2017461,team,23.0,complete,6,6,0,0.0,0.0,1.1428571428571428
133,2017461,team,23.0,ward,7,7,0,0.0,0.0,1.75
134,2017461,individual,2.75,single,21,21,2,0.7142429351806641,0.8915901184082031,2.0
134,2017461,individual,2.75,complete,21,21,2,0.7142429351806641,0.8915901184082031,2.0
134,2017461,individual,2.75,ward,21,21,2,0.7142429351806641,0.8915901184082031,2.0
134,2017461,tactical,11.75,single,6,6,0,0.0,0.0,17.0
134,2017461,tactical,11.75,complete,11,11,1,0.9981288909912109,0.9981288909912109,1.3333333333333333
134,2017461,tactical,11.75,ward,11,11,2,1.2966060638427734,1.786581039428711,1.0
134,2017461,team,23.0,single,2,2,0,0.0,0.0,21.0
134,2017461,team,23.0,complete,7,7,0,0.0,0.0,1.2
134,2017461,team,23.0,ward,7,7,0,0.0,0.0,1.4
135,2017461,individual,2.75,single,17,17,2,2.6170670986175537,4.582069396972656,2.0
135,2017461,individual,2.75,complete,18,18,2,3.5439207553863525,4.582069396972656,1.0
135,2017461,individual,2.75,ward,18,18,2,3.5439207553863525,4.582069396972656,1.0
135,2017461,tactical,11.75,single,3,3,0,0.0,0.0,20.0
135,2017461,tactical,11.75,complete,10,10,1,4.012606620788574,4.012606620788574,1.25
135,2017461,tactical,11.75,ward,10,10,1,4.012606620788574,4.012606620788574,1.25
135,2017461,team,23.0,single,2,2,0,0.0,0.0,21.0
135,2017461,team,23.0,complete,6,6,1,0.6637687683105469,0.6637687683105469,1.1666666666666667
135,2017461,team,23.0,ward,6,6,0,0.0,0.0,2.75
136,2017461,individual,2.75,single,21,21,4,0.9009089469909668,2.7506561279296875,2.0
136,2017461,individual,2.75,complete,21,21,4,0.9009089469909668,2.7506561279296875,2.0
136,2017461,individual,2.75,ward,21,21,4,0.9009089469909668,2.7506561279296875,2.0
136,2017461,tactical,11.75,single,7,7,1,1.1166763305664062,1.1166763305664062,16.0
136,2017461,tactical,11.75,complete,13,13,2,1.9166326522827148,2.4231796264648438,1.3333333333333333
136,2017461,tactical,11.75,ward,13,13,2,1.9166326522827148,2.4231796264648438,1.3333333333333333
136,2017461,team,23.0,single,2,2,0,0.0,0.0,21.0
136,2017461,team,23.0,complete,8,8,0,0.0,0.0,1.25
136,2017461,team,23.0,ward,9,9,1,4.206535339355469,4.206535339355469,1.0
137,2017461,individual,2.75,single,19,19,1,0.9201154708862305,0.9201154708862305,1.0
137,2017461,individual,2.75,complete,19,19,1,0.9201154708862305,0.9201154708862305,1.0
137,2017461,individual,2.75,ward,19,19,1,0.9201154708862305,0.9201154708862305,1.0
137,2017461,tactical,11.75,single,4,4,0,0.0,0.0,9.0
137,2017461,tactical,11.75,complete,10,10,0,0.0,0.0,1.3333333333333333
137,2017461,tactical,11.75,ward,9,9,0,0.0,0.0,1.25
137,2017461,team,23.0,single,2,2,0,0.0,0.0,21.0
137,2017461,team,23.0,complete,4,4,0,0.0,0.0,1.0
137,2017461,team,23.0,ward,6,6,0,0.0,0.0,1.75
138,2017461,individual,2.75,single,21,21,6,1.9615265528361003,4.75754451751709,2.0
138,2017461,individual,2.75,complete,21,21,6,1.9615265528361003,4.75754451751709,2.0
138,2017461,individual,2.75,ward,21,21,6,1.9615265528361003,4.75754451751709,2.0
138,2017461,tactical,11.75,single,5,5,0,0.0,0.0,8.5
138,2017461,tactical,11.75,complete,11,11,1,6.772787094116211,6.772787094116211,1.3333333333333333
138,2017461,tactical,11.75,ward,12,12,1,6.772787094116211,6.772787094116211,1.3333333333333333
138,2017461,team,23.0,single,2,2,0,0.0,0.0,21.0
138,2017461,team,23.0,complete,7,7,1,2.2396774291992188,2.2396774291992188,1.25
138,2017461,team,23.0,ward,7,7,1,2.2396774291992188,2.2396774291992188,1.25
139,2017461,individual,2.75,single,17,17,3,1.8364334106445312,3.7705459594726562,1.5
139,2017461,individual,2.75,complete,18,18,3,1.8364334106445312,3.7705459594726562,1.0
139,2017461,individual,2.75,ward,18,18,3,1.8364334106445312,3.7705459594726562,1.0
139,2017461,tactical,11.75,single,3,3,0,0.0,0.0,20.0
139,2017461,tactical,11.75,complete,9,9,2,3.1297645568847656,3.670969009399414,1.25
139,2017461,tactical,11.75,ward,9,9,2,1.9978270530700684,2.1903419494628906,1.0
139,2017461,team,23.0,single,2,2,0,0.0,0.0,21.0
139,2017461,team,23.0,complete,5,5,0,0.0,0.0,1.5714285714285714
139,2017461,team,23.0,ward,7,7,1,2.9457626342773438,2.9457626342773438,1.75
140,2017461,individual,2.75,single,19,19,2,1.3310132026672363,2.1749963760375977,1.0
140,2017461,individual,2.75,complete,19,19,2,1.3310132026672363,2.1749963760375977,1.0
140,2017461,individual,2.75,ward,19,19,2,1.3310132026672363,2.1749963760375977,1.0
140,2017461,tactical,11.75,single,4,4,0,0.0,0.0,5.666666666666667
140,2017461,tactical,11.75,complete,8,8,1,1.7070064544677734,1.7070064544677734,1.0
140,2017461,tactical,11.75,ward,10,10,1,0.5193138122558594,0.5193138122558594,1.0
140,2017461,team,23.0,single,2,2,0,0.0,0.0,21.0
140,2017461,team,23.0,complete,5,5,0,0.0,0.0,2.5
140,2017461,team,23.0,ward,5,5,0,0.0,0.0,1.1666666666666667
141,2017461,individual,2.75,single,18,18,2,0.6354691982269287,1.188692569732666,1.0
141,2017461,individual,2.75,complete,18,18,2,0.6354691982269287,1.188692569732666,1.0
141,2017461,individual,2.75,ward,18,18,2,0.6354691982269287,1.188692569732666,1.0
141,2017461,tactical,11.75,single,3,3,0,0.0,0.0,20.0
141,2017461,tactical,11.75,complete,10,10,1,1.9687232971191406,1.9687232971191406,1.3333333333333333
141,2017461,tactical,11.75,ward,9,9,0,0.0,0.0,1.25
141,2017461,team,23.0,single,2,2,0,0.0,0.0,21.0
141,2017461,team,23.0,complete,5,5,0,0.0,0.0,1.0
141,2017461,team,23.0,ward,5,5,0,0.0,0.0,1.3333333333333333
142,2017461,individual,2.75,single,17,17,1,0.7327637672424316,0.7327637672424316,1.5
142,2017461,individual,2.75,complete,18,18,1,0.39707517623901367,0.39707517623901367,1.0
142,2017461,individual,2.75,ward,18,18,1,0.39707517623901367,0.39707517623901367,1.0
142,2017461,tactical,11.75,single,7,7,0,0.0,0.0,1.8333333333333333
142,2017461,tactical,11.75,complete,11,11,0,0.0,0.0,2.0
142,2017461,tactical,11.75,ward,10,10,0,0.0,0.0,2.0
142,2017461,team,23.0,single,2,2,0,0.0,0.0,21.0
142,2017461,team,23.0,complete,7,7,1,1.9380626678466797,1.9380626678466797,2.25
142,2017461,team,23.0,ward,7,7,1,1.9380626678466797,1.9380626678466797,2.25
143,2017461,individual,2.75,single,19,19,3,1.2974529266357422,2.1316938400268555,1.5
143,2017461,individual,2.75,complete,20,20,3,1.2974529266357422,2.1316938400268555,1.0
143,2017461,individual,2.75,ward,20,20,3,1.2974529266357422,2.1316938400268555,1.0
143,2017461,tactical,11.75,single,5,5,0,0.0,0.0,18.0
143,2017461,tactical,11.75,complete,10,10,2,2.7458114624023438,4.819057464599609,1.5
143,2017461,tactical,11.75,ward,10,10,2,2.7458114624023438,4.819057464599609,1.5
143,2017461,team,23.0,single,1,1,0,0.0,0.0,22.0
143,2017461,team,23.0,complete,6,6,0,0.0,0.0,1.0
143,2017461,team,23.0,ward,6,6,0,0.0,0.0,1.3333333333333333
144,2017461,individual,2.75,single,22,22,2,2.509319305419922,4.404850006103516,1.0
144,2017461,individual,2.75,complete,22,22,2,2.509319305419922,4.404850006103516,1.0
144,2017461,individual,2.75,ward,22,22,2,2.509319305419922,4.404850006103516,1.0
144,2017461,tactical,11.75,single,4,4,0,0.0,0.0,19.0
144,2017461,tactical,11.75,complete,12,12,3,1.8608964284261067,2.6720399856567383,1.0
144,2017461,tactical,11.75,ward,12,12,3,1.8608964284261067,2.6720399856567383,1.0
144,2017461,team,23.0,single,1,1,0,0.0,0.0,22.0
144,2017461,team,23.0,complete,7,7,1,2.0193824768066406,2.0193824768066406,1.1428571428571428
144,2017461,team,23.0,ward,7,7,1,2.0193824768066406,2.0193824768066406,1.1428571428571428
145,2017461,individual,2.75,single,20,20,3,1.6255276997884114,2.8442039489746094,1.0
145,2017461,individual,2.75,complete,20,20,3,1.6255276997884114,2.8442039489746094,1.0
145,2017461,individual,2.75,ward,20,20,3,1.6255276997884114,2.8442039489746094,1.0
145,2017461,tactical,11.75,single,4,4,0,0.0,0.0,3.0
145,2017461,tactical,11.75,complete,9,9,1,7.487495422363281,7.487495422363281,1.5
145,2017461,tactical,11.75,ward,9,9,1,5.4554901123046875,5.4554901123046875,1.25
145,2017461,team,23.0,single,2,2,0,0.0,0.0,21.0
145,2017461,team,23.0,complete,6,6,0,0.0,0.0,1.6
145,2017461,team,23.0,ward,7,7,1,4.314352035522461,4.314352035522461,1.25
146,2017461,individual,2.75,single,18,18,2,0.9877524375915527,1.3873624801635742,1.0
146,2017461,individual,2.75,complete,18,18,2,0.9877524375915527,1.3873624801635742,1.0
146,2017461,individual,2.75,ward,18,18,2,0.9877524375915527,1.3873624801635742,1.0
146,2017461,tactical,11.75,single,4,4,0,0.0,0.0,19.0
146,2017461,tactical,11.75,complete,8,8,1,0.7867565155029297,0.7867565155029297,1.2
146,2017461,tactical,11.75,ward,10,10,1,1.162367820739746,1.162367820739746,1.25
146,2017461,team,23.0,single,2,2,0,0.0,0.0,21.0
146,2017461,team,23.0,complete,5,5,0,0.0,0.0,3.0
146,2017461,team,23.0,ward,6,6,1,1.6458663940429688,1.6458663940429688,1.4
147,2017461,individual,2.75,single,16,16,2,0.5180983543395996,0.6006479263305664,1.5
147,2017461,individual,2.75,complete,17,17,2,0.37993526458740234,0.4355487823486328,1.0
147,2017461,individual,2.75,ward,17,17,2,0.37993526458740234,0.4355487823486328,1.0
147,2017461,tactical,11.75,single,3,3,0,0.0,0.0,20.0
147,2017461,tactical,11.75,complete,8,8,1,1.5328960418701172,1.5328960418701172,1.2
147,2017461,tactical,11.75,ward,8,8,0,0.0,0.0,1.0
147,2017461,team,23.0,single,3,3,0,0.0,0.0,20.0
147,2017461,team,23.0,complete,5,5,0,0.0,0.0,1.3333333333333333
147,2017461,team,23.0,ward,6,6,0,0.0,0.0,1.3333333333333333
148,2017461,individual,2.75,single,17,17,1,7.947813034057617,7.947813034057617,1.0
148,2017461,individual,2.75,complete,17,17,1,7.947813034057617,7.947813034057617,1.0
148,2017461,individual,2.75,ward,17,17,1,7.947813034057617,7.947813034057617,1.0
148,2017461,tactical,11.75,single,4,4,0,0.0,0.0,9.0
148,2017461,tactical,11.75,complete,9,9,1,5.984468460083008,5.984468460083008,1.3333333333333333
148,2017461,tactical,11.75,ward,10,10,1,5.984468460083008,5.984468460083008,1.3333333333333333
148,2017461,team,23.0,single,2,2,0,0.0,0.0,21.0
148,2017461,team,23.0,complete,6,6,1,4.615480422973633,4.615480422973633,1.5
148,2017461,team,23.0,ward,6,6,1,4.615480422973633,4.615480422973633,1.5
149,2017461,individual,2.75,single,19,19,3,2.5384597778320312,3.181032180786133,1.0
149,2017461,individual,2.75,complete,19,19,3,2.5384597778320312,3.181032180786133,1.0
149,2017461,individual,2.75,ward,19,19,3,2.5384597778320312,3.181032180786133,1.0
149,2017461,tactical,11.75,single,4,4,0,0.0,0.0,8.5
149,2017461,tactical,11.75,complete,10,10,2,1.0743160247802734,1.9415283203125,1.3333333333333333
149,2017461,tactical,11.75,ward,10,10,2,3.2835254669189453,4.736005783081055,1.6666666666666667
149,2017461,team,23.0,single,2,2,0,0.0,0.0,21.0
149,2017461,team,23.0,complete,5,5,1,0.7902297973632812,0.7902297973632812,3.0
149,2017461,team,23.0,ward,6,6,0,0.0,0.0,1.2
