match_id,source,home_team,away_team,frame_idx,timestamp,period,scale,cutoff,h0,h1,cluster_count,filtration,h1_mean_persistence,h1_max_persistence,h1_total_persistence
2017461,skillcorner,Melbourne V FC,Auckland FC,0,0.0,1,individual,2.75,22,5,22,34.47786478269235,1.2757072448730469,2.5035924911499023,6.378536224365234
2017461,skillcorner,Melbourne V FC,Auckland FC,0,0.0,1,tactical,11.75,7,0,7,47.81340084118677,0.0,0.0,0.0
2017461,skillcorner,Melbourne V FC,Auckland FC,0,0.0,1,team,23.0,1,0,1,46.0,0.0,0.0,0.0
2017461,skillcorner,Melbourne V FC,Auckland FC,1,0.0,1,individual,2.75,16,1,16,36.13160857576226,0.6019821166992188,0.6019821166992188,0.6019821166992188
2017461,skillcorner,Melbourne V FC,Auckland FC,1,0.0,1,tactical,11.75,4,0,4,36.2800354207193,0.0,0.0,0.0
2017461,skillcorner,Melbourne V FC,Auckland FC,1,0.0,1,team,23.0,3,0,3,46.964173278550476,0.0,0.0,0.0
2017461,skillcorner,Melbourne V FC,Auckland FC,2,1.0,1,individual,2.75,22,3,22,33.324075278417766,1.3239822387695312,2.0642929077148438,3.9719467163085938
2017461,skillcorner,Melbourne V FC,Auckland FC,2,1.0,1,tactical,11.75,6,0,6,48.1105351176781,0.0,0.0,0.0
2017461,skillcorner,Melbourne V FC,Auckland FC,2,1.0,1,team,23.0,2,0,2,46.0,0.0,0.0,0.0
2017461,skillcorner,Melbourne V FC,Auckland FC,3,1.0,1,individual,2.75,18,2,18,38.97647142828607,1.9610083103179932,2.9273691177368164,3.9220166206359863
2017461,skillcorner,Melbourne V FC,Auckland FC,3,1.0,1,tactical,11.75,5,0,5,43.09469855985889,0.0,0.0,0.0
2017461,skillcorner,Melbourne V FC,Auckland FC,3,1.0,1,team,23.0,2,0,2,62.887515778700674,0.0,0.0,0.0
2017461,skillcorner,Melbourne V FC,Auckland FC,4,1.0,1,individual,2.75,20,5,20,35.353096307763536,2.5074705123901366,4.616735458374023,12.537352561950684
2017461,skillcorner,Melbourne V FC,Auckland FC,4,1.0,1,tactical,11.75,5,0,5,53.87184637647024,0.0,0.0,0.0
2017461,skillcorner,Melbourne V FC,Auckland FC,4,1.0,1,team,23.0,2,0,2,47.66524079975749,0.0,0.0,0.0
2017461,skillcorner,Melbourne V FC,Auckland FC,5,2.0,1,individual,2.75,20,3,20,38.136777344740985,2.251519203186035,3.2169313430786133,6.7545576095581055
2017461,skillcorner,Melbourne V FC,Auckland FC,5,2.0,1,tactical,11.75,8,1,8,52.5163945494846,4.878032684326172,4.878032684326172,4.878032684326172
2017461,skillcorner,Melbourne V FC,Auckland FC,5,2.0,1,team,23.0,2,0,2,46.0,0.0,0.0,0.0
2017461,skillcorner,Melbourne V FC,Auckland FC,6,3.0,1,individual,2.75,17,2,17,27.077894446334803,0.4800996780395508,0.9207849502563477,0.9601993560791016
2017461,skillcorner,Melbourne V FC,Auckland FC,6,3.0,1,tactical,11.75,5,0,5,51.00999451009019,0.0,0.0,0.0
2017461,skillcorner,Melbourne V FC,Auckland FC,6,3.0,1,team,23.0,2,0,2,52.37816539122545,0.0,0.0,0.0
2017461,skillcorner,Melbourne V FC,Auckland FC,7,3.0,1,individual,2.75,18,3,18,29.323945846355667,1.6646528244018555,2.627531051635742,4.993958473205566
2017461,skillcorner,Melbourne V FC,Auckland FC,7,3.0,1,tactical,11.75,3,0,3,46.5176774451132,0.0,0.0,0.0
2017461,skillcorner,Melbourne V FC,Auckland FC,7,3.0,1,team,23.0,2,0,2,54.18385448287446,0.0,0.0,0.0
2017461,skillcorner,Melbourne V FC,Auckland FC,8,3.0,1,individual,2.75,19,1,19,37.66513919381859,4.969993591308594,4.969993591308594,4.969993591308594
2017461,skillcorner,Melbourne V FC,Auckland FC,8,3.0,1,tactical,11.75,7,0,7,41.05312682637246,0.0,0.0,0.0
2017461,skillcorner,Melbourne V FC,Auckland FC,8,3.0,1,team,23.0,1,0,1,46.0,0.0,0.0,0.0
2017461,skillcorner,Melbourne V FC,Auckland FC,9,4.0,1,individual,2.75,16,3,16,36.57103703602701,2.663579305013021,3.3138256072998047,7.9907379150390625
2017461,skillcorner,Melbourne V FC,Auckland FC,9,4.0,1,tactical,11.75,7,1,7,45.6696021714663,6.131097793579102,6.131097793579102,6.131097793579102
2017461,skillcorner,Melbourne V FC,Auckland FC,9,4.0,1,team,23.0,2,0,2,50.14401848245872,0.0,0.0,0.0
2017461,skillcorner,Melbourne V FC,Auckland FC,10,5.0,1,individual,2.75,21,2,21,33.9329234366153,1.041405200958252,1.2768869400024414,2.082810401916504
2017461,skillcorner,Melbourne V FC,Auckland FC,10,5.0,1,tactical,11.75,4,0,4,56.303804139314906,0.0,0.0,0.0
2017461,skillcorner,Melbourne V FC,Auckland FC,10,5.0,1,team,23.0,2,0,2,47.720188896783206,0.0,0.0,0.0
2017461,skillcorner,Melbourne V FC,Auckland FC,11,5.0,1,individual,2.75,16,2,16,29.45180428199186,0.472015380859375,0.9357700347900391,0.94403076171875
2017461,skillcorner,Melbourne V FC,Auckland FC,11,5.0,1,tactical,11.75,3,0,3,49.25221603339365,0.0,0.0,0.0
2017461,skillcorner,Melbourne V FC,Auckland FC,11,5.0,1,team,23.0,2,0,2,57.003914153312174,0.0,0.0,0.0
2017461,skillcorner,Melbourne V FC,Auckland FC,12,6.0,1,individual,2.75,21,3,21,28.33009045382201,2.3870197931925454,3.3399057388305664,7.161059379577637
2017461,skillcorner,Melbourne V FC,Auckland FC,12,6.0,1,tactical,11.75,4,0,4,52.79224112864132,0.0,0.0,0.0
2017461,skillcorner,Melbourne V FC,Auckland FC,12,6.0,1,team,23.0,2,0,2,55.54522538267166,0.0,0.0,0.0
2017461,skillcorner,Melbourne V FC,Auckland FC,13,6.0,1,individual,2.75,17,2,17,32.63923613333229,1.2260265350341797,1.8649883270263672,2.4520530700683594
2017461,skillcorner,Melbourne V FC,Auckland FC,13,6.0,1,tactical,11.75,6,1,6,47.26178387956548,0.770294189453125,0.770294189453125,0.770294189453125
2017461,skillcorner,Melbourne V FC,Auckland FC,13,6.0,1,team,23.0,2,0,2,57.03441489012936,0.0,0.0,0.0
2017461,skillcorner,Melbourne V FC,Auckland FC,14,7.0,1,individual,2.75,21,3,21,29.657799060023706,0.2758144537607829,0.5873823165893555,0.8274433612823486
2017461,skillcorner,Melbourne V FC,Auckland FC,14,7.0,1,tactical,11.75,4,0,4,50.9117758684856,0.0,0.0,0.0
2017461,skillcorner,Melbourne V FC,Auckland FC,14,7.0,1,team,23.0,2,0,2,53.08922980525515,0.0,0.0,0.0
2017461,skillcorner,Melbourne V FC,Auckland FC,15,7.0,1,individual,2.75,18,0,18,28.047449081868393,0.0,0.0,0.0
2017461,skillcorner,Melbourne V FC,Auckland FC,15,7.0,1,tactical,11.75,3,0,3,49.535526625017894,0.0,0.0,0.0
2017461,skillcorner,Melbourne V FC,Auckland FC,15,7.0,1,team,23.0,2,0,2,60.45907100212432,0.0,0.0,0.0
2017461,skillcorner,Melbourne V FC,Auckland FC,16,8.0,1,individual,2.75,20,2,20,30.941199448028456,3.4592714309692383,5.407678604125977,6.918542861938477
2017461,skillcorner,Melbourne V FC,Auckland FC,16,8.0,1,tactical,11.75,3,0,3,47.15992799803641,0.0,0.0,0.0
2017461,skillcorner,Melbourne V FC,Auckland FC,16,8.0,1,team,23.0,2,0,2,56.81549035046844,0.0,0.0,0.0
2017461,skillcorner,Melbourne V FC,Auckland FC,17,8.0,1,individual,2.75,19,4,19,37.994925186201925,1.2680151462554932,3.1378650665283203,5.072060585021973
2017461,skillcorner,Melbourne V FC,Auckland FC,17,8.0,1,tactical,11.75,7,1,7,52.12881952432838,4.601551055908203,4.601551055908203,4.601551055908203
2017461,skillcorner,Melbourne V FC,Auckland FC,17,8.0,1,team,23.0,2,0,2,62.01613663352342,0.0,0.0,0.0
2017461,skillcorner,Melbourne V FC,Auckland FC,18,10.0,1,individual,2.75,17,2,17,32.21245387181269,3.1284384727478027,5.885414123535156,6.2568769454956055
2017461,skillcorner,Melbourne V FC,Auckland FC,18,10.0,1,tactical,11.75,4,0,4,45.68123702741194,0.0,0.0,0.0
2017461,skillcorner,Melbourne V FC,Auckland FC,18,10.0,1,team,23.0,3,0,3,60.36174046831134,0.0,0.0,0.0
2017461,skillcorner,Melbourne V FC,Auckland FC,19,10.0,1,individual,2.75,21,3,21,37.35218515891141,1.2635265986124675,1.8399925231933594,3.7905797958374023
2017461,skillcorner,Melbourne V FC,Auckland FC,19,10.0,1,tactical,11.75,6,1,6,47.84943028567119,1.2360305786132812,1.2360305786132812,1.2360305786132812
2017461,skillcorner,Melbourne V FC,Auckland FC,19,10.0,1,team,23.0,2,0,2,46.0,0.0,0.0,0.0
2017461,skillcorner,Melbourne V FC,Auckland FC,20,11.0,1,individual,2.75,19,3,19,35.496362354419645,1.548476219177246,3.579435348510742,4.645428657531738
2017461,skillcorner,Melbourne V FC,Auckland FC,20,11.0,1,tactical,11.75,6,0,6,46.58672122922708,0.0,0.0,0.0
2017461,skillcorner,Melbourne V FC,Auckland FC,20,11.0,1,team,23.0,1,0,1,46.0,0.0,0.0,0.0
2017461,skillcorner,Melbourne V FC,Auckland FC,21,12.0,1,individual,2.75,18,3,18,28.048475894422502,1.2793432871500652,2.4428176879882812,3.8380298614501953
2017461,skillcorner,Melbourne V FC,Auckland FC,21,12.0,1,tactical,11.75,3,0,3,63.31982332183934,0.0,0.0,0.0
2017461,skillcorner,Melbourne V FC,Auckland FC,21,12.0,1,team,23.0,3,0,3,63.31982332183934,0.0,0.0,0.0
2017461,skillcorner,Melbourne V FC,Auckland FC,22,12.0,1,individual,2.75,21,4,21,37.55744404289551,1.9378678798675537,3.5846805572509766,7.751471519470215
2017461,skillcorner,Melbourne V FC,Auckland FC,22,12.0,1,tactical,11.75,8,0,8,44.98332984369494,0.0,0.0,0.0
2017461,skillcorner,Melbourne V FC,Auckland FC,22,12.0,1,team,23.0,2,0,2,46.0,0.0,0.0,0.0
2017461,skillcorner,Melbourne V FC,Auckland FC,23,12.0,1,individual,2.75,22,4,22,37.053181872220826,1.9317309856414795,3.826645851135254,7.726923942565918
2017461,skillcorner,Melbourne V FC,Auckland FC,23,12.0,1,tactical,11.75,8,1,8,43.28048155951343,9.773323059082031,9.773323059082031,9.773323059082031
2017461,skillcorner,Melbourne V FC,Auckland FC,23,12.0,1,team,23.0,2,0,2,46.0,0.0,0.0,0.0
2017461,skillcorner,Melbourne V FC,Auckland FC,24,13.0,1,individual,2.75,18,2,18,31.900039184928907,1.09598970413208,1.8678302764892578,2.19197940826416
2017461,skillcorner,Melbourne V FC,Auckland FC,24,13.0,1,tactical,11.75,5,0,5,48.13058883202413,0.0,0.0,0.0
2017461,skillcorner,Melbourne V FC,Auckland FC,24,13.0,1,team,23.0,2,0,2,50.09523060157467,0.0,0.0,0.0
2017461,skillcorner,Melbourne V FC,Auckland FC,25,14.0,1,individual,2.75,21,4,21,29.326769912355534,0.7551567554473877,1.6259212493896484,3.020627021789551
2017461,skillcorner,Melbourne V FC,Auckland FC,25,14.0,1,tactical,11.75,3,0,3,47.283273243334094,0.0,0.0,0.0
2017461,skillcorner,Melbourne V FC,Auckland FC,25,14.0,1,team,23.0,2,0,2,57.6405270019387,0.0,0.0,0.0
2017461,skillcorner,Melbourne V FC,Auckland FC,26,14.0,1,individual,2.75,20,2,20,33.55520329856461,3.2643017768859863,3.8146591186523438,6.528603553771973
2017461,skillcorner,Melbourne V FC,Auckland FC,26,14.0,1,tactical,11.75,5,0,5,50.24846423699521,0.0,0.0,0.0
2017461,skillcorner,Melbourne V FC,Auckland FC,26,14.0,1,team,23.0,2,0,2,46.09704520513209,0.0,0.0,0.0
2017461,skillcorner,Melbourne V FC,Auckland FC,27,14.0,1,individual,2.75,21,2,21,37.535672118584586,1.361708164215088,2.090155601501465,2.723416328430176
2017461,skillcorner,Melbourne V FC,Auckland FC,27,14.0,1,tactical,11.75,7,1,7,57.984308222138864,0.7426319122314453,0.7426319122314453,0.7426319122314453
2017461,skillcorner,Melbourne V FC,Auckland FC,27,14.0,1,team,23.0,2,0,2,46.0,0.0,0.0,0.0
2017461,skillcorner,Melbourne V FC,Auckland FC,28,15.0,1,individual,2.75,20,2,20,36.70533095859055,2.425477981567383,2.6895790100097656,4.850955963134766
2017461,skillcorner,Melbourne V FC,Auckland FC,28,15.0,1,tactical,11.75,5,0,5,55.778511889296084,0.0,0.0,0.0
2017461,skillcorner,Melbourne V FC,Auckland FC,28,15.0,1,team,23.0,2,0,2,46.0,0.0,0.0,0.0
2017461,skillcorner,Melbourne V FC,Auckland FC,29,15.0,1,individual,2.75,20,4,20,34.028128980690134,1.4953312873840332,3.4502553939819336,5.981325149536133
2017461,skillcorner,Melbourne V FC,Auckland FC,29,15.0,1,tactical,11.75,6,0,6,48.58952976313449,0.0,0.0,0.0
2017461,skillcorner,Melbourne V FC,Auckland FC,29,15.0,1,team,23.0,2,0,2,46.0,0.0,0.0,0.0
2017461,skillcorner,Melbourne V FC,Auckland FC,30,16.0,1,individual,2.75,21,2,21,33.38386271175624,3.605142593383789,5.381448745727539,7.210285186767578
2017461,skillcorner,Melbourne V FC,Auckland FC,30,16.0,1,tactical,11.75,5,0,5,51.8065519320385,0.0,0.0,0.0
2017461,skillcorner,Melbourne V FC,Auckland FC,30,16.0,1,team,23.0,2,0,2,46.0,0.0,0.0,0.0
2017461,skillcorner,Melbourne V FC,Auckland FC,31,17.0,1,individual,2.75,13,1,13,35.85455828733638,1.489837646484375,1.489837646484375,1.489837646484375
2017461,skillcorner,Melbourne V FC,Auckland FC,31,17.0,1,tactical,11.75,4,0,4,61.66191611814301,0.0,0.0,0.0
2017461,skillcorner,Melbourne V FC,Auckland FC,31,17.0,1,team,23.0,2,0,2,61.94827888948663,0.0,0.0,0.0
2017461,skillcorner,Melbourne V FC,Auckland FC,32,17.0,1,individual,2.75,21,3,21,28.202445573614597,2.055520216623942,4.806331634521484,6.166560649871826
2017461,skillcorner,Melbourne V FC,Auckland FC,32,17.0,1,tactical,11.75,3,0,3,60.553988978417124,0.0,0.0,0.0
2017461,skillcorner,Melbourne V FC,Auckland FC,32,17.0,1,team,23.0,2,0,2,47.258079538134574,0.0,0.0,0.0
2017461,skillcorner,Melbourne V FC,Auckland FC,33,18.0,1,individual,2.75,19,1,19,30.647860953508776,3.6014328002929688,3.6014328002929688,3.6014328002929688
2017461,skillcorner,Melbourne V FC,Auckland FC,33,18.0,1,tactical,11.75,4,0,4,54.68543983672547,0.0,0.0,0.0
2017461,skillcorner,Melbourne V FC,Auckland FC,33,18.0,1,team,23.0,2,0,2,49.91882644641045,0.0,0.0,0.0
2017461,skillcorner,Melbourne V FC,Auckland FC,34,19.0,1,individual,2.75,21,2,21,36.404364858046996,4.290489673614502,7.0540571212768555,8.580979347229004
2017461,skillcorner,Melbourne V FC,Auckland FC,34,19.0,1,tactical,11.75,7,1,7,48.3246968433326,1.5115985870361328,1.5115985870361328,1.5115985870361328
2017461,skillcorner,Melbourne V FC,Auckland FC,34,19.0,1,team,23.0,2,0,2,56.700509801864946,0.0,0.0,0.0
2017461,skillcorner,Melbourne V FC,Auckland FC,35,19.0,1,individual,2.75,19,2,19,32.08442186574338,2.7871761322021484,3.3995094299316406,5.574352264404297
2017461,skillcorner,Melbourne V FC,Auckland FC,35,19.0,1,tactical,11.75,4,0,4,46.57813756710285,0.0,0.0,0.0
2017461,skillcorner,Melbourne V FC,Auckland FC,35,19.0,1,team,23.0,1,0,1,46.0,0.0,0.0,0.0
2017461,skillcorner,Melbourne V FC,Auckland FC,36,20.0,1,individual,2.75,17,1,17,21.67273117597216,0.2989540100097656,0.2989540100097656,0.2989540100097656
2017461,skillcorner,Melbourne V FC,Auckland FC,36,20.0,1,tactical,11.75,2,0,2,63.461554246228,0.0,0.0,0.0
2017461,skillcorner,Melbourne V FC,Auckland FC,36,20.0,1,team,23.0,2,0,2,63.461554246228,0.0,0.0,0.0
2017461,skillcorner,Melbourne V FC,Auckland FC,37,20.0,1,individual,2.75,21,4,21,37.80327743360986,0.5159387588500977,1.474935531616211,2.0637550354003906
2017461,skillcorner,Melbourne V FC,Auckland FC,37,20.0,1,tactical,11.75,6,1,6,49.6449555288051,5.520900726318359,5.520900726318359,5.520900726318359
2017461,skillcorner,Melbourne V FC,Auckland FC,37,20.0,1,team,23.0,2,0,2,51.19399506177935,0.0,0.0,0.0
2017461,skillcorner,Melbourne V FC,Auckland FC,38,21.0,1,individual,2.75,18,2,18,40.73163512553848,6.124972820281982,10.482049942016602,12.249945640563965
2017461,skillcorner,Melbourne V FC,Auckland FC,38,21.0,1,tactical,11.75,4,0,4,44.72422895303052,0.0,0.0,0.0
2017461,skillcorner,Melbourne V FC,Auckland FC,38,21.0,1,team,23.0,2,0,2,56.13081982512248,0.0,0.0,0.0
2017461,skillcorner,Melbourne V FC,Auckland FC,39,21.0,1,individual,2.75,18,2,18,40.61546811253072,3.3808813095092773,4.451963424682617,6.761762619018555
2017461,skillcorner,Melbourne V FC,Auckland FC,39,21.0,1,tactical,11.75,8,1,8,43.9599755607408,5.162202835083008,5.162202835083008,5.162202835083008
2017461,skillcorner,Melbourne V FC,Auckland FC,39,21.0,1,team,23.0,2,0,2,57.03386695679465,0.0,0.0,0.0
2017461,skillcorner,Melbourne V FC,Auckland FC,40,23.0,1,individual,2.75,20,4,20,26.114628363188228,0.8773367404937744,1.2946157455444336,3.5093469619750977
2017461,skillcorner,Melbourne V FC,Auckland FC,40,23.0,1,tactical,11.75,3,0,3,58.10993583952722,0.0,0.0,0.0
2017461,skillcorner,Melbourne V FC,Auckland FC,40,23.0,1,team,23.0,2,0,2,46.0,0.0,0.0,0.0
2017461,skillcorner,Melbourne V FC,Auckland FC,41,24.0,1,individual,2.75,21,4,21,33.58397569758685,1.3557891845703125,2.3770523071289062,5.42315673828125
2017461,skillcorner,Melbourne V FC,Auckland FC,41,24.0,1,tactical,11.75,4,0,4,58.07252229590043,0.0,0.0,0.0
2017461,skillcorner,Melbourne V FC,Auckland FC,41,24.0,1,team,23.0,2,0,2,46.0,0.0,0.0,0.0
2017461,skillcorner,Melbourne V FC,Auckland FC,42,24.0,1,individual,2.75,18,3,18,36.90372474425854,1.090113639831543,2.280135154724121,3.270340919494629
2017461,skillcorner,Melbourne V FC,Auckland FC,42,24.0,1,tactical,11.75,4,0,4,59.08638316160108,0.0,0.0,0.0
2017461,skillcorner,Melbourne V FC,Auckland FC,42,24.0,1,team,23.0,2,0,2,58.04835364393185,0.0,0.0,0.0
2017461,skillcorner,Melbourne V FC,Auckland FC,43,25.0,1,individual,2.75,22,4,22,34.16279394372259,1.8598816394805908,3.946812629699707,7.439526557922363
2017461,skillcorner,Melbourne V FC,Auckland FC,43,25.0,1,tactical,11.75,5,0,5,53.09761014802447,0.0,0.0,0.0
2017461,skillcorner,Melbourne V FC,Auckland FC,43,25.0,1,team,23.0,3,0,3,63.86149089228408,0.0,0.0,0.0
2017461,skillcorner,Melbourne V FC,Auckland FC,44,25.0,1,individual,2.75,18,3,18,34.36199790466206,2.5980011622111,4.610692977905273,7.794003486633301
2017461,skillcorner,Melbourne V FC,Auckland FC,44,25.0,1,tactical,11.75,8,0,8,43.686037383410415,0.0,0.0,0.0
2017461,skillcorner,Melbourne V FC,Auckland FC,44,25.0,1,team,23.0,2,0,2,46.24297264746694,0.0,0.0,0.0
2017461,skillcorner,Melbourne V FC,Auckland FC,45,26.0,1,individual,2.75,21,3,21,36.872504963466,2.4237419764200845,3.371535301208496,7.271225929260254
2017461,skillcorner,Melbourne V FC,Auckland FC,45,26.0,1,tactical,11.75,6,1,6,48.294114146884034,3.436647415161133,3.436647415161133,3.436647415161133
2017461,skillcorner,Melbourne V FC,Auckland FC,45,26.0,1,team,23.0,2,0,2,46.0,0.0,0.0,0.0
2017461,skillcorner,Melbourne V FC,Auckland FC,46,27.0,1,individual,2.75,21,4,21,36.15254568756198,1.4604771137237549,1.9952354431152344,5.8419084548950195
2017461,skillcorner,Melbourne V FC,Auckland FC,46,27.0,1,tactical,11.75,6,1,6,44.17590877855207,0.4687843322753906,0.4687843322753906,0.4687843322753906
2017461,skillcorner,Melbourne V FC,Auckland FC,46,27.0,1,team,23.0,2,0,2,46.0,0.0,0.0,0.0
2017461,skillcorner,Melbourne V FC,Auckland FC,47,27.0,1,individual,2.75,20,0,20,35.58843187752001,0.0,0.0,0.0
2017461,skillcorner,Melbourne V FC,Auckland FC,47,27.0,1,tactical,11.75,5,0,5,49.67252384447223,0.0,0.0,0.0
2017461,skillcorner,Melbourne V FC,Auckland FC,47,27.0,1,team,23.0,2,0,2,49.949216922808844,0.0,0.0,0.0
2017461,skillcorner,Melbourne V FC,Auckland FC,48,28.0,1,individual,2.75,19,3,19,23.82806012120481,1.245813210805257,2.3217086791992188,3.7374396324157715
2017461,skillcorner,Melbourne V FC,Auckland FC,48,28.0,1,tactical,11.75,3,0,3,64.46423296808047,0.0,0.0,0.0
2017461,skillcorner,Melbourne V FC,Auckland FC,48,28.0,1,team,23.0,3,0,3,64.46423296808047,0.0,0.0,0.0
2017461,skillcorner,Melbourne V FC,Auckland FC,49,28.0,1,individual,2.75,19,3,19,25.414690650757194,1.4247681299845378,1.9209375381469727,4.274304389953613
2017461,skillcorner,Melbourne V FC,Auckland FC,49,28.0,1,tactical,11.75,3,0,3,60.832295034402065,0.0,0.0,0.0
2017461,skillcorner,Melbourne V FC,Auckland FC,49,28.0,1,team,23.0,2,0,2,49.168030155197435,0.0,0.0,0.0
2017461,skillcorner,Melbourne V FC,Auckland FC,50,29.0,1,individual,2.75,20,3,20,37.65420280040726,1.9537363052368164,3.6621828079223633,5.861208915710449
2017461,skillcorner,Melbourne V FC,Auckland FC,50,29.0,1,tactical,11.75,7,1,7,47.32515613051665,0.9690208435058594,0.9690208435058594,0.9690208435058594
2017461,skillcorner,Melbourne V FC,Auckland FC,50,29.0,1,team,23.0,2,0,2,46.0,0.0,0.0,0.0
2017461,skillcorner,Melbourne V FC,Auckland FC,51,30.0,1,individual,2.75,17,2,17,23.93544692433133,0.5405511856079102,0.8956470489501953,1.0811023712158203
2017461,skillcorner,Melbourne V FC,Auckland FC,51,30.0,1,tactical,11.75,3,0,3,65.26036327122004,0.0,0.0,0.0
2017461,skillcorner,Melbourne V FC,Auckland FC,51,30.0,1,team,23.0,3,0,3,65.26036327122004,0.0,0.0,0.0
2017461,skillcorner,Melbourne V FC,Auckland FC,52,31.0,1,individual,2.75,20,2,20,32.76786207340939,4.624212741851807,8.202789306640625,9.248425483703613
2017461,skillcorner,Melbourne V FC,Auckland FC,52,31.0,1,tactical,11.75,4,0,4,52.09822554066568,0.0,0.0,0.0
2017461,skillcorner,Melbourne V FC,Auckland FC,52,31.0,1,team,23.0,2,0,2,53.805595983909264,0.0,0.0,0.0
2017461,skillcorner,Melbourne V FC,Auckland FC,53,31.0,1,individual,2.75,19,3,19,38.84501715982421,0.6880957285563151,1.4441852569580078,2.0642871856689453
2017461,skillcorner,Melbourne V FC,Auckland FC,53,31.0,1,tactical,11.75,6,1,6,46.37112090451384,0.7592277526855469,0.7592277526855469,0.7592277526855469
2017461,skillcorner,Melbourne V FC,Auckland FC,53,31.0,1,team,23.0,2,0,2,46.0,0.0,0.0,0.0
2017461,skillcorner,Melbourne V FC,Auckland FC,54,32.0,1,individual,2.75,21,3,21,32.55624138050786,2.3261305491129556,5.026583671569824,6.978391647338867
2017461,skillcorner,Melbourne V FC,Auckland FC,54,32.0,1,tactical,11.75,6,1,6,47.817373371910364,3.150278091430664,3.150278091430664,3.150278091430664
2017461,skillcorner,Melbourne V FC,Auckland FC,54,32.0,1,team,23.0,2,0,2,47.37532760582914,0.0,0.0,0.0
2017461,skillcorner,Melbourne V FC,Auckland FC,55,32.0,1,individual,2.75,20,3,20,38.672709170476345,2.394301096598307,5.838319778442383,7.182903289794922
2017461,skillcorner,Melbourne V FC,Auckland FC,55,32.0,1,tactical,11.75,5,0,5,52.025485590589824,0.0,0.0,0.0
2017461,skillcorner,Melbourne V FC,Auckland FC,55,32.0,1,team,23.0,2,0,2,59.9569575336286,0.0,0.0,0.0
2017461,skillcorner,Melbourne V FC,Auckland FC,56,33.0,1,individual,2.75,20,2,20,36.92167944165447,5.936367511749268,7.1905059814453125,11.872735023498535
2017461,skillcorner,Melbourne V FC,Auckland FC,56,33.0,1,tactical,11.75,5,0,5,43.396776383877054,0.0,0.0,0.0
2017461,skillcorner,Melbourne V FC,Auckland FC,56,33.0,1,team,23.0,1,0,1,46.0,0.0,0.0,0.0
2017461,skillcorner,Melbourne V FC,Auckland FC,57,33.0,1,individual,2.75,21,4,21,36.28234425321976,0.4002859592437744,0.8621654510498047,1.6011438369750977
2017461,skillcorner,Melbourne V FC,Auckland FC,57,33.0,1,tactical,11.75,7,1,7,50.24235862297868,2.792306900024414,2.792306900024414,2.792306900024414
2017461,skillcorner,Melbourne V FC,Auckland FC,57,33.0,1,team,23.0,2,0,2,46.0,0.0,0.0,0.0
2017461,skillcorner,Melbourne V FC,Auckland FC,58,34.0,1,individual,2.75,21,4,21,29.04982014484331,2.0783209800720215,3.252695083618164,8.313283920288086
2017461,skillcorner,Melbourne V FC,Auckland FC,58,34.0,1,tactical,11.75,3,0,3,58.43479180440849,0.0,0.0,0.0
2017461,skillcorner,Melbourne V FC,Auckland FC,58,34.0,1,team,23.0,2,0,2,46.0,0.0,0.0,0.0
2017461,skillcorner,Melbourne V FC,Auckland FC,59,35.0,1,individual,2.75,22,5,22,37.414454236304195,1.8102556228637696,4.400909423828125,9.051278114318848
2017461,skillcorner,Melbourne V FC,Auckland FC,59,35.0,1,tactical,11.75,6,1,6,46.40600101453542,4.721294403076172,4.721294403076172,4.721294403076172
2017461,skillcorner,Melbourne V FC,Auckland FC,59,35.0,1,team,23.0,2,0,2,46.0,0.0,0.0,0.0
2017461,skillcorner,Melbourne V FC,Auckland FC,60,35.0,1,individual,2.75,18,3,18,28.48140884858051,1.1664174397786458,1.790842056274414,3.4992523193359375
2017461,skillcorner,Melbourne V FC,Auckland FC,60,35.0,1,tactical,11.75,3,0,3,61.21865978784865,0.0,0.0,0.0
2017461,skillcorner,Melbourne V FC,Auckland FC,60,35.0,1,team,23.0,3,0,3,61.21865978784865,0.0,0.0,0.0
2017461,skillcorner,Melbourne V FC,Auckland FC,61,36.0,1,individual,2.75,20,3,20,31.938666106039772,1.8412791887919109,3.927745819091797,5.523837566375732
2017461,skillcorner,Melbourne V FC,Auckland FC,61,36.0,1,tactical,11.75,4,0,4,53.184743700308246,0.0,0.0,0.0
2017461,skillcorner,Melbourne V FC,Auckland FC,61,36.0,1,team,23.0,2,0,2,49.89325141019755,0.0,0.0,0.0
2017461,skillcorner,Melbourne V FC,Auckland FC,62,36.0,1,individual,2.75,20,3,20,35.36086067673312,2.6502453486124673,3.2147884368896484,7.950736045837402
2017461,skillcorner,Melbourne V FC,Auckland FC,62,36.0,1,tactical,11.75,5,0,5,48.05673461670651,0.0,0.0,0.0
2017461,skillcorner,Melbourne V FC,Auckland FC,62,36.0,1,team,23.0,2,0,2,46.77805305745212,0.0,0.0,0.0
2017461,skillcorner,Melbourne V FC,Auckland FC,63,37.0,1,individual,2.75,21,4,21,33.42538347566191,1.0189257860183716,1.7137012481689453,4.075703144073486
2017461,skillcorner,Melbourne V FC,Auckland FC,63,37.0,1,tactical,11.75,5,0,5,46.46861770662515,0.0,0.0,0.0
2017461,skillcorner,Melbourne V FC,Auckland FC,63,37.0,1,team,23.0,2,0,2,46.37537536138437,0.0,0.0,0.0
2017461,skillcorner,Melbourne V FC,Auckland FC,64,38.0,1,individual,2.75,22,4,22,32.678974065549596,1.1826789379119873,1.9180679321289062,4.730715751647949
2017461,skillcorner,Melbourne V FC,Auckland FC,64,38.0,1,tactical,11.75,5,0,5,39.93217375044398,0.0,0.0,0.0
2017461,skillcorner,Melbourne V FC,Auckland FC,64,38.0,1,team,23.0,2,0,2,50.849184632379085,0.0,0.0,0.0
2017461,skillcorner,Melbourne V FC,Auckland FC,65,38.0,1,individual,2.75,17,1,17,29.038804241956647,1.3334274291992188,1.3334274291992188,1.3334274291992188
2017461,skillcorner,Melbourne V FC,Auckland FC,65,38.0,1,tactical,11.75,3,0,3,47.62400609021799,0.0,0.0,0.0
2017461,skillcorner,Melbourne V FC,Auckland FC,65,38.0,1,team,23.0,2,0,2,57.18984563507907,0.0,0.0,0.0
2017461,skillcorner,Melbourne V FC,Auckland FC,66,39.0,1,individual,2.75,20,2,20,33.576627328760274,1.4589881896972656,2.487752914428711,2.9179763793945312
2017461,skillcorner,Melbourne V FC,Auckland FC,66,39.0,1,tactical,11.75,3,0,3,59.47868019170992,0.0,0.0,0.0
2017461,skillcorner,Melbourne V FC,Auckland FC,66,39.0,1,team,23.0,2,0,2,46.257451553917655,0.0,0.0,0.0
2017461,skillcorner,Melbourne V FC,Auckland FC,67,39.0,1,individual,2.75,18,6,18,32.251004635514846,0.45420098304748535,0.9473686218261719,2.725205898284912
2017461,skillcorner,Melbourne V FC,Auckland FC,67,39.0,1,tactical,11.75,4,0,4,43.44177291126846,0.0,0.0,0.0
2017461,skillcorner,Melbourne V FC,Auckland FC,67,39.0,1,team,23.0,2,0,2,46.0,0.0,0.0,0.0
2017461,skillcorner,Melbourne V FC,Auckland FC,68,40.0,1,individual,2.75,19,3,19,31.253631292909972,1.5745925903320312,4.097447395324707,4.723777770996094
2017461,skillcorner,Melbourne V FC,Auckland FC,68,40.0,1,tactical,11.75,2,0,2,59.22798151300032,0.0,0.0,0.0
2017461,skillcorner,Melbourne V FC,Auckland FC,68,40.0,1,team,23.0,2,0,2,59.22798151300032,0.0,0.0,0.0
2017461,skillcorner,Melbourne V FC,Auckland FC,69,41.0,1,individual,2.75,20,6,20,33.50306252305664,2.0292698542277017,2.975322723388672,12.175619125366211
2017461,skillcorner,Melbourne V FC,Auckland FC,69,41.0,1,tactical,11.75,5,0,5,47.60093007484824,0.0,0.0,0.0
2017461,skillcorner,Melbourne V FC,Auckland FC,69,41.0,1,team,23.0,2,0,2,50.49554980279571,0.0,0.0,0.0
2017461,skillcorner,Melbourne V FC,Auckland FC,70,41.0,1,individual,2.75,21,3,21,35.58109514499694,1.0348529815673828,1.3384056091308594,3.1045589447021484
2017461,skillcorner,Melbourne V FC,Auckland FC,70,41.0,1,tactical,11.75,5,0,5,50.83524315955758,0.0,0.0,0.0
2017461,skillcorner,Melbourne V FC,Auckland FC,70,41.0,1,team,23.0,3,0,3,67.5618275758784,0.0,0.0,0.0
2017461,skillcorner,Melbourne V FC,Auckland FC,71,42.0,1,individual,2.75,17,0,17,31.34076075995828,0.0,0.0,0.0
2017461,skillcorner,Melbourne V FC,Auckland FC,71,42.0,1,tactical,11.75,5,0,5,45.50937551283654,0.0,0.0,0.0
2017461,skillcorner,Melbourne V FC,Auckland FC,71,42.0,1,team,23.0,3,0,3,61.98225238006675,0.0,0.0,0.0
2017461,skillcorner,Melbourne V FC,Auckland FC,72,43.0,1,individual,2.75,17,2,17,30.758612385350332,1.6864147186279297,2.955892562866211,3.3728294372558594
2017461,skillcorner,Melbourne V FC,Auckland FC,72,43.0,1,tactical,11.75,3,0,3,52.684060521888036,0.0,0.0,0.0
2017461,skillcorner,Melbourne V FC,Auckland FC,72,43.0,1,team,23.0,2,0,2,62.612016011142714,0.0,0.0,0.0
2017461,skillcorner,Melbourne V FC,Auckland FC,73,44.0,1,individual,2.75,16,2,16,35.71757688026436,1.398195743560791,1.609029769897461,2.796391487121582
2017461,skillcorner,Melbourne V FC,Auckland FC,73,44.0,1,tactical,11.75,5,0,5,45.13004978688658,0.0,0.0,0.0
2017461,skillcorner,Melbourne V FC,Auckland FC,73,44.0,1,team,23.0,2,0,2,55.99260631665148,0.0,0.0,0.0
2017461,skillcorner,Melbourne V FC,Auckland FC,74,44.0,1,individual,2.75,16,1,16,27.23181105458827,1.3059167861938477,1.3059167861938477,1.3059167861938477
2017461,skillcorner,Melbourne V FC,Auckland FC,74,44.0,1,tactical,11.75,2,0,2,60.22415342143714,0.0,0.0,0.0
2017461,skillcorner,Melbourne V FC,Auckland FC,74,44.0,1,team,23.0,2,0,2,60.22415342143714,0.0,0.0,0.0
2017461,skillcorner,Melbourne V FC,Auckland FC,75,45.0,1,individual,2.75,19,1,19,26.560545254210815,0.6286635398864746,0.6286635398864746,0.6286635398864746
2017461,skillcorner,Melbourne V FC,Auckland FC,75,45.0,1,tactical,11.75,2,0,2,56.69625219870078,0.0,0.0,0.0
2017461,skillcorner,Melbourne V FC,Auckland FC,75,45.0,1,team,23.0,2,0,2,56.69625219870078,0.0,0.0,0.0
2017461,skillcorner,Melbourne V FC,Auckland FC,76,45.0,1,individual,2.75,22,4,22,32.525261248118646,1.3126368522644043,1.7518177032470703,5.250547409057617
2017461,skillcorner,Melbourne V FC,Auckland FC,76,45.0,1,tactical,11.75,4,0,4,55.27897218261964,0.0,0.0,0.0
2017461,skillcorner,Melbourne V FC,Auckland FC,76,45.0,1,team,23.0,2,0,2,46.0,0.0,0.0,0.0
2017461,skillcorner,Melbourne V FC,Auckland FC,77,46.0,1,individual,2.75,16,3,16,31.879358320967263,2.334376017252604,4.1383209228515625,7.0031280517578125
2017461,skillcorner,Melbourne V FC,Auckland FC,77,46.0,1,tactical,11.75,4,0,4,51.60634913568675,0.0,0.0,0.0
2017461,skillcorner,Melbourne V FC,Auckland FC,77,46.0,1,team,23.0,2,0,2,52.32325391041007,0.0,0.0,0.0
2017461,skillcorner,Melbourne V FC,Auckland FC,78,45.0,2,individual,2.75,13,2,13,33.93989249595228,1.4634623527526855,1.8136625289916992,2.926924705505371
2017461,skillcorner,Melbourne V FC,Auckland FC,78,45.0,2,tactical,11.75,4,0,4,54.329625580152175,0.0,0.0,0.0
2017461,skillcorner,Melbourne V FC,Auckland FC,78,45.0,2,team,23.0,2,0,2,46.515224323629255,0.0,0.0,0.0
2017461,skillcorner,Melbourne V FC,Auckland FC,79,45.0,2,individual,2.75,19,2,19,34.80289086120841,4.125509262084961,7.233599662780762,8.251018524169922
2017461,skillcorner,Melbourne V FC,Auckland FC,79,45.0,2,tactical,11.75,4,0,4,50.805947068461364,0.0,0.0,0.0
2017461,skillcorner,Melbourne V FC,Auckland FC,79,45.0,2,team,23.0,1,0,1,46.0,0.0,0.0,0.0
2017461,skillcorner,Melbourne V FC,Auckland FC,80,46.0,2,individual,2.75,20,3,20,33.884112455161244,2.1919145584106445,3.8591880798339844,6.575743675231934
2017461,skillcorner,Melbourne V FC,Auckland FC,80,46.0,2,tactical,11.75,6,0,6,49.1325862892921,0.0,0.0,0.0
2017461,skillcorner,Melbourne V FC,Auckland FC,80,46.0,2,team,23.0,2,0,2,46.0,0.0,0.0,0.0
2017461,skillcorner,Melbourne V FC,Auckland FC,81,46.0,2,individual,2.75,19,1,19,38.0728357924325,3.219022750854492,3.219022750854492,3.219022750854492
2017461,skillcorner,Melbourne V FC,Auckland FC,81,46.0,2,tactical,11.75,6,0,6,43.78567480709327,0.0,0.0,0.0
2017461,skillcorner,Melbourne V FC,Auckland FC,81,46.0,2,team,23.0,2,0,2,61.962431196803394,0.0,0.0,0.0
2017461,skillcorner,Melbourne V FC,Auckland FC,82,47.0,2,individual,2.75,20,0,20,29.6963733184148,0.0,0.0,0.0
2017461,skillcorner,Melbourne V FC,Auckland FC,82,47.0,2,tactical,11.75,3,0,3,45.21673161725008,0.0,0.0,0.0
2017461,skillcorner,Melbourne V FC,Auckland FC,82,47.0,2,team,23.0,2,0,2,50.37350495184732,0.0,0.0,0.0
2017461,skillcorner,Melbourne V FC,Auckland FC,83,47.0,2,individual,2.75,18,2,18,31.13509274114982,1.3215415477752686,2.1505603790283203,2.643083095550537
2017461,skillcorner,Melbourne V FC,Auckland FC,83,47.0,2,tactical,11.75,3,0,3,49.01968205969696,0.0,0.0,0.0
2017461,skillcorner,Melbourne V FC,Auckland FC,83,47.0,2,team,23.0,2,0,2,59.09492117830681,0.0,0.0,0.0
2017461,skillcorner,Melbourne V FC,Auckland FC,84,48.0,2,individual,2.75,20,4,20,32.72052207513625,1.53706955909729,1.9463739395141602,6.14827823638916
2017461,skillcorner,Melbourne V FC,Auckland FC,84,48.0,2,tactical,11.75,3,0,3,63.60551912047249,0.0,0.0,0.0
2017461,skillcorner,Melbourne V FC,Auckland FC,84,48.0,2,team,23.0,2,0,2,48.17329421249337,0.0,0.0,0.0
2017461,skillcorner,Melbourne V FC,Auckland FC,85,49.0,2,individual,2.75,22,5,22,42.51475937676079,2.093984603881836,5.8949079513549805,10.46992301940918
2017461,skillcorner,Melbourne V FC,Auckland FC,85,49.0,2,tactical,11.75,6,1,6,47.5061085121968,9.049888610839844,9.049888610839844,9.049888610839844
2017461,skillcorner,Melbourne V FC,Auckland FC,85,49.0,2,team,23.0,2,0,2,52.56383620555097,0.0,0.0,0.0
2017461,skillcorner,Melbourne V FC,Auckland FC,86,49.0,2,individual,2.75,22,2,22,35.34296790090099,2.2317519187927246,4.003983497619629,4.463503837585449
2017461,skillcorner,Melbourne V FC,Auckland FC,86,49.0,2,tactical,11.75,6,0,6,47.51497015545388,0.0,0.0,0.0
2017461,skillcorner,Melbourne V FC,Auckland FC,86,49.0,2,team,23.0,2,0,2,48.64050318290942,0.0,0.0,0.0
2017461,skillcorner,Melbourne V FC,Auckland FC,87,51.0,2,individual,2.75,12,1,12,35.07766309172024,2.132923126220703,2.132923126220703,2.132923126220703
2017461,skillcorner,Melbourne V FC,Auckland FC,87,51.0,2,tactical,11.75,7,0,7,38.8091806149009,0.0,0.0,0.0
2017461,skillcorner,Melbourne V FC,Auckland FC,87,51.0,2,team,23.0,2,0,2,48.88032052104777,0.0,0.0,0.0
2017461,skillcorner,Melbourne V FC,Auckland FC,88,51.0,2,individual,2.75,16,3,16,28.514902619281266,2.255239804585775,3.194594383239746,6.765719413757324
2017461,skillcorner,Melbourne V FC,Auckland FC,88,51.0,2,tactical,11.75,5,0,5,40.09936271488073,0.0,0.0,0.0
2017461,skillcorner,Melbourne V FC,Auckland FC,88,51.0,2,team,23.0,2,0,2,59.61632139286383,0.0,0.0,0.0
2017461,skillcorner,Melbourne V FC,Auckland FC,89,52.0,2,individual,2.75,19,2,19,30.44752461374407,1.0893614292144775,1.1811165809631348,2.178722858428955
2017461,skillcorner,Melbourne V FC,Auckland FC,89,52.0,2,tactical,11.75,5,0,5,52.19061779453744,0.0,0.0,0.0
2017461,skillcorner,Melbourne V FC,Auckland FC,89,52.0,2,team,23.0,2,0,2,48.00867187821596,0.0,0.0,0.0
2017461,skillcorner,Melbourne V FC,Auckland FC,90,53.0,2,individual,2.75,19,3,19,34.52998665047452,2.629241943359375,4.150053024291992,7.887725830078125
2017461,skillcorner,Melbourne V FC,Auckland FC,90,53.0,2,tactical,11.75,5,0,5,45.28287718827933,0.0,0.0,0.0
2017461,skillcorner,Melbourne V FC,Auckland FC,90,53.0,2,team,23.0,2,0,2,61.30899200693997,0.0,0.0,0.0
2017461,skillcorner,Melbourne V FC,Auckland FC,91,53.0,2,individual,2.75,21,4,21,36.47971536078158,1.5524307489395142,3.935394287109375,6.209722995758057
2017461,skillcorner,Melbourne V FC,Auckland FC,91,53.0,2,tactical,11.75,6,0,6,49.35583847510754,0.0,0.0,0.0
2017461,skillcorner,Melbourne V FC,Auckland FC,91,53.0,2,team,23.0,2,0,2,46.0,0.0,0.0,0.0
2017461,skillcorner,Melbourne V FC,Auckland FC,92,54.0,2,individual,2.75,17,1,17,28.965107857438014,0.8218746185302734,0.8218746185302734,0.8218746185302734
2017461,skillcorner,Melbourne V FC,Auckland FC,92,54.0,2,tactical,11.75,3,0,3,67.66066509133356,0.0,0.0,0.0
2017461,skillcorner,Melbourne V FC,Auckland FC,92,54.0,2,team,23.0,3,0,3,67.66066509133356,0.0,0.0,0.0
2017461,skillcorner,Melbourne V FC,Auckland FC,93,54.0,2,individual,2.75,22,1,22,33.091475973996054,2.7471542358398438,2.7471542358398438,2.7471542358398438
2017461,skillcorner,Melbourne V FC,Auckland FC,93,54.0,2,tactical,11.75,4,0,4,57.22668018035624,0.0,0.0,0.0
2017461,skillcorner,Melbourne V FC,Auckland FC,93,54.0,2,team,23.0,2,0,2,51.84333806588904,0.0,0.0,0.0
2017461,skillcorner,Melbourne V FC,Auckland FC,94,55.0,2,individual,2.75,18,2,18,37.96004741830547,2.9459962844848633,4.321340560913086,5.891992568969727
2017461,skillcorner,Melbourne V FC,Auckland FC,94,55.0,2,tactical,11.75,6,1,6,49.59418771019485,0.8827266693115234,0.8827266693115234,0.8827266693115234
2017461,skillcorner,Melbourne V FC,Auckland FC,94,55.0,2,team,23.0,3,0,3,61.99814828360745,0.0,0.0,0.0
2017461,skillcorner,Melbourne V FC,Auckland FC,95,58.0,2,individual,2.75,19,3,19,25.912722713165685,1.3537139892578125,2.0075254440307617,4.0611419677734375
2017461,skillcorner,Melbourne V FC,Auckland FC,95,58.0,2,tactical,11.75,3,0,3,56.85913322847885,0.0,0.0,0.0
2017461,skillcorner,Melbourne V FC,Auckland FC,95,58.0,2,team,23.0,3,0,3,56.85913322847885,0.0,0.0,0.0
2017461,skillcorner,Melbourne V FC,Auckland FC,96,58.0,2,individual,2.75,18,1,18,33.361861458857476,2.839672088623047,2.839672088623047,2.839672088623047
2017461,skillcorner,Melbourne V FC,Auckland FC,96,58.0,2,tactical,11.75,5,0,5,53.773343899299064,0.0,0.0,0.0
2017461,skillcorner,Melbourne V FC,Auckland FC,96,58.0,2,team,23.0,2,0,2,57.760648123573965,0.0,0.0,0.0
2017461,skillcorner,Melbourne V FC,Auckland FC,97,60.0,2,individual,2.75,14,2,14,29.635601664823426,0.40862274169921875,0.7782258987426758,0.8172454833984375
2017461,skillcorner,Melbourne V FC,Auckland FC,97,60.0,2,tactical,11.75,4,0,4,47.656820953398416,0.0,0.0,0.0
2017461,skillcorner,Melbourne V FC,Auckland FC,97,60.0,2,team,23.0,2,0,2,68.51552309174286,0.0,0.0,0.0
2017461,skillcorner,Melbourne V FC,Auckland FC,98,60.0,2,individual,2.75,20,1,20,30.597637460558655,1.0452709197998047,1.0452709197998047,1.0452709197998047
2017461,skillcorner,Melbourne V FC,Auckland FC,98,60.0,2,tactical,11.75,3,0,3,61.14696988306503,0.0,0.0,0.0
2017461,skillcorner,Melbourne V FC,Auckland FC,98,60.0,2,team,23.0,3,0,3,61.14696988306503,0.0,0.0,0.0
2017461,skillcorner,Melbourne V FC,Auckland FC,99,61.0,2,individual,2.75,20,3,20,30.298585450797937,1.7129720052083333,3.3776044845581055,5.138916015625
2017461,skillcorner,Melbourne V FC,Auckland FC,99,61.0,2,tactical,11.75,4,0,4,52.305165642501294,0.0,0.0,0.0
2017461,skillcorner,Melbourne V FC,Auckland FC,99,61.0,2,team,23.0,2,0,2,50.98995203361171,0.0,0.0,0.0
2017461,skillcorner,Melbourne V FC,Auckland FC,100,61.0,2,individual,2.75,17,2,17,32.935172197482956,4.570751667022705,8.987805366516113,9.14150333404541
2017461,skillcorner,Melbourne V FC,Auckland FC,100,61.0,2,tactical,11.75,5,0,5,51.70489590698758,0.0,0.0,0.0
2017461,skillcorner,Melbourne V FC,Auckland FC,100,61.0,2,team,23.0,2,0,2,54.51116643807862,0.0,0.0,0.0
2017461,skillcorner,Melbourne V FC,Auckland FC,101,62.0,2,individual,2.75,20,4,20,37.43597414617225,2.811521053314209,4.244681358337402,11.246084213256836
2017461,skillcorner,Melbourne V FC,Auckland FC,101,62.0,2,tactical,11.75,6,1,6,51.58943430917391,1.6741580963134766,1.6741580963134766,1.6741580963134766
2017461,skillcorner,Melbourne V FC,Auckland FC,101,62.0,2,team,23.0,2,0,2,47.211324504309836,0.0,0.0,0.0
2017461,skillcorner,Melbourne V FC,Auckland FC,102,63.0,2,individual,2.75,16,3,16,28.669723938953755,1.1608298619588215,2.276592254638672,3.482489585876465
2017461,skillcorner,Melbourne V FC,Auckland FC,102,63.0,2,tactical,11.75,5,0,5,46.41410296260228,0.0,0.0,0.0
2017461,skillcorner,Melbourne V FC,Auckland FC,102,63.0,2,team,23.0,2,0,2,61.05006369445904,0.0,0.0,0.0
2017461,skillcorner,Melbourne V FC,Auckland FC,103,63.0,2,individual,2.75,15,1,15,28.5898758304404,0.9949865341186523,0.9949865341186523,0.9949865341186523
2017461,skillcorner,Melbourne V FC,Auckland FC,103,63.0,2,tactical,11.75,3,0,3,58.46339884363864,0.0,0.0,0.0
2017461,skillcorner,Melbourne V FC,Auckland FC,103,63.0,2,team,23.0,2,0,2,64.5930530022008,0.0,0.0,0.0
2017461,skillcorner,Melbourne V FC,Auckland FC,104,66.0,2,individual,2.75,20,3,20,32.76766264316598,2.762740135192871,5.801610946655273,8.288220405578613
2017461,skillcorner,Melbourne V FC,Auckland FC,104,66.0,2,tactical,11.75,5,0,5,48.90040396467897,0.0,0.0,0.0
2017461,skillcorner,Melbourne V FC,Auckland FC,104,66.0,2,team,23.0,2,0,2,48.983749209521676,0.0,0.0,0.0
2017461,skillcorner,Melbourne V FC,Auckland FC,105,66.0,2,individual,2.75,18,2,18,31.99198962240392,1.5958733558654785,3.1524124145507812,3.191746711730957
2017461,skillcorner,Melbourne V FC,Auckland FC,105,66.0,2,tactical,11.75,3,0,3,49.01259109199765,0.0,0.0,0.0
2017461,skillcorner,Melbourne V FC,Auckland FC,105,66.0,2,team,23.0,2,0,2,60.24620367223234,0.0,0.0,0.0
2017461,skillcorner,Melbourne V FC,Auckland FC,106,67.0,2,individual,2.75,17,2,17,40.8759291253952,1.8753914833068848,2.232219696044922,3.7507829666137695
2017461,skillcorner,Melbourne V FC,Auckland FC,106,67.0,2,tactical,11.75,8,1,8,48.00035178142353,10.391929626464844,10.391929626464844,10.391929626464844
2017461,skillcorner,Melbourne V FC,Auckland FC,106,67.0,2,team,23.0,1,0,1,46.0,0.0,0.0,0.0
2017461,skillcorner,Melbourne V FC,Auckland FC,107,67.0,2,individual,2.75,21,4,21,34.84244131617051,1.1514203548431396,1.5456514358520508,4.605681419372559
2017461,skillcorner,Melbourne V FC,Auckland FC,107,67.0,2,tactical,11.75,5,0,5,50.291649085730235,0.0,0.0,0.0
2017461,skillcorner,Melbourne V FC,Auckland FC,107,67.0,2,team,23.0,2,0,2,48.57786936054294,0.0,0.0,0.0
2017461,skillcorner,Melbourne V FC,Auckland FC,108,68.0,2,individual,2.75,20,4,20,34.71699114377239,1.940195083618164,3.7317142486572266,7.760780334472656
2017461,skillcorner,Melbourne V FC,Auckland FC,108,68.0,2,tactical,11.75,5,0,5,52.62666792798558,0.0,0.0,0.0
2017461,skillcorner,Melbourne V FC,Auckland FC,108,68.0,2,team,23.0,2,0,2,46.0,0.0,0.0,0.0
2017461,skillcorner,Melbourne V FC,Auckland FC,109,69.0,2,individual,2.75,22,2,22,30.935834310845394,0.8391904830932617,1.6050186157226562,1.6783809661865234
2017461,skillcorner,Melbourne V FC,Auckland FC,109,69.0,2,tactical,11.75,5,0,5,49.59943127795501,0.0,0.0,0.0
2017461,skillcorner,Melbourne V FC,Auckland FC,109,69.0,2,team,23.0,3,0,3,59.47148723961837,0.0,0.0,0.0
2017461,skillcorner,Melbourne V FC,Auckland FC,110,69.0,2,individual,2.75,19,6,19,35.5755287450862,1.1317896842956543,2.5706653594970703,6.790738105773926
2017461,skillcorner,Melbourne V FC,Auckland FC,110,69.0,2,tactical,11.75,5,0,5,46.02034167217198,0.0,0.0,0.0
2017461,skillcorner,Melbourne V FC,Auckland FC,110,69.0,2,team,23.0,2,0,2,56.029752772001494,0.0,0.0,0.0
2017461,skillcorner,Melbourne V FC,Auckland FC,111,70.0,2,individual,2.75,20,2,20,29.157745172750214,3.216923713684082,5.810734748840332,6.433847427368164
2017461,skillcorner,Melbourne V FC,Auckland FC,111,70.0,2,tactical,11.75,4,0,4,53.539499228765145,0.0,0.0,0.0
2017461,skillcorner,Melbourne V FC,Auckland FC,111,70.0,2,team,23.0,2,0,2,52.61568437646353,0.0,0.0,0.0
2017461,skillcorner,Melbourne V FC,Auckland FC,112,71.0,2,individual,2.75,20,1,20,33.864347771058185,1.1267776489257812,1.1267776489257812,1.1267776489257812
2017461,skillcorner,Melbourne V FC,Auckland FC,112,71.0,2,tactical,11.75,4,0,4,48.65735944457796,0.0,0.0,0.0
2017461,skillcorner,Melbourne V FC,Auckland FC,112,71.0,2,team,23.0,2,0,2,46.0,0.0,0.0,0.0
2017461,skillcorner,Melbourne V FC,Auckland FC,113,71.0,2,individual,2.75,19,4,19,38.585075492783915,0.8476653099060059,1.685633659362793,3.3906612396240234
2017461,skillcorner,Melbourne V FC,Auckland FC,113,71.0,2,tactical,11.75,5,0,5,60.46538533471792,0.0,0.0,0.0
2017461,skillcorner,Melbourne V FC,Auckland FC,113,71.0,2,team,23.0,2,0,2,53.22993432637338,0.0,0.0,0.0
2017461,skillcorner,Melbourne V FC,Auckland FC,114,72.0,2,individual,2.75,19,4,19,35.23937678180009,1.4562015533447266,2.3747072219848633,5.824806213378906
2017461,skillcorner,Melbourne V FC,Auckland FC,114,72.0,2,tactical,11.75,5,0,5,47.366034127260306,0.0,0.0,0.0
2017461,skillcorner,Melbourne V FC,Auckland FC,114,72.0,2,team,23.0,2,0,2,57.996995607932014,0.0,0.0,0.0
2017461,skillcorner,Melbourne V FC,Auckland FC,115,73.0,2,individual,2.75,15,1,15,22.185044089431063,3.374551773071289,3.374551773071289,3.374551773071289
2017461,skillcorner,Melbourne V FC,Auckland FC,115,73.0,2,tactical,11.75,2,0,2,64.70483785583667,0.0,0.0,0.0
2017461,skillcorner,Melbourne V FC,Auckland FC,115,73.0,2,team,23.0,2,0,2,64.70483785583667,0.0,0.0,0.0
2017461,skillcorner,Melbourne V FC,Auckland FC,116,74.0,2,individual,2.75,19,3,19,36.377777731676176,2.148736317952474,5.271156311035156,6.446208953857422
2017461,skillcorner,Melbourne V FC,Auckland FC,116,74.0,2,tactical,11.75,4,0,4,52.19194060839579,0.0,0.0,0.0
2017461,skillcorner,Melbourne V FC,Auckland FC,116,74.0,2,team,23.0,2,0,2,52.43740083301659,0.0,0.0,0.0
2017461,skillcorner,Melbourne V FC,Auckland FC,117,75.0,2,individual,2.75,20,1,20,38.26825167480088,5.40974235534668,5.40974235534668,5.40974235534668
2017461,skillcorner,Melbourne V FC,Auckland FC,117,75.0,2,tactical,11.75,4,0,4,62.85104035294383,0.0,0.0,0.0
2017461,skillcorner,Melbourne V FC,Auckland FC,117,75.0,2,team,23.0,2,0,2,62.530532407936164,0.0,0.0,0.0
2017461,skillcorner,Melbourne V FC,Auckland FC,118,75.0,2,individual,2.75,19,2,19,31.606294274223302,1.3478364944458008,1.6335277557373047,2.6956729888916016
2017461,skillcorner,Melbourne V FC,Auckland FC,118,75.0,2,tactical,11.75,5,1,5,45.62357332143634,1.2808990478515625,1.2808990478515625,1.2808990478515625
2017461,skillcorner,Melbourne V FC,Auckland FC,118,75.0,2,team,23.0,2,0,2,59.80882815791983,0.0,0.0,0.0
2017461,skillcorner,Melbourne V FC,Auckland FC,119,76.0,2,individual,2.75,18,3,18,36.54606408356445,1.32775084177653,2.1575756072998047,3.98325252532959
2017461,skillcorner,Melbourne V FC,Auckland FC,119,76.0,2,tactical,11.75,6,0,6,49.96382734815999,0.0,0.0,0.0
2017461,skillcorner,Melbourne V FC,Auckland FC,119,76.0,2,team,23.0,2,0,2,46.20149799036052,0.0,0.0,0.0
2017461,skillcorner,Melbourne V FC,Auckland FC,120,76.0,2,individual,2.75,13,0,13,34.90764280030948,0.0,0.0,0.0
2017461,skillcorner,Melbourne V FC,Auckland FC,120,76.0,2,tactical,11.75,3,0,3,73.98886730965206,0.0,0.0,0.0
2017461,skillcorner,Melbourne V FC,Auckland FC,120,76.0,2,team,23.0,3,0,3,73.98886730965206,0.0,0.0,0.0
2017461,skillcorner,Melbourne V FC,Auckland FC,121,77.0,2,individual,2.75,21,5,21,36.876102074083434,1.5865865707397462,3.547614097595215,7.9329328536987305
2017461,skillcorner,Melbourne V FC,Auckland FC,121,77.0,2,tactical,11.75,6,0,6,54.076448962752465,0.0,0.0,0.0
2017461,skillcorner,Melbourne V FC,Auckland FC,121,77.0,2,team,23.0,1,0,1,46.0,0.0,0.0,0.0
2017461,skillcorner,Melbourne V FC,Auckland FC,122,77.0,2,individual,2.75,20,2,20,34.91954342787379,2.2455577850341797,4.445642471313477,4.491115570068359
2017461,skillcorner,Melbourne V FC,Auckland FC,122,77.0,2,tactical,11.75,4,0,4,52.483546773999535,0.0,0.0,0.0
2017461,skillcorner,Melbourne V FC,Auckland FC,122,77.0,2,team,23.0,2,0,2,57.73379267425004,0.0,0.0,0.0
2017461,skillcorner,Melbourne V FC,Auckland FC,123,79.0,2,individual,2.75,18,2,18,25.9604049467646,1.3685362339019775,1.9953460693359375,2.737072467803955
2017461,skillcorner,Melbourne V FC,Auckland FC,123,79.0,2,tactical,11.75,3,0,3,65.23391717315974,0.0,0.0,0.0
2017461,skillcorner,Melbourne V FC,Auckland FC,123,79.0,2,team,23.0,2,0,2,50.471972368677854,0.0,0.0,0.0
2017461,skillcorner,Melbourne V FC,Auckland FC,124,80.0,2,individual,2.75,15,2,15,35.08036376981035,0.8350114822387695,0.8805484771728516,1.670022964477539
2017461,skillcorner,Melbourne V FC,Auckland FC,124,80.0,2,tactical,11.75,5,0,5,53.86907259781245,0.0,0.0,0.0
2017461,skillcorner,Melbourne V FC,Auckland FC,124,80.0,2,team,23.0,2,0,2,54.83943812552151,0.0,0.0,0.0
2017461,skillcorner,Melbourne V FC,Auckland FC,125,81.0,2,individual,2.75,21,2,21,40.77142626035567,0.6655025482177734,0.8045463562011719,1.3310050964355469
2017461,skillcorner,Melbourne V FC,Auckland FC,125,81.0,2,tactical,11.75,6,0,6,57.52903311442371,0.0,0.0,0.0
2017461,skillcorner,Melbourne V FC,Auckland FC,125,81.0,2,team,23.0,2,0,2,46.0,0.0,0.0,0.0
2017461,skillcorner,Melbourne V FC,Auckland FC,126,81.0,2,individual,2.75,20,1,20,33.785020823531724,1.1085567474365234,1.1085567474365234,1.1085567474365234
2017461,skillcorner,Melbourne V FC,Auckland FC,126,81.0,2,tactical,11.75,4,0,4,63.5164744972912,0.0,0.0,0.0
2017461,skillcorner,Melbourne V FC,Auckland FC,126,81.0,2,team,23.0,2,0,2,53.6287457735367,0.0,0.0,0.0
2017461,skillcorner,Melbourne V FC,Auckland FC,127,82.0,2,individual,2.75,16,1,16,29.46234357314456,3.527419090270996,3.527419090270996,3.527419090270996
2017461,skillcorner,Melbourne V FC,Auckland FC,127,82.0,2,tactical,11.75,4,0,4,49.06418860534287,0.0,0.0,0.0
2017461,skillcorner,Melbourne V FC,Auckland FC,127,82.0,2,team,23.0,2,0,2,60.94967897657,0.0,0.0,0.0
2017461,skillcorner,Melbourne V FC,Auckland FC,128,82.0,2,individual,2.75,20,3,20,36.64401217633294,2.4133402506510415,4.447296142578125,7.240020751953125
2017461,skillcorner,Melbourne V FC,Auckland FC,128,82.0,2,tactical,11.75,5,0,5,53.46423502781778,0.0,0.0,0.0
2017461,skillcorner,Melbourne V FC,Auckland FC,128,82.0,2,team,23.0,2,0,2,46.0,0.0,0.0,0.0
2017461,skillcorner,Melbourne V FC,Auckland FC,129,83.0,2,individual,2.75,10,0,10,39.948983478932234,0.0,0.0,0.0
2017461,skillcorner,Melbourne V FC,Auckland FC,129,83.0,2,tactical,11.75,4,0,4,55.25173926144818,0.0,0.0,0.0
2017461,skillcorner,Melbourne V FC,Auckland FC,129,83.0,2,team,23.0,3,0,3,60.07837987443517,0.0,0.0,0.0
2017461,skillcorner,Melbourne V FC,Auckland FC,130,84.0,2,individual,2.75,12,1,12,39.425553859080225,0.1694936752319336,0.1694936752319336,0.1694936752319336
2017461,skillcorner,Melbourne V FC,Auckland FC,130,84.0,2,tactical,11.75,5,0,5,39.913211253195335,0.0,0.0,0.0
2017461,skillcorner,Melbourne V FC,Auckland FC,130,84.0,2,team,23.0,2,0,2,61.100861154216545,0.0,0.0,0.0
2017461,skillcorner,Melbourne V FC,Auckland FC,131,84.0,2,individual,2.75,17,2,17,27.17062995520065,1.449526309967041,1.918722152709961,2.899052619934082
2017461,skillcorner,Melbourne V FC,Auckland FC,131,84.0,2,tactical,11.75,3,0,3,49.024223981580505,0.0,0.0,0.0
2017461,skillcorner,Melbourne V FC,Auckland FC,131,84.0,2,team,23.0,2,0,2,57.995824208502995,0.0,0.0,0.0
2017461,skillcorner,Melbourne V FC,Auckland FC,132,85.0,2,individual,2.75,19,4,19,36.535362759179534,2.744843006134033,5.0613203048706055,10.979372024536133
2017461,skillcorner,Melbourne V FC,Auckland FC,132,85.0,2,tactical,11.75,7,1,7,50.311847511296975,3.738924026489258,3.738924026489258,3.738924026489258
2017461,skillcorner,Melbourne V FC,Auckland FC,132,85.0,2,team,23.0,2,0,2,51.38395175499042,0.0,0.0,0.0
2017461,skillcorner,Melbourne V FC,Auckland FC,133,86.0,2,individual,2.75,21,5,21,33.697000228004256,1.3416231155395508,4.195405960083008,6.708115577697754
2017461,skillcorner,Melbourne V FC,Auckland FC,133,86.0,2,tactical,11.75,4,0,4,48.65392075143592,0.0,0.0,0.0
2017461,skillcorner,Melbourne V FC,Auckland FC,133,86.0,2,team,23.0,2,0,2,50.55611164778509,0.0,0.0,0.0
2017461,skillcorner,Melbourne V FC,Auckland FC,134,86.0,2,individual,2.75,21,2,21,34.46733930799323,0.7142429351806641,0.8915901184082031,1.4284858703613281
2017461,skillcorner,Melbourne V FC,Auckland FC,134,86.0,2,tactical,11.75,6,0,6,55.25053380199164,0.0,0.0,0.0
2017461,skillcorner,Melbourne V FC,Auckland FC,134,86.0,2,team,23.0,2,0,2,46.66095335288868,0.0,0.0,0.0
2017461,skillcorner,Melbourne V FC,Auckland FC,135,87.0,2,individual,2.75,17,2,17,28.95221897646006,2.6170670986175537,4.582069396972656,5.234134197235107
2017461,skillcorner,Melbourne V FC,Auckland FC,135,87.0,2,tactical,11.75,3,0,3,59.09087155502279,0.0,0.0,0.0
2017461,skillcorner,Melbourne V FC,Auckland FC,135,87.0,2,team,23.0,2,0,2,46.0,0.0,0.0,0.0
2017461,skillcorner,Melbourne V FC,Auckland FC,136,87.0,2,individual,2.75,21,4,21,37.81264725693005,0.9009089469909668,2.7506561279296875,3.603635787963867
2017461,skillcorner,Melbourne V FC,Auckland FC,136,87.0,2,tactical,11.75,7,1,7,55.42242325990448,1.1166763305664062,1.1166763305664062,1.1166763305664062
2017461,skillcorner,Melbourne V FC,Auckland FC,136,87.0,2,team,23.0,2,0,2,46.0,0.0,0.0,0.0
2017461,skillcorner,Melbourne V FC,Auckland FC,137,88.0,2,individual,2.75,19,1,19,33.6018069803133,0.9201154708862305,0.9201154708862305,0.9201154708862305
2017461,skillcorner,Melbourne V FC,Auckland FC,137,88.0,2,tactical,11.75,4,0,4,35.75772512827025,0.0,0.0,0.0
2017461,skillcorner,Melbourne V FC,Auckland FC,137,88.0,2,team,23.0,2,0,2,58.92447097806948,0.0,0.0,0.0
2017461,skillcorner,Melbourne V FC,Auckland FC,138,89.0,2,individual,2.75,21,6,21,36.862146754168656,1.9615265528361003,4.75754451751709,11.769159317016602
2017461,skillcorner,Melbourne V FC,Auckland FC,138,89.0,2,tactical,11.75,5,0,5,45.34229244657801,0.0,0.0,0.0
2017461,skillcorner,Melbourne V FC,Auckland FC,138,89.0,2,team,23.0,2,0,2,46.0,0.0,0.0,0.0
2017461,skillcorner,Melbourne V FC,Auckland FC,139,89.0,2,individual,2.75,17,3,17,28.673810973638208,1.8364334106445312,3.7705459594726562,5.509300231933594
2017461,skillcorner,Melbourne V FC,Auckland FC,139,89.0,2,tactical,11.75,3,0,3,61.120910475943916,0.0,0.0,0.0
2017461,skillcorner,Melbourne V FC,Auckland FC,139,89.0,2,team,23.0,2,0,2,46.89990981188356,0.0,0.0,0.0
2017461,skillcorner,Melbourne V FC,Auckland FC,140,89.0,2,individual,2.75,19,2,19,28.537589545213145,1.3310132026672363,2.1749963760375977,2.6620264053344727
2017461,skillcorner,Melbourne V FC,Auckland FC,140,89.0,2,tactical,11.75,4,0,4,39.86139293985218,0.0,0.0,0.0
2017461,skillcorner,Melbourne V FC,Auckland FC,140,89.0,2,team,23.0,2,0,2,57.923833877478785,0.0,0.0,0.0
2017461,skillcorner,Melbourne V FC,Auckland FC,141,90.0,2,individual,2.75,18,2,18,24.87407133944904,0.6354691982269287,1.188692569732666,1.2709383964538574
2017461,skillcorner,Melbourne V FC,Auckland FC,141,90.0,2,tactical,11.75,3,0,3,64.59699526092265,0.0,0.0,0.0
2017461,skillcorner,Melbourne V FC,Auckland FC,141,90.0,2,team,23.0,2,0,2,54.04468826331094,0.0,0.0,0.0
2017461,skillcorner,Melbourne V FC,Auckland FC,142,90.0,2,individual,2.75,17,1,17,36.64893301309268,0.7327637672424316,0.7327637672424316,0.7327637672424316
2017461,skillcorner,Melbourne V FC,Auckland FC,142,90.0,2,tactical,11.75,7,0,7,44.619203264962046,0.0,0.0,0.0
2017461,skillcorner,Melbourne V FC,Auckland FC,142,90.0,2,team,23.0,2,0,2,53.02185011668226,0.0,0.0,0.0
2017461,skillcorner,Melbourne V FC,Auckland FC,143,91.0,2,individual,2.75,19,3,19,34.009877789417885,1.2974529266357422,2.1316938400268555,3.8923587799072266
2017461,skillcorner,Melbourne V FC,Auckland FC,143,91.0,2,tactical,11.75,5,0,5,47.83613724259704,0.0,0.0,0.0
2017461,skillcorner,Melbourne V FC,Auckland FC,143,91.0,2,team,23.0,1,0,1,46.0,0.0,0.0,0.0
2017461,skillcorner,Melbourne V FC,Auckland FC,144,92.0,2,individual,2.75,22,2,22,32.8481742201907,2.509319305419922,4.404850006103516,5.018638610839844
2017461,skillcorner,Melbourne V FC,Auckland FC,144,92.0,2,tactical,11.75,4,0,4,45.362068341464685,0.0,0.0,0.0
2017461,skillcorner,Melbourne V FC,Auckland FC,144,92.0,2,team,23.0,1,0,1,46.0,0.0,0.0,0.0
2017461,skillcorner,Melbourne V FC,Auckland FC,145,92.0,2,individual,2.75,20,3,20,32.33605055061666,1.6255276997884114,2.8442039489746094,4.876583099365234
2017461,skillcorner,Melbourne V FC,Auckland FC,145,92.0,2,tactical,11.75,4,0,4,52.04860818919205,0.0,0.0,0.0
2017461,skillcorner,Melbourne V FC,Auckland FC,145,92.0,2,team,23.0,2,0,2,46.0,0.0,0.0,0.0
2017461,skillcorner,Melbourne V FC,Auckland FC,146,93.0,2,individual,2.75,18,2,18,27.303693889289043,0.9877524375915527,1.3873624801635742,1.9755048751831055
2017461,skillcorner,Melbourne V FC,Auckland FC,146,93.0,2,tactical,11.75,4,0,4,54.62126708182645,0.0,0.0,0.0
2017461,skillcorner,Melbourne V FC,Auckland FC,146,93.0,2,team,23.0,2,0,2,57.66633293914679,0.0,0.0,0.0
2017461,skillcorner,Melbourne V FC,Auckland FC,147,94.0,2,individual,2.75,16,2,16,28.24158009222393,0.5180983543395996,0.6006479263305664,1.0361967086791992
2017461,skillcorner,Melbourne V FC,Auckland FC,147,94.0,2,tactical,11.75,3,0,3,64.99287072263235,0.0,0.0,0.0
2017461,skillcorner,Melbourne V FC,Auckland FC,147,94.0,2,team,23.0,3,0,3,64.99287072263235,0.0,0.0,0.0
2017461,skillcorner,Melbourne V FC,Auckland FC,148,94.0,2,individual,2.75,17,1,17,36.36117605429586,7.947813034057617,7.947813034057617,7.947813034057617
2017461,skillcorner,Melbourne V FC,Auckland FC,148,94.0,2,tactical,11.75,4,0,4,48.60135240308395,0.0,0.0,0.0
2017461,skillcorner,Melbourne V FC,Auckland FC,148,94.0,2,team,23.0,2,0,2,50.73979163663168,0.0,0.0,0.0
2017461,skillcorner,Melbourne V FC,Auckland FC,149,95.0,2,individual,2.75,19,3,19,31.68006586270467,2.5384597778320312,3.181032180786133,7.615379333496094
2017461,skillcorner,Melbourne V FC,Auckland FC,149,95.0,2,tactical,11.75,4,0,4,38.51078921602861,0.0,0.0,0.0
2017461,skillcorner,Melbourne V FC,Auckland FC,149,95.0,2,team,23.0,2,0,2,59.10815895160774,0.0,0.0,0.0
2015213,skillcorner,Western United,Auckland FC,0,0.0,1,individual,2.75,22,7,22,37.58424458921234,1.6119075502668108,4.178337097167969,11.283352851867676
2015213,skillcorner,Western United,Auckland FC,0,0.0,1,tactical,11.75,6,1,6,53.62888081958653,7.2835540771484375,7.2835540771484375,7.2835540771484375
2015213,skillcorner,Western United,Auckland FC,0,0.0,1,team,23.0,2,0,2,46.0,0.0,0.0,0.0
2015213,skillcorner,Western United,Auckland FC,1,0.0,1,individual,2.75,22,4,22,38.11512773687724,3.244316816329956,5.548496246337891,12.977267265319824
2015213,skillcorner,Western United,Auckland FC,1,0.0,1,tactical,11.75,7,1,7,46.06750264557436,5.953680038452148,5.953680038452148,5.953680038452148
2015213,skillcorner,Western United,Auckland FC,1,0.0,1,team,23.0,2,0,2,46.0,0.0,0.0,0.0
2015213,skillcorner,Western United,Auckland FC,2,1.0,1,individual,2.75,22,4,22,34.13495231480526,1.5033988952636719,2.5876617431640625,6.0135955810546875
2015213,skillcorner,Western United,Auckland FC,2,1.0,1,tactical,11.75,5,0,5,45.29690823595586,0.0,0.0,0.0
2015213,skillcorner,Western United,Auckland FC,2,1.0,1,team,23.0,2,0,2,46.0,0.0,0.0,0.0
2015213,skillcorner,Western United,Auckland FC,3,1.0,1,individual,2.75,19,2,19,37.124857739347014,3.954524517059326,5.94527530670166,7.909049034118652
2015213,skillcorner,Western United,Auckland FC,3,1.0,1,tactical,11.75,7,1,7,44.658507728091415,6.19514274597168,6.19514274597168,6.19514274597168
2015213,skillcorner,Western United,Auckland FC,3,1.0,1,team,23.0,1,0,1,46.0,0.0,0.0,0.0
2015213,skillcorner,Western United,Auckland FC,4,2.0,1,individual,2.75,20,2,20,34.54320992064713,0.6547212600708008,0.8588142395019531,1.3094425201416016
2015213,skillcorner,Western United,Auckland FC,4,2.0,1,tactical,11.75,5,0,5,51.4886089447851,0.0,0.0,0.0
2015213,skillcorner,Western United,Auckland FC,4,2.0,1,team,23.0,2,0,2,50.44085477453259,0.0,0.0,0.0
2015213,skillcorner,Western United,Auckland FC,5,2.0,1,individual,2.75,16,1,16,32.56725071054583,8.740313529968262,8.740313529968262,8.740313529968262
2015213,skillcorner,Western United,Auckland FC,5,2.0,1,tactical,11.75,3,0,3,61.18836890966567,0.0,0.0,0.0
2015213,skillcorner,Western United,Auckland FC,5,2.0,1,team,23.0,3,0,3,61.18836890966567,0.0,0.0,0.0
2015213,skillcorner,Western United,Auckland FC,6,3.0,1,individual,2.75,21,4,21,36.843484151074655,1.0280368328094482,2.0038137435913086,4.112147331237793
2015213,skillcorner,Western United,Auckland FC,6,3.0,1,tactical,11.75,3,0,3,53.974043344478595,0.0,0.0,0.0
2015213,skillcorner,Western United,Auckland FC,6,3.0,1,team,23.0,2,0,2,54.61779750717844,0.0,0.0,0.0
2015213,skillcorner,Western United,Auckland FC,7,4.0,1,individual,2.75,20,3,20,36.19819445482382,2.979347546895345,8.63955020904541,8.938042640686035
2015213,skillcorner,Western United,Auckland FC,7,4.0,1,tactical,11.75,4,0,4,46.168747509478635,0.0,0.0,0.0
2015213,skillcorner,Western United,Auckland FC,7,4.0,1,team,23.0,2,0,2,46.0,0.0,0.0,0.0
2015213,skillcorner,Western United,Auckland FC,8,4.0,1,individual,2.75,21,5,21,36.291213060967664,0.8516317367553711,2.1088905334472656,4.2581586837768555
2015213,skillcorner,Western United,Auckland FC,8,4.0,1,tactical,11.75,6,1,6,48.92485208444051,5.123134613037109,5.123134613037109,5.123134613037109
2015213,skillcorner,Western United,Auckland FC,8,4.0,1,team,23.0,2,0,2,52.31879377297808,0.0,0.0,0.0
2015213,skillcorner,Western United,Auckland FC,9,5.0,1,individual,2.75,16,2,16,29.637979583931028,2.714646339416504,5.136177062988281,5.429292678833008
2015213,skillcorner,Western United,Auckland FC,9,5.0,1,tactical,11.75,3,0,3,46.826072500920375,0.0,0.0,0.0
2015213,skillcorner,Western United,Auckland FC,9,5.0,1,team,23.0,2,0,2,59.162295390885305,0.0,0.0,0.0
2015213,skillcorner,Western United,Auckland FC,10,5.0,1,individual,2.75,19,3,19,33.89036429021097,2.263938585917155,5.761749267578125,6.791815757751465
2015213,skillcorner,Western United,Auckland FC,10,5.0,1,tactical,11.75,5,0,5,48.05752894209012,0.0,0.0,0.0
2015213,skillcorner,Western United,Auckland FC,10,5.0,1,team,23.0,2,0,2,49.210242412293034,0.0,0.0,0.0
2015213,skillcorner,Western United,Auckland FC,11,6.0,1,individual,2.75,20,6,20,39.41421092716471,1.5468977292378743,2.319120407104492,9.281386375427246
2015213,skillcorner,Western United,Auckland FC,11,6.0,1,tactical,11.75,6,0,6,46.47024883889028,0.0,0.0,0.0
2015213,skillcorner,Western United,Auckland FC,11,6.0,1,team,23.0,2,0,2,47.22372508959738,0.0,0.0,0.0
2015213,skillcorner,Western United,Auckland FC,12,6.0,1,individual,2.75,20,5,20,39.34883505272348,2.3110511779785154,4.580179214477539,11.555255889892578
2015213,skillcorner,Western United,Auckland FC,12,6.0,1,tactical,11.75,7,1,7,50.679678263470535,0.5527153015136719,0.5527153015136719,0.5527153015136719
2015213,skillcorner,Western United,Auckland FC,12,6.0,1,team,23.0,1,0,1,46.0,0.0,0.0,0.0
2015213,skillcorner,Western United,Auckland FC,13,7.0,1,individual,2.75,19,3,19,37.206192304254266,3.193986256917318,4.179756164550781,9.581958770751953
2015213,skillcorner,Western United,Auckland FC,13,7.0,1,tactical,11.75,8,1,8,42.41716159520171,3.4738407135009766,3.4738407135009766,3.4738407135009766
2015213,skillcorner,Western United,Auckland FC,13,7.0,1,team,23.0,1,0,1,46.0,0.0,0.0,0.0
2015213,skillcorner,Western United,Auckland FC,14,8.0,1,individual,2.75,22,4,22,39.39261033558195,3.1460001468658447,8.137300491333008,12.584000587463379
2015213,skillcorner,Western United,Auckland FC,14,8.0,1,tactical,11.75,5,1,5,47.75595553329677,0.5886421203613281,0.5886421203613281,0.5886421203613281
2015213,skillcorner,Western United,Auckland FC,14,8.0,1,team,23.0,2,0,2,48.89388486635382,0.0,0.0,0.0
2015213,skillcorner,Western United,Auckland FC,15,8.0,1,individual,2.75,20,4,20,36.23060507023649,2.2631521224975586,3.3841552734375,9.052608489990234
2015213,skillcorner,Western United,Auckland FC,15,8.0,1,tactical,11.75,7,1,7,47.60306397701728,3.034486770629883,3.034486770629883,3.034486770629883
2015213,skillcorner,Western United,Auckland FC,15,8.0,1,team,23.0,2,0,2,46.04489178164798,0.0,0.0,0.0
2015213,skillcorner,Western United,Auckland FC,16,9.0,1,individual,2.75,20,2,20,37.502001342346674,4.201935291290283,6.726559638977051,8.403870582580566
2015213,skillcorner,Western United,Auckland FC,16,9.0,1,tactical,11.75,6,0,6,56.066529208115185,0.0,0.0,0.0
2015213,skillcorner,Western United,Auckland FC,16,9.0,1,team,23.0,2,0,2,46.208936301372574,0.0,0.0,0.0
2015213,skillcorner,Western United,Auckland FC,17,9.0,1,individual,2.75,21,3,21,37.17737798684507,2.1145429611206055,5.714850425720215,6.343628883361816
2015213,skillcorner,Western United,Auckland FC,17,9.0,1,tactical,11.75,4,0,4,49.12864235492068,0.0,0.0,0.0
2015213,skillcorner,Western United,Auckland FC,17,9.0,1,team,23.0,2,0,2,47.327144047774745,0.0,0.0,0.0
2015213,skillcorner,Western United,Auckland FC,18,10.0,1,individual,2.75,20,3,20,37.85376468787652,1.7534761428833008,2.960418701171875,5.260428428649902
2015213,skillcorner,Western United,Auckland FC,18,10.0,1,tactical,11.75,5,0,5,54.397753871761516,0.0,0.0,0.0
2015213,skillcorner,Western United,Auckland FC,18,10.0,1,team,23.0,2,0,2,46.0,0.0,0.0,0.0
2015213,skillcorner,Western United,Auckland FC,19,10.0,1,individual,2.75,21,3,21,32.823663430505654,1.8842153549194336,2.9085750579833984,5.652646064758301
2015213,skillcorner,Western United,Auckland FC,19,10.0,1,tactical,11.75,5,0,5,53.17781018463447,0.0,0.0,0.0
2015213,skillcorner,Western United,Auckland FC,19,10.0,1,team,23.0,1,0,1,46.0,0.0,0.0,0.0
2015213,skillcorner,Western United,Auckland FC,20,11.0,1,individual,2.75,20,2,20,33.67243676117121,2.1667346954345703,2.290358543395996,4.333469390869141
2015213,skillcorner,Western United,Auckland FC,20,11.0,1,tactical,11.75,3,0,3,61.47339617528735,0.0,0.0,0.0
2015213,skillcorner,Western United,Auckland FC,20,11.0,1,team,23.0,2,0,2,47.34527252414424,0.0,0.0,0.0
2015213,skillcorner,Western United,Auckland FC,21,11.0,1,individual,2.75,22,4,22,38.43865289024671,1.4513661861419678,2.966085433959961,5.805464744567871
2015213,skillcorner,Western United,Auckland FC,21,11.0,1,tactical,11.75,6,0,6,51.36970887748988,0.0,0.0,0.0
2015213,skillcorner,Western United,Auckland FC,21,11.0,1,team,23.0,2,0,2,46.0,0.0,0.0,0.0
2015213,skillcorner,Western United,Auckland FC,22,12.0,1,individual,2.75,21,4,21,41.0043317384401,2.782285690307617,6.367715835571289,11.129142761230469
2015213,skillcorner,Western United,Auckland FC,22,12.0,1,tactical,11.75,7,0,7,46.501171221809024,0.0,0.0,0.0
2015213,skillcorner,Western United,Auckland FC,22,12.0,1,team,23.0,2,0,2,46.0,0.0,0.0,0.0
2015213,skillcorner,Western United,Auckland FC,23,13.0,1,individual,2.75,21,2,21,35.462528340965875,1.580521583557129,2.0805015563964844,3.161043167114258
2015213,skillcorner,Western United,Auckland FC,23,13.0,1,tactical,11.75,5,1,5,49.48384026689571,4.239616394042969,4.239616394042969,4.239616394042969
2015213,skillcorner,Western United,Auckland FC,23,13.0,1,team,23.0,2,0,2,46.0,0.0,0.0,0.0
2015213,skillcorner,Western United,Auckland FC,24,13.0,1,individual,2.75,20,3,20,39.53117680866309,2.4353917439778647,2.9398574829101562,7.306175231933594
2015213,skillcorner,Western United,Auckland FC,24,13.0,1,tactical,11.75,8,1,8,45.422809575414696,4.397953033447266,4.397953033447266,4.397953033447266
2015213,skillcorner,Western United,Auckland FC,24,13.0,1,team,23.0,2,0,2,46.0,0.0,0.0,0.0
2015213,skillcorner,Western United,Auckland FC,25,14.0,1,individual,2.75,19,2,19,40.12468899152016,1.9219989776611328,3.7881431579589844,3.8439979553222656
2015213,skillcorner,Western United,Auckland FC,25,14.0,1,tactical,11.75,5,0,5,44.82812743936179,0.0,0.0,0.0
2015213,skillcorner,Western United,Auckland FC,25,14.0,1,team,23.0,2,0,2,46.0,0.0,0.0,0.0
2015213,skillcorner,Western United,Auckland FC,26,14.0,1,individual,2.75,22,5,22,30.41002494871709,0.5840104103088379,2.0004005432128906,2.9200520515441895
2015213,skillcorner,Western United,Auckland FC,26,14.0,1,tactical,11.75,4,0,4,52.67628315710617,0.0,0.0,0.0
2015213,skillcorner,Western United,Auckland FC,26,14.0,1,team,23.0,2,0,2,53.49892182353939,0.0,0.0,0.0
2015213,skillcorner,Western United,Auckland FC,27,15.0,1,individual,2.75,18,3,18,34.55396359319724,2.5988899866739907,5.331973075866699,7.796669960021973
2015213,skillcorner,Western United,Auckland FC,27,15.0,1,tactical,11.75,5,0,5,50.68756253312182,0.0,0.0,0.0
2015213,skillcorner,Western United,Auckland FC,27,15.0,1,team,23.0,2,0,2,51.64413744488626,0.0,0.0,0.0
2015213,skillcorner,Western United,Auckland FC,28,15.0,1,individual,2.75,20,3,20,35.728837842414,0.6710287729899088,1.4051494598388672,2.0130863189697266
2015213,skillcorner,Western United,Auckland FC,28,15.0,1,tactical,11.75,6,1,6,50.58229322007769,0.22254180908203125,0.22254180908203125,0.22254180908203125
2015213,skillcorner,Western United,Auckland FC,28,15.0,1,team,23.0,2,0,2,46.0,0.0,0.0,0.0
2015213,skillcorner,Western United,Auckland FC,29,16.0,1,individual,2.75,22,4,22,30.504483524393905,1.2195932865142822,3.3320188522338867,4.878373146057129
2015213,skillcorner,Western United,Auckland FC,29,16.0,1,tactical,11.75,4,0,4,52.110966848925514,0.0,0.0,0.0
2015213,skillcorner,Western United,Auckland FC,29,16.0,1,team,23.0,2,0,2,46.0,0.0,0.0,0.0
2015213,skillcorner,Western United,Auckland FC,30,17.0,1,individual,2.75,18,2,18,37.87836651705034,1.8293805122375488,3.3188743591308594,3.6587610244750977
2015213,skillcorner,Western United,Auckland FC,30,17.0,1,tactical,11.75,6,0,6,44.86042590106531,0.0,0.0,0.0
2015213,skillcorner,Western United,Auckland FC,30,17.0,1,team,23.0,2,0,2,47.87265894408223,0.0,0.0,0.0
2015213,skillcorner,Western United,Auckland FC,31,17.0,1,individual,2.75,21,4,21,37.567897736589074,2.135589838027954,4.94254207611084,8.542359352111816
2015213,skillcorner,Western United,Auckland FC,31,17.0,1,tactical,11.75,8,1,8,43.8693781279869,8.622610092163086,8.622610092163086,8.622610092163086
2015213,skillcorner,Western United,Auckland FC,31,17.0,1,team,23.0,2,0,2,46.0,0.0,0.0,0.0
2015213,skillcorner,Western United,Auckland FC,32,19.0,1,individual,2.75,21,3,21,35.11127587284904,1.806444485982259,2.5680198669433594,5.419333457946777
2015213,skillcorner,Western United,Auckland FC,32,19.0,1,tactical,11.75,5,0,5,57.392470699150365,0.0,0.0,0.0
2015213,skillcorner,Western United,Auckland FC,32,19.0,1,team,23.0,2,0,2,47.31953322110266,0.0,0.0,0.0
2015213,skillcorner,Western United,Auckland FC,33,19.0,1,individual,2.75,21,4,21,37.31246014794171,2.643282413482666,7.728296279907227,10.573129653930664
2015213,skillcorner,Western United,Auckland FC,33,19.0,1,tactical,11.75,8,0,8,44.37258287981711,0.0,0.0,0.0
2015213,skillcorner,Western United,Auckland FC,33,19.0,1,team,23.0,1,0,1,46.0,0.0,0.0,0.0
2015213,skillcorner,Western United,Auckland FC,34,20.0,1,individual,2.75,21,2,21,34.396490378080266,0.676795482635498,0.6821069717407227,1.353590965270996
2015213,skillcorner,Western United,Auckland FC,34,20.0,1,tactical,11.75,5,0,5,50.51081142458692,0.0,0.0,0.0
2015213,skillcorner,Western United,Auckland FC,34,20.0,1,team,23.0,2,0,2,46.0,0.0,0.0,0.0
2015213,skillcorner,Western United,Auckland FC,35,21.0,1,individual,2.75,21,4,21,40.938503381682,3.103111505508423,5.142209053039551,12.412446022033691
2015213,skillcorner,Western United,Auckland FC,35,21.0,1,tactical,11.75,7,1,7,50.00601763788034,1.7233695983886719,1.7233695983886719,1.7233695983886719
2015213,skillcorner,Western United,Auckland FC,35,21.0,1,team,23.0,2,0,2,58.12665397641887,0.0,0.0,0.0
2015213,skillcorner,Western United,Auckland FC,36,21.0,1,individual,2.75,20,2,20,28.28038808215294,0.3095054626464844,0.6097078323364258,0.6190109252929688
2015213,skillcorner,Western United,Auckland FC,36,21.0,1,tactical,11.75,3,0,3,49.83427191196155,0.0,0.0,0.0
2015213,skillcorner,Western United,Auckland FC,36,21.0,1,team,23.0,2,0,2,55.04843369392261,0.0,0.0,0.0
2015213,skillcorner,Western United,Auckland FC,37,23.0,1,individual,2.75,21,5,21,35.733161225044604,2.418874740600586,4.379239082336426,12.09437370300293
2015213,skillcorner,Western United,Auckland FC,37,23.0,1,tactical,11.75,5,0,5,48.5621762740169,0.0,0.0,0.0
2015213,skillcorner,Western United,Auckland FC,37,23.0,1,team,23.0,2,0,2,46.0,0.0,0.0,0.0
2015213,skillcorner,Western United,Auckland FC,38,23.0,1,individual,2.75,21,5,21,33.228132613388794,1.2727800369262696,3.3493547439575195,6.363900184631348
2015213,skillcorner,Western United,Auckland FC,38,23.0,1,tactical,11.75,4,0,4,53.82527073264246,0.0,0.0,0.0
2015213,skillcorner,Western United,Auckland FC,38,23.0,1,team,23.0,2,0,2,46.0,0.0,0.0,0.0
2015213,skillcorner,Western United,Auckland FC,39,24.0,1,individual,2.75,16,2,16,31.582953754000627,1.672677993774414,3.0349464416503906,3.345355987548828
2015213,skillcorner,Western United,Auckland FC,39,24.0,1,tactical,11.75,6,1,6,46.57380711634045,3.970539093017578,3.970539093017578,3.970539093017578
2015213,skillcorner,Western United,Auckland FC,39,24.0,1,team,23.0,2,0,2,52.90543345765541,0.0,0.0,0.0
2015213,skillcorner,Western United,Auckland FC,40,25.0,1,individual,2.75,22,4,22,39.656074180191055,3.2048990726470947,6.763178825378418,12.819596290588379
2015213,skillcorner,Western United,Auckland FC,40,25.0,1,tactical,11.75,7,1,7,42.302484560602345,1.6629753112792969,1.6629753112792969,1.6629753112792969
2015213,skillcorner,Western United,Auckland FC,40,25.0,1,team,23.0,2,0,2,47.3488088766847,0.0,0.0,0.0
2015213,skillcorner,Western United,Auckland FC,41,25.0,1,individual,2.75,19,2,19,30.719360163910302,1.2718744277954102,2.058680534362793,2.5437488555908203
2015213,skillcorner,Western United,Auckland FC,41,25.0,1,tactical,11.75,3,0,3,62.116617096139144,0.0,0.0,0.0
2015213,skillcorner,Western United,Auckland FC,41,25.0,1,team,23.0,3,0,3,62.116617096139144,0.0,0.0,0.0
2015213,skillcorner,Western United,Auckland FC,42,26.0,1,individual,2.75,19,2,19,29.523793321915612,1.8899893760681152,2.444965362548828,3.7799787521362305
2015213,skillcorner,Western United,Auckland FC,42,26.0,1,tactical,11.75,5,0,5,46.81511290815921,0.0,0.0,0.0
2015213,skillcorner,Western United,Auckland FC,42,26.0,1,team,23.0,2,0,2,61.21628075688048,0.0,0.0,0.0
2015213,skillcorner,Western United,Auckland FC,43,26.0,1,individual,2.75,21,3,21,33.4406861855856,1.107404073079427,1.76861572265625,3.3222122192382812
2015213,skillcorner,Western United,Auckland FC,43,26.0,1,tactical,11.75,6,0,6,49.16607897446909,0.0,0.0,0.0
2015213,skillcorner,Western United,Auckland FC,43,26.0,1,team,23.0,2,0,2,46.0,0.0,0.0,0.0
2015213,skillcorner,Western United,Auckland FC,44,27.0,1,individual,2.75,19,4,19,28.766060604735227,2.02468740940094,2.870759963989258,8.09874963760376
2015213,skillcorner,Western United,Auckland FC,44,27.0,1,tactical,11.75,4,0,4,53.89086092441703,0.0,0.0,0.0
2015213,skillcorner,Western United,Auckland FC,44,27.0,1,team,23.0,3,0,3,64.49436029739702,0.0,0.0,0.0
2015213,skillcorner,Western United,Auckland FC,45,28.0,1,individual,2.75,22,5,22,29.212837980902925,0.9658958435058593,3.13761043548584,4.829479217529297
2015213,skillcorner,Western United,Auckland FC,45,28.0,1,tactical,11.75,4,0,4,53.00363530273359,0.0,0.0,0.0
2015213,skillcorner,Western United,Auckland FC,45,28.0,1,team,23.0,2,0,2,55.83490074152839,0.0,0.0,0.0
2015213,skillcorner,Western United,Auckland FC,46,28.0,1,individual,2.75,20,2,20,35.54498824011979,1.3975086212158203,1.3975563049316406,2.7950172424316406
2015213,skillcorner,Western United,Auckland FC,46,28.0,1,tactical,11.75,6,0,6,45.02027965217524,0.0,0.0,0.0
2015213,skillcorner,Western United,Auckland FC,46,28.0,1,team,23.0,2,0,2,46.0,0.0,0.0,0.0
2015213,skillcorner,Western United,Auckland FC,47,29.0,1,individual,2.75,22,2,22,36.705290880218904,1.0950374603271484,1.4304628372192383,2.190074920654297
2015213,skillcorner,Western United,Auckland FC,47,29.0,1,tactical,11.75,7,0,7,52.69927608610957,0.0,0.0,0.0
2015213,skillcorner,Western United,Auckland FC,47,29.0,1,team,23.0,2,0,2,46.0,0.0,0.0,0.0
2015213,skillcorner,Western United,Auckland FC,48,29.0,1,individual,2.75,18,3,18,33.94938798335611,1.065855344136556,2.688551902770996,3.197566032409668
2015213,skillcorner,Western United,Auckland FC,48,29.0,1,tactical,11.75,6,0,6,45.24234744075443,0.0,0.0,0.0
2015213,skillcorner,Western United,Auckland FC,48,29.0,1,team,23.0,2,0,2,54.33472467856713,0.0,0.0,0.0
2015213,skillcorner,Western United,Auckland FC,49,30.0,1,individual,2.75,21,2,21,30.79823625811497,1.2641987800598145,2.163602828979492,2.528397560119629
2015213,skillcorner,Western United,Auckland FC,49,30.0,1,tactical,11.75,3,0,3,62.23307111728457,0.0,0.0,0.0
2015213,skillcorner,Western United,Auckland FC,49,30.0,1,team,23.0,2,0,2,47.51812026495514,0.0,0.0,0.0
2015213,skillcorner,Western United,Auckland FC,50,31.0,1,individual,2.75,20,1,20,30.38256675308063,1.2322578430175781,1.2322578430175781,1.2322578430175781
2015213,skillcorner,Western United,Auckland FC,50,31.0,1,tactical,11.75,3,0,3,66.79291829553712,0.0,0.0,0.0
2015213,skillcorner,Western United,Auckland FC,50,31.0,1,team,23.0,2,0,2,55.73557680687861,0.0,0.0,0.0
2015213,skillcorner,Western United,Auckland FC,51,32.0,1,individual,2.75,9,0,9,31.987812032610044,0.0,0.0,0.0
2015213,skillcorner,Western United,Auckland FC,51,32.0,1,tactical,11.75,2,0,2,59.88839361887605,0.0,0.0,0.0
2015213,skillcorner,Western United,Auckland FC,51,32.0,1,team,23.0,2,0,2,59.88839361887605,0.0,0.0,0.0
2015213,skillcorner,Western United,Auckland FC,52,32.0,1,individual,2.75,21,1,21,34.42881671299753,1.214951515197754,1.214951515197754,1.214951515197754
2015213,skillcorner,Western United,Auckland FC,52,32.0,1,tactical,11.75,5,0,5,49.42052554522284,0.0,0.0,0.0
2015213,skillcorner,Western United,Auckland FC,52,32.0,1,team,23.0,1,0,1,46.0,0.0,0.0,0.0
2015213,skillcorner,Western United,Auckland FC,53,33.0,1,individual,2.75,22,3,22,34.94957818429016,3.7068589528401694,7.509174346923828,11.120576858520508
2015213,skillcorner,Western United,Auckland FC,53,33.0,1,tactical,11.75,4,0,4,43.64331781549338,0.0,0.0,0.0
2015213,skillcorner,Western United,Auckland FC,53,33.0,1,team,23.0,1,0,1,46.0,0.0,0.0,0.0
2015213,skillcorner,Western United,Auckland FC,54,33.0,1,individual,2.75,20,2,20,36.53038886338996,2.1805777549743652,2.8545475006103516,4.3611555099487305
2015213,skillcorner,Western United,Auckland FC,54,33.0,1,tactical,11.75,7,0,7,49.790352479170096,0.0,0.0,0.0
2015213,skillcorner,Western United,Auckland FC,54,33.0,1,team,23.0,1,0,1,46.0,0.0,0.0,0.0
2015213,skillcorner,Western United,Auckland FC,55,34.0,1,individual,2.75,20,2,20,30.83266035449953,1.7680861949920654,2.8770337104797363,3.536172389984131
2015213,skillcorner,Western United,Auckland FC,55,34.0,1,tactical,11.75,4,0,4,47.64983734749828,0.0,0.0,0.0
2015213,skillcorner,Western United,Auckland FC,55,34.0,1,team,23.0,2,0,2,49.40120497809726,0.0,0.0,0.0
2015213,skillcorner,Western United,Auckland FC,56,34.0,1,individual,2.75,22,5,22,36.64563217080092,1.5889247894287108,2.8121986389160156,7.944623947143555
2015213,skillcorner,Western United,Auckland FC,56,34.0,1,tactical,11.75,5,0,5,53.557344968163626,0.0,0.0,0.0
2015213,skillcorner,Western United,Auckland FC,56,34.0,1,team,23.0,2,0,2,49.38364448968809,0.0,0.0,0.0
2015213,skillcorner,Western United,Auckland FC,57,35.0,1,individual,2.75,20,4,20,41.39430879166857,3.1550493240356445,5.533814430236816,12.620197296142578
2015213,skillcorner,Western United,Auckland FC,57,35.0,1,tactical,11.75,9,1,9,44.708936520525576,0.9231281280517578,0.9231281280517578,0.9231281280517578
2015213,skillcorner,Western United,Auckland FC,57,35.0,1,team,23.0,2,0,2,54.25587484204161,0.0,0.0,0.0
2015213,skillcorner,Western United,Auckland FC,58,36.0,1,individual,2.75,22,5,22,36.8636704925715,0.7171310424804688,1.7957496643066406,3.5856552124023438
2015213,skillcorner,Western United,Auckland FC,58,36.0,1,tactical,11.75,7,1,7,50.26713488950808,0.4206809997558594,0.4206809997558594,0.4206809997558594
2015213,skillcorner,Western United,Auckland FC,58,36.0,1,team,23.0,2,0,2,46.0,0.0,0.0,0.0
2015213,skillcorner,Western United,Auckland FC,59,36.0,1,individual,2.75,18,1,18,29.0282758702614,2.1802492141723633,2.1802492141723633,2.1802492141723633
2015213,skillcorner,Western United,Auckland FC,59,36.0,1,tactical,11.75,4,0,4,61.16888351741943,0.0,0.0,0.0
2015213,skillcorner,Western United,Auckland FC,59,36.0,1,team,23.0,2,0,2,52.57066032910031,0.0,0.0,0.0
2015213,skillcorner,Western United,Auckland FC,60,37.0,1,individual,2.75,21,3,21,39.20650434383461,4.564854621887207,7.100883483886719,13.694563865661621
2015213,skillcorner,Western United,Auckland FC,60,37.0,1,tactical,11.75,8,1,8,46.02476612927167,1.305948257446289,1.305948257446289,1.305948257446289
2015213,skillcorner,Western United,Auckland FC,60,37.0,1,team,23.0,2,0,2,46.0,0.0,0.0,0.0
2015213,skillcorner,Western United,Auckland FC,61,38.0,1,individual,2.75,20,3,20,38.75646520168459,2.0705897013346353,2.639423370361328,6.211769104003906
2015213,skillcorner,Western United,Auckland FC,61,38.0,1,tactical,11.75,7,0,7,41.448531940226786,0.0,0.0,0.0
2015213,skillcorner,Western United,Auckland FC,61,38.0,1,team,23.0,2,0,2,46.0,0.0,0.0,0.0
2015213,skillcorner,Western United,Auckland FC,62,38.0,1,individual,2.75,20,4,20,35.53394047914431,0.8004047870635986,1.1192550659179688,3.2016191482543945
2015213,skillcorner,Western United,Auckland FC,62,38.0,1,tactical,11.75,5,0,5,50.16979424034152,0.0,0.0,0.0
2015213,skillcorner,Western United,Auckland FC,62,38.0,1,team,23.0,2,0,2,47.81642755125243,0.0,0.0,0.0
2015213,skillcorner,Western United,Auckland FC,63,39.0,1,individual,2.75,20,4,20,37.53018337003202,2.8639838695526123,5.058496475219727,11.45593547821045
2015213,skillcorner,Western United,Auckland FC,63,39.0,1,tactical,11.75,5,1,5,34.42474150406622,2.7539539337158203,2.7539539337158203,2.7539539337158203
2015213,skillcorner,Western United,Auckland FC,63,39.0,1,team,23.0,2,0,2,52.96443515161571,0.0,0.0,0.0
2015213,skillcorner,Western United,Auckland FC,64,39.0,1,individual,2.75,21,2,21,39.56562625747192,4.215536594390869,6.046363830566406,8.431073188781738
2015213,skillcorner,Western United,Auckland FC,64,39.0,1,tactical,11.75,6,1,6,38.00463617906787,2.775897979736328,2.775897979736328,2.775897979736328
2015213,skillcorner,Western United,Auckland FC,64,39.0,1,team,23.0,1,0,1,46.0,0.0,0.0,0.0
2015213,skillcorner,Western United,Auckland FC,65,40.0,1,individual,2.75,20,3,20,34.3648236155294,2.917928377787272,5.023502349853516,8.753785133361816
2015213,skillcorner,Western United,Auckland FC,65,40.0,1,tactical,11.75,8,1,8,44.76088971078357,2.5519065856933594,2.5519065856933594,2.5519065856933594
2015213,skillcorner,Western United,Auckland FC,65,40.0,1,team,23.0,2,0,2,60.09788081503415,0.0,0.0,0.0
2015213,skillcorner,Western United,Auckland FC,66,41.0,1,individual,2.75,20,3,20,35.08378444714915,3.619420051574707,7.517721176147461,10.858260154724121
2015213,skillcorner,Western United,Auckland FC,66,41.0,1,tactical,11.75,5,0,5,47.92715665128225,0.0,0.0,0.0
2015213,skillcorner,Western United,Auckland FC,66,41.0,1,team,23.0,2,0,2,48.72016411490442,0.0,0.0,0.0
2015213,skillcorner,Western United,Auckland FC,67,41.0,1,individual,2.75,22,5,22,32.754563173396654,1.0056669235229492,1.560720443725586,5.028334617614746
2015213,skillcorner,Western United,Auckland FC,67,41.0,1,tactical,11.75,4,0,4,43.61698375694775,0.0,0.0,0.0
2015213,skillcorner,Western United,Auckland FC,67,41.0,1,team,23.0,2,0,2,46.0,0.0,0.0,0.0
2015213,skillcorner,Western United,Auckland FC,68,42.0,1,individual,2.75,21,4,21,42.0476100455013,1.5584065914154053,4.044801712036133,6.233626365661621
2015213,skillcorner,Western United,Auckland FC,68,42.0,1,tactical,11.75,8,1,8,45.044236362535045,2.2068653106689453,2.2068653106689453,2.2068653106689453
2015213,skillcorner,Western United,Auckland FC,68,42.0,1,team,23.0,2,0,2,49.62471136901504,0.0,0.0,0.0
2015213,skillcorner,Western United,Auckland FC,69,42.0,1,individual,2.75,21,5,21,34.95060374544641,2.441568946838379,3.3472118377685547,12.207844734191895
2015213,skillcorner,Western United,Auckland FC,69,42.0,1,tactical,11.75,5,0,5,54.01070388185105,0.0,0.0,0.0
2015213,skillcorner,Western United,Auckland FC,69,42.0,1,team,23.0,2,0,2,48.33553058106727,0.0,0.0,0.0
2015213,skillcorner,Western United,Auckland FC,70,44.0,1,individual,2.75,20,5,20,37.062619995386704,2.214008331298828,7.418741226196289,11.07004165649414
2015213,skillcorner,Western United,Auckland FC,70,44.0,1,tactical,11.75,10,1,10,39.205484947899826,4.027872085571289,4.027872085571289,4.027872085571289
2015213,skillcorner,Western United,Auckland FC,70,44.0,1,team,23.0,2,0,2,57.43306954863006,0.0,0.0,0.0
2015213,skillcorner,Western United,Auckland FC,71,44.0,1,individual,2.75,17,3,17,33.65684922522315,1.6578582127888997,2.2995214462280273,4.973574638366699
2015213,skillcorner,Western United,Auckland FC,71,44.0,1,tactical,11.75,3,0,3,66.92865339722535,0.0,0.0,0.0
2015213,skillcorner,Western United,Auckland FC,71,44.0,1,team,23.0,2,0,2,53.17811897640308,0.0,0.0,0.0
2015213,skillcorner,Western United,Auckland FC,72,45.0,1,individual,2.75,20,4,20,27.776749622044637,0.9801996946334839,2.0418930053710938,3.9207987785339355
2015213,skillcorner,Western United,Auckland FC,72,45.0,1,tactical,11.75,3,0,3,60.587007836118765,0.0,0.0,0.0
2015213,skillcorner,Western United,Auckland FC,72,45.0,1,team,23.0,3,0,3,60.587007836118765,0.0,0.0,0.0
2015213,skillcorner,Western United,Auckland FC,73,46.0,1,individual,2.75,20,4,20,38.33982342748864,3.0428640842437744,5.707850456237793,12.171456336975098
2015213,skillcorner,Western United,Auckland FC,73,46.0,1,tactical,11.75,4,0,4,49.583519277719354,0.0,0.0,0.0
2015213,skillcorner,Western United,Auckland FC,73,46.0,1,team,23.0,2,0,2,50.50609155914264,0.0,0.0,0.0
2015213,skillcorner,Western United,Auckland FC,74,46.0,1,individual,2.75,10,1,10,40.7447886238228,0.4858741760253906,0.4858741760253906,0.4858741760253906
2015213,skillcorner,Western United,Auckland FC,74,46.0,1,tactical,11.75,6,0,6,46.052905319861125,0.0,0.0,0.0
2015213,skillcorner,Western United,Auckland FC,74,46.0,1,team,23.0,2,0,2,53.26147574172106,0.0,0.0,0.0
2015213,skillcorner,Western United,Auckland FC,75,47.0,1,individual,2.75,18,2,18,24.942533953069,1.8843820095062256,2.491074562072754,3.768764019012451
2015213,skillcorner,Western United,Auckland FC,75,47.0,1,tactical,11.75,3,0,3,62.65689786186339,0.0,0.0,0.0
2015213,skillcorner,Western United,Auckland FC,75,47.0,1,team,23.0,2,0,2,50.708601624229466,0.0,0.0,0.0
2015213,skillcorner,Western United,Auckland FC,76,47.0,1,individual,2.75,21,3,21,38.38001200970575,1.9273484547932942,3.409966468811035,5.782045364379883
2015213,skillcorner,Western United,Auckland FC,76,47.0,1,tactical,11.75,4,0,4,48.128570305128555,0.0,0.0,0.0
2015213,skillcorner,Western United,Auckland FC,76,47.0,1,team,23.0,2,0,2,49.403217999972775,0.0,0.0,0.0
2015213,skillcorner,Western United,Auckland FC,77,45.0,2,individual,2.75,20,2,20,37.96326291889862,2.3367433547973633,2.620626449584961,4.673486709594727
2015213,skillcorner,Western United,Auckland FC,77,45.0,2,tactical,11.75,6,0,6,52.59451581311818,0.0,0.0,0.0
2015213,skillcorner,Western United,Auckland FC,77,45.0,2,team,23.0,2,0,2,46.4316057933956,0.0,0.0,0.0
2015213,skillcorner,Western United,Auckland FC,78,45.0,2,individual,2.75,22,3,22,37.942115115341686,2.5477895736694336,3.4387569427490234,7.643368721008301
2015213,skillcorner,Western United,Auckland FC,78,45.0,2,tactical,11.75,7,1,7,48.97672151134659,2.1409950256347656,2.1409950256347656,2.1409950256347656
2015213,skillcorner,Western United,Auckland FC,78,45.0,2,team,23.0,1,0,1,46.0,0.0,0.0,0.0
2015213,skillcorner,Western United,Auckland FC,79,46.0,2,individual,2.75,21,3,21,42.4514005371935,3.045278231302897,7.348590850830078,9.135834693908691
2015213,skillcorner,Western United,Auckland FC,79,46.0,2,tactical,11.75,9,1,9,46.13828699297631,11.730743408203125,11.730743408203125,11.730743408203125
2015213,skillcorner,Western United,Auckland FC,79,46.0,2,team,23.0,2,0,2,54.46256546437609,0.0,0.0,0.0
2015213,skillcorner,Western United,Auckland FC,80,47.0,2,individual,2.75,19,3,19,25.597172577205775,1.2119483947753906,1.8133220672607422,3.635845184326172
2015213,skillcorner,Western United,Auckland FC,80,47.0,2,tactical,11.75,3,0,3,60.429011321825925,0.0,0.0,0.0
2015213,skillcorner,Western United,Auckland FC,80,47.0,2,team,23.0,2,0,2,47.43701315674882,0.0,0.0,0.0
2015213,skillcorner,Western United,Auckland FC,81,47.0,2,individual,2.75,18,3,18,33.54598187562856,1.532392183939616,2.8120670318603516,4.597176551818848
2015213,skillcorner,Western United,Auckland FC,81,47.0,2,tactical,11.75,6,0,6,46.9276051060547,0.0,0.0,0.0
2015213,skillcorner,Western United,Auckland FC,81,47.0,2,team,23.0,2,0,2,46.0,0.0,0.0,0.0
2015213,skillcorner,Western United,Auckland FC,82,48.0,2,individual,2.75,20,3,20,33.39493583962723,2.386655807495117,5.733837127685547,7.159967422485352
2015213,skillcorner,Western United,Auckland FC,82,48.0,2,tactical,11.75,5,0,5,48.222306729988716,0.0,0.0,0.0
2015213,skillcorner,Western United,Auckland FC,82,48.0,2,team,23.0,2,0,2,46.53499057776377,0.0,0.0,0.0
2015213,skillcorner,Western United,Auckland FC,83,48.0,2,individual,2.75,19,1,19,32.82526020547231,1.0295791625976562,1.0295791625976562,1.0295791625976562
2015213,skillcorner,Western United,Auckland FC,83,48.0,2,tactical,11.75,5,0,5,49.827768083116304,0.0,0.0,0.0
2015213,skillcorner,Western United,Auckland FC,83,48.0,2,team,23.0,2,0,2,51.42920594405752,0.0,0.0,0.0
2015213,skillcorner,Western United,Auckland FC,84,50.0,2,individual,2.75,21,6,21,37.334572821718254,1.8073317209879558,3.991100311279297,10.843990325927734
2015213,skillcorner,Western United,Auckland FC,84,50.0,2,tactical,11.75,8,1,8,47.854277207289925,3.697999954223633,3.697999954223633,3.697999954223633
2015213,skillcorner,Western United,Auckland FC,84,50.0,2,team,23.0,2,0,2,46.0,0.0,0.0,0.0
2015213,skillcorner,Western United,Auckland FC,85,50.0,2,individual,2.75,20,4,20,34.91405082194264,3.460374593734741,4.060325622558594,13.841498374938965
2015213,skillcorner,Western United,Auckland FC,85,50.0,2,tactical,11.75,3,0,3,48.556333071296564,0.0,0.0,0.0
2015213,skillcorner,Western United,Auckland FC,85,50.0,2,team,23.0,2,0,2,56.60530553925793,0.0,0.0,0.0
2015213,skillcorner,Western United,Auckland FC,86,51.0,2,individual,2.75,20,3,20,35.99677903386448,1.5264978408813477,2.852937698364258,4.579493522644043
2015213,skillcorner,Western United,Auckland FC,86,51.0,2,tactical,11.75,7,0,7,43.61907037065325,0.0,0.0,0.0
2015213,skillcorner,Western United,Auckland FC,86,51.0,2,team,23.0,3,0,3,59.78347552980211,0.0,0.0,0.0
2015213,skillcorner,Western United,Auckland FC,87,51.0,2,individual,2.75,22,4,22,37.584002992672396,1.8923072814941406,3.4282894134521484,7.5692291259765625
2015213,skillcorner,Western United,Auckland FC,87,51.0,2,tactical,11.75,5,0,5,46.59946442223532,0.0,0.0,0.0
2015213,skillcorner,Western United,Auckland FC,87,51.0,2,team,23.0,2,0,2,56.35553534231417,0.0,0.0,0.0
2015213,skillcorner,Western United,Auckland FC,88,52.0,2,individual,2.75,21,2,21,36.33174235215022,1.4932961463928223,1.8990163803100586,2.9865922927856445
2015213,skillcorner,Western United,Auckland FC,88,52.0,2,tactical,11.75,6,0,6,52.438115308968534,0.0,0.0,0.0
2015213,skillcorner,Western United,Auckland FC,88,52.0,2,team,23.0,3,0,3,57.77599615813335,0.0,0.0,0.0
2015213,skillcorner,Western United,Auckland FC,89,53.0,2,individual,2.75,22,3,22,39.29358018205113,2.5872179667154946,3.4448423385620117,7.761653900146484
2015213,skillcorner,Western United,Auckland FC,89,53.0,2,tactical,11.75,4,0,4,56.51312459084782,0.0,0.0,0.0
2015213,skillcorner,Western United,Auckland FC,89,53.0,2,team,23.0,2,0,2,52.54754476659907,0.0,0.0,0.0
2015213,skillcorner,Western United,Auckland FC,90,53.0,2,individual,2.75,21,1,21,39.858908379645655,1.690694808959961,1.690694808959961,1.690694808959961
2015213,skillcorner,Western United,Auckland FC,90,53.0,2,tactical,11.75,5,0,5,39.290216683579786,0.0,0.0,0.0
2015213,skillcorner,Western United,Auckland FC,90,53.0,2,team,23.0,2,0,2,53.80382714472551,0.0,0.0,0.0
2015213,skillcorner,Western United,Auckland FC,91,54.0,2,individual,2.75,13,0,13,31.88684201259396,0.0,0.0,0.0
2015213,skillcorner,Western United,Auckland FC,91,54.0,2,tactical,11.75,4,0,4,63.533269705636314,0.0,0.0,0.0
2015213,skillcorner,Western United,Auckland FC,91,54.0,2,team,23.0,2,0,2,62.25906276496525,0.0,0.0,0.0
2015213,skillcorner,Western United,Auckland FC,92,54.0,2,individual,2.75,20,2,20,34.021524020113425,0.9053235054016113,0.9633865356445312,1.8106470108032227
2015213,skillcorner,Western United,Auckland FC,92,54.0,2,tactical,11.75,3,0,3,47.396014825977616,0.0,0.0,0.0
2015213,skillcorner,Western United,Auckland FC,92,54.0,2,team,23.0,2,0,2,55.21496944688468,0.0,0.0,0.0
2015213,skillcorner,Western United,Auckland FC,93,55.0,2,individual,2.75,20,1,20,35.0915253993979,2.1997318267822266,2.1997318267822266,2.1997318267822266
2015213,skillcorner,Western United,Auckland FC,93,55.0,2,tactical,11.75,5,0,5,48.3088026383153,0.0,0.0,0.0
2015213,skillcorner,Western United,Auckland FC,93,55.0,2,team,23.0,2,0,2,47.473470705876124,0.0,0.0,0.0
2015213,skillcorner,Western United,Auckland FC,94,55.0,2,individual,2.75,21,2,21,38.79446558369384,1.3916010856628418,1.9837379455566406,2.7832021713256836
2015213,skillcorner,Western United,Auckland FC,94,55.0,2,tactical,11.75,5,0,5,61.03013961589083,0.0,0.0,0.0
2015213,skillcorner,Western United,Auckland FC,94,55.0,2,team,23.0,2,0,2,54.200946900381346,0.0,0.0,0.0
2015213,skillcorner,Western United,Auckland FC,95,56.0,2,individual,2.75,22,2,22,40.33018225164142,4.239484786987305,6.929574966430664,8.47896957397461
2015213,skillcorner,Western United,Auckland FC,95,56.0,2,tactical,11.75,7,1,7,50.131380192450315,1.8932647705078125,1.8932647705078125,1.8932647705078125
2015213,skillcorner,Western United,Auckland FC,95,56.0,2,team,23.0,2,0,2,52.716512814828796,0.0,0.0,0.0
2015213,skillcorner,Western United,Auckland FC,96,57.0,2,individual,2.75,21,4,21,33.200240618226616,1.3352711200714111,2.8378467559814453,5.3410844802856445
2015213,skillcorner,Western United,Auckland FC,96,57.0,2,tactical,11.75,6,0,6,45.69449119082162,0.0,0.0,0.0
2015213,skillcorner,Western United,Auckland FC,96,57.0,2,team,23.0,2,0,2,46.0,0.0,0.0,0.0
2015213,skillcorner,Western United,Auckland FC,97,58.0,2,individual,2.75,21,3,21,37.886654385256605,5.184369405110677,9.80396556854248,15.553108215332031
2015213,skillcorner,Western United,Auckland FC,97,58.0,2,tactical,11.75,7,1,7,45.33641058795899,6.55369758605957,6.55369758605957,6.55369758605957
2015213,skillcorner,Western United,Auckland FC,97,58.0,2,team,23.0,2,0,2,55.245852333003235,0.0,0.0,0.0
2015213,skillcorner,Western United,Auckland FC,98,58.0,2,individual,2.75,21,4,21,31.435982540289643,1.7258939743041992,2.621400833129883,6.903575897216797
2015213,skillcorner,Western United,Auckland FC,98,58.0,2,tactical,11.75,4,0,4,50.13468363552372,0.0,0.0,0.0
2015213,skillcorner,Western United,Auckland FC,98,58.0,2,team,23.0,2,0,2,46.28898832237854,0.0,0.0,0.0
2015213,skillcorner,Western United,Auckland FC,99,59.0,2,individual,2.75,20,4,20,35.44372311931702,0.7052125930786133,1.8128166198730469,2.820850372314453
2015213,skillcorner,Western United,Auckland FC,99,59.0,2,tactical,11.75,6,0,6,47.692332141858586,0.0,0.0,0.0
2015213,skillcorner,Western United,Auckland FC,99,59.0,2,team,23.0,2,0,2,49.22941478471333,0.0,0.0,0.0
2015213,skillcorner,Western United,Auckland FC,100,59.0,2,individual,2.75,18,3,18,31.271675682636516,1.5818878809611003,2.489180564880371,4.745663642883301
2015213,skillcorner,Western United,Auckland FC,100,59.0,2,tactical,11.75,4,0,4,56.1455586279993,0.0,0.0,0.0
2015213,skillcorner,Western United,Auckland FC,100,59.0,2,team,23.0,2,0,2,60.17764261352834,0.0,0.0,0.0
2015213,skillcorner,Western United,Auckland FC,101,60.0,2,individual,2.75,19,1,19,27.04461691845934,1.467789649963379,1.467789649963379,1.467789649963379
2015213,skillcorner,Western United,Auckland FC,101,60.0,2,tactical,11.75,3,0,3,66.95756081077494,0.0,0.0,0.0
2015213,skillcorner,Western United,Auckland FC,101,60.0,2,team,23.0,2,0,2,53.81420421490451,0.0,0.0,0.0
2015213,skillcorner,Western United,Auckland FC,102,60.0,2,individual,2.75,14,1,14,24.99656307511026,0.4131603240966797,0.4131603240966797,0.4131603240966797
2015213,skillcorner,Western United,Auckland FC,102,60.0,2,tactical,11.75,3,0,3,54.8750224899523,0.0,0.0,0.0
2015213,skillcorner,Western United,Auckland FC,102,60.0,2,team,23.0,2,0,2,63.83632702878572,0.0,0.0,0.0
2015213,skillcorner,Western United,Auckland FC,103,62.0,2,individual,2.75,22,4,22,34.58277916264301,3.678896427154541,6.256406784057617,14.715585708618164
2015213,skillcorner,Western United,Auckland FC,103,62.0,2,tactical,11.75,6,1,6,52.743985518210025,6.5018463134765625,6.5018463134765625,6.5018463134765625
2015213,skillcorner,Western United,Auckland FC,103,62.0,2,team,23.0,2,0,2,46.0,0.0,0.0,0.0
2015213,skillcorner,Western United,Auckland FC,104,63.0,2,individual,2.75,17,2,17,30.206132553029622,2.202928066253662,2.8584537506103516,4.405856132507324
2015213,skillcorner,Western United,Auckland FC,104,63.0,2,tactical,11.75,4,0,4,52.66594803819749,0.0,0.0,0.0
2015213,skillcorner,Western United,Auckland FC,104,63.0,2,team,23.0,2,0,2,54.10853305982912,0.0,0.0,0.0
2015213,skillcorner,Western United,Auckland FC,105,64.0,2,individual,2.75,20,3,20,34.974085016488075,1.5104799270629883,2.341930389404297,4.531439781188965
2015213,skillcorner,Western United,Auckland FC,105,64.0,2,tactical,11.75,3,0,3,61.680182902285296,0.0,0.0,0.0
2015213,skillcorner,Western United,Auckland FC,105,64.0,2,team,23.0,2,0,2,50.11052945371381,0.0,0.0,0.0
2015213,skillcorner,Western United,Auckland FC,106,64.0,2,individual,2.75,17,1,17,28.364464534256285,0.8659934997558594,0.8659934997558594,0.8659934997558594
2015213,skillcorner,Western United,Auckland FC,106,64.0,2,tactical,11.75,4,0,4,52.1768721054126,0.0,0.0,0.0
2015213,skillcorner,Western United,Auckland FC,106,64.0,2,team,23.0,2,0,2,61.80175519636537,0.0,0.0,0.0
2015213,skillcorner,Western United,Auckland FC,107,65.0,2,individual,2.75,20,3,20,38.138747741681044,1.593317190806071,3.9381351470947266,4.779951572418213
2015213,skillcorner,Western United,Auckland FC,107,65.0,2,tactical,11.75,8,1,8,46.24586255542265,6.123317718505859,6.123317718505859,6.123317718505859
2015213,skillcorner,Western United,Auckland FC,107,65.0,2,team,23.0,2,0,2,48.970033356057904,0.0,0.0,0.0
2015213,skillcorner,Western United,Auckland FC,108,66.0,2,individual,2.75,21,3,21,38.32430027012812,0.25221093495686847,0.25831127166748047,0.7566328048706055
2015213,skillcorner,Western United,Auckland FC,108,66.0,2,tactical,11.75,8,1,8,46.79983377812742,4.2364959716796875,4.2364959716796875,4.2364959716796875
2015213,skillcorner,Western United,Auckland FC,108,66.0,2,team,23.0,2,0,2,46.0,0.0,0.0,0.0
2015213,skillcorner,Western United,Auckland FC,109,66.0,2,individual,2.75,19,3,19,28.631361591416763,0.5510692596435547,0.9216899871826172,1.653207778930664
2015213,skillcorner,Western United,Auckland FC,109,66.0,2,tactical,11.75,4,0,4,47.57018681999461,0.0,0.0,0.0
2015213,skillcorner,Western United,Auckland FC,109,66.0,2,team,23.0,2,0,2,50.24944018595897,0.0,0.0,0.0
2015213,skillcorner,Western United,Auckland FC,110,67.0,2,individual,2.75,20,4,20,33.82667141642981,1.4033591747283936,1.8559341430664062,5.613436698913574
2015213,skillcorner,Western United,Auckland FC,110,67.0,2,tactical,11.75,4,0,4,57.803845775916685,0.0,0.0,0.0
2015213,skillcorner,Western United,Auckland FC,110,67.0,2,team,23.0,2,0,2,55.79602714260183,0.0,0.0,0.0
2015213,skillcorner,Western United,Auckland FC,111,67.0,2,individual,2.75,21,5,21,33.2363843399827,1.5458692550659179,3.23671817779541,7.72934627532959
2015213,skillcorner,Western United,Auckland FC,111,67.0,2,tactical,11.75,5,0,5,53.12045862297057,0.0,0.0,0.0
2015213,skillcorner,Western United,Auckland FC,111,67.0,2,team,23.0,2,0,2,46.0,0.0,0.0,0.0
2015213,skillcorner,Western United,Auckland FC,112,68.0,2,individual,2.75,21,4,21,40.36276291125947,2.2224984169006348,4.709050178527832,8.889993667602539
2015213,skillcorner,Western United,Auckland FC,112,68.0,2,tactical,11.75,6,0,6,48.74836095784721,0.0,0.0,0.0
2015213,skillcorner,Western United,Auckland FC,112,68.0,2,team,23.0,1,0,1,46.0,0.0,0.0,0.0
2015213,skillcorner,Western United,Auckland FC,113,68.0,2,individual,2.75,18,2,18,34.829018074014094,3.690364360809326,5.836301803588867,7.380728721618652
2015213,skillcorner,Western United,Auckland FC,113,68.0,2,tactical,11.75,4,0,4,46.312881847383004,0.0,0.0,0.0
2015213,skillcorner,Western United,Auckland FC,113,68.0,2,team,23.0,2,0,2,60.15684866094904,0.0,0.0,0.0
2015213,skillcorner,Western United,Auckland FC,114,69.0,2,individual,2.75,20,2,20,32.57212392731861,2.372828483581543,3.4704227447509766,4.745656967163086
2015213,skillcorner,Western United,Auckland FC,114,69.0,2,tactical,11.75,5,0,5,49.720934755783986,0.0,0.0,0.0
2015213,skillcorner,Western United,Auckland FC,114,69.0,2,team,23.0,2,0,2,50.3349991547561,0.0,0.0,0.0
2015213,skillcorner,Western United,Auckland FC,115,70.0,2,individual,2.75,19,2,19,34.61107912240493,1.8782587051391602,3.630434036254883,3.7565174102783203
2015213,skillcorner,Western United,Auckland FC,115,70.0,2,tactical,11.75,4,0,4,55.97523735592068,0.0,0.0,0.0
2015213,skillcorner,Western United,Auckland FC,115,70.0,2,team,23.0,2,0,2,56.93701848864601,0.0,0.0,0.0
2015213,skillcorner,Western United,Auckland FC,116,70.0,2,individual,2.75,20,4,20,30.842400886816698,1.0589200258255005,1.6601362228393555,4.235680103302002
2015213,skillcorner,Western United,Auckland FC,116,70.0,2,tactical,11.75,3,0,3,61.38555447807176,0.0,0.0,0.0
2015213,skillcorner,Western United,Auckland FC,116,70.0,2,team,23.0,2,0,2,46.0,0.0,0.0,0.0
2015213,skillcorner,Western United,Auckland FC,117,71.0,2,individual,2.75,14,1,14,24.63889235847698,1.5410981178283691,1.5410981178283691,1.5410981178283691
2015213,skillcorner,Western United,Auckland FC,117,71.0,2,tactical,11.75,4,0,4,51.180413412237385,0.0,0.0,0.0
2015213,skillcorner,Western United,Auckland FC,117,71.0,2,team,23.0,2,0,2,54.64243062599387,0.0,0.0,0.0
2015213,skillcorner,Western United,Auckland FC,118,72.0,2,individual,2.75,21,4,21,37.495619313582225,2.8004448413848877,4.576606750488281,11.20177936553955
2015213,skillcorner,Western United,Auckland FC,118,72.0,2,tactical,11.75,5,0,5,48.34021822922854,0.0,0.0,0.0
2015213,skillcorner,Western United,Auckland FC,118,72.0,2,team,23.0,2,0,2,46.0,0.0,0.0,0.0
2015213,skillcorner,Western United,Auckland FC,119,73.0,2,individual,2.75,20,3,20,34.815889629970854,2.344785690307617,3.7905921936035156,7.034357070922852
2015213,skillcorner,Western United,Auckland FC,119,73.0,2,tactical,11.75,8,0,8,44.83889650286335,0.0,0.0,0.0
2015213,skillcorner,Western United,Auckland FC,119,73.0,2,team,23.0,2,0,2,46.0,0.0,0.0,0.0
2015213,skillcorner,Western United,Auckland FC,120,73.0,2,individual,2.75,17,3,17,33.19098021293824,1.8308722178141277,2.7875471115112305,5.492616653442383
2015213,skillcorner,Western United,Auckland FC,120,73.0,2,tactical,11.75,4,0,4,48.38189751558876,0.0,0.0,0.0
2015213,skillcorner,Western United,Auckland FC,120,73.0,2,team,23.0,2,0,2,59.97517264869158,0.0,0.0,0.0
2015213,skillcorner,Western United,Auckland FC,121,74.0,2,individual,2.75,17,2,17,34.70282918352367,0.19493913650512695,0.2077627182006836,0.3898782730102539
2015213,skillcorner,Western United,Auckland FC,121,74.0,2,tactical,11.75,6,1,6,51.11767993883147,1.8685951232910156,1.8685951232910156,1.8685951232910156
2015213,skillcorner,Western United,Auckland FC,121,74.0,2,team,23.0,3,0,3,63.83116415197732,0.0,0.0,0.0
2015213,skillcorner,Western United,Auckland FC,122,75.0,2,individual,2.75,19,3,19,30.224747841175674,1.8651456832885742,3.0838518142700195,5.595437049865723
2015213,skillcorner,Western United,Auckland FC,122,75.0,2,tactical,11.75,4,0,4,49.09679640008267,0.0,0.0,0.0
2015213,skillcorner,Western United,Auckland FC,122,75.0,2,team,23.0,2,0,2,51.1084341411749,0.0,0.0,0.0
2015213,skillcorner,Western United,Auckland FC,123,75.0,2,individual,2.75,16,2,16,28.555386292270512,2.236210823059082,2.3989505767822266,4.472421646118164
2015213,skillcorner,Western United,Auckland FC,123,75.0,2,tactical,11.75,3,0,3,65.68514221505464,0.0,0.0,0.0
2015213,skillcorner,Western United,Auckland FC,123,75.0,2,team,23.0,2,0,2,52.827121890712874,0.0,0.0,0.0
2015213,skillcorner,Western United,Auckland FC,124,76.0,2,individual,2.75,21,3,21,39.08629578708674,3.291131019592285,4.954856872558594,9.873393058776855
2015213,skillcorner,Western United,Auckland FC,124,76.0,2,tactical,11.75,8,0,8,46.2083723056264,0.0,0.0,0.0
2015213,skillcorner,Western United,Auckland FC,124,76.0,2,team,23.0,2,0,2,46.0,0.0,0.0,0.0
2015213,skillcorner,Western United,Auckland FC,125,77.0,2,individual,2.75,17,1,17,26.151130385899727,1.743783950805664,1.743783950805664,1.743783950805664
2015213,skillcorner,Western United,Auckland FC,125,77.0,2,tactical,11.75,3,0,3,61.86444492388805,0.0,0.0,0.0
2015213,skillcorner,Western United,Auckland FC,125,77.0,2,team,23.0,3,0,3,61.86444492388805,0.0,0.0,0.0
2015213,skillcorner,Western United,Auckland FC,126,77.0,2,individual,2.75,20,1,20,30.050855973998054,7.705873489379883,7.705873489379883,7.705873489379883
2015213,skillcorner,Western United,Auckland FC,126,77.0,2,tactical,11.75,3,0,3,65.18528281948772,0.0,0.0,0.0
2015213,skillcorner,Western United,Auckland FC,126,77.0,2,team,23.0,2,0,2,53.101663017204494,0.0,0.0,0.0
2015213,skillcorner,Western United,Auckland FC,127,79.0,2,individual,2.75,16,1,16,23.614269405147233,3.393474578857422,3.393474578857422,3.393474578857422
2015213,skillcorner,Western United,Auckland FC,127,79.0,2,tactical,11.75,3,0,3,60.698162454012056,0.0,0.0,0.0
2015213,skillcorner,Western United,Auckland FC,127,79.0,2,team,23.0,3,0,3,60.698162454012056,0.0,0.0,0.0
2015213,skillcorner,Western United,Auckland FC,128,79.0,2,individual,2.75,21,4,21,40.69108053587577,2.677583694458008,5.197566986083984,10.710334777832031
2015213,skillcorner,Western United,Auckland FC,128,79.0,2,tactical,11.75,7,0,7,46.17041693552268,0.0,0.0,0.0
2015213,skillcorner,Western United,Auckland FC,128,79.0,2,team,23.0,2,0,2,53.62672770211027,0.0,0.0,0.0
2015213,skillcorner,Western United,Auckland FC,129,80.0,2,individual,2.75,21,1,21,34.97596703893399,3.9823389053344727,3.9823389053344727,3.9823389053344727
2015213,skillcorner,Western United,Auckland FC,129,80.0,2,tactical,11.75,4,0,4,47.37898546957814,0.0,0.0,0.0
2015213,skillcorner,Western United,Auckland FC,129,80.0,2,team,23.0,2,0,2,50.007603199691324,0.0,0.0,0.0
2015213,skillcorner,Western United,Auckland FC,130,80.0,2,individual,2.75,21,1,21,30.541521514329187,3.443582534790039,3.443582534790039,3.443582534790039
2015213,skillcorner,Western United,Auckland FC,130,80.0,2,tactical,11.75,3,0,3,61.015288338763625,0.0,0.0,0.0
2015213,skillcorner,Western United,Auckland FC,130,80.0,2,team,23.0,3,0,3,61.015288338763625,0.0,0.0,0.0
2015213,skillcorner,Western United,Auckland FC,131,81.0,2,individual,2.75,19,3,19,27.289400840221074,2.557753086090088,3.1297526359558105,7.673259258270264
2015213,skillcorner,Western United,Auckland FC,131,81.0,2,tactical,11.75,4,0,4,52.22553711127251,0.0,0.0,0.0
2015213,skillcorner,Western United,Auckland FC,131,81.0,2,team,23.0,2,0,2,51.77294934519597,0.0,0.0,0.0
2015213,skillcorner,Western United,Auckland FC,132,82.0,2,individual,2.75,21,2,21,34.01672836247158,1.3748607635498047,2.7136402130126953,2.7497215270996094
2015213,skillcorner,Western United,Auckland FC,132,82.0,2,tactical,11.75,3,0,3,61.20110765390007,0.0,0.0,0.0
2015213,skillcorner,Western United,Auckland FC,132,82.0,2,team,23.0,2,0,2,46.0,0.0,0.0,0.0
2015213,skillcorner,Western United,Auckland FC,133,83.0,2,individual,2.75,21,2,21,24.96896771899904,0.728297233581543,1.203378677368164,1.456594467163086
2015213,skillcorner,Western United,Auckland FC,133,83.0,2,tactical,11.75,3,0,3,64.07276132800374,0.0,0.0,0.0
2015213,skillcorner,Western United,Auckland FC,133,83.0,2,team,23.0,2,0,2,51.05293175312824,0.0,0.0,0.0
2015213,skillcorner,Western United,Auckland FC,134,83.0,2,individual,2.75,21,2,21,38.13874919544657,2.3500490188598633,2.4989280700683594,4.700098037719727
2015213,skillcorner,Western United,Auckland FC,134,83.0,2,tactical,11.75,6,1,6,45.57945813874142,6.25811767578125,6.25811767578125,6.25811767578125
2015213,skillcorner,Western United,Auckland FC,134,83.0,2,team,23.0,2,0,2,46.0,0.0,0.0,0.0
2015213,skillcorner,Western United,Auckland FC,135,84.0,2,individual,2.75,19,4,19,36.948422127217334,2.6016621589660645,5.23429012298584,10.406648635864258
2015213,skillcorner,Western United,Auckland FC,135,84.0,2,tactical,11.75,8,0,8,45.156007409855995,0.0,0.0,0.0
2015213,skillcorner,Western United,Auckland FC,135,84.0,2,team,23.0,2,0,2,51.134747752036475,0.0,0.0,0.0
2015213,skillcorner,Western United,Auckland FC,136,85.0,2,individual,2.75,20,4,20,37.758141102159115,1.9502458572387695,5.395832061767578,7.800983428955078
2015213,skillcorner,Western United,Auckland FC,136,85.0,2,tactical,11.75,7,0,7,42.16154484909798,0.0,0.0,0.0
2015213,skillcorner,Western United,Auckland FC,136,85.0,2,team,23.0,1,0,1,46.0,0.0,0.0,0.0
2015213,skillcorner,Western United,Auckland FC,137,86.0,2,individual,2.75,21,4,21,39.514821677330474,1.945688009262085,5.013723373413086,7.78275203704834
2015213,skillcorner,Western United,Auckland FC,137,86.0,2,tactical,11.75,8,1,8,46.29176487103332,5.528923034667969,5.528923034667969,5.528923034667969
2015213,skillcorner,Western United,Auckland FC,137,86.0,2,team,23.0,2,0,2,47.14602495609781,0.0,0.0,0.0
2015213,skillcorner,Western United,Auckland FC,138,86.0,2,individual,2.75,18,2,18,35.164733754146354,0.6824698448181152,0.9095973968505859,1.3649396896362305
2015213,skillcorner,Western United,Auckland FC,138,86.0,2,tactical,11.75,4,0,4,44.49741718223416,0.0,0.0,0.0
2015213,skillcorner,Western United,Auckland FC,138,86.0,2,team,23.0,2,0,2,57.166861121027445,0.0,0.0,0.0
2015213,skillcorner,Western United,Auckland FC,139,87.0,2,individual,2.75,22,1,22,35.130696706521405,1.3735370635986328,1.3735370635986328,1.3735370635986328
2015213,skillcorner,Western United,Auckland FC,139,87.0,2,tactical,11.75,5,0,5,49.444055257272176,0.0,0.0,0.0
2015213,skillcorner,Western United,Auckland FC,139,87.0,2,team,23.0,1,0,1,46.0,0.0,0.0,0.0
2015213,skillcorner,Western United,Auckland FC,140,88.0,2,individual,2.75,16,1,16,34.42772156786895,0.8583545684814453,0.8583545684814453,0.8583545684814453
2015213,skillcorner,Western United,Auckland FC,140,88.0,2,tactical,11.75,4,0,4,53.41601762905668,0.0,0.0,0.0
2015213,skillcorner,Western United,Auckland FC,140,88.0,2,team,23.0,2,0,2,46.66332385014772,0.0,0.0,0.0
2015213,skillcorner,Western United,Auckland FC,141,89.0,2,individual,2.75,21,4,21,34.37897012458106,1.0678155422210693,2.323023796081543,4.271262168884277
2015213,skillcorner,Western United,Auckland FC,141,89.0,2,tactical,11.75,5,0,5,52.961847389245676,0.0,0.0,0.0
2015213,skillcorner,Western United,Auckland FC,141,89.0,2,team,23.0,2,0,2,50.64143424915799,0.0,0.0,0.0
2015213,skillcorner,Western United,Auckland FC,142,89.0,2,individual,2.75,18,2,18,32.46380831017827,1.4143610000610352,2.330256462097168,2.8287220001220703
2015213,skillcorner,Western United,Auckland FC,142,89.0,2,tactical,11.75,4,0,4,50.39337905511738,0.0,0.0,0.0
2015213,skillcorner,Western United,Auckland FC,142,89.0,2,team,23.0,3,0,3,68.84259164572354,0.0,0.0,0.0
2015213,skillcorner,Western United,Auckland FC,143,90.0,2,individual,2.75,21,2,21,35.17189371274934,0.8041543960571289,1.354440689086914,1.6083087921142578
2015213,skillcorner,Western United,Auckland FC,143,90.0,2,tactical,11.75,5,0,5,57.23085424985036,0.0,0.0,0.0
2015213,skillcorner,Western United,Auckland FC,143,90.0,2,team,23.0,2,0,2,54.18092011315782,0.0,0.0,0.0
2015213,skillcorner,Western United,Auckland FC,144,90.0,2,individual,2.75,16,4,16,29.993439422460384,0.32405686378479004,0.5918092727661133,1.2962274551391602
2015213,skillcorner,Western United,Auckland FC,144,90.0,2,tactical,11.75,4,0,4,52.08986183469219,0.0,0.0,0.0
2015213,skillcorner,Western United,Auckland FC,144,90.0,2,team,23.0,2,0,2,54.74117506197261,0.0,0.0,0.0
2015213,skillcorner,Western United,Auckland FC,145,91.0,2,individual,2.75,20,4,20,33.35734931743473,2.7260851860046387,6.01029109954834,10.904340744018555
2015213,skillcorner,Western United,Auckland FC,145,91.0,2,tactical,11.75,6,0,6,46.05703465226287,0.0,0.0,0.0
2015213,skillcorner,Western United,Auckland FC,145,91.0,2,team,23.0,2,0,2,53.87717496385801,0.0,0.0,0.0
2015213,skillcorner,Western United,Auckland FC,146,92.0,2,individual,2.75,20,5,20,31.246940434092792,1.4914207458496094,3.3884048461914062,7.457103729248047
2015213,skillcorner,Western United,Auckland FC,146,92.0,2,tactical,11.75,5,0,5,49.377062202699925,0.0,0.0,0.0
2015213,skillcorner,Western United,Auckland FC,146,92.0,2,team,23.0,2,0,2,48.77834090785945,0.0,0.0,0.0
2015213,skillcorner,Western United,Auckland FC,147,92.0,2,individual,2.75,17,2,17,30.92122925154577,2.074829578399658,3.274827003479004,4.149659156799316
2015213,skillcorner,Western United,Auckland FC,147,92.0,2,tactical,11.75,6,1,6,45.804478925054156,6.183252334594727,6.183252334594727,6.183252334594727
2015213,skillcorner,Western United,Auckland FC,147,92.0,2,team,23.0,2,0,2,58.90074841968556,0.0,0.0,0.0
2015213,skillcorner,Western United,Auckland FC,148,93.0,2,individual,2.75,17,1,17,28.226251335190426,0.16543865203857422,0.16543865203857422,0.16543865203857422
2015213,skillcorner,Western United,Auckland FC,148,93.0,2,tactical,11.75,3,0,3,60.321484289977505,0.0,0.0,0.0
2015213,skillcorner,Western United,Auckland FC,148,93.0,2,team,23.0,3,0,3,60.321484289977505,0.0,0.0,0.0
2015213,skillcorner,Western United,Auckland FC,149,94.0,2,individual,2.75,21,4,21,38.76607352912776,4.3641815185546875,6.711765289306641,17.45672607421875
2015213,skillcorner,Western United,Auckland FC,149,94.0,2,tactical,11.75,6,0,6,49.994833841963626,0.0,0.0,0.0
2015213,skillcorner,Western United,Auckland FC,149,94.0,2,team,23.0,2,0,2,47.49719889580696,0.0,0.0,0.0
2013725,skillcorner,Western United,Sydney FC,0,0.0,1,individual,2.75,22,2,22,36.59019758322661,0.807741641998291,1.006699562072754,1.615483283996582
2013725,skillcorner,Western United,Sydney FC,0,0.0,1,tactical,11.75,7,0,7,49.73623226582408,0.0,0.0,0.0
2013725,skillcorner,Western United,Sydney FC,0,0.0,1,team,23.0,2,0,2,46.0,0.0,0.0,0.0
2013725,skillcorner,Western United,Sydney FC,1,0.0,1,individual,2.75,21,4,21,34.48792216092458,1.2996199131011963,3.494259834289551,5.198479652404785
2013725,skillcorner,Western United,Sydney FC,1,0.0,1,tactical,11.75,4,0,4,45.539133079010455,0.0,0.0,0.0
2013725,skillcorner,Western United,Sydney FC,1,0.0,1,team,23.0,1,0,1,46.0,0.0,0.0,0.0
2013725,skillcorner,Western United,Sydney FC,2,0.0,1,individual,2.75,19,2,19,32.45713228487956,1.2671618461608887,2.0360326766967773,2.5343236923217773
2013725,skillcorner,Western United,Sydney FC,2,0.0,1,tactical,11.75,7,1,7,47.56682141997718,1.261007308959961,1.261007308959961,1.261007308959961
2013725,skillcorner,Western United,Sydney FC,2,0.0,1,team,23.0,2,0,2,54.561289430404685,0.0,0.0,0.0
2013725,skillcorner,Western United,Sydney FC,3,1.0,1,individual,2.75,19,1,19,34.87238736804845,0.7273483276367188,0.7273483276367188,0.7273483276367188
2013725,skillcorner,Western United,Sydney FC,3,1.0,1,tactical,11.75,4,0,4,45.78308806739725,0.0,0.0,0.0
2013725,skillcorner,Western United,Sydney FC,3,1.0,1,team,23.0,3,0,3,61.11070961090432,0.0,0.0,0.0
2013725,skillcorner,Western United,Sydney FC,4,2.0,1,individual,2.75,22,4,22,28.410428896763772,1.334647297859192,2.188328742980957,5.338589191436768
2013725,skillcorner,Western United,Sydney FC,4,2.0,1,tactical,11.75,3,0,3,65.7082272891679,0.0,0.0,0.0
2013725,skillcorner,Western United,Sydney FC,4,2.0,1,team,23.0,3,0,3,65.7082272891679,0.0,0.0,0.0
2013725,skillcorner,Western United,Sydney FC,5,2.0,1,individual,2.75,21,3,21,34.29830538134297,1.7354625066121419,3.6199779510498047,5.206387519836426
2013725,skillcorner,Western United,Sydney FC,5,2.0,1,tactical,11.75,5,0,5,42.97598421216962,0.0,0.0,0.0
2013725,skillcorner,Western United,Sydney FC,5,2.0,1,team,23.0,2,0,2,46.0,0.0,0.0,0.0
2013725,skillcorner,Western United,Sydney FC,6,3.0,1,individual,2.75,15,1,15,27.892056216779718,0.2171177864074707,0.2171177864074707,0.2171177864074707
2013725,skillcorner,Western United,Sydney FC,6,3.0,1,tactical,11.75,5,1,5,46.557193785102655,0.43741798400878906,0.43741798400878906,0.43741798400878906
2013725,skillcorner,Western United,Sydney FC,6,3.0,1,team,23.0,2,0,2,65.0585589995119,0.0,0.0,0.0
2013725,skillcorner,Western United,Sydney FC,7,3.0,1,individual,2.75,20,2,20,26.42871386698582,2.133507251739502,2.8142967224121094,4.267014503479004
2013725,skillcorner,Western United,Sydney FC,7,3.0,1,tactical,11.75,3,0,3,61.20704040435264,0.0,0.0,0.0
2013725,skillcorner,Western United,Sydney FC,7,3.0,1,team,23.0,2,0,2,48.28070428127257,0.0,0.0,0.0
2013725,skillcorner,Western United,Sydney FC,8,5.0,1,individual,2.75,21,5,21,38.19685879468488,1.1974048614501953,2.9128026962280273,5.987024307250977
2013725,skillcorner,Western United,Sydney FC,8,5.0,1,tactical,11.75,6,0,6,53.576605309317145,0.0,0.0,0.0
2013725,skillcorner,Western United,Sydney FC,8,5.0,1,team,23.0,2,0,2,46.0,0.0,0.0,0.0
2013725,skillcorner,Western United,Sydney FC,9,6.0,1,individual,2.75,20,3,20,37.849336655317586,1.70079771677653,3.912405014038086,5.10239315032959
2013725,skillcorner,Western United,Sydney FC,9,6.0,1,tactical,11.75,3,0,3,57.09112857534724,0.0,0.0,0.0
2013725,skillcorner,Western United,Sydney FC,9,6.0,1,team,23.0,2,0,2,64.89421884289098,0.0,0.0,0.0
2013725,skillcorner,Western United,Sydney FC,10,7.0,1,individual,2.75,20,2,20,38.2352802813231,1.852391242980957,2.9979114532470703,3.704782485961914
2013725,skillcorner,Western United,Sydney FC,10,7.0,1,tactical,11.75,5,0,5,54.90023841773262,0.0,0.0,0.0
2013725,skillcorner,Western United,Sydney FC,10,7.0,1,team,23.0,2,0,2,46.0,0.0,0.0,0.0
2013725,skillcorner,Western United,Sydney FC,11,7.0,1,individual,2.75,17,2,17,30.276206519240127,3.428525924682617,3.7008285522460938,6.857051849365234
2013725,skillcorner,Western United,Sydney FC,11,7.0,1,tactical,11.75,2,0,2,60.99128748047606,0.0,0.0,0.0
2013725,skillcorner,Western United,Sydney FC,11,7.0,1,team,23.0,2,0,2,60.99128748047606,0.0,0.0,0.0
2013725,skillcorner,Western United,Sydney FC,12,8.0,1,individual,2.75,20,3,20,39.29745441623491,2.8161017100016275,4.873701095581055,8.448305130004883
2013725,skillcorner,Western United,Sydney FC,12,8.0,1,tactical,11.75,8,0,8,46.253787446026635,0.0,0.0,0.0
2013725,skillcorner,Western United,Sydney FC,12,8.0,1,team,23.0,2,0,2,48.703910557860944,0.0,0.0,0.0
2013725,skillcorner,Western United,Sydney FC,13,9.0,1,individual,2.75,18,1,18,27.942186743345626,0.6223030090332031,0.6223030090332031,0.6223030090332031
2013725,skillcorner,Western United,Sydney FC,13,9.0,1,tactical,11.75,5,0,5,46.202665497614,0.0,0.0,0.0
2013725,skillcorner,Western United,Sydney FC,13,9.0,1,team,23.0,3,0,3,61.07998981370647,0.0,0.0,0.0
2013725,skillcorner,Western United,Sydney FC,14,9.0,1,individual,2.75,19,3,19,35.194839921730996,2.476909637451172,4.291738510131836,7.430728912353516
2013725,skillcorner,Western United,Sydney FC,14,9.0,1,tactical,11.75,6,0,6,47.523416259108785,0.0,0.0,0.0
2013725,skillcorner,Western United,Sydney FC,14,9.0,1,team,23.0,2,0,2,46.0,0.0,0.0,0.0
2013725,skillcorner,Western United,Sydney FC,15,10.0,1,individual,2.75,21,4,21,34.77950544484458,1.773472785949707,2.413529396057129,7.093891143798828
2013725,skillcorner,Western United,Sydney FC,15,10.0,1,tactical,11.75,5,0,5,53.004044701282,0.0,0.0,0.0
2013725,skillcorner,Western United,Sydney FC,15,10.0,1,team,23.0,2,0,2,56.30309789167507,0.0,0.0,0.0
2013725,skillcorner,Western United,Sydney FC,16,10.0,1,individual,2.75,13,0,13,28.35795872061667,0.0,0.0,0.0
2013725,skillcorner,Western United,Sydney FC,16,10.0,1,tactical,11.75,4,0,4,57.160083904691554,0.0,0.0,0.0
2013725,skillcorner,Western United,Sydney FC,16,10.0,1,team,23.0,2,0,2,60.73042948022521,0.0,0.0,0.0
2013725,skillcorner,Western United,Sydney FC,17,11.0,1,individual,2.75,22,3,22,38.18474671503173,1.0254360834757488,1.9949874877929688,3.076308250427246
2013725,skillcorner,Western United,Sydney FC,17,11.0,1,tactical,11.75,4,0,4,52.07703927520864,0.0,0.0,0.0
2013725,skillcorner,Western United,Sydney FC,17,11.0,1,team,23.0,2,0,2,53.291671653023755,0.0,0.0,0.0
2013725,skillcorner,Western United,Sydney FC,18,12.0,1,individual,2.75,20,2,20,36.189307142078555,3.4663052558898926,4.192161560058594,6.932610511779785
2013725,skillcorner,Western United,Sydney FC,18,12.0,1,tactical,11.75,7,0,7,47.61674206621028,0.0,0.0,0.0
2013725,skillcorner,Western United,Sydney FC,18,12.0,1,team,23.0,1,0,1,46.0,0.0,0.0,0.0
2013725,skillcorner,Western United,Sydney FC,19,12.0,1,individual,2.75,20,1,20,37.102669899639324,1.175736904144287,1.175736904144287,1.175736904144287
2013725,skillcorner,Western United,Sydney FC,19,12.0,1,tactical,11.75,4,0,4,55.613093294644074,0.0,0.0,0.0
2013725,skillcorner,Western United,Sydney FC,19,12.0,1,team,23.0,2,0,2,46.0,0.0,0.0,0.0
2013725,skillcorner,Western United,Sydney FC,20,13.0,1,individual,2.75,20,2,20,32.08321767484281,2.2983508110046387,2.2988481521606445,4.596701622009277
2013725,skillcorner,Western United,Sydney FC,20,13.0,1,tactical,11.75,5,0,5,50.23940511861746,0.0,0.0,0.0
2013725,skillcorner,Western United,Sydney FC,20,13.0,1,team,23.0,2,0,2,49.60675717678361,0.0,0.0,0.0
2013725,skillcorner,Western United,Sydney FC,21,14.0,1,individual,2.75,20,2,20,35.343844561442765,3.084650993347168,4.645597457885742,6.169301986694336
2013725,skillcorner,Western United,Sydney FC,21,14.0,1,tactical,11.75,7,1,7,48.66854528337579,1.6792163848876953,1.6792163848876953,1.6792163848876953
2013725,skillcorner,Western United,Sydney FC,21,14.0,1,team,23.0,2,0,2,46.0,0.0,0.0,0.0
2013725,skillcorner,Western United,Sydney FC,22,14.0,1,individual,2.75,22,5,22,35.66627917608059,1.1419477462768555,2.442779541015625,5.709738731384277
2013725,skillcorner,Western United,Sydney FC,22,14.0,1,tactical,11.75,7,0,7,49.91601446429792,0.0,0.0,0.0
2013725,skillcorner,Western United,Sydney FC,22,14.0,1,team,23.0,2,0,2,46.0,0.0,0.0,0.0
2013725,skillcorner,Western United,Sydney FC,23,15.0,1,individual,2.75,21,4,21,40.12092146964288,4.211707353591919,6.56871223449707,16.846829414367676
2013725,skillcorner,Western United,Sydney FC,23,15.0,1,tactical,11.75,6,0,6,48.50885042548207,0.0,0.0,0.0
2013725,skillcorner,Western United,Sydney FC,23,15.0,1,team,23.0,2,0,2,54.04430488055773,0.0,0.0,0.0
2013725,skillcorner,Western United,Sydney FC,24,15.0,1,individual,2.75,14,1,14,29.43535231755022,1.7580852508544922,1.7580852508544922,1.7580852508544922
2013725,skillcorner,Western United,Sydney FC,24,15.0,1,tactical,11.75,2,0,2,63.529233731792736,0.0,0.0,0.0
2013725,skillcorner,Western United,Sydney FC,24,15.0,1,team,23.0,2,0,2,63.529233731792736,0.0,0.0,0.0
2013725,skillcorner,Western United,Sydney FC,25,16.0,1,individual,2.75,19,4,19,25.99251847076711,1.157327651977539,2.494913101196289,4.629310607910156
2013725,skillcorner,Western United,Sydney FC,25,16.0,1,tactical,11.75,3,0,3,68.48997735581321,0.0,0.0,0.0
2013725,skillcorner,Western United,Sydney FC,25,16.0,1,team,23.0,3,0,3,68.48997735581321,0.0,0.0,0.0
2013725,skillcorner,Western United,Sydney FC,26,17.0,1,individual,2.75,14,1,14,27.441198340772956,1.1504793167114258,1.1504793167114258,1.1504793167114258
2013725,skillcorner,Western United,Sydney FC,26,17.0,1,tactical,11.75,3,0,3,54.044677139563774,0.0,0.0,0.0
2013725,skillcorner,Western United,Sydney FC,26,17.0,1,team,23.0,2,0,2,61.53555495469889,0.0,0.0,0.0
2013725,skillcorner,Western United,Sydney FC,27,18.0,1,individual,2.75,18,3,18,35.80480973277194,1.2429507573445637,2.491008758544922,3.7288522720336914
2013725,skillcorner,Western United,Sydney FC,27,18.0,1,tactical,11.75,4,0,4,61.595695407330325,0.0,0.0,0.0
2013725,skillcorner,Western United,Sydney FC,27,18.0,1,team,23.0,3,0,3,59.40349694194546,0.0,0.0,0.0
2013725,skillcorner,Western United,Sydney FC,28,18.0,1,individual,2.75,21,5,21,35.08570923806876,1.163591194152832,2.1260862350463867,5.81795597076416
2013725,skillcorner,Western United,Sydney FC,28,18.0,1,tactical,11.75,6,0,6,50.58895513935005,0.0,0.0,0.0
2013725,skillcorner,Western United,Sydney FC,28,18.0,1,team,23.0,2,0,2,46.0,0.0,0.0,0.0
2013725,skillcorner,Western United,Sydney FC,29,19.0,1,individual,2.75,19,2,19,30.857845580150247,1.954253911972046,3.305069923400879,3.908507823944092
2013725,skillcorner,Western United,Sydney FC,29,19.0,1,tactical,11.75,4,0,4,60.006748953144225,0.0,0.0,0.0
2013725,skillcorner,Western United,Sydney FC,29,19.0,1,team,23.0,2,0,2,63.21867517537602,0.0,0.0,0.0
2013725,skillcorner,Western United,Sydney FC,30,20.0,1,individual,2.75,20,3,20,34.38876325288562,1.8782113393147786,2.2742996215820312,5.634634017944336
2013725,skillcorner,Western United,Sydney FC,30,20.0,1,tactical,11.75,7,1,7,49.2737059698172,0.8696327209472656,0.8696327209472656,0.8696327209472656
2013725,skillcorner,Western United,Sydney FC,30,20.0,1,team,23.0,1,0,1,46.0,0.0,0.0,0.0
2013725,skillcorner,Western United,Sydney FC,31,21.0,1,individual,2.75,22,1,22,31.50306842248744,0.4107780456542969,0.4107780456542969,0.4107780456542969
2013725,skillcorner,Western United,Sydney FC,31,21.0,1,tactical,11.75,3,0,3,56.919607727041864,0.0,0.0,0.0
2013725,skillcorner,Western United,Sydney FC,31,21.0,1,team,23.0,2,0,2,46.0,0.0,0.0,0.0
2013725,skillcorner,Western United,Sydney FC,32,21.0,1,individual,2.75,19,2,19,41.718767528848275,2.836516857147217,3.068601608276367,5.673033714294434
2013725,skillcorner,Western United,Sydney FC,32,21.0,1,tactical,11.75,4,0,4,56.561652268517,0.0,0.0,0.0
2013725,skillcorner,Western United,Sydney FC,32,21.0,1,team,23.0,2,0,2,55.49401107806931,0.0,0.0,0.0
2013725,skillcorner,Western United,Sydney FC,33,22.0,1,individual,2.75,19,2,19,26.585568141114607,0.6775767803192139,0.8666486740112305,1.3551535606384277
2013725,skillcorner,Western United,Sydney FC,33,22.0,1,tactical,11.75,4,0,4,51.67548716310934,0.0,0.0,0.0
2013725,skillcorner,Western United,Sydney FC,33,22.0,1,team,23.0,2,0,2,56.432962405007494,0.0,0.0,0.0
2013725,skillcorner,Western United,Sydney FC,34,22.0,1,individual,2.75,21,2,21,40.32719961902363,1.5255813598632812,2.8533401489257812,3.0511627197265625
2013725,skillcorner,Western United,Sydney FC,34,22.0,1,tactical,11.75,6,1,6,47.95968626152923,8.0372314453125,8.0372314453125,8.0372314453125
2013725,skillcorner,Western United,Sydney FC,34,22.0,1,team,23.0,3,0,3,56.80622872891176,0.0,0.0,0.0
2013725,skillcorner,Western United,Sydney FC,35,23.0,1,individual,2.75,21,6,21,37.83885854954378,1.4834580421447754,2.9276771545410156,8.900748252868652
2013725,skillcorner,Western United,Sydney FC,35,23.0,1,tactical,11.75,9,1,9,47.996499692750035,3.7679882049560547,3.7679882049560547,3.7679882049560547
2013725,skillcorner,Western United,Sydney FC,35,23.0,1,team,23.0,2,0,2,46.0,0.0,0.0,0.0
2013725,skillcorner,Western United,Sydney FC,36,24.0,1,individual,2.75,21,6,21,28.835165208927464,0.5765892664591471,1.2875251770019531,3.459535598754883
2013725,skillcorner,Western United,Sydney FC,36,24.0,1,tactical,11.75,4,0,4,55.305187928711305,0.0,0.0,0.0
2013725,skillcorner,Western United,Sydney FC,36,24.0,1,team,23.0,2,0,2,47.953023802850375,0.0,0.0,0.0
2013725,skillcorner,Western United,Sydney FC,37,24.0,1,individual,2.75,20,1,20,32.935691429425404,5.818724632263184,5.818724632263184,5.818724632263184
2013725,skillcorner,Western United,Sydney FC,37,24.0,1,tactical,11.75,6,0,6,49.82173295637151,0.0,0.0,0.0
2013725,skillcorner,Western United,Sydney FC,37,24.0,1,team,23.0,2,0,2,46.21826754515236,0.0,0.0,0.0
2013725,skillcorner,Western United,Sydney FC,38,25.0,1,individual,2.75,20,3,20,37.289689226953776,1.3741060892740886,3.190927505493164,4.122318267822266
2013725,skillcorner,Western United,Sydney FC,38,25.0,1,tactical,11.75,10,1,10,48.642576000865745,7.845310211181641,7.845310211181641,7.845310211181641
2013725,skillcorner,Western United,Sydney FC,38,25.0,1,team,23.0,2,0,2,46.0,0.0,0.0,0.0
2013725,skillcorner,Western United,Sydney FC,39,25.0,1,individual,2.75,20,2,20,33.3509988173969,0.5747532844543457,0.8307056427001953,1.1495065689086914
2013725,skillcorner,Western United,Sydney FC,39,25.0,1,tactical,11.75,5,0,5,37.417221225793625,0.0,0.0,0.0
2013725,skillcorner,Western United,Sydney FC,39,25.0,1,team,23.0,2,0,2,60.25249975149458,0.0,0.0,0.0
2013725,skillcorner,Western United,Sydney FC,40,26.0,1,individual,2.75,19,2,19,38.58336983764804,1.4602007865905762,2.05629825592041,2.9204015731811523
2013725,skillcorner,Western United,Sydney FC,40,26.0,1,tactical,11.75,5,0,5,43.3817725398666,0.0,0.0,0.0
2013725,skillcorner,Western United,Sydney FC,40,26.0,1,team,23.0,2,0,2,51.356891239421586,0.0,0.0,0.0
2013725,skillcorner,Western United,Sydney FC,41,26.0,1,individual,2.75,22,6,22,40.4271492876226,2.335359573364258,5.517416000366211,14.012157440185547
2013725,skillcorner,Western United,Sydney FC,41,26.0,1,tactical,11.75,7,0,7,54.22088619711043,0.0,0.0,0.0
2013725,skillcorner,Western United,Sydney FC,41,26.0,1,team,23.0,2,0,2,49.69113312591965,0.0,0.0,0.0
2013725,skillcorner,Western United,Sydney FC,42,27.0,1,individual,2.75,22,3,22,35.049677673650066,0.949408213297526,1.999216079711914,2.848224639892578
2013725,skillcorner,Western United,Sydney FC,42,27.0,1,tactical,11.75,8,0,8,51.58698042486896,0.0,0.0,0.0
2013725,skillcorner,Western United,Sydney FC,42,27.0,1,team,23.0,2,0,2,46.0,0.0,0.0,0.0
2013725,skillcorner,Western United,Sydney FC,43,28.0,1,individual,2.75,19,4,19,29.861186062553582,0.9993891716003418,2.749298095703125,3.997556686401367
2013725,skillcorner,Western United,Sydney FC,43,28.0,1,tactical,11.75,4,0,4,48.48675857576177,0.0,0.0,0.0
2013725,skillcorner,Western United,Sydney FC,43,28.0,1,team,23.0,3,0,3,63.4471788988259,0.0,0.0,0.0
2013725,skillcorner,Western United,Sydney FC,44,29.0,1,individual,2.75,17,3,17,34.97627951293847,1.2841558456420898,1.690302848815918,3.8524675369262695
2013725,skillcorner,Western United,Sydney FC,44,29.0,1,tactical,11.75,5,0,5,51.071717917310984,0.0,0.0,0.0
2013725,skillcorner,Western United,Sydney FC,44,29.0,1,team,23.0,2,0,2,54.59492242967326,0.0,0.0,0.0
2013725,skillcorner,Western United,Sydney FC,45,29.0,1,individual,2.75,21,5,21,35.83287747630536,1.7934789657592773,5.876859664916992,8.967394828796387
2013725,skillcorner,Western United,Sydney FC,45,29.0,1,tactical,11.75,5,1,5,47.92927980192937,0.203643798828125,0.203643798828125,0.203643798828125
2013725,skillcorner,Western United,Sydney FC,45,29.0,1,team,23.0,2,0,2,49.258689100781375,0.0,0.0,0.0
2013725,skillcorner,Western United,Sydney FC,46,30.0,1,individual,2.75,21,2,21,37.60848169213963,4.950242519378662,5.997073173522949,9.900485038757324
2013725,skillcorner,Western United,Sydney FC,46,30.0,1,tactical,11.75,8,1,8,44.81792743947819,5.27739143371582,5.27739143371582,5.27739143371582
2013725,skillcorner,Western United,Sydney FC,46,30.0,1,team,23.0,2,0,2,46.0,0.0,0.0,0.0
2013725,skillcorner,Western United,Sydney FC,47,30.0,1,individual,2.75,14,2,14,40.707149891470266,0.7876262664794922,1.0746746063232422,1.5752525329589844
2013725,skillcorner,Western United,Sydney FC,47,30.0,1,tactical,11.75,5,0,5,52.1759018285443,0.0,0.0,0.0
2013725,skillcorner,Western United,Sydney FC,47,30.0,1,team,23.0,2,0,2,65.46833488460173,0.0,0.0,0.0
2013725,skillcorner,Western United,Sydney FC,48,31.0,1,individual,2.75,17,1,17,32.76727768303072,0.33175182342529297,0.33175182342529297,0.33175182342529297
2013725,skillcorner,Western United,Sydney FC,48,31.0,1,tactical,11.75,4,0,4,46.52264276334654,0.0,0.0,0.0
2013725,skillcorner,Western United,Sydney FC,48,31.0,1,team,23.0,3,0,3,61.90371966877519,0.0,0.0,0.0
2013725,skillcorner,Western United,Sydney FC,49,32.0,1,individual,2.75,21,6,21,29.614032478640574,2.0333279768625894,4.738875389099121,12.199967861175537
2013725,skillcorner,Western United,Sydney FC,49,32.0,1,tactical,11.75,2,0,2,59.23764223529134,0.0,0.0,0.0
2013725,skillcorner,Western United,Sydney FC,49,32.0,1,team,23.0,2,0,2,59.23764223529134,0.0,0.0,0.0
2013725,skillcorner,Western United,Sydney FC,50,33.0,1,individual,2.75,22,5,22,37.43865458626394,1.4672979354858398,2.954082489013672,7.336489677429199
2013725,skillcorner,Western United,Sydney FC,50,33.0,1,tactical,11.75,9,3,9,43.21832794758564,3.4333699544270835,5.334001541137695,10.30010986328125
2013725,skillcorner,Western United,Sydney FC,50,33.0,1,team,23.0,1,0,1,46.0,0.0,0.0,0.0
2013725,skillcorner,Western United,Sydney FC,51,33.0,1,individual,2.75,22,4,22,37.24602265764773,1.031311273574829,3.3941516876220703,4.125245094299316
2013725,skillcorner,Western United,Sydney FC,51,33.0,1,tactical,11.75,6,0,6,48.39774998082092,0.0,0.0,0.0
2013725,skillcorner,Western United,Sydney FC,51,33.0,1,team,23.0,2,0,2,46.0,0.0,0.0,0.0
2013725,skillcorner,Western United,Sydney FC,52,34.0,1,individual,2.75,20,5,20,39.17902259223474,1.4390687942504883,4.225289344787598,7.195343971252441
2013725,skillcorner,Western United,Sydney FC,52,34.0,1,tactical,11.75,7,0,7,50.2402488051164,0.0,0.0,0.0
2013725,skillcorner,Western United,Sydney FC,52,34.0,1,team,23.0,2,0,2,46.0,0.0,0.0,0.0
2013725,skillcorner,Western United,Sydney FC,53,34.0,1,individual,2.75,17,3,17,33.967834054812194,2.2083632151285806,4.58782958984375,6.625089645385742
2013725,skillcorner,Western United,Sydney FC,53,34.0,1,tactical,11.75,4,0,4,49.137576425918645,0.0,0.0,0.0
2013725,skillcorner,Western United,Sydney FC,53,34.0,1,team,23.0,2,0,2,59.68984595370743,0.0,0.0,0.0
2013725,skillcorner,Western United,Sydney FC,54,35.0,1,individual,2.75,20,5,20,37.5789647907063,1.815526580810547,3.341580390930176,9.077632904052734
2013725,skillcorner,Western United,Sydney FC,54,35.0,1,tactical,11.75,6,0,6,54.01721685905582,0.0,0.0,0.0
2013725,skillcorner,Western United,Sydney FC,54,35.0,1,team,23.0,2,0,2,48.54860864962104,0.0,0.0,0.0
2013725,skillcorner,Western United,Sydney FC,55,35.0,1,individual,2.75,21,5,21,33.7864286625372,1.3241401672363282,2.6065750122070312,6.620700836181641
2013725,skillcorner,Western United,Sydney FC,55,35.0,1,tactical,11.75,5,0,5,46.22182908574168,0.0,0.0,0.0
2013725,skillcorner,Western United,Sydney FC,55,35.0,1,team,23.0,2,0,2,49.451153191077736,0.0,0.0,0.0
2013725,skillcorner,Western United,Sydney FC,56,36.0,1,individual,2.75,20,5,20,34.982780171655136,1.830954360961914,3.584334373474121,9.15477180480957
2013725,skillcorner,Western United,Sydney FC,56,36.0,1,tactical,11.75,4,0,4,59.90732800272025,0.0,0.0,0.0
2013725,skillcorner,Western United,Sydney FC,56,36.0,1,team,23.0,2,0,2,46.91000078308876,0.0,0.0,0.0
2013725,skillcorner,Western United,Sydney FC,57,36.0,1,individual,2.75,19,3,19,38.13034271671236,1.8087654113769531,2.8445968627929688,5.426296234130859
2013725,skillcorner,Western United,Sydney FC,57,36.0,1,tactical,11.75,6,0,6,50.158811086420776,0.0,0.0,0.0
2013725,skillcorner,Western United,Sydney FC,57,36.0,1,team,23.0,2,0,2,46.0,0.0,0.0,0.0
2013725,skillcorner,Western United,Sydney FC,58,37.0,1,individual,2.75,21,5,21,28.834539654413092,0.5210136413574219,1.4341087341308594,2.6050682067871094
2013725,skillcorner,Western United,Sydney FC,58,37.0,1,tactical,11.75,4,0,4,45.0902949675752,0.0,0.0,0.0
2013725,skillcorner,Western United,Sydney FC,58,37.0,1,team,23.0,3,0,3,63.54260043923014,0.0,0.0,0.0
2013725,skillcorner,Western United,Sydney FC,59,38.0,1,individual,2.75,20,2,20,36.68595059047511,3.2967543601989746,5.253265380859375,6.593508720397949
2013725,skillcorner,Western United,Sydney FC,59,38.0,1,tactical,11.75,5,0,5,53.267292469036,0.0,0.0,0.0
2013725,skillcorner,Western United,Sydney FC,59,38.0,1,team,23.0,2,0,2,53.778644078824776,0.0,0.0,0.0
2013725,skillcorner,Western United,Sydney FC,60,38.0,1,individual,2.75,19,3,19,39.6366917106231,2.262507438659668,4.346567153930664,6.787522315979004
2013725,skillcorner,Western United,Sydney FC,60,38.0,1,tactical,11.75,6,0,6,56.97644772366749,0.0,0.0,0.0
2013725,skillcorner,Western United,Sydney FC,60,38.0,1,team,23.0,2,0,2,48.03684421636765,0.0,0.0,0.0
2013725,skillcorner,Western United,Sydney FC,61,39.0,1,individual,2.75,13,2,13,22.833714547560565,0.9351363182067871,1.0567760467529297,1.8702726364135742
2013725,skillcorner,Western United,Sydney FC,61,39.0,1,tactical,11.75,3,0,3,69.06692057394099,0.0,0.0,0.0
2013725,skillcorner,Western United,Sydney FC,61,39.0,1,team,23.0,2,0,2,62.15366286274877,0.0,0.0,0.0
2013725,skillcorner,Western United,Sydney FC,62,40.0,1,individual,2.75,10,1,10,26.2299847502815,1.186966896057129,1.186966896057129,1.186966896057129
2013725,skillcorner,Western United,Sydney FC,62,40.0,1,tactical,11.75,3,0,3,56.88723301347513,0.0,0.0,0.0
2013725,skillcorner,Western United,Sydney FC,62,40.0,1,team,23.0,2,0,2,63.15661449282261,0.0,0.0,0.0
2013725,skillcorner,Western United,Sydney FC,63,40.0,1,individual,2.75,20,4,20,36.20012940005985,2.8025124073028564,6.028077125549316,11.210049629211426
2013725,skillcorner,Western United,Sydney FC,63,40.0,1,tactical,11.75,6,0,6,49.46012969344514,0.0,0.0,0.0
2013725,skillcorner,Western United,Sydney FC,63,40.0,1,team,23.0,2,0,2,50.69472292484005,0.0,0.0,0.0
2013725,skillcorner,Western United,Sydney FC,64,41.0,1,individual,2.75,20,5,20,38.01568591659179,1.6190948486328125,2.425130844116211,8.095474243164062
2013725,skillcorner,Western United,Sydney FC,64,41.0,1,tactical,11.75,8,0,8,46.76500087683611,0.0,0.0,0.0
2013725,skillcorner,Western United,Sydney FC,64,41.0,1,team,23.0,1,0,1,46.0,0.0,0.0,0.0
2013725,skillcorner,Western United,Sydney FC,65,42.0,1,individual,2.75,21,4,21,33.9045647749998,2.366569995880127,5.420501708984375,9.466279983520508
2013725,skillcorner,Western United,Sydney FC,65,42.0,1,tactical,11.75,4,0,4,47.26249253509561,0.0,0.0,0.0
2013725,skillcorner,Western United,Sydney FC,65,42.0,1,team,23.0,1,0,1,46.0,0.0,0.0,0.0
2013725,skillcorner,Western United,Sydney FC,66,42.0,1,individual,2.75,21,2,21,33.097705827275334,3.5767292976379395,5.700539588928223,7.153458595275879
2013725,skillcorner,Western United,Sydney FC,66,42.0,1,tactical,11.75,3,0,3,68.06748094466916,0.0,0.0,0.0
2013725,skillcorner,Western United,Sydney FC,66,42.0,1,team,23.0,2,0,2,58.414894694951066,0.0,0.0,0.0
2013725,skillcorner,Western United,Sydney FC,67,43.0,1,individual,2.75,21,2,21,30.670089164872042,1.4759762287139893,2.150237560272217,2.9519524574279785
2013725,skillcorner,Western United,Sydney FC,67,43.0,1,tactical,11.75,5,0,5,59.78290998962491,0.0,0.0,0.0
2013725,skillcorner,Western United,Sydney FC,67,43.0,1,team,23.0,2,0,2,46.0,0.0,0.0,0.0
2013725,skillcorner,Western United,Sydney FC,68,43.0,1,individual,2.75,18,2,18,29.98196791406461,0.3243436813354492,0.36186790466308594,0.6486873626708984
2013725,skillcorner,Western United,Sydney FC,68,43.0,1,tactical,11.75,5,0,5,41.08033000991764,0.0,0.0,0.0
2013725,skillcorner,Western United,Sydney FC,68,43.0,1,team,23.0,2,0,2,59.22587536838885,0.0,0.0,0.0
2013725,skillcorner,Western United,Sydney FC,69,44.0,1,individual,2.75,20,4,20,41.14562157692702,2.7879486083984375,6.830307960510254,11.15179443359375
2013725,skillcorner,Western United,Sydney FC,69,44.0,1,tactical,11.75,6,0,6,41.35756115006663,0.0,0.0,0.0
2013725,skillcorner,Western United,Sydney FC,69,44.0,1,team,23.0,2,0,2,49.25246166252601,0.0,0.0,0.0
2013725,skillcorner,Western United,Sydney FC,70,44.0,1,individual,2.75,19,3,19,33.42571551336738,1.9207735061645508,3.577268600463867,5.762320518493652
2013725,skillcorner,Western United,Sydney FC,70,44.0,1,tactical,11.75,5,0,5,35.46999304580504,0.0,0.0,0.0
2013725,skillcorner,Western United,Sydney FC,70,44.0,1,team,23.0,2,0,2,56.842190743549615,0.0,0.0,0.0
2013725,skillcorner,Western United,Sydney FC,71,45.0,1,individual,2.75,22,3,22,37.21099967631932,4.103896299997966,10.157964706420898,12.311688899993896
2013725,skillcorner,Western United,Sydney FC,71,45.0,1,tactical,11.75,5,0,5,50.29409825344497,0.0,0.0,0.0
2013725,skillcorner,Western United,Sydney FC,71,45.0,1,team,23.0,2,0,2,48.86956701307422,0.0,0.0,0.0
2013725,skillcorner,Western United,Sydney FC,72,46.0,1,individual,2.75,22,2,22,36.9221199213592,1.4021434783935547,2.7416067123413086,2.8042869567871094
2013725,skillcorner,Western United,Sydney FC,72,46.0,1,tactical,11.75,6,0,6,50.722924385648994,0.0,0.0,0.0
2013725,skillcorner,Western United,Sydney FC,72,46.0,1,team,23.0,1,0,1,46.0,0.0,0.0,0.0
2013725,skillcorner,Western United,Sydney FC,73,45.0,2,individual,2.75,22,2,22,36.580627914514096,2.245225429534912,3.2722253799438477,4.490450859069824
2013725,skillcorner,Western United,Sydney FC,73,45.0,2,tactical,11.75,6,0,6,51.956496192508176,0.0,0.0,0.0
2013725,skillcorner,Western United,Sydney FC,73,45.0,2,team,23.0,2,0,2,48.2388517075081,0.0,0.0,0.0
2013725,skillcorner,Western United,Sydney FC,74,45.0,2,individual,2.75,18,3,18,32.74665173723872,0.98077392578125,1.734640121459961,2.94232177734375
2013725,skillcorner,Western United,Sydney FC,74,45.0,2,tactical,11.75,4,0,4,56.31976406595884,0.0,0.0,0.0
2013725,skillcorner,Western United,Sydney FC,74,45.0,2,team,23.0,2,0,2,51.21365469713757,0.0,0.0,0.0
2013725,skillcorner,Western United,Sydney FC,75,46.0,2,individual,2.75,21,2,21,31.31343701984764,1.204908847808838,2.071554183959961,2.409817695617676
2013725,skillcorner,Western United,Sydney FC,75,46.0,2,tactical,11.75,6,0,6,45.71967185485569,0.0,0.0,0.0
2013725,skillcorner,Western United,Sydney FC,75,46.0,2,team,23.0,2,0,2,50.42208948179112,0.0,0.0,0.0
2013725,skillcorner,Western United,Sydney FC,76,46.0,2,individual,2.75,19,1,19,31.576021671774814,2.0281777381896973,2.0281777381896973,2.0281777381896973
2013725,skillcorner,Western United,Sydney FC,76,46.0,2,tactical,11.75,4,0,4,53.25830189165725,0.0,0.0,0.0
2013725,skillcorner,Western United,Sydney FC,76,46.0,2,team,23.0,2,0,2,52.320645946798564,0.0,0.0,0.0
2013725,skillcorner,Western United,Sydney FC,77,47.0,2,individual,2.75,14,1,14,28.198757959375556,0.6754369735717773,0.6754369735717773,0.6754369735717773
2013725,skillcorner,Western United,Sydney FC,77,47.0,2,tactical,11.75,4,0,4,60.578361280621124,0.0,0.0,0.0
2013725,skillcorner,Western United,Sydney FC,77,47.0,2,team,23.0,2,0,2,65.00954882940096,0.0,0.0,0.0
2013725,skillcorner,Western United,Sydney FC,78,48.0,2,individual,2.75,19,5,19,34.201703799787,0.5495218276977539,1.7215604782104492,2.7476091384887695
2013725,skillcorner,Western United,Sydney FC,78,48.0,2,tactical,11.75,5,0,5,55.6411814775786,0.0,0.0,0.0
2013725,skillcorner,Western United,Sydney FC,78,48.0,2,team,23.0,1,0,1,46.0,0.0,0.0,0.0
2013725,skillcorner,Western United,Sydney FC,79,48.0,2,individual,2.75,21,4,21,36.40206341747507,1.5577166080474854,2.7099599838256836,6.230866432189941
2013725,skillcorner,Western United,Sydney FC,79,48.0,2,tactical,11.75,5,0,5,46.48872575015339,0.0,0.0,0.0
2013725,skillcorner,Western United,Sydney FC,79,48.0,2,team,23.0,2,0,2,57.170929067013496,0.0,0.0,0.0
2013725,skillcorner,Western United,Sydney FC,80,49.0,2,individual,2.75,17,3,17,29.57547583113702,2.8144089380900064,4.440183639526367,8.44322681427002
2013725,skillcorner,Western United,Sydney FC,80,49.0,2,tactical,11.75,4,0,4,46.765763927885374,0.0,0.0,0.0
2013725,skillcorner,Western United,Sydney FC,80,49.0,2,team,23.0,3,0,3,59.127489976657316,0.0,0.0,0.0
2013725,skillcorner,Western United,Sydney FC,81,49.0,2,individual,2.75,19,4,19,37.776017541126635,1.935269832611084,4.697506904602051,7.741079330444336
2013725,skillcorner,Western United,Sydney FC,81,49.0,2,tactical,11.75,7,0,7,45.47343242822928,0.0,0.0,0.0
2013725,skillcorner,Western United,Sydney FC,81,49.0,2,team,23.0,2,0,2,47.54896712923099,0.0,0.0,0.0
2013725,skillcorner,Western United,Sydney FC,82,50.0,2,individual,2.75,19,3,19,28.177260585695333,0.5294087727864584,1.2515430450439453,1.588226318359375
2013725,skillcorner,Western United,Sydney FC,82,50.0,2,tactical,11.75,4,0,4,52.22371297112943,0.0,0.0,0.0
2013725,skillcorner,Western United,Sydney FC,82,50.0,2,team,23.0,3,0,3,69.51692870223948,0.0,0.0,0.0
2013725,skillcorner,Western United,Sydney FC,83,51.0,2,individual,2.75,17,3,17,39.4280438581678,1.5582574208577473,3.3420467376708984,4.674772262573242
2013725,skillcorner,Western United,Sydney FC,83,51.0,2,tactical,11.75,6,0,6,50.00256579344303,0.0,0.0,0.0
2013725,skillcorner,Western United,Sydney FC,83,51.0,2,team,23.0,1,0,1,46.0,0.0,0.0,0.0
2013725,skillcorner,Western United,Sydney FC,84,52.0,2,individual,2.75,21,2,21,36.29328808739886,4.022806644439697,4.528433799743652,8.045613288879395
2013725,skillcorner,Western United,Sydney FC,84,52.0,2,tactical,11.75,7,0,7,52.97566705573418,0.0,0.0,0.0
2013725,skillcorner,Western United,Sydney FC,84,52.0,2,team,23.0,2,0,2,46.0,0.0,0.0,0.0
2013725,skillcorner,Western United,Sydney FC,85,52.0,2,individual,2.75,19,1,19,31.998040950255277,1.1093559265136719,1.1093559265136719,1.1093559265136719
2013725,skillcorner,Western United,Sydney FC,85,52.0,2,tactical,11.75,5,0,5,50.05826601997944,0.0,0.0,0.0
2013725,skillcorner,Western United,Sydney FC,85,52.0,2,team,23.0,2,0,2,55.05343527108361,0.0,0.0,0.0
2013725,skillcorner,Western United,Sydney FC,86,53.0,2,individual,2.75,22,3,22,36.378759223874816,3.1024726231892905,4.147769927978516,9.307417869567871
2013725,skillcorner,Western United,Sydney FC,86,53.0,2,tactical,11.75,9,0,9,49.254571150547235,0.0,0.0,0.0
2013725,skillcorner,Western United,Sydney FC,86,53.0,2,team,23.0,2,0,2,46.0,0.0,0.0,0.0
2013725,skillcorner,Western United,Sydney FC,87,53.0,2,individual,2.75,21,4,21,37.64953033407292,2.014894962310791,2.942140579223633,8.059579849243164
2013725,skillcorner,Western United,Sydney FC,87,53.0,2,tactical,11.75,4,0,4,52.75896223801026,0.0,0.0,0.0
2013725,skillcorner,Western United,Sydney FC,87,53.0,2,team,23.0,2,0,2,49.68807913765658,0.0,0.0,0.0
2013725,skillcorner,Western United,Sydney FC,88,54.0,2,individual,2.75,14,2,14,29.939772634380738,0.6351897716522217,1.2138643264770508,1.2703795433044434
2013725,skillcorner,Western United,Sydney FC,88,54.0,2,tactical,11.75,3,0,3,61.904189359790024,0.0,0.0,0.0
2013725,skillcorner,Western United,Sydney FC,88,54.0,2,team,23.0,2,0,2,59.979476629760995,0.0,0.0,0.0
2013725,skillcorner,Western United,Sydney FC,89,55.0,2,individual,2.75,20,4,20,40.403508753558384,2.5220727920532227,4.856828689575195,10.08829116821289
2013725,skillcorner,Western United,Sydney FC,89,55.0,2,tactical,11.75,8,1,8,45.56622375484162,3.4209842681884766,3.4209842681884766,3.4209842681884766
2013725,skillcorner,Western United,Sydney FC,89,55.0,2,team,23.0,2,0,2,53.059960958486386,0.0,0.0,0.0
2013725,skillcorner,Western United,Sydney FC,90,55.0,2,individual,2.75,21,4,21,37.718999257304205,0.607694149017334,1.2230510711669922,2.430776596069336
2013725,skillcorner,Western United,Sydney FC,90,55.0,2,tactical,11.75,7,0,7,48.52048459156194,0.0,0.0,0.0
2013725,skillcorner,Western United,Sydney FC,90,55.0,2,team,23.0,2,0,2,46.0,0.0,0.0,0.0
2013725,skillcorner,Western United,Sydney FC,91,56.0,2,individual,2.75,19,4,19,37.46373911633526,2.2422311305999756,5.915122985839844,8.968924522399902
2013725,skillcorner,Western United,Sydney FC,91,56.0,2,tactical,11.75,5,1,5,47.46974569502118,0.06625556945800781,0.06625556945800781,0.06625556945800781
2013725,skillcorner,Western United,Sydney FC,91,56.0,2,team,23.0,2,0,2,46.0,0.0,0.0,0.0
2013725,skillcorner,Western United,Sydney FC,92,56.0,2,individual,2.75,22,5,22,40.21937133258395,2.521834945678711,6.102581024169922,12.609174728393555
2013725,skillcorner,Western United,Sydney FC,92,56.0,2,tactical,11.75,6,0,6,50.2167549965138,0.0,0.0,0.0
2013725,skillcorner,Western United,Sydney FC,92,56.0,2,team,23.0,2,0,2,54.09073677197555,0.0,0.0,0.0
2013725,skillcorner,Western United,Sydney FC,93,57.0,2,individual,2.75,17,1,17,33.49586600461304,3.5741167068481445,3.5741167068481445,3.5741167068481445
2013725,skillcorner,Western United,Sydney FC,93,57.0,2,tactical,11.75,5,0,5,46.58522797361123,0.0,0.0,0.0
2013725,skillcorner,Western United,Sydney FC,93,57.0,2,team,23.0,2,0,2,53.2634798519684,0.0,0.0,0.0
2013725,skillcorner,Western United,Sydney FC,94,58.0,2,individual,2.75,16,0,16,25.763231941830117,0.0,0.0,0.0
2013725,skillcorner,Western United,Sydney FC,94,58.0,2,tactical,11.75,2,0,2,63.535813888587754,0.0,0.0,0.0
2013725,skillcorner,Western United,Sydney FC,94,58.0,2,team,23.0,2,0,2,63.535813888587754,0.0,0.0,0.0
2013725,skillcorner,Western United,Sydney FC,95,59.0,2,individual,2.75,20,4,20,38.28246797282437,1.302182674407959,3.8119354248046875,5.208730697631836
2013725,skillcorner,Western United,Sydney FC,95,59.0,2,tactical,11.75,7,1,7,48.86163225090032,0.30866050720214844,0.30866050720214844,0.30866050720214844
2013725,skillcorner,Western United,Sydney FC,95,59.0,2,team,23.0,2,0,2,46.0,0.0,0.0,0.0
2013725,skillcorner,Western United,Sydney FC,96,59.0,2,individual,2.75,18,2,18,36.88429069400685,0.8643345832824707,1.3201065063476562,1.7286691665649414
2013725,skillcorner,Western United,Sydney FC,96,59.0,2,tactical,11.75,7,1,7,46.86803281555564,2.095174789428711,2.095174789428711,2.095174789428711
2013725,skillcorner,Western United,Sydney FC,96,59.0,2,team,23.0,2,0,2,47.634152787589116,0.0,0.0,0.0
2013725,skillcorner,Western United,Sydney FC,97,60.0,2,individual,2.75,12,2,12,28.973637576961355,1.0320677757263184,1.520120620727539,2.0641355514526367
2013725,skillcorner,Western United,Sydney FC,97,60.0,2,tactical,11.75,3,0,3,66.62935284346871,0.0,0.0,0.0
2013725,skillcorner,Western United,Sydney FC,97,60.0,2,team,23.0,2,0,2,57.90817797136878,0.0,0.0,0.0
2013725,skillcorner,Western United,Sydney FC,98,61.0,2,individual,2.75,20,4,20,33.624875338807705,1.3977489471435547,2.0299606323242188,5.590995788574219
2013725,skillcorner,Western United,Sydney FC,98,61.0,2,tactical,11.75,5,0,5,51.22767502068418,0.0,0.0,0.0
2013725,skillcorner,Western United,Sydney FC,98,61.0,2,team,23.0,2,0,2,50.784201241051434,0.0,0.0,0.0
2013725,skillcorner,Western United,Sydney FC,99,62.0,2,individual,2.75,21,5,21,34.83045527891452,1.2976957321166993,2.5851030349731445,6.488478660583496
2013725,skillcorner,Western United,Sydney FC,99,62.0,2,tactical,11.75,6,0,6,46.124131689302715,0.0,0.0,0.0
2013725,skillcorner,Western United,Sydney FC,99,62.0,2,team,23.0,2,0,2,46.0,0.0,0.0,0.0
2013725,skillcorner,Western United,Sydney FC,100,62.0,2,individual,2.75,21,4,21,34.349286904830365,2.0878069400787354,3.347017288208008,8.351227760314941
2013725,skillcorner,Western United,Sydney FC,100,62.0,2,tactical,11.75,5,0,5,50.485495397844076,0.0,0.0,0.0
2013725,skillcorner,Western United,Sydney FC,100,62.0,2,team,23.0,2,0,2,46.0,0.0,0.0,0.0
2013725,skillcorner,Western United,Sydney FC,101,63.0,2,individual,2.75,20,2,20,31.939389726673888,1.5801196098327637,2.4063615798950195,3.1602392196655273
2013725,skillcorner,Western United,Sydney FC,101,63.0,2,tactical,11.75,4,0,4,44.772954432976476,0.0,0.0,0.0
2013725,skillcorner,Western United,Sydney FC,101,63.0,2,team,23.0,2,0,2,59.41925071328988,0.0,0.0,0.0
2013725,skillcorner,Western United,Sydney FC,102,64.0,2,individual,2.75,17,1,17,28.691863108199563,1.0231966972351074,1.0231966972351074,1.0231966972351074
2013725,skillcorner,Western United,Sydney FC,102,64.0,2,tactical,11.75,3,0,3,71.15830896322667,0.0,0.0,0.0
2013725,skillcorner,Western United,Sydney FC,102,64.0,2,team,23.0,2,0,2,64.02297717144752,0.0,0.0,0.0
2013725,skillcorner,Western United,Sydney FC,103,64.0,2,individual,2.75,19,1,19,31.30876194989524,1.4684457778930664,1.4684457778930664,1.4684457778930664
2013725,skillcorner,Western United,Sydney FC,103,64.0,2,tactical,11.75,4,0,4,51.55428930801514,0.0,0.0,0.0
2013725,skillcorner,Western United,Sydney FC,103,64.0,2,team,23.0,2,0,2,46.0,0.0,0.0,0.0
2013725,skillcorner,Western United,Sydney FC,104,65.0,2,individual,2.75,19,6,19,30.37338281929568,0.8280046780904134,1.3411521911621094,4.9680280685424805
2013725,skillcorner,Western United,Sydney FC,104,65.0,2,tactical,11.75,4,0,4,51.082640209741,0.0,0.0,0.0
2013725,skillcorner,Western United,Sydney FC,104,65.0,2,team,23.0,2,0,2,46.0,0.0,0.0,0.0
2013725,skillcorner,Western United,Sydney FC,105,66.0,2,individual,2.75,19,4,19,32.500053850611096,2.1888086795806885,4.009675025939941,8.755234718322754
2013725,skillcorner,Western United,Sydney FC,105,66.0,2,tactical,11.75,4,0,4,58.74919895739974,0.0,0.0,0.0
2013725,skillcorner,Western United,Sydney FC,105,66.0,2,team,23.0,2,0,2,51.89353014781143,0.0,0.0,0.0
2013725,skillcorner,Western United,Sydney FC,106,66.0,2,individual,2.75,21,3,21,35.773468821808336,2.248701731363932,5.111481666564941,6.746105194091797
2013725,skillcorner,Western United,Sydney FC,106,66.0,2,tactical,11.75,3,0,3,62.33339636055588,0.0,0.0,0.0
2013725,skillcorner,Western United,Sydney FC,106,66.0,2,team,23.0,2,0,2,46.487010528165875,0.0,0.0,0.0
2013725,skillcorner,Western United,Sydney FC,107,67.0,2,individual,2.75,21,2,21,35.29309910124563,1.9449186325073242,2.964662551879883,3.8898372650146484
2013725,skillcorner,Western United,Sydney FC,107,67.0,2,tactical,11.75,8,0,8,44.04318966363995,0.0,0.0,0.0
2013725,skillcorner,Western United,Sydney FC,107,67.0,2,team,23.0,2,0,2,46.0,0.0,0.0,0.0
2013725,skillcorner,Western United,Sydney FC,108,67.0,2,individual,2.75,20,5,20,32.837214499949695,1.1282302856445312,3.385232925415039,5.641151428222656
2013725,skillcorner,Western United,Sydney FC,108,67.0,2,tactical,11.75,6,0,6,47.90529146641792,0.0,0.0,0.0
2013725,skillcorner,Western United,Sydney FC,108,67.0,2,team,23.0,2,0,2,50.712428521773276,0.0,0.0,0.0
2013725,skillcorner,Western United,Sydney FC,109,68.0,2,individual,2.75,21,4,21,34.76817377279231,1.0512996912002563,1.6329503059387207,4.205198764801025
2013725,skillcorner,Western United,Sydney FC,109,68.0,2,tactical,11.75,6,0,6,45.9309137281673,0.0,0.0,0.0
2013725,skillcorner,Western United,Sydney FC,109,68.0,2,team,23.0,2,0,2,46.0,0.0,0.0,0.0
2013725,skillcorner,Western United,Sydney FC,110,68.0,2,individual,2.75,22,1,22,32.15080166344596,1.9070653915405273,1.9070653915405273,1.9070653915405273
2013725,skillcorner,Western United,Sydney FC,110,68.0,2,tactical,11.75,4,0,4,46.85748267353895,0.0,0.0,0.0
2013725,skillcorner,Western United,Sydney FC,110,68.0,2,team,23.0,2,0,2,48.970860327591645,0.0,0.0,0.0
2013725,skillcorner,Western United,Sydney FC,111,69.0,2,individual,2.75,21,2,21,36.06774868150557,2.889908790588379,2.963672637939453,5.779817581176758
2013725,skillcorner,Western United,Sydney FC,111,69.0,2,tactical,11.75,6,0,6,44.98214836750504,0.0,0.0,0.0
2013725,skillcorner,Western United,Sydney FC,111,69.0,2,team,23.0,2,0,2,46.39946604685346,0.0,0.0,0.0
2013725,skillcorner,Western United,Sydney FC,112,70.0,2,individual,2.75,18,2,18,30.796556986491563,1.4177367687225342,2.8243894577026367,2.8354735374450684
2013725,skillcorner,Western United,Sydney FC,112,70.0,2,tactical,11.75,4,0,4,58.74803891296141,0.0,0.0,0.0
2013725,skillcorner,Western United,Sydney FC,112,70.0,2,team,23.0,2,0,2,57.48858028175502,0.0,0.0,0.0
2013725,skillcorner,Western United,Sydney FC,113,70.0,2,individual,2.75,15,1,15,30.310497356526497,2.5615673065185547,2.5615673065185547,2.5615673065185547
2013725,skillcorner,Western United,Sydney FC,113,70.0,2,tactical,11.75,3,0,3,65.75007801827456,0.0,0.0,0.0
2013725,skillcorner,Western United,Sydney FC,113,70.0,2,team,23.0,2,0,2,57.69958103771151,0.0,0.0,0.0
2013725,skillcorner,Western United,Sydney FC,114,71.0,2,individual,2.75,19,3,19,33.7026190030256,3.1402133305867515,7.435932159423828,9.420639991760254
2013725,skillcorner,Western United,Sydney FC,114,71.0,2,tactical,11.75,5,0,5,48.7824071904315,0.0,0.0,0.0
2013725,skillcorner,Western United,Sydney FC,114,71.0,2,team,23.0,2,0,2,48.41699564092577,0.0,0.0,0.0
2013725,skillcorner,Western United,Sydney FC,115,71.0,2,individual,2.75,21,3,21,37.56548889969891,1.3890514373779297,1.8497905731201172,4.167154312133789
2013725,skillcorner,Western United,Sydney FC,115,71.0,2,tactical,11.75,5,0,5,47.401333590662475,0.0,0.0,0.0
2013725,skillcorner,Western United,Sydney FC,115,71.0,2,team,23.0,2,0,2,49.28895995294108,0.0,0.0,0.0
2013725,skillcorner,Western United,Sydney FC,116,72.0,2,individual,2.75,19,3,19,32.71772305197187,2.865476608276367,4.122889518737793,8.596429824829102
2013725,skillcorner,Western United,Sydney FC,116,72.0,2,tactical,11.75,5,0,5,44.951148856008246,0.0,0.0,0.0
2013725,skillcorner,Western United,Sydney FC,116,72.0,2,team,23.0,2,0,2,46.0,0.0,0.0,0.0
2013725,skillcorner,Western United,Sydney FC,117,72.0,2,individual,2.75,20,1,20,39.97678767230299,1.5383243560791016,1.5383243560791016,1.5383243560791016
2013725,skillcorner,Western United,Sydney FC,117,72.0,2,tactical,11.75,4,0,4,43.0972475777607,0.0,0.0,0.0
2013725,skillcorner,Western United,Sydney FC,117,72.0,2,team,23.0,2,0,2,54.41473820170497,0.0,0.0,0.0
2013725,skillcorner,Western United,Sydney FC,118,73.0,2,individual,2.75,21,3,21,40.20505610171236,0.6838251749674479,1.2734060287475586,2.0514755249023438
2013725,skillcorner,Western United,Sydney FC,118,73.0,2,tactical,11.75,5,0,5,56.178918275412215,0.0,0.0,0.0
2013725,skillcorner,Western United,Sydney FC,118,73.0,2,team,23.0,2,0,2,52.79045464893077,0.0,0.0,0.0
2013725,skillcorner,Western United,Sydney FC,119,74.0,2,individual,2.75,18,3,18,34.05056534038753,0.9446659088134766,2.1428089141845703,2.8339977264404297
2013725,skillcorner,Western United,Sydney FC,119,74.0,2,tactical,11.75,4,0,4,56.713703231895735,0.0,0.0,0.0
2013725,skillcorner,Western United,Sydney FC,119,74.0,2,team,23.0,2,0,2,52.37769726033003,0.0,0.0,0.0
2013725,skillcorner,Western United,Sydney FC,120,75.0,2,individual,2.75,16,1,16,29.99938479463838,0.06579875946044922,0.06579875946044922,0.06579875946044922
2013725,skillcorner,Western United,Sydney FC,120,75.0,2,tactical,11.75,3,0,3,61.384056910297645,0.0,0.0,0.0
2013725,skillcorner,Western United,Sydney FC,120,75.0,2,team,23.0,3,0,3,61.384056910297645,0.0,0.0,0.0
2013725,skillcorner,Western United,Sydney FC,121,75.0,2,individual,2.75,17,1,17,28.85355112909582,2.263003349304199,2.263003349304199,2.263003349304199
2013725,skillcorner,Western United,Sydney FC,121,75.0,2,tactical,11.75,4,0,4,54.38537798123552,0.0,0.0,0.0
2013725,skillcorner,Western United,Sydney FC,121,75.0,2,team,23.0,2,0,2,58.059548838566336,0.0,0.0,0.0
2013725,skillcorner,Western United,Sydney FC,122,76.0,2,individual,2.75,20,5,20,32.495465536247686,1.635296630859375,2.4254159927368164,8.176483154296875
2013725,skillcorner,Western United,Sydney FC,122,76.0,2,tactical,11.75,4,0,4,46.341369472065765,0.0,0.0,0.0
2013725,skillcorner,Western United,Sydney FC,122,76.0,2,team,23.0,2,0,2,46.0,0.0,0.0,0.0
2013725,skillcorner,Western United,Sydney FC,123,76.0,2,individual,2.75,17,1,17,26.434772956008285,0.6554946899414062,0.6554946899414062,0.6554946899414062
2013725,skillcorner,Western United,Sydney FC,123,76.0,2,tactical,11.75,3,0,3,48.441174349593105,0.0,0.0,0.0
2013725,skillcorner,Western United,Sydney FC,123,76.0,2,team,23.0,2,0,2,56.59815978996117,0.0,0.0,0.0
2013725,skillcorner,Western United,Sydney FC,124,77.0,2,individual,2.75,20,3,20,30.018601030524508,0.5641717910766602,0.8391046524047852,1.6925153732299805
2013725,skillcorner,Western United,Sydney FC,124,77.0,2,tactical,11.75,4,0,4,49.64119511523323,0.0,0.0,0.0
2013725,skillcorner,Western United,Sydney FC,124,77.0,2,team,23.0,3,0,3,62.12557766663469,0.0,0.0,0.0
2013725,skillcorner,Western United,Sydney FC,125,78.0,2,individual,2.75,21,4,21,34.50512150444165,0.9428853988647461,2.445284843444824,3.7715415954589844
2013725,skillcorner,Western United,Sydney FC,125,78.0,2,tactical,11.75,7,0,7,42.89522458269685,0.0,0.0,0.0
2013725,skillcorner,Western United,Sydney FC,125,78.0,2,team,23.0,2,0,2,46.0,0.0,0.0,0.0
2013725,skillcorner,Western United,Sydney FC,126,78.0,2,individual,2.75,20,3,20,39.50979136381845,0.9512519836425781,1.731541633605957,2.8537559509277344
2013725,skillcorner,Western United,Sydney FC,126,78.0,2,tactical,11.75,6,0,6,50.60309168789084,0.0,0.0,0.0
2013725,skillcorner,Western United,Sydney FC,126,78.0,2,team,23.0,3,0,3,49.247291739667006,0.0,0.0,0.0
2013725,skillcorner,Western United,Sydney FC,127,79.0,2,individual,2.75,14,2,14,18.603901849378992,1.2458751201629639,2.1422486305236816,2.4917502403259277
2013725,skillcorner,Western United,Sydney FC,127,79.0,2,tactical,11.75,2,0,2,54.892804052395554,0.0,0.0,0.0
2013725,skillcorner,Western United,Sydney FC,127,79.0,2,team,23.0,2,0,2,54.892804052395554,0.0,0.0,0.0
2013725,skillcorner,Western United,Sydney FC,128,79.0,2,individual,2.75,18,3,18,25.32896563225589,1.0286696751912434,2.0721235275268555,3.0860090255737305
2013725,skillcorner,Western United,Sydney FC,128,79.0,2,tactical,11.75,3,0,3,38.93102502857942,0.0,0.0,0.0
2013725,skillcorner,Western United,Sydney FC,128,79.0,2,team,23.0,2,0,2,49.68160853633234,0.0,0.0,0.0
2013725,skillcorner,Western United,Sydney FC,129,80.0,2,individual,2.75,20,3,20,33.782123711619185,3.911047617594401,7.444635391235352,11.733142852783203
2013725,skillcorner,Western United,Sydney FC,129,80.0,2,tactical,11.75,4,0,4,54.417874390582625,0.0,0.0,0.0
2013725,skillcorner,Western United,Sydney FC,129,80.0,2,team,23.0,2,0,2,55.77278768998388,0.0,0.0,0.0
2013725,skillcorner,Western United,Sydney FC,130,80.0,2,individual,2.75,20,2,20,39.13137451305859,1.1450791358947754,2.0478830337524414,2.290158271789551
2013725,skillcorner,Western United,Sydney FC,130,80.0,2,tactical,11.75,5,0,5,42.20377300343012,0.0,0.0,0.0
2013725,skillcorner,Western United,Sydney FC,130,80.0,2,team,23.0,2,0,2,55.9378247205513,0.0,0.0,0.0
2013725,skillcorner,Western United,Sydney FC,131,81.0,2,individual,2.75,19,2,19,28.235170728153438,0.35651683807373047,0.4160127639770508,0.7130336761474609
2013725,skillcorner,Western United,Sydney FC,131,81.0,2,tactical,11.75,3,0,3,66.87787011677203,0.0,0.0,0.0
2013725,skillcorner,Western United,Sydney FC,131,81.0,2,team,23.0,3,0,3,66.87787011677203,0.0,0.0,0.0
2013725,skillcorner,Western United,Sydney FC,132,82.0,2,individual,2.75,21,3,21,42.07694442535286,3.1627623240152993,4.832572937011719,9.488286972045898
2013725,skillcorner,Western United,Sydney FC,132,82.0,2,tactical,11.75,11,2,11,48.13838284492551,3.667130470275879,5.146726608276367,7.334260940551758
2013725,skillcorner,Western United,Sydney FC,132,82.0,2,team,23.0,2,0,2,57.214224691325484,0.0,0.0,0.0
2013725,skillcorner,Western United,Sydney FC,133,82.0,2,individual,2.75,21,3,21,30.82328773732781,3.2824834187825522,5.731330871582031,9.847450256347656
2013725,skillcorner,Western United,Sydney FC,133,82.0,2,tactical,11.75,4,0,4,59.37444831175186,0.0,0.0,0.0
2013725,skillcorner,Western United,Sydney FC,133,82.0,2,team,23.0,2,0,2,51.73809051563539,0.0,0.0,0.0
2013725,skillcorner,Western United,Sydney FC,134,83.0,2,individual,2.75,22,3,22,39.10843490280848,2.8270324071248374,5.195985794067383,8.481097221374512
2013725,skillcorner,Western United,Sydney FC,134,83.0,2,tactical,11.75,5,0,5,54.56202139675267,0.0,0.0,0.0
2013725,skillcorner,Western United,Sydney FC,134,83.0,2,team,23.0,2,0,2,48.723995040880666,0.0,0.0,0.0
2013725,skillcorner,Western United,Sydney FC,135,83.0,2,individual,2.75,18,3,18,34.0277078275925,1.268282413482666,1.9020366668701172,3.804847240447998
2013725,skillcorner,Western United,Sydney FC,135,83.0,2,tactical,11.75,5,1,5,42.94094295562467,1.716766357421875,1.716766357421875,1.716766357421875
2013725,skillcorner,Western United,Sydney FC,135,83.0,2,team,23.0,2,0,2,60.893529410244255,0.0,0.0,0.0
2013725,skillcorner,Western United,Sydney FC,136,84.0,2,individual,2.75,11,0,11,34.60992290031862,0.0,0.0,0.0
2013725,skillcorner,Western United,Sydney FC,136,84.0,2,tactical,11.75,4,0,4,55.18132557276808,0.0,0.0,0.0
2013725,skillcorner,Western United,Sydney FC,136,84.0,2,team,23.0,2,0,2,59.35299724602091,0.0,0.0,0.0
2013725,skillcorner,Western United,Sydney FC,137,85.0,2,individual,2.75,19,1,19,28.008489425667875,4.075572967529297,4.075572967529297,4.075572967529297
2013725,skillcorner,Western United,Sydney FC,137,85.0,2,tactical,11.75,2,0,2,59.335670190165544,0.0,0.0,0.0
2013725,skillcorner,Western United,Sydney FC,137,85.0,2,team,23.0,2,0,2,59.335670190165544,0.0,0.0,0.0
2013725,skillcorner,Western United,Sydney FC,138,85.0,2,individual,2.75,18,5,18,37.33332023809294,1.6389310836791993,3.7423954010009766,8.194655418395996
2013725,skillcorner,Western United,Sydney FC,138,85.0,2,tactical,11.75,6,1,6,49.43363818488656,3.412372589111328,3.412372589111328,3.412372589111328
2013725,skillcorner,Western United,Sydney FC,138,85.0,2,team,23.0,2,0,2,53.24965133332031,0.0,0.0,0.0
2013725,skillcorner,Western United,Sydney FC,139,86.0,2,individual,2.75,21,4,21,38.74754216175309,2.2437362670898438,5.0275726318359375,8.974945068359375
2013725,skillcorner,Western United,Sydney FC,139,86.0,2,tactical,11.75,7,1,7,41.94015316164477,1.162332534790039,1.162332534790039,1.162332534790039
2013725,skillcorner,Western United,Sydney FC,139,86.0,2,team,23.0,2,0,2,59.55155381223271,0.0,0.0,0.0
2013725,skillcorner,Western United,Sydney FC,140,87.0,2,individual,2.75,14,0,14,29.20907835858353,0.0,0.0,0.0
2013725,skillcorner,Western United,Sydney FC,140,87.0,2,tactical,11.75,2,0,2,65.83496929509549,0.0,0.0,0.0
2013725,skillcorner,Western United,Sydney FC,140,87.0,2,team,23.0,2,0,2,65.83496929509549,0.0,0.0,0.0
2013725,skillcorner,Western United,Sydney FC,141,88.0,2,individual,2.75,20,3,20,38.40340535671356,3.157538096110026,7.866880416870117,9.472614288330078
2013725,skillcorner,Western United,Sydney FC,141,88.0,2,tactical,11.75,6,0,6,47.49259719128736,0.0,0.0,0.0
2013725,skillcorner,Western United,Sydney FC,141,88.0,2,team,23.0,2,0,2,48.51298574080478,0.0,0.0,0.0
2013725,skillcorner,Western United,Sydney FC,142,88.0,2,individual,2.75,20,1,20,33.47057133524446,2.3912086486816406,2.3912086486816406,2.3912086486816406
2013725,skillcorner,Western United,Sydney FC,142,88.0,2,tactical,11.75,4,0,4,59.04056627442023,0.0,0.0,0.0
2013725,skillcorner,Western United,Sydney FC,142,88.0,2,team,23.0,2,0,2,54.63467107683059,0.0,0.0,0.0
2013725,skillcorner,Western United,Sydney FC,143,89.0,2,individual,2.75,19,4,19,25.015073411423806,1.2575047016143799,2.384840965270996,5.0300188064575195
2013725,skillcorner,Western United,Sydney FC,143,89.0,2,tactical,11.75,3,0,3,62.79800361996277,0.0,0.0,0.0
2013725,skillcorner,Western United,Sydney FC,143,89.0,2,team,23.0,3,0,3,62.79800361996277,0.0,0.0,0.0
2013725,skillcorner,Western United,Sydney FC,144,89.0,2,individual,2.75,21,2,21,36.18926128825829,2.760141372680664,3.7959728240966797,5.520282745361328
2013725,skillcorner,Western United,Sydney FC,144,89.0,2,tactical,11.75,3,0,3,58.78760985360534,0.0,0.0,0.0
2013725,skillcorner,Western United,Sydney FC,144,89.0,2,team,23.0,2,0,2,46.0,0.0,0.0,0.0
2013725,skillcorner,Western United,Sydney FC,145,90.0,2,individual,2.75,20,2,20,35.524604633422065,2.051705837249756,3.702190399169922,4.103411674499512
2013725,skillcorner,Western United,Sydney FC,145,90.0,2,tactical,11.75,5,0,5,48.340240044561035,0.0,0.0,0.0
2013725,skillcorner,Western United,Sydney FC,145,90.0,2,team,23.0,2,0,2,48.80506388450869,0.0,0.0,0.0
2013725,skillcorner,Western United,Sydney FC,146,90.0,2,individual,2.75,20,3,20,36.98593834145829,2.545461336771647,4.751165390014648,7.636384010314941
2013725,skillcorner,Western United,Sydney FC,146,90.0,2,tactical,11.75,3,0,3,54.99433737054716,0.0,0.0,0.0
2013725,skillcorner,Western United,Sydney FC,146,90.0,2,team,23.0,2,0,2,56.179438032044885,0.0,0.0,0.0
2013725,skillcorner,Western United,Sydney FC,147,91.0,2,individual,2.75,18,2,18,28.644039519592905,2.4292960166931152,2.777446746826172,4.8585920333862305
2013725,skillcorner,Western United,Sydney FC,147,91.0,2,tactical,11.75,5,0,5,45.04845559340326,0.0,0.0,0.0
2013725,skillcorner,Western United,Sydney FC,147,91.0,2,team,23.0,2,0,2,52.17881588982639,0.0,0.0,0.0
2013725,skillcorner,Western United,Sydney FC,148,91.0,2,individual,2.75,19,5,19,28.653040988408286,0.8746932983398438,1.3594951629638672,4.373466491699219
2013725,skillcorner,Western United,Sydney FC,148,91.0,2,tactical,11.75,3,0,3,61.82565002093418,0.0,0.0,0.0
2013725,skillcorner,Western United,Sydney FC,148,91.0,2,team,23.0,2,0,2,50.68794187227536,0.0,0.0,0.0
2013725,skillcorner,Western United,Sydney FC,149,92.0,2,individual,2.75,21,4,21,33.94681276892915,2.064838171005249,4.828802108764648,8.259352684020996
2013725,skillcorner,Western United,Sydney FC,149,92.0,2,tactical,11.75,4,0,4,53.01070772148334,0.0,0.0,0.0
2013725,skillcorner,Western United,Sydney FC,149,92.0,2,team,23.0,2,0,2,55.23819709760723,0.0,0.0,0.0
2011166,skillcorner,Wellington P FC,Melbourne V FC,0,0.0,1,individual,2.75,22,4,22,33.5118056999147,2.574626088142395,4.803386688232422,10.29850435256958
2011166,skillcorner,Wellington P FC,Melbourne V FC,0,0.0,1,tactical,11.75,5,0,5,54.31262878431919,0.0,0.0,0.0
2011166,skillcorner,Wellington P FC,Melbourne V FC,0,0.0,1,team,23.0,1,0,1,46.0,0.0,0.0,0.0
2011166,skillcorner,Wellington P FC,Melbourne V FC,1,0.0,1,individual,2.75,19,1,19,32.310076587087266,1.0736408233642578,1.0736408233642578,1.0736408233642578
2011166,skillcorner,Wellington P FC,Melbourne V FC,1,0.0,1,tactical,11.75,4,0,4,48.65421361648666,0.0,0.0,0.0
2011166,skillcorner,Wellington P FC,Melbourne V FC,1,0.0,1,team,23.0,3,0,3,61.11185046074378,0.0,0.0,0.0
2011166,skillcorner,Wellington P FC,Melbourne V FC,2,1.0,1,individual,2.75,10,0,10,34.86182152441263,0.0,0.0,0.0
2011166,skillcorner,Wellington P FC,Melbourne V FC,2,1.0,1,tactical,11.75,5,0,5,50.48067257145836,0.0,0.0,0.0
2011166,skillcorner,Wellington P FC,Melbourne V FC,2,1.0,1,team,23.0,2,0,2,67.69285209136217,0.0,0.0,0.0
2011166,skillcorner,Wellington P FC,Melbourne V FC,3,1.0,1,individual,2.75,19,4,19,36.41488813291502,0.8960697650909424,2.526813507080078,3.5842790603637695
2011166,skillcorner,Wellington P FC,Melbourne V FC,3,1.0,1,tactical,11.75,7,0,7,52.319014230010104,0.0,0.0,0.0
2011166,skillcorner,Wellington P FC,Melbourne V FC,3,1.0,1,team,23.0,2,0,2,46.0,0.0,0.0,0.0
2011166,skillcorner,Wellington P FC,Melbourne V FC,4,2.0,1,individual,2.75,21,3,21,25.408596431251024,0.6206293106079102,0.9424581527709961,1.8618879318237305
2011166,skillcorner,Wellington P FC,Melbourne V FC,4,2.0,1,tactical,11.75,3,0,3,63.72607786535542,0.0,0.0,0.0
2011166,skillcorner,Wellington P FC,Melbourne V FC,4,2.0,1,team,23.0,2,0,2,49.806698292343974,0.0,0.0,0.0
2011166,skillcorner,Wellington P FC,Melbourne V FC,5,2.0,1,individual,2.75,18,1,18,33.38083282364297,0.48253965377807617,0.48253965377807617,0.48253965377807617
2011166,skillcorner,Wellington P FC,Melbourne V FC,5,2.0,1,tactical,11.75,4,0,4,49.42010293658614,0.0,0.0,0.0
2011166,skillcorner,Wellington P FC,Melbourne V FC,5,2.0,1,team,23.0,2,0,2,51.910808878865005,0.0,0.0,0.0
2011166,skillcorner,Wellington P FC,Melbourne V FC,6,2.0,1,individual,2.75,17,2,17,29.793486294764648,2.1597800254821777,2.4292478561401367,4.3195600509643555
2011166,skillcorner,Wellington P FC,Melbourne V FC,6,2.0,1,tactical,11.75,2,0,2,60.750377056209736,0.0,0.0,0.0
2011166,skillcorner,Wellington P FC,Melbourne V FC,6,2.0,1,team,23.0,2,0,2,60.750377056209736,0.0,0.0,0.0
2011166,skillcorner,Wellington P FC,Melbourne V FC,7,4.0,1,individual,2.75,20,1,20,36.04864997247718,1.0649681091308594,1.0649681091308594,1.0649681091308594
2011166,skillcorner,Wellington P FC,Melbourne V FC,7,4.0,1,tactical,11.75,7,0,7,47.23557981013888,0.0,0.0,0.0
2011166,skillcorner,Wellington P FC,Melbourne V FC,7,4.0,1,team,23.0,2,0,2,46.0,0.0,0.0,0.0
2011166,skillcorner,Wellington P FC,Melbourne V FC,8,4.0,1,individual,2.75,17,2,17,39.93997930356627,4.225008964538574,5.892221450805664,8.450017929077148
2011166,skillcorner,Wellington P FC,Melbourne V FC,8,4.0,1,tactical,11.75,5,0,5,51.24659591744281,0.0,0.0,0.0
2011166,skillcorner,Wellington P FC,Melbourne V FC,8,4.0,1,team,23.0,2,0,2,62.671338840159954,0.0,0.0,0.0
2011166,skillcorner,Wellington P FC,Melbourne V FC,9,5.0,1,individual,2.75,16,1,16,33.22974779454182,0.8817634582519531,0.8817634582519531,0.8817634582519531
2011166,skillcorner,Wellington P FC,Melbourne V FC,9,5.0,1,tactical,11.75,3,0,3,52.84325420818713,0.0,0.0,0.0
2011166,skillcorner,Wellington P FC,Melbourne V FC,9,5.0,1,team,23.0,2,0,2,60.917564656455774,0.0,0.0,0.0
2011166,skillcorner,Wellington P FC,Melbourne V FC,10,6.0,1,individual,2.75,19,1,19,30.787172082028412,3.4214630126953125,3.4214630126953125,3.4214630126953125
2011166,skillcorner,Wellington P FC,Melbourne V FC,10,6.0,1,tactical,11.75,4,0,4,46.82482792087232,0.0,0.0,0.0
2011166,skillcorner,Wellington P FC,Melbourne V FC,10,6.0,1,team,23.0,2,0,2,48.3885562664461,0.0,0.0,0.0
2011166,skillcorner,Wellington P FC,Melbourne V FC,11,6.0,1,individual,2.75,20,3,20,36.18657962379084,2.137460390726725,4.294513702392578,6.412381172180176
2011166,skillcorner,Wellington P FC,Melbourne V FC,11,6.0,1,tactical,11.75,7,0,7,53.280290211296716,0.0,0.0,0.0
2011166,skillcorner,Wellington P FC,Melbourne V FC,11,6.0,1,team,23.0,2,0,2,48.66992400337534,0.0,0.0,0.0
2011166,skillcorner,Wellington P FC,Melbourne V FC,12,7.0,1,individual,2.75,19,2,19,30.762900455999223,0.930689811706543,0.9753513336181641,1.861379623413086
2011166,skillcorner,Wellington P FC,Melbourne V FC,12,7.0,1,tactical,11.75,5,0,5,44.191229784376524,0.0,0.0,0.0
2011166,skillcorner,Wellington P FC,Melbourne V FC,12,7.0,1,team,23.0,2,0,2,46.0,0.0,0.0,0.0
2011166,skillcorner,Wellington P FC,Melbourne V FC,13,7.0,1,individual,2.75,14,1,14,31.015007241403868,1.1866016387939453,1.1866016387939453,1.1866016387939453
2011166,skillcorner,Wellington P FC,Melbourne V FC,13,7.0,1,tactical,11.75,2,0,2,61.95783136596774,0.0,0.0,0.0
2011166,skillcorner,Wellington P FC,Melbourne V FC,13,7.0,1,team,23.0,2,0,2,61.95783136596774,0.0,0.0,0.0
2011166,skillcorner,Wellington P FC,Melbourne V FC,14,8.0,1,individual,2.75,19,3,19,30.020491861795257,2.0450595219930015,2.543670654296875,6.135178565979004
2011166,skillcorner,Wellington P FC,Melbourne V FC,14,8.0,1,tactical,11.75,3,0,3,59.26399698191159,0.0,0.0,0.0
2011166,skillcorner,Wellington P FC,Melbourne V FC,14,8.0,1,team,23.0,2,0,2,46.0,0.0,0.0,0.0
2011166,skillcorner,Wellington P FC,Melbourne V FC,15,8.0,1,individual,2.75,19,2,19,34.733515291915964,3.051751136779785,5.537045478820801,6.10350227355957
2011166,skillcorner,Wellington P FC,Melbourne V FC,15,8.0,1,tactical,11.75,6,0,6,47.2119036621924,0.0,0.0,0.0
2011166,skillcorner,Wellington P FC,Melbourne V FC,15,8.0,1,team,23.0,2,0,2,46.0,0.0,0.0,0.0
2011166,skillcorner,Wellington P FC,Melbourne V FC,16,8.0,1,individual,2.75,20,1,20,32.033723674631986,2.7006683349609375,2.7006683349609375,2.7006683349609375
2011166,skillcorner,Wellington P FC,Melbourne V FC,16,8.0,1,tactical,11.75,4,0,4,47.577526306133564,0.0,0.0,0.0
2011166,skillcorner,Wellington P FC,Melbourne V FC,16,8.0,1,team,23.0,2,0,2,59.231283274696544,0.0,0.0,0.0
2011166,skillcorner,Wellington P FC,Melbourne V FC,17,9.0,1,individual,2.75,16,1,16,33.24038321800077,0.8689231872558594,0.8689231872558594,0.8689231872558594
2011166,skillcorner,Wellington P FC,Melbourne V FC,17,9.0,1,tactical,11.75,6,1,6,48.005027269447766,1.7958297729492188,1.7958297729492188,1.7958297729492188
2011166,skillcorner,Wellington P FC,Melbourne V FC,17,9.0,1,team,23.0,2,0,2,57.902958033071094,0.0,0.0,0.0
2011166,skillcorner,Wellington P FC,Melbourne V FC,18,9.0,1,individual,2.75,20,3,20,39.817556750974,1.810826301574707,3.454130172729492,5.432478904724121
2011166,skillcorner,Wellington P FC,Melbourne V FC,18,9.0,1,tactical,11.75,4,0,4,58.933463926083675,0.0,0.0,0.0
2011166,skillcorner,Wellington P FC,Melbourne V FC,18,9.0,1,team,23.0,2,0,2,53.84676609436133,0.0,0.0,0.0
2011166,skillcorner,Wellington P FC,Melbourne V FC,19,11.0,1,individual,2.75,20,5,20,38.18335152000846,1.5449583053588867,4.720417022705078,7.724791526794434
2011166,skillcorner,Wellington P FC,Melbourne V FC,19,11.0,1,tactical,11.75,9,1,9,44.61305558821843,11.395393371582031,11.395393371582031,11.395393371582031
2011166,skillcorner,Wellington P FC,Melbourne V FC,19,11.0,1,team,23.0,2,0,2,49.00460600546205,0.0,0.0,0.0
2011166,skillcorner,Wellington P FC,Melbourne V FC,20,11.0,1,individual,2.75,21,5,21,36.75827364563496,0.7398557662963867,2.147035598754883,3.6992788314819336
2011166,skillcorner,Wellington P FC,Melbourne V FC,20,11.0,1,tactical,11.75,7,0,7,46.61030036376079,0.0,0.0,0.0
2011166,skillcorner,Wellington P FC,Melbourne V FC,20,11.0,1,team,23.0,2,0,2,47.121611424751876,0.0,0.0,0.0
2011166,skillcorner,Wellington P FC,Melbourne V FC,21,12.0,1,individual,2.75,19,3,19,33.01669312989141,2.077861785888672,3.30507755279541,6.233585357666016
2011166,skillcorner,Wellington P FC,Melbourne V FC,21,12.0,1,tactical,11.75,4,0,4,48.99972802622148,0.0,0.0,0.0
2011166,skillcorner,Wellington P FC,Melbourne V FC,21,12.0,1,team,23.0,2,0,2,54.21699575801803,0.0,0.0,0.0
2011166,skillcorner,Wellington P FC,Melbourne V FC,22,12.0,1,individual,2.75,19,1,19,34.74554161956398,2.033026695251465,2.033026695251465,2.033026695251465
2011166,skillcorner,Wellington P FC,Melbourne V FC,22,12.0,1,tactical,11.75,5,0,5,47.20847089097996,0.0,0.0,0.0
2011166,skillcorner,Wellington P FC,Melbourne V FC,22,12.0,1,team,23.0,2,0,2,46.0,0.0,0.0,0.0
2011166,skillcorner,Wellington P FC,Melbourne V FC,23,13.0,1,individual,2.75,20,2,20,34.598819587309784,0.8380475044250488,0.9600915908813477,1.6760950088500977
2011166,skillcorner,Wellington P FC,Melbourne V FC,23,13.0,1,tactical,11.75,5,1,5,49.66189291763987,0.7000198364257812,0.7000198364257812,0.7000198364257812
2011166,skillcorner,Wellington P FC,Melbourne V FC,23,13.0,1,team,23.0,2,0,2,46.12449733762446,0.0,0.0,0.0
2011166,skillcorner,Wellington P FC,Melbourne V FC,24,13.0,1,individual,2.75,20,2,20,34.78887538686577,0.7779896259307861,0.9489178657531738,1.5559792518615723
2011166,skillcorner,Wellington P FC,Melbourne V FC,24,13.0,1,tactical,11.75,6,0,6,47.49231348837668,0.0,0.0,0.0
2011166,skillcorner,Wellington P FC,Melbourne V FC,24,13.0,1,team,23.0,2,0,2,55.59226852067089,0.0,0.0,0.0
2011166,skillcorner,Wellington P FC,Melbourne V FC,25,14.0,1,individual,2.75,21,3,21,35.2356778395323,3.2606147130330405,5.338587760925293,9.781844139099121
2011166,skillcorner,Wellington P FC,Melbourne V FC,25,14.0,1,tactical,11.75,6,0,6,50.68295194958914,0.0,0.0,0.0
2011166,skillcorner,Wellington P FC,Melbourne V FC,25,14.0,1,team,23.0,2,0,2,48.192731673643486,0.0,0.0,0.0
2011166,skillcorner,Wellington P FC,Melbourne V FC,26,14.0,1,individual,2.75,17,3,17,35.78828667982681,1.0050471623738606,1.2966957092285156,3.015141487121582
2011166,skillcorner,Wellington P FC,Melbourne V FC,26,14.0,1,tactical,11.75,4,0,4,58.96482584666892,0.0,0.0,0.0
2011166,skillcorner,Wellington P FC,Melbourne V FC,26,14.0,1,team,23.0,2,0,2,59.60486745445407,0.0,0.0,0.0
2011166,skillcorner,Wellington P FC,Melbourne V FC,27,15.0,1,individual,2.75,22,3,22,33.58867632276544,2.30731995900472,4.590643882751465,6.92195987701416
2011166,skillcorner,Wellington P FC,Melbourne V FC,27,15.0,1,tactical,11.75,3,0,3,49.59534272827713,0.0,0.0,0.0
2011166,skillcorner,Wellington P FC,Melbourne V FC,27,15.0,1,team,23.0,2,0,2,60.19687145425264,0.0,0.0,0.0
2011166,skillcorner,Wellington P FC,Melbourne V FC,28,15.0,1,individual,2.75,19,2,19,33.195236822082876,0.22689580917358398,0.2685670852661133,0.45379161834716797
2011166,skillcorner,Wellington P FC,Melbourne V FC,28,15.0,1,tactical,11.75,5,1,5,39.37832386861044,2.236452102661133,2.236452102661133,2.236452102661133
2011166,skillcorner,Wellington P FC,Melbourne V FC,28,15.0,1,team,23.0,2,0,2,57.15791613081458,0.0,0.0,0.0
2011166,skillcorner,Wellington P FC,Melbourne V FC,29,16.0,1,individual,2.75,18,2,18,31.535353177029744,2.830575942993164,2.911076545715332,5.661151885986328
2011166,skillcorner,Wellington P FC,Melbourne V FC,29,16.0,1,tactical,11.75,6,0,6,49.88291925415345,0.0,0.0,0.0
2011166,skillcorner,Wellington P FC,Melbourne V FC,29,16.0,1,team,23.0,2,0,2,51.41080636070199,0.0,0.0,0.0
2011166,skillcorner,Wellington P FC,Melbourne V FC,30,17.0,1,individual,2.75,16,1,16,26.23304896367828,0.5222482681274414,0.5222482681274414,0.5222482681274414
2011166,skillcorner,Wellington P FC,Melbourne V FC,30,17.0,1,tactical,11.75,3,0,3,63.36021380821505,0.0,0.0,0.0
2011166,skillcorner,Wellington P FC,Melbourne V FC,30,17.0,1,team,23.0,2,0,2,52.58460030169373,0.0,0.0,0.0
2011166,skillcorner,Wellington P FC,Melbourne V FC,31,17.0,1,individual,2.75,20,1,20,33.88754799681799,0.14307498931884766,0.14307498931884766,0.14307498931884766
2011166,skillcorner,Wellington P FC,Melbourne V FC,31,17.0,1,tactical,11.75,4,0,4,50.253492900935946,0.0,0.0,0.0
2011166,skillcorner,Wellington P FC,Melbourne V FC,31,17.0,1,team,23.0,2,0,2,52.8518444984981,0.0,0.0,0.0
2011166,skillcorner,Wellington P FC,Melbourne V FC,32,17.0,1,individual,2.75,21,3,21,36.532196247062075,2.6797157923380532,3.8137454986572266,8.03914737701416
2011166,skillcorner,Wellington P FC,Melbourne V FC,32,17.0,1,tactical,11.75,5,0,5,45.37005664745692,0.0,0.0,0.0
2011166,skillcorner,Wellington P FC,Melbourne V FC,32,17.0,1,team,23.0,2,0,2,54.12286396574811,0.0,0.0,0.0
2011166,skillcorner,Wellington P FC,Melbourne V FC,33,18.0,1,individual,2.75,20,1,20,34.61858925613368,1.5105648040771484,1.5105648040771484,1.5105648040771484
2011166,skillcorner,Wellington P FC,Melbourne V FC,33,18.0,1,tactical,11.75,5,1,5,53.24757457814499,1.6455001831054688,1.6455001831054688,1.6455001831054688
2011166,skillcorner,Wellington P FC,Melbourne V FC,33,18.0,1,team,23.0,2,0,2,53.654745961306496,0.0,0.0,0.0
2011166,skillcorner,Wellington P FC,Melbourne V FC,34,19.0,1,individual,2.75,20,4,20,34.361527849025144,2.160667896270752,3.941462516784668,8.642671585083008
2011166,skillcorner,Wellington P FC,Melbourne V FC,34,19.0,1,tactical,11.75,5,0,5,45.52902914840139,0.0,0.0,0.0
2011166,skillcorner,Wellington P FC,Melbourne V FC,34,19.0,1,team,23.0,2,0,2,46.0,0.0,0.0,0.0
2011166,skillcorner,Wellington P FC,Melbourne V FC,35,19.0,1,individual,2.75,18,3,18,35.89999721448457,2.564185460408529,4.219947814941406,7.692556381225586
2011166,skillcorner,Wellington P FC,Melbourne V FC,35,19.0,1,tactical,11.75,6,0,6,50.577320763181724,0.0,0.0,0.0
2011166,skillcorner,Wellington P FC,Melbourne V FC,35,19.0,1,team,23.0,2,0,2,46.0,0.0,0.0,0.0
2011166,skillcorner,Wellington P FC,Melbourne V FC,36,20.0,1,individual,2.75,21,3,21,34.187630212139744,1.6145081520080566,2.7956018447875977,4.84352445602417
2011166,skillcorner,Wellington P FC,Melbourne V FC,36,20.0,1,tactical,11.75,4,0,4,49.108935665241106,0.0,0.0,0.0
2011166,skillcorner,Wellington P FC,Melbourne V FC,36,20.0,1,team,23.0,2,0,2,50.88400849168044,0.0,0.0,0.0
2011166,skillcorner,Wellington P FC,Melbourne V FC,37,20.0,1,individual,2.75,21,2,21,33.970451547101675,0.44130373001098633,0.857269287109375,0.8826074600219727
2011166,skillcorner,Wellington P FC,Melbourne V FC,37,20.0,1,tactical,11.75,6,0,6,50.740232418928265,0.0,0.0,0.0
2011166,skillcorner,Wellington P FC,Melbourne V FC,37,20.0,1,team,23.0,2,0,2,46.0,0.0,0.0,0.0
2011166,skillcorner,Wellington P FC,Melbourne V FC,38,20.0,1,individual,2.75,20,1,20,34.330892970471965,0.16711664199829102,0.16711664199829102,0.16711664199829102
2011166,skillcorner,Wellington P FC,Melbourne V FC,38,20.0,1,tactical,11.75,4,0,4,44.06171168657983,0.0,0.0,0.0
2011166,skillcorner,Wellington P FC,Melbourne V FC,38,20.0,1,team,23.0,2,0,2,61.28565451027536,0.0,0.0,0.0
2011166,skillcorner,Wellington P FC,Melbourne V FC,39,21.0,1,individual,2.75,21,1,21,31.655072538502754,5.206531524658203,5.206531524658203,5.206531524658203
2011166,skillcorner,Wellington P FC,Melbourne V FC,39,21.0,1,tactical,11.75,5,0,5,48.7631481480566,0.0,0.0,0.0
2011166,skillcorner,Wellington P FC,Melbourne V FC,39,21.0,1,team,23.0,2,0,2,48.11618090468744,0.0,0.0,0.0
2011166,skillcorner,Wellington P FC,Melbourne V FC,40,22.0,1,individual,2.75,17,1,17,26.804849958369047,6.521432876586914,6.521432876586914,6.521432876586914
2011166,skillcorner,Wellington P FC,Melbourne V FC,40,22.0,1,tactical,11.75,5,0,5,47.27033881873132,0.0,0.0,0.0
2011166,skillcorner,Wellington P FC,Melbourne V FC,40,22.0,1,team,23.0,2,0,2,51.72856874142452,0.0,0.0,0.0
2011166,skillcorner,Wellington P FC,Melbourne V FC,41,23.0,1,individual,2.75,18,1,18,29.189210335327676,1.901118278503418,1.901118278503418,1.901118278503418
2011166,skillcorner,Wellington P FC,Melbourne V FC,41,23.0,1,tactical,11.75,3,0,3,60.65355024197367,0.0,0.0,0.0
2011166,skillcorner,Wellington P FC,Melbourne V FC,41,23.0,1,team,23.0,2,0,2,58.870149789865316,0.0,0.0,0.0
2011166,skillcorner,Wellington P FC,Melbourne V FC,42,24.0,1,individual,2.75,13,1,13,37.35624431652087,1.080869197845459,1.080869197845459,1.080869197845459
2011166,skillcorner,Wellington P FC,Melbourne V FC,42,24.0,1,tactical,11.75,3,0,3,68.23319114317765,0.0,0.0,0.0
2011166,skillcorner,Wellington P FC,Melbourne V FC,42,24.0,1,team,23.0,2,0,2,63.89226173252165,0.0,0.0,0.0
2011166,skillcorner,Wellington P FC,Melbourne V FC,43,25.0,1,individual,2.75,19,4,19,28.493277919784674,1.188286542892456,2.4410953521728516,4.753146171569824
2011166,skillcorner,Wellington P FC,Melbourne V FC,43,25.0,1,tactical,11.75,3,0,3,66.5986935232225,0.0,0.0,0.0
2011166,skillcorner,Wellington P FC,Melbourne V FC,43,25.0,1,team,23.0,2,0,2,50.31902447421135,0.0,0.0,0.0
2011166,skillcorner,Wellington P FC,Melbourne V FC,44,26.0,1,individual,2.75,18,2,18,33.88753458131766,0.19343328475952148,0.24782085418701172,0.38686656951904297
2011166,skillcorner,Wellington P FC,Melbourne V FC,44,26.0,1,tactical,11.75,4,0,4,54.649175161013375,0.0,0.0,0.0
2011166,skillcorner,Wellington P FC,Melbourne V FC,44,26.0,1,team,23.0,2,0,2,54.85667733350756,0.0,0.0,0.0
2011166,skillcorner,Wellington P FC,Melbourne V FC,45,26.0,1,individual,2.75,19,3,19,30.517152196447917,2.0671772956848145,2.918489456176758,6.201531887054443
2011166,skillcorner,Wellington P FC,Melbourne V FC,45,26.0,1,tactical,11.75,3,0,3,68.31492400930803,0.0,0.0,0.0
2011166,skillcorner,Wellington P FC,Melbourne V FC,45,26.0,1,team,23.0,2,0,2,57.6609206999309,0.0,0.0,0.0
2011166,skillcorner,Wellington P FC,Melbourne V FC,46,27.0,1,individual,2.75,20,3,20,36.17371576959022,0.7591047286987305,1.7797260284423828,2.2773141860961914
2011166,skillcorner,Wellington P FC,Melbourne V FC,46,27.0,1,tactical,11.75,6,0,6,49.07155244429525,0.0,0.0,0.0
2011166,skillcorner,Wellington P FC,Melbourne V FC,46,27.0,1,team,23.0,2,0,2,47.24183943014671,0.0,0.0,0.0
2011166,skillcorner,Wellington P FC,Melbourne V FC,47,27.0,1,individual,2.75,18,3,18,36.2211015845736,2.066665013631185,3.305927276611328,6.199995040893555
2011166,skillcorner,Wellington P FC,Melbourne V FC,47,27.0,1,tactical,11.75,6,0,6,43.75970346892864,0.0,0.0,0.0
2011166,skillcorner,Wellington P FC,Melbourne V FC,47,27.0,1,team,23.0,2,0,2,46.0,0.0,0.0,0.0
2011166,skillcorner,Wellington P FC,Melbourne V FC,48,28.0,1,individual,2.75,16,1,16,31.93663913422977,0.7307910919189453,0.7307910919189453,0.7307910919189453
2011166,skillcorner,Wellington P FC,Melbourne V FC,48,28.0,1,tactical,11.75,4,0,4,48.06065172820209,0.0,0.0,0.0
2011166,skillcorner,Wellington P FC,Melbourne V FC,48,28.0,1,team,23.0,2,0,2,46.409178584802596,0.0,0.0,0.0
2011166,skillcorner,Wellington P FC,Melbourne V FC,49,28.0,1,individual,2.75,20,2,20,32.27443936598306,0.7073183059692383,1.0361995697021484,1.4146366119384766
2011166,skillcorner,Wellington P FC,Melbourne V FC,49,28.0,1,tactical,11.75,4,0,4,45.65974264994544,0.0,0.0,0.0
2011166,skillcorner,Wellington P FC,Melbourne V FC,49,28.0,1,team,23.0,2,0,2,46.21134853157367,0.0,0.0,0.0
2011166,skillcorner,Wellington P FC,Melbourne V FC,50,29.0,1,individual,2.75,18,4,18,32.21878334139885,0.5434103012084961,0.9919490814208984,2.1736412048339844
2011166,skillcorner,Wellington P FC,Melbourne V FC,50,29.0,1,tactical,11.75,4,0,4,45.99801801325254,0.0,0.0,0.0
2011166,skillcorner,Wellington P FC,Melbourne V FC,50,29.0,1,team,23.0,2,0,2,56.5215545925631,0.0,0.0,0.0
2011166,skillcorner,Wellington P FC,Melbourne V FC,51,30.0,1,individual,2.75,10,0,10,40.218983080132695,0.0,0.0,0.0
2011166,skillcorner,Wellington P FC,Melbourne V FC,51,30.0,1,tactical,11.75,4,0,4,60.753181255403476,0.0,0.0,0.0
2011166,skillcorner,Wellington P FC,Melbourne V FC,51,30.0,1,team,23.0,2,0,2,64.60488991131798,0.0,0.0,0.0
2011166,skillcorner,Wellington P FC,Melbourne V FC,52,31.0,1,individual,2.75,17,2,17,31.598925556194363,2.169222831726074,3.164999008178711,4.338445663452148
2011166,skillcorner,Wellington P FC,Melbourne V FC,52,31.0,1,tactical,11.75,5,0,5,45.24519601957087,0.0,0.0,0.0
2011166,skillcorner,Wellington P FC,Melbourne V FC,52,31.0,1,team,23.0,2,0,2,60.78189840110814,0.0,0.0,0.0
2011166,skillcorner,Wellington P FC,Melbourne V FC,53,32.0,1,individual,2.75,19,3,19,39.52933054732051,2.4206755956014,5.108335494995117,7.262026786804199
2011166,skillcorner,Wellington P FC,Melbourne V FC,53,32.0,1,tactical,11.75,5,0,5,48.748120505156315,0.0,0.0,0.0
2011166,skillcorner,Wellington P FC,Melbourne V FC,53,32.0,1,team,23.0,2,0,2,62.84512824930188,0.0,0.0,0.0
2011166,skillcorner,Wellington P FC,Melbourne V FC,54,32.0,1,individual,2.75,16,1,16,34.57245150677973,1.3990964889526367,1.3990964889526367,1.3990964889526367
2011166,skillcorner,Wellington P FC,Melbourne V FC,54,32.0,1,tactical,11.75,4,0,4,53.61533803513755,0.0,0.0,0.0
2011166,skillcorner,Wellington P FC,Melbourne V FC,54,32.0,1,team,23.0,2,0,2,54.31413452380784,0.0,0.0,0.0
2011166,skillcorner,Wellington P FC,Melbourne V FC,55,33.0,1,individual,2.75,15,3,15,25.558405662325658,1.1811882654825847,2.288661003112793,3.543564796447754
2011166,skillcorner,Wellington P FC,Melbourne V FC,55,33.0,1,tactical,11.75,4,0,4,51.911735361013406,0.0,0.0,0.0
2011166,skillcorner,Wellington P FC,Melbourne V FC,55,33.0,1,team,23.0,2,0,2,58.28327785523923,0.0,0.0,0.0
2011166,skillcorner,Wellington P FC,Melbourne V FC,56,34.0,1,individual,2.75,20,4,20,32.86245249724747,2.3896543979644775,3.805058479309082,9.55861759185791
2011166,skillcorner,Wellington P FC,Melbourne V FC,56,34.0,1,tactical,11.75,5,0,5,45.533007503258546,0.0,0.0,0.0
2011166,skillcorner,Wellington P FC,Melbourne V FC,56,34.0,1,team,23.0,2,0,2,58.77984004479436,0.0,0.0,0.0
2011166,skillcorner,Wellington P FC,Melbourne V FC,57,35.0,1,individual,2.75,20,3,20,41.186032094013754,1.3622805277506511,2.423727035522461,4.086841583251953
2011166,skillcorner,Wellington P FC,Melbourne V FC,57,35.0,1,tactical,11.75,8,0,8,46.39833606622598,0.0,0.0,0.0
2011166,skillcorner,Wellington P FC,Melbourne V FC,57,35.0,1,team,23.0,1,0,1,46.0,0.0,0.0,0.0
2011166,skillcorner,Wellington P FC,Melbourne V FC,58,35.0,1,individual,2.75,12,0,12,28.97401992876066,0.0,0.0,0.0
2011166,skillcorner,Wellington P FC,Melbourne V FC,58,35.0,1,tactical,11.75,3,0,3,63.852904725991166,0.0,0.0,0.0
2011166,skillcorner,Wellington P FC,Melbourne V FC,58,35.0,1,team,23.0,2,0,2,59.677960395074656,0.0,0.0,0.0
2011166,skillcorner,Wellington P FC,Melbourne V FC,59,36.0,1,individual,2.75,16,2,16,26.55526443709154,0.8475995063781738,0.9071102142333984,1.6951990127563477
2011166,skillcorner,Wellington P FC,Melbourne V FC,59,36.0,1,tactical,11.75,3,0,3,47.067876517938714,0.0,0.0,0.0
2011166,skillcorner,Wellington P FC,Melbourne V FC,59,36.0,1,team,23.0,2,0,2,53.70397898626243,0.0,0.0,0.0
2011166,skillcorner,Wellington P FC,Melbourne V FC,60,37.0,1,individual,2.75,16,1,16,31.234717080107202,2.631941795349121,2.631941795349121,2.631941795349121
2011166,skillcorner,Wellington P FC,Melbourne V FC,60,37.0,1,tactical,11.75,3,0,3,66.43718478131578,0.0,0.0,0.0
2011166,skillcorner,Wellington P FC,Melbourne V FC,60,37.0,1,team,23.0,2,0,2,51.95545889577239,0.0,0.0,0.0
2011166,skillcorner,Wellington P FC,Melbourne V FC,61,37.0,1,individual,2.75,19,2,19,37.387206563227416,2.064591884613037,2.7218570709228516,4.129183769226074
2011166,skillcorner,Wellington P FC,Melbourne V FC,61,37.0,1,tactical,11.75,7,0,7,48.99261671925679,0.0,0.0,0.0
2011166,skillcorner,Wellington P FC,Melbourne V FC,61,37.0,1,team,23.0,2,0,2,48.15727854274981,0.0,0.0,0.0
2011166,skillcorner,Wellington P FC,Melbourne V FC,62,38.0,1,individual,2.75,19,3,19,40.37588060570403,3.157111485799154,5.041908264160156,9.471334457397461
2011166,skillcorner,Wellington P FC,Melbourne V FC,62,38.0,1,tactical,11.75,8,1,8,46.91678224989016,7.371086120605469,7.371086120605469,7.371086120605469
2011166,skillcorner,Wellington P FC,Melbourne V FC,62,38.0,1,team,23.0,2,0,2,52.784031351912084,0.0,0.0,0.0
2011166,skillcorner,Wellington P FC,Melbourne V FC,63,38.0,1,individual,2.75,15,1,15,37.471295680827474,0.2617969512939453,0.2617969512939453,0.2617969512939453
2011166,skillcorner,Wellington P FC,Melbourne V FC,63,38.0,1,tactical,11.75,3,0,3,51.404134090380495,0.0,0.0,0.0
2011166,skillcorner,Wellington P FC,Melbourne V FC,63,38.0,1,team,23.0,2,0,2,61.958623784139135,0.0,0.0,0.0
2011166,skillcorner,Wellington P FC,Melbourne V FC,64,41.0,1,individual,2.75,18,1,18,36.1478643905833,2.1292953491210938,2.1292953491210938,2.1292953491210938
2011166,skillcorner,Wellington P FC,Melbourne V FC,64,41.0,1,tactical,11.75,4,0,4,44.716961751569336,0.0,0.0,0.0
2011166,skillcorner,Wellington P FC,Melbourne V FC,64,41.0,1,team,23.0,2,0,2,59.87572805383935,0.0,0.0,0.0
2011166,skillcorner,Wellington P FC,Melbourne V FC,65,42.0,1,individual,2.75,20,3,20,33.655165564409806,2.4061891237894693,4.320810317993164,7.218567371368408
2011166,skillcorner,Wellington P FC,Melbourne V FC,65,42.0,1,tactical,11.75,5,0,5,49.66937305189338,0.0,0.0,0.0
2011166,skillcorner,Wellington P FC,Melbourne V FC,65,42.0,1,team,23.0,2,0,2,54.588202262978534,0.0,0.0,0.0
2011166,skillcorner,Wellington P FC,Melbourne V FC,66,42.0,1,individual,2.75,18,3,18,31.907622913654976,1.5986913045247395,3.052846908569336,4.796073913574219
2011166,skillcorner,Wellington P FC,Melbourne V FC,66,42.0,1,tactical,11.75,5,0,5,46.624506170766665,0.0,0.0,0.0
2011166,skillcorner,Wellington P FC,Melbourne V FC,66,42.0,1,team,23.0,2,0,2,46.0,0.0,0.0,0.0
2011166,skillcorner,Wellington P FC,Melbourne V FC,67,43.0,1,individual,2.75,20,3,20,33.872042068413265,0.6893231074015299,1.5801239013671875,2.06796932220459
2011166,skillcorner,Wellington P FC,Melbourne V FC,67,43.0,1,tactical,11.75,5,0,5,44.28104910142845,0.0,0.0,0.0
2011166,skillcorner,Wellington P FC,Melbourne V FC,67,43.0,1,team,23.0,3,0,3,59.15445223928105,0.0,0.0,0.0
2011166,skillcorner,Wellington P FC,Melbourne V FC,68,43.0,1,individual,2.75,21,2,21,41.75448627713085,3.4678659439086914,6.628963470458984,6.935731887817383
2011166,skillcorner,Wellington P FC,Melbourne V FC,68,43.0,1,tactical,11.75,5,0,5,42.12907024049111,0.0,0.0,0.0
2011166,skillcorner,Wellington P FC,Melbourne V FC,68,43.0,1,team,23.0,2,0,2,53.57611611449482,0.0,0.0,0.0
2011166,skillcorner,Wellington P FC,Melbourne V FC,69,44.0,1,individual,2.75,17,1,17,38.22874881244776,0.05733299255371094,0.05733299255371094,0.05733299255371094
2011166,skillcorner,Wellington P FC,Melbourne V FC,69,44.0,1,tactical,11.75,4,0,4,50.85377157966802,0.0,0.0,0.0
2011166,skillcorner,Wellington P FC,Melbourne V FC,69,44.0,1,team,23.0,2,0,2,59.3543202087063,0.0,0.0,0.0
2011166,skillcorner,Wellington P FC,Melbourne V FC,70,45.0,1,individual,2.75,16,3,16,37.339715888586795,0.9526510238647461,1.7454967498779297,2.8579530715942383
2011166,skillcorner,Wellington P FC,Melbourne V FC,70,45.0,1,tactical,11.75,5,1,5,48.90599564132014,4.059452056884766,4.059452056884766,4.059452056884766
2011166,skillcorner,Wellington P FC,Melbourne V FC,70,45.0,1,team,23.0,2,0,2,62.01889668322864,0.0,0.0,0.0
2011166,skillcorner,Wellington P FC,Melbourne V FC,71,47.0,1,individual,2.75,19,2,19,37.19782508549801,1.951587200164795,3.7233495712280273,3.90317440032959
2011166,skillcorner,Wellington P FC,Melbourne V FC,71,47.0,1,tactical,11.75,6,0,6,50.128913455007606,0.0,0.0,0.0
2011166,skillcorner,Wellington P FC,Melbourne V FC,71,47.0,1,team,23.0,2,0,2,50.161441925138774,0.0,0.0,0.0
2011166,skillcorner,Wellington P FC,Melbourne V FC,72,47.0,1,individual,2.75,19,3,19,25.894133577909237,0.9950920740763346,1.5182108879089355,2.985276222229004
2011166,skillcorner,Wellington P FC,Melbourne V FC,72,47.0,1,tactical,11.75,3,0,3,63.48813942492025,0.0,0.0,0.0
2011166,skillcorner,Wellington P FC,Melbourne V FC,72,47.0,1,team,23.0,2,0,2,56.751067815380715,0.0,0.0,0.0
2011166,skillcorner,Wellington P FC,Melbourne V FC,73,48.0,1,individual,2.75,20,2,20,28.698634230925812,0.9843864440917969,1.0689973831176758,1.9687728881835938
2011166,skillcorner,Wellington P FC,Melbourne V FC,73,48.0,1,tactical,11.75,3,0,3,45.687539034703605,0.0,0.0,0.0
2011166,skillcorner,Wellington P FC,Melbourne V FC,73,48.0,1,team,23.0,2,0,2,53.67741548248964,0.0,0.0,0.0
2011166,skillcorner,Wellington P FC,Melbourne V FC,74,45.0,2,individual,2.75,21,2,21,40.73432193634709,2.419635772705078,3.737794876098633,4.839271545410156
2011166,skillcorner,Wellington P FC,Melbourne V FC,74,45.0,2,tactical,11.75,8,1,8,48.071501319565655,6.904716491699219,6.904716491699219,6.904716491699219
2011166,skillcorner,Wellington P FC,Melbourne V FC,74,45.0,2,team,23.0,2,0,2,54.770972342454066,0.0,0.0,0.0
2011166,skillcorner,Wellington P FC,Melbourne V FC,75,46.0,2,individual,2.75,19,2,19,35.47610334638554,3.0663318634033203,4.218526840209961,6.132663726806641
2011166,skillcorner,Wellington P FC,Melbourne V FC,75,46.0,2,tactical,11.75,6,0,6,49.57214438721694,0.0,0.0,0.0
2011166,skillcorner,Wellington P FC,Melbourne V FC,75,46.0,2,team,23.0,2,0,2,46.0,0.0,0.0,0.0
2011166,skillcorner,Wellington P FC,Melbourne V FC,76,46.0,2,individual,2.75,18,3,18,33.727029219900174,1.6430466969807942,4.515657424926758,4.929140090942383
2011166,skillcorner,Wellington P FC,Melbourne V FC,76,46.0,2,tactical,11.75,4,0,4,47.14216524956182,0.0,0.0,0.0
2011166,skillcorner,Wellington P FC,Melbourne V FC,76,46.0,2,team,23.0,2,0,2,47.405460443060704,0.0,0.0,0.0
2011166,skillcorner,Wellington P FC,Melbourne V FC,77,47.0,2,individual,2.75,19,5,19,27.411478403697174,0.7746397972106933,1.0416183471679688,3.873198986053467
2011166,skillcorner,Wellington P FC,Melbourne V FC,77,47.0,2,tactical,11.75,3,0,3,49.36103534652482,0.0,0.0,0.0
2011166,skillcorner,Wellington P FC,Melbourne V FC,77,47.0,2,team,23.0,2,0,2,58.703744052314384,0.0,0.0,0.0
2011166,skillcorner,Wellington P FC,Melbourne V FC,78,47.0,2,individual,2.75,22,4,22,36.18980274887099,1.4518165588378906,2.5809669494628906,5.8072662353515625
2011166,skillcorner,Wellington P FC,Melbourne V FC,78,47.0,2,tactical,11.75,3,0,3,57.105410487210875,0.0,0.0,0.0
2011166,skillcorner,Wellington P FC,Melbourne V FC,78,47.0,2,team,23.0,2,0,2,56.78645563058061,0.0,0.0,0.0
2011166,skillcorner,Wellington P FC,Melbourne V FC,79,48.0,2,individual,2.75,19,2,19,28.700272554964833,1.387068271636963,2.0457210540771484,2.774136543273926
2011166,skillcorner,Wellington P FC,Melbourne V FC,79,48.0,2,tactical,11.75,4,0,4,51.60061375815143,0.0,0.0,0.0
2011166,skillcorner,Wellington P FC,Melbourne V FC,79,48.0,2,team,23.0,2,0,2,53.211142939048194,0.0,0.0,0.0
2011166,skillcorner,Wellington P FC,Melbourne V FC,80,48.0,2,individual,2.75,21,2,21,33.942480422102115,0.9014842510223389,1.0155000686645508,1.8029685020446777
2011166,skillcorner,Wellington P FC,Melbourne V FC,80,48.0,2,tactical,11.75,3,0,3,50.333836458724065,0.0,0.0,0.0
2011166,skillcorner,Wellington P FC,Melbourne V FC,80,48.0,2,team,23.0,2,0,2,55.49133403978264,0.0,0.0,0.0
2011166,skillcorner,Wellington P FC,Melbourne V FC,81,49.0,2,individual,2.75,17,1,17,36.60881938375323,6.1058502197265625,6.1058502197265625,6.1058502197265625
2011166,skillcorner,Wellington P FC,Melbourne V FC,81,49.0,2,tactical,11.75,5,0,5,42.80891068295176,0.0,0.0,0.0
2011166,skillcorner,Wellington P FC,Melbourne V FC,81,49.0,2,team,23.0,2,0,2,59.679727601768725,0.0,0.0,0.0
2011166,skillcorner,Wellington P FC,Melbourne V FC,82,49.0,2,individual,2.75,20,2,20,37.29570703411878,3.138960361480713,3.904989242553711,6.277920722961426
2011166,skillcorner,Wellington P FC,Melbourne V FC,82,49.0,2,tactical,11.75,5,0,5,57.641671336089296,0.0,0.0,0.0
2011166,skillcorner,Wellington P FC,Melbourne V FC,82,49.0,2,team,23.0,2,0,2,48.15244321923716,0.0,0.0,0.0
2011166,skillcorner,Wellington P FC,Melbourne V FC,83,50.0,2,individual,2.75,18,3,18,34.752769513937864,2.057021458943685,4.666081428527832,6.171064376831055
2011166,skillcorner,Wellington P FC,Melbourne V FC,83,50.0,2,tactical,11.75,6,0,6,49.36811877174305,0.0,0.0,0.0
2011166,skillcorner,Wellington P FC,Melbourne V FC,83,50.0,2,team,23.0,3,0,3,61.236794536243615,0.0,0.0,0.0
2011166,skillcorner,Wellington P FC,Melbourne V FC,84,51.0,2,individual,2.75,19,2,19,35.33818537684151,2.841172218322754,5.579056739807129,5.682344436645508
2011166,skillcorner,Wellington P FC,Melbourne V FC,84,51.0,2,tactical,11.75,5,0,5,47.919651175288855,0.0,0.0,0.0
2011166,skillcorner,Wellington P FC,Melbourne V FC,84,51.0,2,team,23.0,2,0,2,50.34247206760462,0.0,0.0,0.0
2011166,skillcorner,Wellington P FC,Melbourne V FC,85,52.0,2,individual,2.75,21,4,21,30.347623430611776,2.4005515575408936,4.735138893127441,9.602206230163574
2011166,skillcorner,Wellington P FC,Melbourne V FC,85,52.0,2,tactical,11.75,4,0,4,46.47800606715427,0.0,0.0,0.0
2011166,skillcorner,Wellington P FC,Melbourne V FC,85,52.0,2,team,23.0,2,0,2,46.0,0.0,0.0,0.0
2011166,skillcorner,Wellington P FC,Melbourne V FC,86,52.0,2,individual,2.75,19,3,19,28.55971743029452,1.6746260325113933,3.7175302505493164,5.02387809753418
2011166,skillcorner,Wellington P FC,Melbourne V FC,86,52.0,2,tactical,11.75,3,0,3,61.55517706698177,0.0,0.0,0.0
2011166,skillcorner,Wellington P FC,Melbourne V FC,86,52.0,2,team,23.0,3,0,3,61.55517706698177,0.0,0.0,0.0
2011166,skillcorner,Wellington P FC,Melbourne V FC,87,53.0,2,individual,2.75,20,1,20,36.39766691835334,4.448225021362305,4.448225021362305,4.448225021362305
2011166,skillcorner,Wellington P FC,Melbourne V FC,87,53.0,2,tactical,11.75,6,1,6,49.63596522970391,6.373395919799805,6.373395919799805,6.373395919799805
2011166,skillcorner,Wellington P FC,Melbourne V FC,87,53.0,2,team,23.0,2,0,2,46.0,0.0,0.0,0.0
2011166,skillcorner,Wellington P FC,Melbourne V FC,88,53.0,2,individual,2.75,22,4,22,32.8206042026818,1.3196396827697754,2.5126285552978516,5.278558731079102
2011166,skillcorner,Wellington P FC,Melbourne V FC,88,53.0,2,tactical,11.75,5,0,5,51.75432137319248,0.0,0.0,0.0
2011166,skillcorner,Wellington P FC,Melbourne V FC,88,53.0,2,team,23.0,2,0,2,47.6555010113627,0.0,0.0,0.0
2011166,skillcorner,Wellington P FC,Melbourne V FC,89,54.0,2,individual,2.75,19,4,19,37.85623007580591,1.3812952041625977,3.1456527709960938,5.525180816650391
2011166,skillcorner,Wellington P FC,Melbourne V FC,89,54.0,2,tactical,11.75,6,0,6,51.36624623603525,0.0,0.0,0.0
2011166,skillcorner,Wellington P FC,Melbourne V FC,89,54.0,2,team,23.0,2,0,2,46.0,0.0,0.0,0.0
2011166,skillcorner,Wellington P FC,Melbourne V FC,90,54.0,2,individual,2.75,17,3,17,40.770653042478294,1.578688621520996,2.7397823333740234,4.736065864562988
2011166,skillcorner,Wellington P FC,Melbourne V FC,90,54.0,2,tactical,11.75,6,0,6,51.36904624657954,0.0,0.0,0.0
2011166,skillcorner,Wellington P FC,Melbourne V FC,90,54.0,2,team,23.0,2,0,2,53.36358935154873,0.0,0.0,0.0
2011166,skillcorner,Wellington P FC,Melbourne V FC,91,56.0,2,individual,2.75,17,1,17,37.79347206808451,7.125707626342773,7.125707626342773,7.125707626342773
2011166,skillcorner,Wellington P FC,Melbourne V FC,91,56.0,2,tactical,11.75,5,0,5,42.155820729063606,0.0,0.0,0.0
2011166,skillcorner,Wellington P FC,Melbourne V FC,91,56.0,2,team,23.0,2,0,2,62.87300929799639,0.0,0.0,0.0
2011166,skillcorner,Wellington P FC,Melbourne V FC,92,58.0,2,individual,2.75,21,4,21,34.77466792496456,1.9857323169708252,2.966135025024414,7.942929267883301
2011166,skillcorner,Wellington P FC,Melbourne V FC,92,58.0,2,tactical,11.75,4,0,4,42.65373717486904,0.0,0.0,0.0
2011166,skillcorner,Wellington P FC,Melbourne V FC,92,58.0,2,team,23.0,1,0,1,46.0,0.0,0.0,0.0
2011166,skillcorner,Wellington P FC,Melbourne V FC,93,58.0,2,individual,2.75,20,4,20,36.70285546508438,2.431422233581543,5.39288330078125,9.725688934326172
2011166,skillcorner,Wellington P FC,Melbourne V FC,93,58.0,2,tactical,11.75,9,0,9,48.034710770755396,0.0,0.0,0.0
2011166,skillcorner,Wellington P FC,Melbourne V FC,93,58.0,2,team,23.0,2,0,2,46.31990243597243,0.0,0.0,0.0
2011166,skillcorner,Wellington P FC,Melbourne V FC,94,59.0,2,individual,2.75,20,3,20,32.611912374917175,1.705544153849284,2.8733396530151367,5.116632461547852
2011166,skillcorner,Wellington P FC,Melbourne V FC,94,59.0,2,tactical,11.75,3,0,3,45.25441317593526,0.0,0.0,0.0
2011166,skillcorner,Wellington P FC,Melbourne V FC,94,59.0,2,team,23.0,2,0,2,56.776721110774815,0.0,0.0,0.0
2011166,skillcorner,Wellington P FC,Melbourne V FC,95,59.0,2,individual,2.75,19,3,19,37.157558460461104,2.952789306640625,4.466499328613281,8.858367919921875
2011166,skillcorner,Wellington P FC,Melbourne V FC,95,59.0,2,tactical,11.75,6,1,6,39.59623494649799,8.704551696777344,8.704551696777344,8.704551696777344
2011166,skillcorner,Wellington P FC,Melbourne V FC,95,59.0,2,team,23.0,2,0,2,54.905167974379104,0.0,0.0,0.0
2011166,skillcorner,Wellington P FC,Melbourne V FC,96,60.0,2,individual,2.75,21,3,21,37.05030834618377,1.3247687021891277,3.358846664428711,3.974306106567383
2011166,skillcorner,Wellington P FC,Melbourne V FC,96,60.0,2,tactical,11.75,5,0,5,51.86056522258454,0.0,0.0,0.0
2011166,skillcorner,Wellington P FC,Melbourne V FC,96,60.0,2,team,23.0,3,0,3,48.726687022563425,0.0,0.0,0.0
2011166,skillcorner,Wellington P FC,Melbourne V FC,97,60.0,2,individual,2.75,20,1,20,34.98363141277455,0.2798900604248047,0.2798900604248047,0.2798900604248047
2011166,skillcorner,Wellington P FC,Melbourne V FC,97,60.0,2,tactical,11.75,5,0,5,46.729870589614315,0.0,0.0,0.0
2011166,skillcorner,Wellington P FC,Melbourne V FC,97,60.0,2,team,23.0,1,0,1,46.0,0.0,0.0,0.0
2011166,skillcorner,Wellington P FC,Melbourne V FC,98,60.0,2,individual,2.75,19,2,19,33.83728957364194,1.0345377922058105,1.9933605194091797,2.069075584411621
2011166,skillcorner,Wellington P FC,Melbourne V FC,98,60.0,2,tactical,11.75,5,0,5,53.747674494132646,0.0,0.0,0.0
2011166,skillcorner,Wellington P FC,Melbourne V FC,98,60.0,2,team,23.0,2,0,2,56.384441311371205,0.0,0.0,0.0
2011166,skillcorner,Wellington P FC,Melbourne V FC,99,61.0,2,individual,2.75,13,1,13,30.017964804839387,0.04442930221557617,0.04442930221557617,0.04442930221557617
2011166,skillcorner,Wellington P FC,Melbourne V FC,99,61.0,2,tactical,11.75,2,0,2,61.198091743996194,0.0,0.0,0.0
2011166,skillcorner,Wellington P FC,Melbourne V FC,99,61.0,2,team,23.0,2,0,2,61.198091743996194,0.0,0.0,0.0
2011166,skillcorner,Wellington P FC,Melbourne V FC,100,62.0,2,individual,2.75,16,1,16,31.30802790487776,2.9048538208007812,2.9048538208007812,2.9048538208007812
2011166,skillcorner,Wellington P FC,Melbourne V FC,100,62.0,2,tactical,11.75,5,0,5,49.378468823456245,0.0,0.0,0.0
2011166,skillcorner,Wellington P FC,Melbourne V FC,100,62.0,2,team,23.0,2,0,2,46.88591879906645,0.0,0.0,0.0
2011166,skillcorner,Wellington P FC,Melbourne V FC,101,63.0,2,individual,2.75,21,1,21,30.138172303486126,1.22235107421875,1.22235107421875,1.22235107421875
2011166,skillcorner,Wellington P FC,Melbourne V FC,101,63.0,2,tactical,11.75,5,0,5,44.24769847631972,0.0,0.0,0.0
2011166,skillcorner,Wellington P FC,Melbourne V FC,101,63.0,2,team,23.0,2,0,2,51.48749873808063,0.0,0.0,0.0
2011166,skillcorner,Wellington P FC,Melbourne V FC,102,65.0,2,individual,2.75,17,2,17,28.431418192554656,2.6562228202819824,3.4032773971557617,5.312445640563965
2011166,skillcorner,Wellington P FC,Melbourne V FC,102,65.0,2,tactical,11.75,3,0,3,60.72279315207073,0.0,0.0,0.0
2011166,skillcorner,Wellington P FC,Melbourne V FC,102,65.0,2,team,23.0,3,0,3,60.72279315207073,0.0,0.0,0.0
2011166,skillcorner,Wellington P FC,Melbourne V FC,103,66.0,2,individual,2.75,20,5,20,33.940379148892944,1.1446552276611328,1.9548921585083008,5.723276138305664
2011166,skillcorner,Wellington P FC,Melbourne V FC,103,66.0,2,tactical,11.75,7,1,7,43.209721417755055,0.10265731811523438,0.10265731811523438,0.10265731811523438
2011166,skillcorner,Wellington P FC,Melbourne V FC,103,66.0,2,team,23.0,2,0,2,54.04571506820462,0.0,0.0,0.0
2011166,skillcorner,Wellington P FC,Melbourne V FC,104,66.0,2,individual,2.75,21,2,21,33.1821000806049,1.4348301887512207,1.6109304428100586,2.8696603775024414
2011166,skillcorner,Wellington P FC,Melbourne V FC,104,66.0,2,tactical,11.75,4,0,4,49.57461478872358,0.0,0.0,0.0
2011166,skillcorner,Wellington P FC,Melbourne V FC,104,66.0,2,team,23.0,2,0,2,46.0,0.0,0.0,0.0
2011166,skillcorner,Wellington P FC,Melbourne V FC,105,67.0,2,individual,2.75,19,2,19,26.62594920463701,1.1121447086334229,1.5269689559936523,2.2242894172668457
2011166,skillcorner,Wellington P FC,Melbourne V FC,105,67.0,2,tactical,11.75,3,0,3,43.605234584149336,0.0,0.0,0.0
2011166,skillcorner,Wellington P FC,Melbourne V FC,105,67.0,2,team,23.0,2,0,2,54.695011037811334,0.0,0.0,0.0
2011166,skillcorner,Wellington P FC,Melbourne V FC,106,67.0,2,individual,2.75,17,3,17,32.10095135489608,1.435407002766927,1.5719623565673828,4.306221008300781
2011166,skillcorner,Wellington P FC,Melbourne V FC,106,67.0,2,tactical,11.75,5,0,5,47.97341477646572,0.0,0.0,0.0
2011166,skillcorner,Wellington P FC,Melbourne V FC,106,67.0,2,team,23.0,2,0,2,48.42676964387145,0.0,0.0,0.0
2011166,skillcorner,Wellington P FC,Melbourne V FC,107,67.0,2,individual,2.75,19,2,19,30.844299064599436,0.8349111080169678,0.9172344207763672,1.6698222160339355
2011166,skillcorner,Wellington P FC,Melbourne V FC,107,67.0,2,tactical,11.75,3,0,3,53.79164538283018,0.0,0.0,0.0
2011166,skillcorner,Wellington P FC,Melbourne V FC,107,67.0,2,team,23.0,2,0,2,60.29506381273185,0.0,0.0,0.0
2011166,skillcorner,Wellington P FC,Melbourne V FC,108,68.0,2,individual,2.75,20,4,20,34.69035452440113,1.2345067262649536,1.8082008361816406,4.9380269050598145
2011166,skillcorner,Wellington P FC,Melbourne V FC,108,68.0,2,tactical,11.75,6,0,6,47.67925935197356,0.0,0.0,0.0
2011166,skillcorner,Wellington P FC,Melbourne V FC,108,68.0,2,team,23.0,2,0,2,46.0,0.0,0.0,0.0
2011166,skillcorner,Wellington P FC,Melbourne V FC,109,69.0,2,individual,2.75,17,1,17,36.40051821703253,0.1756744384765625,0.1756744384765625,0.1756744384765625
2011166,skillcorner,Wellington P FC,Melbourne V FC,109,69.0,2,tactical,11.75,6,0,6,47.41914447982634,0.0,0.0,0.0
2011166,skillcorner,Wellington P FC,Melbourne V FC,109,69.0,2,team,23.0,2,0,2,59.85616175276562,0.0,0.0,0.0
2011166,skillcorner,Wellington P FC,Melbourne V FC,110,70.0,2,individual,2.75,18,1,18,29.884405632369536,0.035831451416015625,0.035831451416015625,0.035831451416015625
2011166,skillcorner,Wellington P FC,Melbourne V FC,110,70.0,2,tactical,11.75,3,0,3,59.43550605428956,0.0,0.0,0.0
2011166,skillcorner,Wellington P FC,Melbourne V FC,110,70.0,2,team,23.0,2,0,2,46.0,0.0,0.0,0.0
2011166,skillcorner,Wellington P FC,Melbourne V FC,111,70.0,2,individual,2.75,20,3,20,37.06650730137212,1.7827456792195637,2.0502891540527344,5.348237037658691
2011166,skillcorner,Wellington P FC,Melbourne V FC,111,70.0,2,tactical,11.75,4,0,4,50.94516442867315,0.0,0.0,0.0
2011166,skillcorner,Wellington P FC,Melbourne V FC,111,70.0,2,team,23.0,1,0,1,46.0,0.0,0.0,0.0
2011166,skillcorner,Wellington P FC,Melbourne V FC,112,71.0,2,individual,2.75,11,2,11,29.028737165905213,2.177809715270996,2.8874006271362305,4.355619430541992
2011166,skillcorner,Wellington P FC,Melbourne V FC,112,71.0,2,tactical,11.75,2,0,2,61.479286337156495,0.0,0.0,0.0
2011166,skillcorner,Wellington P FC,Melbourne V FC,112,71.0,2,team,23.0,2,0,2,61.479286337156495,0.0,0.0,0.0
2011166,skillcorner,Wellington P FC,Melbourne V FC,113,71.0,2,individual,2.75,21,4,21,34.48242845794375,1.118213176727295,2.7196311950683594,4.47285270690918
2011166,skillcorner,Wellington P FC,Melbourne V FC,113,71.0,2,tactical,11.75,5,0,5,55.48060102344178,0.0,0.0,0.0
2011166,skillcorner,Wellington P FC,Melbourne V FC,113,71.0,2,team,23.0,2,0,2,46.0,0.0,0.0,0.0
2011166,skillcorner,Wellington P FC,Melbourne V FC,114,72.0,2,individual,2.75,20,3,20,32.174361182788516,1.0784457524617512,2.1343116760253906,3.235337257385254
2011166,skillcorner,Wellington P FC,Melbourne V FC,114,72.0,2,tactical,11.75,7,0,7,46.48136239397464,0.0,0.0,0.0
2011166,skillcorner,Wellington P FC,Melbourne V FC,114,72.0,2,team,23.0,2,0,2,56.42755479293159,0.0,0.0,0.0
2011166,skillcorner,Wellington P FC,Melbourne V FC,115,72.0,2,individual,2.75,22,5,22,36.88857440804533,1.4714452743530273,5.227242469787598,7.357226371765137
2011166,skillcorner,Wellington P FC,Melbourne V FC,115,72.0,2,tactical,11.75,6,0,6,48.242821386609364,0.0,0.0,0.0
2011166,skillcorner,Wellington P FC,Melbourne V FC,115,72.0,2,team,23.0,2,0,2,46.0,0.0,0.0,0.0
2011166,skillcorner,Wellington P FC,Melbourne V FC,116,73.0,2,individual,2.75,19,4,19,34.13931732223695,0.46903157234191895,1.0898380279541016,1.8761262893676758
2011166,skillcorner,Wellington P FC,Melbourne V FC,116,73.0,2,tactical,11.75,5,0,5,50.84748696828059,0.0,0.0,0.0
2011166,skillcorner,Wellington P FC,Melbourne V FC,116,73.0,2,team,23.0,2,0,2,48.0717562289831,0.0,0.0,0.0
2011166,skillcorner,Wellington P FC,Melbourne V FC,117,73.0,2,individual,2.75,17,2,17,35.17606231010822,1.2621574401855469,1.9531059265136719,2.5243148803710938
2011166,skillcorner,Wellington P FC,Melbourne V FC,117,73.0,2,tactical,11.75,5,0,5,51.08270234616863,0.0,0.0,0.0
2011166,skillcorner,Wellington P FC,Melbourne V FC,117,73.0,2,team,23.0,2,0,2,48.096977321216784,0.0,0.0,0.0
2011166,skillcorner,Wellington P FC,Melbourne V FC,118,74.0,2,individual,2.75,22,2,22,39.2086772595574,1.4523663520812988,2.633072853088379,2.9047327041625977
2011166,skillcorner,Wellington P FC,Melbourne V FC,118,74.0,2,tactical,11.75,4,0,4,55.86967534831014,0.0,0.0,0.0
2011166,skillcorner,Wellington P FC,Melbourne V FC,118,74.0,2,team,23.0,2,0,2,59.94006410791342,0.0,0.0,0.0
2011166,skillcorner,Wellington P FC,Melbourne V FC,119,75.0,2,individual,2.75,18,2,18,35.17577717691537,1.131706714630127,2.0950489044189453,2.263413429260254
2011166,skillcorner,Wellington P FC,Melbourne V FC,119,75.0,2,tactical,11.75,6,1,6,50.23097418990388,2.0821571350097656,2.0821571350097656,2.0821571350097656
2011166,skillcorner,Wellington P FC,Melbourne V FC,119,75.0,2,team,23.0,2,0,2,50.25604005846737,0.0,0.0,0.0
2011166,skillcorner,Wellington P FC,Melbourne V FC,120,75.0,2,individual,2.75,20,4,20,41.35788555725085,2.156205415725708,4.01719856262207,8.624821662902832
2011166,skillcorner,Wellington P FC,Melbourne V FC,120,75.0,2,tactical,11.75,8,1,8,50.4539567063014,2.3818607330322266,2.3818607330322266,2.3818607330322266
2011166,skillcorner,Wellington P FC,Melbourne V FC,120,75.0,2,team,23.0,2,0,2,47.58190341085092,0.0,0.0,0.0
2011166,skillcorner,Wellington P FC,Melbourne V FC,121,76.0,2,individual,2.75,20,4,20,34.81640920815055,1.3218202590942383,3.3281116485595703,5.287281036376953
2011166,skillcorner,Wellington P FC,Melbourne V FC,121,76.0,2,tactical,11.75,6,1,6,46.9975580434771,0.9996719360351562,0.9996719360351562,0.9996719360351562
2011166,skillcorner,Wellington P FC,Melbourne V FC,121,76.0,2,team,23.0,2,0,2,47.146281927067,0.0,0.0,0.0
2011166,skillcorner,Wellington P FC,Melbourne V FC,122,77.0,2,individual,2.75,18,1,18,34.2689159443365,3.653636932373047,3.653636932373047,3.653636932373047
2011166,skillcorner,Wellington P FC,Melbourne V FC,122,77.0,2,tactical,11.75,5,0,5,44.65389746783527,0.0,0.0,0.0
2011166,skillcorner,Wellington P FC,Melbourne V FC,122,77.0,2,team,23.0,2,0,2,46.0,0.0,0.0,0.0
2011166,skillcorner,Wellington P FC,Melbourne V FC,123,77.0,2,individual,2.75,21,4,21,29.8561411380052,2.190227746963501,5.043550491333008,8.760910987854004
2011166,skillcorner,Wellington P FC,Melbourne V FC,123,77.0,2,tactical,11.75,3,0,3,63.06607025194585,0.0,0.0,0.0
2011166,skillcorner,Wellington P FC,Melbourne V FC,123,77.0,2,team,23.0,2,0,2,51.25543303982294,0.0,0.0,0.0
2011166,skillcorner,Wellington P FC,Melbourne V FC,124,79.0,2,individual,2.75,15,1,15,36.495168173334946,0.13410711288452148,0.13410711288452148,0.13410711288452148
2011166,skillcorner,Wellington P FC,Melbourne V FC,124,79.0,2,tactical,11.75,4,0,4,57.25198772780352,0.0,0.0,0.0
2011166,skillcorner,Wellington P FC,Melbourne V FC,124,79.0,2,team,23.0,4,0,4,57.25198772780352,0.0,0.0,0.0
2011166,skillcorner,Wellington P FC,Melbourne V FC,125,80.0,2,individual,2.75,20,2,20,28.07146416794688,2.1659164428710938,4.124014854431152,4.3318328857421875
2011166,skillcorner,Wellington P FC,Melbourne V FC,125,80.0,2,tactical,11.75,3,0,3,52.99097502201214,0.0,0.0,0.0
2011166,skillcorner,Wellington P FC,Melbourne V FC,125,80.0,2,team,23.0,2,0,2,61.06996546098496,0.0,0.0,0.0
2011166,skillcorner,Wellington P FC,Melbourne V FC,126,81.0,2,individual,2.75,16,3,16,23.13637204706651,0.794150193532308,1.55916166305542,2.382450580596924
2011166,skillcorner,Wellington P FC,Melbourne V FC,126,81.0,2,tactical,11.75,2,0,2,60.56449607864966,0.0,0.0,0.0
2011166,skillcorner,Wellington P FC,Melbourne V FC,126,81.0,2,team,23.0,2,0,2,60.56449607864966,0.0,0.0,0.0
2011166,skillcorner,Wellington P FC,Melbourne V FC,127,81.0,2,individual,2.75,18,3,18,26.514594566012132,0.704670270284017,1.2714910507202148,2.114010810852051
2011166,skillcorner,Wellington P FC,Melbourne V FC,127,81.0,2,tactical,11.75,3,0,3,48.55925614134628,0.0,0.0,0.0
2011166,skillcorner,Wellington P FC,Melbourne V FC,127,81.0,2,team,23.0,2,0,2,55.96560188280217,0.0,0.0,0.0
2011166,skillcorner,Wellington P FC,Melbourne V FC,128,82.0,2,individual,2.75,17,3,17,31.67303710447494,0.8864466349283854,1.318150520324707,2.6593399047851562
2011166,skillcorner,Wellington P FC,Melbourne V FC,128,82.0,2,tactical,11.75,4,0,4,54.896371161114374,0.0,0.0,0.0
2011166,skillcorner,Wellington P FC,Melbourne V FC,128,82.0,2,team,23.0,3,0,3,64.58617465787333,0.0,0.0,0.0
2011166,skillcorner,Wellington P FC,Melbourne V FC,129,82.0,2,individual,2.75,17,3,17,37.453341611834546,2.008586883544922,5.364768981933594,6.025760650634766
2011166,skillcorner,Wellington P FC,Melbourne V FC,129,82.0,2,tactical,11.75,5,0,5,43.314584984487325,0.0,0.0,0.0
2011166,skillcorner,Wellington P FC,Melbourne V FC,129,82.0,2,team,23.0,2,0,2,60.43767411083452,0.0,0.0,0.0
2011166,skillcorner,Wellington P FC,Melbourne V FC,130,83.0,2,individual,2.75,22,3,22,34.335473861808936,1.4342187245686848,2.242323875427246,4.302656173706055
2011166,skillcorner,Wellington P FC,Melbourne V FC,130,83.0,2,tactical,11.75,3,0,3,56.508092593737835,0.0,0.0,0.0
2011166,skillcorner,Wellington P FC,Melbourne V FC,130,83.0,2,team,23.0,2,0,2,61.245745078735325,0.0,0.0,0.0
2011166,skillcorner,Wellington P FC,Melbourne V FC,131,83.0,2,individual,2.75,20,2,20,31.515286728564202,1.8863983154296875,2.327977180480957,3.772796630859375
2011166,skillcorner,Wellington P FC,Melbourne V FC,131,83.0,2,tactical,11.75,4,0,4,49.84091023000277,0.0,0.0,0.0
2011166,skillcorner,Wellington P FC,Melbourne V FC,131,83.0,2,team,23.0,2,0,2,46.76039688432985,0.0,0.0,0.0
2011166,skillcorner,Wellington P FC,Melbourne V FC,132,84.0,2,individual,2.75,19,3,19,30.01075932175445,2.5856518745422363,3.584822654724121,7.756955623626709
2011166,skillcorner,Wellington P FC,Melbourne V FC,132,84.0,2,tactical,11.75,6,1,6,48.27719458734964,6.315587997436523,6.315587997436523,6.315587997436523
2011166,skillcorner,Wellington P FC,Melbourne V FC,132,84.0,2,team,23.0,2,0,2,51.76953378308438,0.0,0.0,0.0
2011166,skillcorner,Wellington P FC,Melbourne V FC,133,84.0,2,individual,2.75,22,3,22,29.787554956504295,0.14362192153930664,0.2795066833496094,0.4308657646179199
2011166,skillcorner,Wellington P FC,Melbourne V FC,133,84.0,2,tactical,11.75,4,0,4,53.08914330441317,0.0,0.0,0.0
2011166,skillcorner,Wellington P FC,Melbourne V FC,133,84.0,2,team,23.0,2,0,2,46.5979567253228,0.0,0.0,0.0
2011166,skillcorner,Wellington P FC,Melbourne V FC,134,85.0,2,individual,2.75,19,3,19,33.31593366629187,1.3381996154785156,3.547999382019043,4.014598846435547
2011166,skillcorner,Wellington P FC,Melbourne V FC,134,85.0,2,tactical,11.75,4,0,4,55.61130271340263,0.0,0.0,0.0
2011166,skillcorner,Wellington P FC,Melbourne V FC,134,85.0,2,team,23.0,1,0,1,46.0,0.0,0.0,0.0
2011166,skillcorner,Wellington P FC,Melbourne V FC,135,85.0,2,individual,2.75,20,2,20,30.496890597339654,0.6566309928894043,0.7375316619873047,1.3132619857788086
2011166,skillcorner,Wellington P FC,Melbourne V FC,135,85.0,2,tactical,11.75,3,0,3,51.231329416838875,0.0,0.0,0.0
2011166,skillcorner,Wellington P FC,Melbourne V FC,135,85.0,2,team,23.0,2,0,2,61.46020443733048,0.0,0.0,0.0
2011166,skillcorner,Wellington P FC,Melbourne V FC,136,86.0,2,individual,2.75,21,3,21,29.843140487515935,1.6443177858988445,3.6935033798217773,4.932953357696533
2011166,skillcorner,Wellington P FC,Melbourne V FC,136,86.0,2,tactical,11.75,5,0,5,54.43414797519655,0.0,0.0,0.0
2011166,skillcorner,Wellington P FC,Melbourne V FC,136,86.0,2,team,23.0,2,0,2,57.27077076991804,0.0,0.0,0.0
2011166,skillcorner,Wellington P FC,Melbourne V FC,137,87.0,2,individual,2.75,22,3,22,32.43608857542402,1.485427697499593,3.0373029708862305,4.456283092498779
2011166,skillcorner,Wellington P FC,Melbourne V FC,137,87.0,2,tactical,11.75,3,0,3,42.87024124880885,0.0,0.0,0.0
2011166,skillcorner,Wellington P FC,Melbourne V FC,137,87.0,2,team,23.0,2,0,2,52.32805900238338,0.0,0.0,0.0
2011166,skillcorner,Wellington P FC,Melbourne V FC,138,87.0,2,individual,2.75,20,3,20,34.05969333426167,1.3654530843098958,3.0119009017944336,4.0963592529296875
2011166,skillcorner,Wellington P FC,Melbourne V FC,138,87.0,2,tactical,11.75,4,0,4,52.911889672529846,0.0,0.0,0.0
2011166,skillcorner,Wellington P FC,Melbourne V FC,138,87.0,2,team,23.0,2,0,2,46.0,0.0,0.0,0.0
2011166,skillcorner,Wellington P FC,Melbourne V FC,139,88.0,2,individual,2.75,15,2,15,26.965244760617324,0.6750826835632324,0.8230867385864258,1.3501653671264648
2011166,skillcorner,Wellington P FC,Melbourne V FC,139,88.0,2,tactical,11.75,3,0,3,67.08505404882857,0.0,0.0,0.0
2011166,skillcorner,Wellington P FC,Melbourne V FC,139,88.0,2,team,23.0,2,0,2,61.745472398209124,0.0,0.0,0.0
2011166,skillcorner,Wellington P FC,Melbourne V FC,140,89.0,2,individual,2.75,21,2,21,31.63338101940054,1.7410969734191895,2.779073715209961,3.482193946838379
2011166,skillcorner,Wellington P FC,Melbourne V FC,140,89.0,2,tactical,11.75,5,0,5,53.023693263384345,0.0,0.0,0.0
2011166,skillcorner,Wellington P FC,Melbourne V FC,140,89.0,2,team,23.0,2,0,2,49.983154354986205,0.0,0.0,0.0
2011166,skillcorner,Wellington P FC,Melbourne V FC,141,89.0,2,individual,2.75,18,1,18,25.471961545982282,0.6319594383239746,0.6319594383239746,0.6319594383239746
2011166,skillcorner,Wellington P FC,Melbourne V FC,141,89.0,2,tactical,11.75,3,0,3,65.46707646394866,0.0,0.0,0.0
2011166,skillcorner,Wellington P FC,Melbourne V FC,141,89.0,2,team,23.0,3,0,3,65.46707646394866,0.0,0.0,0.0
2011166,skillcorner,Wellington P FC,Melbourne V FC,142,90.0,2,individual,2.75,19,3,19,31.52165443176733,1.8090273539225261,3.1564531326293945,5.427082061767578
2011166,skillcorner,Wellington P FC,Melbourne V FC,142,90.0,2,tactical,11.75,5,0,5,49.48338691290464,0.0,0.0,0.0
2011166,skillcorner,Wellington P FC,Melbourne V FC,142,90.0,2,team,23.0,2,0,2,50.94862417169537,0.0,0.0,0.0
2011166,skillcorner,Wellington P FC,Melbourne V FC,143,90.0,2,individual,2.75,20,2,20,34.195674216883965,3.3171820640563965,6.049699783325195,6.634364128112793
2011166,skillcorner,Wellington P FC,Melbourne V FC,143,90.0,2,tactical,11.75,5,1,5,52.641444896521314,3.409669876098633,3.409669876098633,3.409669876098633
2011166,skillcorner,Wellington P FC,Melbourne V FC,143,90.0,2,team,23.0,2,0,2,46.0,0.0,0.0,0.0
2011166,skillcorner,Wellington P FC,Melbourne V FC,144,91.0,2,individual,2.75,22,2,22,31.745725550674386,0.5567224025726318,1.0755133628845215,1.1134448051452637
2011166,skillcorner,Wellington P FC,Melbourne V FC,144,91.0,2,tactical,11.75,4,0,4,49.608392980664505,0.0,0.0,0.0
2011166,skillcorner,Wellington P FC,Melbourne V FC,144,91.0,2,team,23.0,2,0,2,52.892614412698784,0.0,0.0,0.0
2011166,skillcorner,Wellington P FC,Melbourne V FC,145,92.0,2,individual,2.75,21,2,21,34.512684298651536,1.9272632598876953,3.552976608276367,3.8545265197753906
2011166,skillcorner,Wellington P FC,Melbourne V FC,145,92.0,2,tactical,11.75,4,0,4,54.642149130198845,0.0,0.0,0.0
2011166,skillcorner,Wellington P FC,Melbourne V FC,145,92.0,2,team,23.0,2,0,2,49.9319804567734,0.0,0.0,0.0
2011166,skillcorner,Wellington P FC,Melbourne V FC,146,92.0,2,individual,2.75,22,3,22,37.20587471236372,2.2183729807535806,2.786825180053711,6.655118942260742
2011166,skillcorner,Wellington P FC,Melbourne V FC,146,92.0,2,tactical,11.75,4,0,4,51.51203867608089,0.0,0.0,0.0
2011166,skillcorner,Wellington P FC,Melbourne V FC,146,92.0,2,team,23.0,2,0,2,53.076380398778404,0.0,0.0,0.0
2011166,skillcorner,Wellington P FC,Melbourne V FC,147,93.0,2,individual,2.75,20,2,20,33.32008896186929,0.19404077529907227,0.23961734771728516,0.38808155059814453
2011166,skillcorner,Wellington P FC,Melbourne V FC,147,93.0,2,tactical,11.75,5,1,5,42.77599284334841,1.9750251770019531,1.9750251770019531,1.9750251770019531
2011166,skillcorner,Wellington P FC,Melbourne V FC,147,93.0,2,team,23.0,2,0,2,56.88584996954314,0.0,0.0,0.0
2011166,skillcorner,Wellington P FC,Melbourne V FC,148,94.0,2,individual,2.75,19,2,19,35.78144926313617,1.0566885471343994,1.9776272773742676,2.113377094268799
2011166,skillcorner,Wellington P FC,Melbourne V FC,148,94.0,2,tactical,11.75,5,0,5,48.12243612007324,0.0,0.0,0.0
2011166,skillcorner,Wellington P FC,Melbourne V FC,148,94.0,2,team,23.0,3,0,3,47.19096463520259,0.0,0.0,0.0
2011166,skillcorner,Wellington P FC,Melbourne V FC,149,94.0,2,individual,2.75,20,2,20,31.674891210366763,1.5442090034484863,2.9820947647094727,3.0884180068969727
2011166,skillcorner,Wellington P FC,Melbourne V FC,149,94.0,2,tactical,11.75,5,0,5,51.57623262059702,0.0,0.0,0.0
2011166,skillcorner,Wellington P FC,Melbourne V FC,149,94.0,2,team,23.0,2,0,2,54.592990645909836,0.0,0.0,0.0
2006229,skillcorner,Melbourne City,Macarthur FC,0,0.0,1,individual,2.75,20,5,20,37.70264561505707,1.7163066864013672,2.137669563293457,8.581533432006836
2006229,skillcorner,Melbourne City,Macarthur FC,0,0.0,1,tactical,11.75,7,0,7,51.64094983634596,0.0,0.0,0.0
2006229,skillcorner,Melbourne City,Macarthur FC,0,0.0,1,team,23.0,1,0,1,46.0,0.0,0.0,0.0
2006229,skillcorner,Melbourne City,Macarthur FC,1,0.0,1,individual,2.75,17,3,17,31.864705192656793,0.7297226587931315,1.379861831665039,2.1891679763793945
2006229,skillcorner,Melbourne City,Macarthur FC,1,0.0,1,tactical,11.75,4,0,4,48.93770594498457,0.0,0.0,0.0
2006229,skillcorner,Melbourne City,Macarthur FC,1,0.0,1,team,23.0,3,0,3,60.697276670485095,0.0,0.0,0.0
2006229,skillcorner,Melbourne City,Macarthur FC,2,0.0,1,individual,2.75,21,2,21,37.98810464126811,2.296232223510742,4.0460615158081055,4.592464447021484
2006229,skillcorner,Melbourne City,Macarthur FC,2,0.0,1,tactical,11.75,9,2,9,44.00700802623788,1.218484878540039,1.256460189819336,2.436969757080078
2006229,skillcorner,Melbourne City,Macarthur FC,2,0.0,1,team,23.0,1,0,1,46.0,0.0,0.0,0.0
2006229,skillcorner,Melbourne City,Macarthur FC,3,1.0,1,individual,2.75,16,1,16,35.47225434082664,1.4915885925292969,1.4915885925292969,1.4915885925292969
2006229,skillcorner,Melbourne City,Macarthur FC,3,1.0,1,tactical,11.75,5,0,5,49.91543793392625,0.0,0.0,0.0
2006229,skillcorner,Melbourne City,Macarthur FC,3,1.0,1,team,23.0,2,0,2,65.86951621875953,0.0,0.0,0.0
2006229,skillcorner,Melbourne City,Macarthur FC,4,2.0,1,individual,2.75,22,2,22,36.41108776388368,1.1187257766723633,1.246551513671875,2.2374515533447266
2006229,skillcorner,Melbourne City,Macarthur FC,4,2.0,1,tactical,11.75,3,0,3,59.379445635788215,0.0,0.0,0.0
2006229,skillcorner,Melbourne City,Macarthur FC,4,2.0,1,team,23.0,2,0,2,46.0,0.0,0.0,0.0
2006229,skillcorner,Melbourne City,Macarthur FC,5,2.0,1,individual,2.75,21,4,21,33.715386246383616,1.9567756652832031,2.29937744140625,7.8271026611328125
2006229,skillcorner,Melbourne City,Macarthur FC,5,2.0,1,tactical,11.75,4,0,4,54.49225765762206,0.0,0.0,0.0
2006229,skillcorner,Melbourne City,Macarthur FC,5,2.0,1,team,23.0,3,0,3,62.76131700130965,0.0,0.0,0.0
2006229,skillcorner,Melbourne City,Macarthur FC,6,3.0,1,individual,2.75,18,3,18,30.335049447792233,1.8628632227579753,2.5234861373901367,5.588589668273926
2006229,skillcorner,Melbourne City,Macarthur FC,6,3.0,1,tactical,11.75,3,0,3,59.98322798915554,0.0,0.0,0.0
2006229,skillcorner,Melbourne City,Macarthur FC,6,3.0,1,team,23.0,2,0,2,47.19213044287111,0.0,0.0,0.0
2006229,skillcorner,Melbourne City,Macarthur FC,7,4.0,1,individual,2.75,15,2,15,35.51429289736739,2.286968231201172,4.2779541015625,4.573936462402344
2006229,skillcorner,Melbourne City,Macarthur FC,7,4.0,1,tactical,11.75,5,0,5,46.1693954476553,0.0,0.0,0.0
2006229,skillcorner,Melbourne City,Macarthur FC,7,4.0,1,team,23.0,2,0,2,54.64257521661891,0.0,0.0,0.0
2006229,skillcorner,Melbourne City,Macarthur FC,8,4.0,1,individual,2.75,20,2,20,37.06062288405552,1.2736268043518066,1.7263984680175781,2.5472536087036133
2006229,skillcorner,Melbourne City,Macarthur FC,8,4.0,1,tactical,11.75,6,1,6,45.94356601485077,4.581089019775391,4.581089019775391,4.581089019775391
2006229,skillcorner,Melbourne City,Macarthur FC,8,4.0,1,team,23.0,1,0,1,46.0,0.0,0.0,0.0
2006229,skillcorner,Melbourne City,Macarthur FC,9,5.0,1,individual,2.75,21,6,21,33.95273132588872,1.1203834215799968,3.271012306213379,6.7223005294799805
2006229,skillcorner,Melbourne City,Macarthur FC,9,5.0,1,tactical,11.75,5,0,5,43.417290064691784,0.0,0.0,0.0
2006229,skillcorner,Melbourne City,Macarthur FC,9,5.0,1,team,23.0,2,0,2,46.0,0.0,0.0,0.0
2006229,skillcorner,Melbourne City,Macarthur FC,10,5.0,1,individual,2.75,19,4,19,28.364219912143618,0.946562647819519,2.516063690185547,3.786250591278076
2006229,skillcorner,Melbourne City,Macarthur FC,10,5.0,1,tactical,11.75,3,0,3,56.93590858184041,0.0,0.0,0.0
2006229,skillcorner,Melbourne City,Macarthur FC,10,5.0,1,team,23.0,3,0,3,56.93590858184041,0.0,0.0,0.0
2006229,skillcorner,Melbourne City,Macarthur FC,11,6.0,1,individual,2.75,18,2,18,41.39233007320183,3.1980104446411133,3.9250354766845703,6.396020889282227
2006229,skillcorner,Melbourne City,Macarthur FC,11,6.0,1,tactical,11.75,8,1,8,51.82571823870944,0.6911201477050781,0.6911201477050781,0.6911201477050781
2006229,skillcorner,Melbourne City,Macarthur FC,11,6.0,1,team,23.0,2,0,2,48.59953808931039,0.0,0.0,0.0
2006229,skillcorner,Melbourne City,Macarthur FC,12,6.0,1,individual,2.75,20,3,20,31.116552270713054,2.5759156545003257,4.468730926513672,7.727746963500977
2006229,skillcorner,Melbourne City,Macarthur FC,12,6.0,1,tactical,11.75,3,0,3,67.36893701837039,0.0,0.0,0.0
2006229,skillcorner,Melbourne City,Macarthur FC,12,6.0,1,team,23.0,2,0,2,58.102213039528046,0.0,0.0,0.0
2006229,skillcorner,Melbourne City,Macarthur FC,13,7.0,1,individual,2.75,21,4,21,33.81030533670234,1.1921250820159912,3.267578125,4.768500328063965
2006229,skillcorner,Melbourne City,Macarthur FC,13,7.0,1,tactical,11.75,7,1,7,45.70720402737407,3.6281166076660156,3.6281166076660156,3.6281166076660156
2006229,skillcorner,Melbourne City,Macarthur FC,13,7.0,1,team,23.0,2,0,2,52.03323712115288,0.0,0.0,0.0
2006229,skillcorner,Melbourne City,Macarthur FC,14,7.0,1,individual,2.75,20,5,20,39.01792661484831,2.064325141906738,3.9172325134277344,10.321625709533691
2006229,skillcorner,Melbourne City,Macarthur FC,14,7.0,1,tactical,11.75,9,2,9,41.72785530082105,4.535595893859863,4.582374572753906,9.071191787719727
2006229,skillcorner,Melbourne City,Macarthur FC,14,7.0,1,team,23.0,2,0,2,53.06056722586997,0.0,0.0,0.0
2006229,skillcorner,Melbourne City,Macarthur FC,15,8.0,1,individual,2.75,20,2,20,37.05468289352163,1.0659265518188477,1.525970458984375,2.1318531036376953
2006229,skillcorner,Melbourne City,Macarthur FC,15,8.0,1,tactical,11.75,5,0,5,53.91562256132016,0.0,0.0,0.0
2006229,skillcorner,Melbourne City,Macarthur FC,15,8.0,1,team,23.0,2,0,2,55.507461437931454,0.0,0.0,0.0
2006229,skillcorner,Melbourne City,Macarthur FC,16,9.0,1,individual,2.75,17,2,17,33.2218787124826,4.9679083824157715,7.734342575073242,9.935816764831543
2006229,skillcorner,Melbourne City,Macarthur FC,16,9.0,1,tactical,11.75,5,0,5,50.1978734349678,0.0,0.0,0.0
2006229,skillcorner,Melbourne City,Macarthur FC,16,9.0,1,team,23.0,2,0,2,51.80640089721445,0.0,0.0,0.0
2006229,skillcorner,Melbourne City,Macarthur FC,17,9.0,1,individual,2.75,20,2,20,40.75261525996091,2.4495019912719727,4.137125015258789,4.899003982543945
2006229,skillcorner,Melbourne City,Macarthur FC,17,9.0,1,tactical,11.75,6,0,6,52.77451607929416,0.0,0.0,0.0
2006229,skillcorner,Melbourne City,Macarthur FC,17,9.0,1,team,23.0,2,0,2,55.197115772195566,0.0,0.0,0.0
2006229,skillcorner,Melbourne City,Macarthur FC,18,10.0,1,individual,2.75,17,0,17,38.27232744609198,0.0,0.0,0.0
2006229,skillcorner,Melbourne City,Macarthur FC,18,10.0,1,tactical,11.75,4,0,4,50.17454720481674,0.0,0.0,0.0
2006229,skillcorner,Melbourne City,Macarthur FC,18,10.0,1,team,23.0,2,0,2,51.626492410332354,0.0,0.0,0.0
2006229,skillcorner,Melbourne City,Macarthur FC,19,11.0,1,individual,2.75,21,3,21,37.680986885987025,2.845142364501953,5.209051132202148,8.53542709350586
2006229,skillcorner,Melbourne City,Macarthur FC,19,11.0,1,tactical,11.75,8,1,8,41.33163265624892,1.1599502563476562,1.1599502563476562,1.1599502563476562
2006229,skillcorner,Melbourne City,Macarthur FC,19,11.0,1,team,23.0,1,0,1,46.0,0.0,0.0,0.0
2006229,skillcorner,Melbourne City,Macarthur FC,20,12.0,1,individual,2.75,20,2,20,36.92396584402482,1.2377605438232422,1.6862716674804688,2.4755210876464844
2006229,skillcorner,Melbourne City,Macarthur FC,20,12.0,1,tactical,11.75,7,0,7,50.9202329629392,0.0,0.0,0.0
2006229,skillcorner,Melbourne City,Macarthur FC,20,12.0,1,team,23.0,2,0,2,46.0,0.0,0.0,0.0
2006229,skillcorner,Melbourne City,Macarthur FC,21,12.0,1,individual,2.75,21,0,21,33.55052467927354,0.0,0.0,0.0
2006229,skillcorner,Melbourne City,Macarthur FC,21,12.0,1,tactical,11.75,6,1,6,47.86449371565334,3.6934452056884766,3.6934452056884766,3.6934452056884766
2006229,skillcorner,Melbourne City,Macarthur FC,21,12.0,1,team,23.0,2,0,2,50.06239291930876,0.0,0.0,0.0
2006229,skillcorner,Melbourne City,Macarthur FC,22,13.0,1,individual,2.75,17,2,17,30.086296760350955,3.201399326324463,5.216520309448242,6.402798652648926
2006229,skillcorner,Melbourne City,Macarthur FC,22,13.0,1,tactical,11.75,4,0,4,48.38984812497938,0.0,0.0,0.0
2006229,skillcorner,Melbourne City,Macarthur FC,22,13.0,1,team,23.0,2,0,2,49.59640623409995,0.0,0.0,0.0
2006229,skillcorner,Melbourne City,Macarthur FC,23,13.0,1,individual,2.75,17,3,17,31.510941536007657,0.5752487182617188,0.8453989028930664,1.7257461547851562
2006229,skillcorner,Melbourne City,Macarthur FC,23,13.0,1,tactical,11.75,3,0,3,43.04754890265174,0.0,0.0,0.0
2006229,skillcorner,Melbourne City,Macarthur FC,23,13.0,1,team,23.0,2,0,2,52.5599452995018,0.0,0.0,0.0
2006229,skillcorner,Melbourne City,Macarthur FC,24,14.0,1,individual,2.75,20,7,20,40.68964122196035,0.7270540509905133,2.104776382446289,5.089378356933594
2006229,skillcorner,Melbourne City,Macarthur FC,24,14.0,1,tactical,11.75,6,1,6,48.745562368886425,0.1646881103515625,0.1646881103515625,0.1646881103515625
2006229,skillcorner,Melbourne City,Macarthur FC,24,14.0,1,team,23.0,2,0,2,46.0,0.0,0.0,0.0
2006229,skillcorner,Melbourne City,Macarthur FC,25,14.0,1,individual,2.75,19,4,19,35.55177239921183,1.7439446449279785,2.8980770111083984,6.975778579711914
2006229,skillcorner,Melbourne City,Macarthur FC,25,14.0,1,tactical,11.75,6,0,6,46.064904334793475,0.0,0.0,0.0
2006229,skillcorner,Melbourne City,Macarthur FC,25,14.0,1,team,23.0,2,0,2,46.05884411860495,0.0,0.0,0.0
2006229,skillcorner,Melbourne City,Macarthur FC,26,15.0,1,individual,2.75,12,0,12,30.503355546176536,0.0,0.0,0.0
2006229,skillcorner,Melbourne City,Macarthur FC,26,15.0,1,tactical,11.75,4,0,4,57.22044936851143,0.0,0.0,0.0
2006229,skillcorner,Melbourne City,Macarthur FC,26,15.0,1,team,23.0,2,0,2,59.53738975751558,0.0,0.0,0.0
2006229,skillcorner,Melbourne City,Macarthur FC,27,16.0,1,individual,2.75,21,1,21,36.69969035895993,3.0056114196777344,3.0056114196777344,3.0056114196777344
2006229,skillcorner,Melbourne City,Macarthur FC,27,16.0,1,tactical,11.75,3,0,3,64.86371765604966,0.0,0.0,0.0
2006229,skillcorner,Melbourne City,Macarthur FC,27,16.0,1,team,23.0,2,0,2,53.841712197288075,0.0,0.0,0.0
2006229,skillcorner,Melbourne City,Macarthur FC,28,16.0,1,individual,2.75,20,2,20,31.27807169770333,0.30516862869262695,0.554224967956543,0.6103372573852539
2006229,skillcorner,Melbourne City,Macarthur FC,28,16.0,1,tactical,11.75,5,0,5,43.260841517791995,0.0,0.0,0.0
2006229,skillcorner,Melbourne City,Macarthur FC,28,16.0,1,team,23.0,2,0,2,59.59420454557223,0.0,0.0,0.0
2006229,skillcorner,Melbourne City,Macarthur FC,29,17.0,1,individual,2.75,15,2,15,27.982583869256963,1.2153294086456299,2.2360281944274902,2.4306588172912598
2006229,skillcorner,Melbourne City,Macarthur FC,29,17.0,1,tactical,11.75,3,0,3,58.9646600064983,0.0,0.0,0.0
2006229,skillcorner,Melbourne City,Macarthur FC,29,17.0,1,team,23.0,3,0,3,58.9646600064983,0.0,0.0,0.0
2006229,skillcorner,Melbourne City,Macarthur FC,30,18.0,1,individual,2.75,21,4,21,37.938708552373534,2.503549814224243,4.186973571777344,10.014199256896973
2006229,skillcorner,Melbourne City,Macarthur FC,30,18.0,1,tactical,11.75,8,1,8,52.77420640337838,2.024425506591797,2.024425506591797,2.024425506591797
2006229,skillcorner,Melbourne City,Macarthur FC,30,18.0,1,team,23.0,2,0,2,46.0,0.0,0.0,0.0
2006229,skillcorner,Melbourne City,Macarthur FC,31,19.0,1,individual,2.75,18,1,18,34.026567561245436,0.6196346282958984,0.6196346282958984,0.6196346282958984
2006229,skillcorner,Melbourne City,Macarthur FC,31,19.0,1,tactical,11.75,4,0,4,47.12941908366024,0.0,0.0,0.0
2006229,skillcorner,Melbourne City,Macarthur FC,31,19.0,1,team,23.0,2,0,2,61.85964290193283,0.0,0.0,0.0
2006229,skillcorner,Melbourne City,Macarthur FC,32,20.0,1,individual,2.75,10,1,10,34.73238978244947,3.8263330459594727,3.8263330459594727,3.8263330459594727
2006229,skillcorner,Melbourne City,Macarthur FC,32,20.0,1,tactical,11.75,5,0,5,54.73402816539377,0.0,0.0,0.0
2006229,skillcorner,Melbourne City,Macarthur FC,32,20.0,1,team,23.0,2,0,2,58.32040167060245,0.0,0.0,0.0
2006229,skillcorner,Melbourne City,Macarthur FC,33,20.0,1,individual,2.75,22,3,22,37.36685223406337,1.0786848068237305,2.1459293365478516,3.2360544204711914
2006229,skillcorner,Melbourne City,Macarthur FC,33,20.0,1,tactical,11.75,6,0,6,50.317167926743245,0.0,0.0,0.0
2006229,skillcorner,Melbourne City,Macarthur FC,33,20.0,1,team,23.0,2,0,2,46.0,0.0,0.0,0.0
2006229,skillcorner,Melbourne City,Macarthur FC,34,21.0,1,individual,2.75,21,4,21,40.659304227795474,3.4126248359680176,6.783659934997559,13.65049934387207
2006229,skillcorner,Melbourne City,Macarthur FC,34,21.0,1,tactical,11.75,8,1,8,43.4132441880656,11.271371841430664,11.271371841430664,11.271371841430664
2006229,skillcorner,Melbourne City,Macarthur FC,34,21.0,1,team,23.0,2,0,2,47.01206873803235,0.0,0.0,0.0
2006229,skillcorner,Melbourne City,Macarthur FC,35,22.0,1,individual,2.75,22,2,22,36.04703787121917,1.2765045166015625,1.7538108825683594,2.553009033203125
2006229,skillcorner,Melbourne City,Macarthur FC,35,22.0,1,tactical,11.75,5,0,5,48.05143479899529,0.0,0.0,0.0
2006229,skillcorner,Melbourne City,Macarthur FC,35,22.0,1,team,23.0,2,0,2,48.44559023432295,0.0,0.0,0.0
2006229,skillcorner,Melbourne City,Macarthur FC,36,22.0,1,individual,2.75,21,3,21,36.562131635964114,1.1538979212443035,2.164261817932129,3.46169376373291
2006229,skillcorner,Melbourne City,Macarthur FC,36,22.0,1,tactical,11.75,6,0,6,50.26244574739245,0.0,0.0,0.0
2006229,skillcorner,Melbourne City,Macarthur FC,36,22.0,1,team,23.0,2,0,2,46.0,0.0,0.0,0.0
2006229,skillcorner,Melbourne City,Macarthur FC,37,23.0,1,individual,2.75,20,3,20,40.107313620203996,0.5841496785481771,0.9719953536987305,1.7524490356445312
2006229,skillcorner,Melbourne City,Macarthur FC,37,23.0,1,tactical,11.75,7,1,7,44.27619439696436,4.454502105712891,4.454502105712891,4.454502105712891
2006229,skillcorner,Melbourne City,Macarthur FC,37,23.0,1,team,23.0,2,0,2,46.0,0.0,0.0,0.0
2006229,skillcorner,Melbourne City,Macarthur FC,38,24.0,1,individual,2.75,20,4,20,37.17569559039664,2.0528719425201416,3.7849254608154297,8.211487770080566
2006229,skillcorner,Melbourne City,Macarthur FC,38,24.0,1,tactical,11.75,7,0,7,47.2022224053063,0.0,0.0,0.0
2006229,skillcorner,Melbourne City,Macarthur FC,38,24.0,1,team,23.0,1,0,1,46.0,0.0,0.0,0.0
2006229,skillcorner,Melbourne City,Macarthur FC,39,24.0,1,individual,2.75,20,2,20,34.843782515647824,3.5041604042053223,3.5624570846557617,7.0083208084106445
2006229,skillcorner,Melbourne City,Macarthur FC,39,24.0,1,tactical,11.75,5,0,5,46.27552508135933,0.0,0.0,0.0
2006229,skillcorner,Melbourne City,Macarthur FC,39,24.0,1,team,23.0,2,0,2,48.09335370424422,0.0,0.0,0.0
2006229,skillcorner,Melbourne City,Macarthur FC,40,25.0,1,individual,2.75,22,2,22,32.730217844180785,2.229641914367676,3.2983789443969727,4.459283828735352
2006229,skillcorner,Melbourne City,Macarthur FC,40,25.0,1,tactical,11.75,4,0,4,50.73327810512724,0.0,0.0,0.0
2006229,skillcorner,Melbourne City,Macarthur FC,40,25.0,1,team,23.0,2,0,2,46.0,0.0,0.0,0.0
2006229,skillcorner,Melbourne City,Macarthur FC,41,25.0,1,individual,2.75,22,4,22,35.413713777254,1.3884148597717285,1.981064796447754,5.553659439086914
2006229,skillcorner,Melbourne City,Macarthur FC,41,25.0,1,tactical,11.75,7,0,7,45.532784891767825,0.0,0.0,0.0
2006229,skillcorner,Melbourne City,Macarthur FC,41,25.0,1,team,23.0,1,0,1,46.0,0.0,0.0,0.0
2006229,skillcorner,Melbourne City,Macarthur FC,42,26.0,1,individual,2.75,17,3,17,40.061855772740984,1.5964256922403972,3.3875980377197266,4.789277076721191
2006229,skillcorner,Melbourne City,Macarthur FC,42,26.0,1,tactical,11.75,5,0,5,55.28129718523431,0.0,0.0,0.0
2006229,skillcorner,Melbourne City,Macarthur FC,42,26.0,1,team,23.0,2,0,2,50.03147825899255,0.0,0.0,0.0
2006229,skillcorner,Melbourne City,Macarthur FC,43,26.0,1,individual,2.75,20,4,20,32.78019390089257,1.8374545574188232,3.048373222351074,7.349818229675293
2006229,skillcorner,Melbourne City,Macarthur FC,43,26.0,1,tactical,11.75,4,0,4,48.14072933229887,0.0,0.0,0.0
2006229,skillcorner,Melbourne City,Macarthur FC,43,26.0,1,team,23.0,2,0,2,46.0,0.0,0.0,0.0
2006229,skillcorner,Melbourne City,Macarthur FC,44,27.0,1,individual,2.75,18,1,18,39.92898696435961,5.010684967041016,5.010684967041016,5.010684967041016
2006229,skillcorner,Melbourne City,Macarthur FC,44,27.0,1,tactical,11.75,8,1,8,49.53410035825992,2.591686248779297,2.591686248779297,2.591686248779297
2006229,skillcorner,Melbourne City,Macarthur FC,44,27.0,1,team,23.0,2,0,2,46.0,0.0,0.0,0.0
2006229,skillcorner,Melbourne City,Macarthur FC,45,28.0,1,individual,2.75,16,1,16,27.377216797107646,0.33046817779541016,0.33046817779541016,0.33046817779541016
2006229,skillcorner,Melbourne City,Macarthur FC,45,28.0,1,tactical,11.75,2,0,2,60.503661104345404,0.0,0.0,0.0
2006229,skillcorner,Melbourne City,Macarthur FC,45,28.0,1,team,23.0,2,0,2,60.503661104345404,0.0,0.0,0.0
2006229,skillcorner,Melbourne City,Macarthur FC,46,29.0,1,individual,2.75,22,3,22,39.271506318697114,1.633890151977539,2.4656906127929688,4.901670455932617
2006229,skillcorner,Melbourne City,Macarthur FC,46,29.0,1,tactical,11.75,5,0,5,52.966589525960046,0.0,0.0,0.0
2006229,skillcorner,Melbourne City,Macarthur FC,46,29.0,1,team,23.0,2,0,2,46.0,0.0,0.0,0.0
2006229,skillcorner,Melbourne City,Macarthur FC,47,29.0,1,individual,2.75,21,3,21,38.42163875512122,2.894470532735189,3.025038719177246,8.683411598205566
2006229,skillcorner,Melbourne City,Macarthur FC,47,29.0,1,tactical,11.75,5,0,5,44.706748192083026,0.0,0.0,0.0
2006229,skillcorner,Melbourne City,Macarthur FC,47,29.0,1,team,23.0,1,0,1,46.0,0.0,0.0,0.0
2006229,skillcorner,Melbourne City,Macarthur FC,48,30.0,1,individual,2.75,21,4,21,36.20932816535535,1.9971816539764404,4.909040451049805,7.988726615905762
2006229,skillcorner,Melbourne City,Macarthur FC,48,30.0,1,tactical,11.75,6,0,6,47.851207214215094,0.0,0.0,0.0
2006229,skillcorner,Melbourne City,Macarthur FC,48,30.0,1,team,23.0,2,0,2,47.56440209798475,0.0,0.0,0.0
2006229,skillcorner,Melbourne City,Macarthur FC,49,31.0,1,individual,2.75,20,3,20,42.809159231441626,2.4792569478352866,5.257474899291992,7.437770843505859
2006229,skillcorner,Melbourne City,Macarthur FC,49,31.0,1,tactical,11.75,9,2,9,51.60879609744614,2.7774429321289062,5.070096969604492,5.5548858642578125
2006229,skillcorner,Melbourne City,Macarthur FC,49,31.0,1,team,23.0,2,0,2,48.75634808369111,0.0,0.0,0.0
2006229,skillcorner,Melbourne City,Macarthur FC,50,31.0,1,individual,2.75,19,2,19,40.59572581316785,3.9298148155212402,5.435914993286133,7.8596296310424805
2006229,skillcorner,Melbourne City,Macarthur FC,50,31.0,1,tactical,11.75,8,1,8,51.21200269813609,0.3219146728515625,0.3219146728515625,0.3219146728515625
2006229,skillcorner,Melbourne City,Macarthur FC,50,31.0,1,team,23.0,2,0,2,46.0,0.0,0.0,0.0
2006229,skillcorner,Melbourne City,Macarthur FC,51,32.0,1,individual,2.75,21,2,21,37.87476782958811,3.9701013565063477,4.6333770751953125,7.940202713012695
2006229,skillcorner,Melbourne City,Macarthur FC,51,32.0,1,tactical,11.75,5,0,5,50.85778285610485,0.0,0.0,0.0
2006229,skillcorner,Melbourne City,Macarthur FC,51,32.0,1,team,23.0,2,0,2,46.0,0.0,0.0,0.0
2006229,skillcorner,Melbourne City,Macarthur FC,52,32.0,1,individual,2.75,22,3,22,40.45685908042829,1.9793504079182942,2.6035594940185547,5.938051223754883
2006229,skillcorner,Melbourne City,Macarthur FC,52,32.0,1,tactical,11.75,4,0,4,48.90961250105274,0.0,0.0,0.0
2006229,skillcorner,Melbourne City,Macarthur FC,52,32.0,1,team,23.0,2,0,2,56.10743439448167,0.0,0.0,0.0
2006229,skillcorner,Melbourne City,Macarthur FC,53,34.0,1,individual,2.75,20,5,20,39.27682700142355,1.9178592681884765,4.286913871765137,9.589296340942383
2006229,skillcorner,Melbourne City,Macarthur FC,53,34.0,1,tactical,11.75,10,2,10,47.20073410446071,3.13468074798584,6.234638214111328,6.26936149597168
2006229,skillcorner,Melbourne City,Macarthur FC,53,34.0,1,team,23.0,2,0,2,46.0,0.0,0.0,0.0
2006229,skillcorner,Melbourne City,Macarthur FC,54,35.0,1,individual,2.75,22,3,22,30.789572041660584,1.0833876927693684,1.664443016052246,3.2501630783081055
2006229,skillcorner,Melbourne City,Macarthur FC,54,35.0,1,tactical,11.75,3,0,3,69.94056946629874,0.0,0.0,0.0
2006229,skillcorner,Melbourne City,Macarthur FC,54,35.0,1,team,23.0,2,0,2,54.65402129545613,0.0,0.0,0.0
2006229,skillcorner,Melbourne City,Macarthur FC,55,35.0,1,individual,2.75,21,1,21,36.670162267277,12.347625732421875,12.347625732421875,12.347625732421875
2006229,skillcorner,Melbourne City,Macarthur FC,55,35.0,1,tactical,11.75,4,0,4,47.045871316718305,0.0,0.0,0.0
2006229,skillcorner,Melbourne City,Macarthur FC,55,35.0,1,team,23.0,2,0,2,46.0,0.0,0.0,0.0
2006229,skillcorner,Melbourne City,Macarthur FC,56,36.0,1,individual,2.75,21,3,21,34.436116897531335,1.7963473002115886,3.254157066345215,5.389041900634766
2006229,skillcorner,Melbourne City,Macarthur FC,56,36.0,1,tactical,11.75,5,0,5,49.873768543809426,0.0,0.0,0.0
2006229,skillcorner,Melbourne City,Macarthur FC,56,36.0,1,team,23.0,2,0,2,46.0,0.0,0.0,0.0
2006229,skillcorner,Melbourne City,Macarthur FC,57,36.0,1,individual,2.75,19,3,19,33.54208873259743,3.049245516459147,5.823420524597168,9.147736549377441
2006229,skillcorner,Melbourne City,Macarthur FC,57,36.0,1,tactical,11.75,3,0,3,57.477568408290566,0.0,0.0,0.0
2006229,skillcorner,Melbourne City,Macarthur FC,57,36.0,1,team,23.0,2,0,2,46.0,0.0,0.0,0.0
2006229,skillcorner,Melbourne City,Macarthur FC,58,37.0,1,individual,2.75,21,3,21,34.88746037410874,1.934804916381836,3.220574378967285,5.804414749145508
2006229,skillcorner,Melbourne City,Macarthur FC,58,37.0,1,tactical,11.75,6,0,6,43.18459596151385,0.0,0.0,0.0
2006229,skillcorner,Melbourne City,Macarthur FC,58,37.0,1,team,23.0,2,0,2,55.39121115727104,0.0,0.0,0.0
2006229,skillcorner,Melbourne City,Macarthur FC,59,37.0,1,individual,2.75,20,2,20,39.30195394710372,1.6775588989257812,2.6810131072998047,3.3551177978515625
2006229,skillcorner,Melbourne City,Macarthur FC,59,37.0,1,tactical,11.75,8,2,8,45.37392847494215,2.4103031158447266,2.664928436279297,4.820606231689453
2006229,skillcorner,Melbourne City,Macarthur FC,59,37.0,1,team,23.0,2,0,2,46.0,0.0,0.0,0.0
2006229,skillcorner,Melbourne City,Macarthur FC,60,38.0,1,individual,2.75,20,2,20,36.52611351455497,5.085733890533447,7.06566047668457,10.171467781066895
2006229,skillcorner,Melbourne City,Macarthur FC,60,38.0,1,tactical,11.75,5,0,5,42.787198441949855,0.0,0.0,0.0
2006229,skillcorner,Melbourne City,Macarthur FC,60,38.0,1,team,23.0,2,0,2,46.50070403729086,0.0,0.0,0.0
2006229,skillcorner,Melbourne City,Macarthur FC,61,38.0,1,individual,2.75,20,3,20,33.832860436274004,1.752035140991211,3.063612937927246,5.256105422973633
2006229,skillcorner,Melbourne City,Macarthur FC,61,38.0,1,tactical,11.75,4,0,4,49.68604239631031,0.0,0.0,0.0
2006229,skillcorner,Melbourne City,Macarthur FC,61,38.0,1,team,23.0,1,0,1,46.0,0.0,0.0,0.0
2006229,skillcorner,Melbourne City,Macarthur FC,62,39.0,1,individual,2.75,20,2,20,35.81429492207325,1.6561460494995117,3.2092437744140625,3.3122920989990234
2006229,skillcorner,Melbourne City,Macarthur FC,62,39.0,1,tactical,11.75,6,0,6,50.1693501964795,0.0,0.0,0.0
2006229,skillcorner,Melbourne City,Macarthur FC,62,39.0,1,team,23.0,1,0,1,46.0,0.0,0.0,0.0
2006229,skillcorner,Melbourne City,Macarthur FC,63,39.0,1,individual,2.75,22,5,22,42.35515320052194,2.6535158157348633,5.145135879516602,13.267579078674316
2006229,skillcorner,Melbourne City,Macarthur FC,63,39.0,1,tactical,11.75,10,1,10,46.90958137736896,6.682191848754883,6.682191848754883,6.682191848754883
2006229,skillcorner,Melbourne City,Macarthur FC,63,39.0,1,team,23.0,2,0,2,46.0,0.0,0.0,0.0
2006229,skillcorner,Melbourne City,Macarthur FC,64,40.0,1,individual,2.75,21,2,21,36.93197921463796,1.179943561553955,1.4469757080078125,2.35988712310791
2006229,skillcorner,Melbourne City,Macarthur FC,64,40.0,1,tactical,11.75,7,1,7,48.88075797284653,0.817230224609375,0.817230224609375,0.817230224609375
2006229,skillcorner,Melbourne City,Macarthur FC,64,40.0,1,team,23.0,1,0,1,46.0,0.0,0.0,0.0
2006229,skillcorner,Melbourne City,Macarthur FC,65,40.0,1,individual,2.75,21,1,21,40.09023719178539,2.8109493255615234,2.8109493255615234,2.8109493255615234
2006229,skillcorner,Melbourne City,Macarthur FC,65,40.0,1,tactical,11.75,5,0,5,41.270572664176065,0.0,0.0,0.0
2006229,skillcorner,Melbourne City,Macarthur FC,65,40.0,1,team,23.0,2,0,2,50.082289755616536,0.0,0.0,0.0
2006229,skillcorner,Melbourne City,Macarthur FC,66,41.0,1,individual,2.75,21,2,21,36.24594143129831,2.3046398162841797,2.8547496795654297,4.609279632568359
2006229,skillcorner,Melbourne City,Macarthur FC,66,41.0,1,tactical,11.75,6,0,6,48.19415108227457,0.0,0.0,0.0
2006229,skillcorner,Melbourne City,Macarthur FC,66,41.0,1,team,23.0,1,0,1,46.0,0.0,0.0,0.0
2006229,skillcorner,Melbourne City,Macarthur FC,67,41.0,1,individual,2.75,20,2,20,31.0047354961143,1.542814016342163,2.382513999938965,3.085628032684326
2006229,skillcorner,Melbourne City,Macarthur FC,67,41.0,1,tactical,11.75,5,0,5,43.93145193114351,0.0,0.0,0.0
2006229,skillcorner,Melbourne City,Macarthur FC,67,41.0,1,team,23.0,2,0,2,55.52208819107496,0.0,0.0,0.0
2006229,skillcorner,Melbourne City,Macarthur FC,68,42.0,1,individual,2.75,19,2,19,34.15519988485085,4.331679344177246,5.83022403717041,8.663358688354492
2006229,skillcorner,Melbourne City,Macarthur FC,68,42.0,1,tactical,11.75,6,0,6,41.19232362007781,0.0,0.0,0.0
2006229,skillcorner,Melbourne City,Macarthur FC,68,42.0,1,team,23.0,2,0,2,55.70207895785182,0.0,0.0,0.0
2006229,skillcorner,Melbourne City,Macarthur FC,69,42.0,1,individual,2.75,21,4,21,38.66216373767847,2.4996466636657715,3.919243812561035,9.998586654663086
2006229,skillcorner,Melbourne City,Macarthur FC,69,42.0,1,tactical,11.75,5,0,5,48.40748835340597,0.0,0.0,0.0
2006229,skillcorner,Melbourne City,Macarthur FC,69,42.0,1,team,23.0,3,0,3,57.25866694201665,0.0,0.0,0.0
2006229,skillcorner,Melbourne City,Macarthur FC,70,43.0,1,individual,2.75,19,2,19,33.35506862657991,0.9026198387145996,0.9059123992919922,1.8052396774291992
2006229,skillcorner,Melbourne City,Macarthur FC,70,43.0,1,tactical,11.75,5,0,5,58.088003538753675,0.0,0.0,0.0
2006229,skillcorner,Melbourne City,Macarthur FC,70,43.0,1,team,23.0,2,0,2,60.39398237431837,0.0,0.0,0.0
2006229,skillcorner,Melbourne City,Macarthur FC,71,44.0,1,individual,2.75,22,5,22,34.18179409568804,1.8498039245605469,3.47696590423584,9.249019622802734
2006229,skillcorner,Melbourne City,Macarthur FC,71,44.0,1,tactical,11.75,4,0,4,55.79250814274899,0.0,0.0,0.0
2006229,skillcorner,Melbourne City,Macarthur FC,71,44.0,1,team,23.0,2,0,2,56.94924308125916,0.0,0.0,0.0
2006229,skillcorner,Melbourne City,Macarthur FC,72,45.0,1,individual,2.75,17,2,17,32.916697097285436,2.069153308868408,4.016452789306641,4.138306617736816
2006229,skillcorner,Melbourne City,Macarthur FC,72,45.0,1,tactical,11.75,6,1,6,45.87068204076017,0.13335800170898438,0.13335800170898438,0.13335800170898438
2006229,skillcorner,Melbourne City,Macarthur FC,72,45.0,1,team,23.0,3,0,3,59.363890269595025,0.0,0.0,0.0
2006229,skillcorner,Melbourne City,Macarthur FC,73,45.0,1,individual,2.75,21,3,21,35.1104058272455,2.8106613159179688,4.221714973449707,8.431983947753906
2006229,skillcorner,Melbourne City,Macarthur FC,73,45.0,1,tactical,11.75,6,0,6,50.393397962769534,0.0,0.0,0.0
2006229,skillcorner,Melbourne City,Macarthur FC,73,45.0,1,team,23.0,2,0,2,46.0,0.0,0.0,0.0
2006229,skillcorner,Melbourne City,Macarthur FC,74,46.0,1,individual,2.75,18,3,18,26.884735445973796,0.47056976954142254,0.711115837097168,1.4117093086242676
2006229,skillcorner,Melbourne City,Macarthur FC,74,46.0,1,tactical,11.75,5,0,5,47.33541496894574,0.0,0.0,0.0
2006229,skillcorner,Melbourne City,Macarthur FC,74,46.0,1,team,23.0,2,0,2,52.57737117033975,0.0,0.0,0.0
2006229,skillcorner,Melbourne City,Macarthur FC,75,47.0,1,individual,2.75,17,2,17,32.57781866127692,1.3773260116577148,2.4053897857666016,2.7546520233154297
2006229,skillcorner,Melbourne City,Macarthur FC,75,47.0,1,tactical,11.75,6,0,6,45.291698659752576,0.0,0.0,0.0
2006229,skillcorner,Melbourne City,Macarthur FC,75,47.0,1,team,23.0,2,0,2,46.44964367957179,0.0,0.0,0.0
2006229,skillcorner,Melbourne City,Macarthur FC,76,45.0,2,individual,2.75,20,3,20,40.99727990748897,1.7216536204020183,3.1749134063720703,5.164960861206055
2006229,skillcorner,Melbourne City,Macarthur FC,76,45.0,2,tactical,11.75,8,1,8,46.96892534501629,2.6375980377197266,2.6375980377197266,2.6375980377197266
2006229,skillcorner,Melbourne City,Macarthur FC,76,45.0,2,team,23.0,2,0,2,46.0,0.0,0.0,0.0
2006229,skillcorner,Melbourne City,Macarthur FC,77,45.0,2,individual,2.75,20,2,20,37.53887713829346,2.923459053039551,5.269296646118164,5.846918106079102
2006229,skillcorner,Melbourne City,Macarthur FC,77,45.0,2,tactical,11.75,6,0,6,34.88764440009628,0.0,0.0,0.0
2006229,skillcorner,Melbourne City,Macarthur FC,77,45.0,2,team,23.0,2,0,2,58.30121353602549,0.0,0.0,0.0
2006229,skillcorner,Melbourne City,Macarthur FC,78,46.0,2,individual,2.75,22,3,22,35.61767952672125,1.8616422017415364,4.4882659912109375,5.584926605224609
2006229,skillcorner,Melbourne City,Macarthur FC,78,46.0,2,tactical,11.75,6,0,6,47.650317872409644,0.0,0.0,0.0
2006229,skillcorner,Melbourne City,Macarthur FC,78,46.0,2,team,23.0,2,0,2,51.208908189928586,0.0,0.0,0.0
2006229,skillcorner,Melbourne City,Macarthur FC,79,46.0,2,individual,2.75,20,3,20,36.284150342548294,0.8280509312947592,1.6650657653808594,2.4841527938842773
2006229,skillcorner,Melbourne City,Macarthur FC,79,46.0,2,tactical,11.75,5,0,5,52.517073694486406,0.0,0.0,0.0
2006229,skillcorner,Melbourne City,Macarthur FC,79,46.0,2,team,23.0,2,0,2,47.28091487176523,0.0,0.0,0.0
2006229,skillcorner,Melbourne City,Macarthur FC,80,47.0,2,individual,2.75,20,4,20,35.98393850150145,0.7552356719970703,1.7749080657958984,3.0209426879882812
2006229,skillcorner,Melbourne City,Macarthur FC,80,47.0,2,tactical,11.75,4,0,4,55.16965027342789,0.0,0.0,0.0
2006229,skillcorner,Melbourne City,Macarthur FC,80,47.0,2,team,23.0,1,0,1,46.0,0.0,0.0,0.0
2006229,skillcorner,Melbourne City,Macarthur FC,81,47.0,2,individual,2.75,21,3,21,34.424084895832365,1.6876900990804036,3.215334892272949,5.063070297241211
2006229,skillcorner,Melbourne City,Macarthur FC,81,47.0,2,tactical,11.75,6,1,6,40.952594043350295,0.08126068115234375,0.08126068115234375,0.08126068115234375
2006229,skillcorner,Melbourne City,Macarthur FC,81,47.0,2,team,23.0,2,0,2,55.42868574075923,0.0,0.0,0.0
2006229,skillcorner,Melbourne City,Macarthur FC,82,48.0,2,individual,2.75,18,2,18,28.86673604687582,0.9268860816955566,1.6266450881958008,1.8537721633911133
2006229,skillcorner,Melbourne City,Macarthur FC,82,48.0,2,tactical,11.75,4,0,4,51.5667460706954,0.0,0.0,0.0
2006229,skillcorner,Melbourne City,Macarthur FC,82,48.0,2,team,23.0,2,0,2,58.55635773781763,0.0,0.0,0.0
2006229,skillcorner,Melbourne City,Macarthur FC,83,48.0,2,individual,2.75,22,3,22,37.16749565740841,0.6233514149983724,1.3214530944824219,1.8700542449951172
2006229,skillcorner,Melbourne City,Macarthur FC,83,48.0,2,tactical,11.75,8,1,8,47.85353037139983,0.281951904296875,0.281951904296875,0.281951904296875
2006229,skillcorner,Melbourne City,Macarthur FC,83,48.0,2,team,23.0,3,0,3,54.07220099327907,0.0,0.0,0.0
2006229,skillcorner,Melbourne City,Macarthur FC,84,49.0,2,individual,2.75,20,3,20,31.07860898478615,1.876829465230306,3.8786401748657227,5.630488395690918
2006229,skillcorner,Melbourne City,Macarthur FC,84,49.0,2,tactical,11.75,4,0,4,45.054138850641294,0.0,0.0,0.0
2006229,skillcorner,Melbourne City,Macarthur FC,84,49.0,2,team,23.0,2,0,2,47.12906686710625,0.0,0.0,0.0
2006229,skillcorner,Melbourne City,Macarthur FC,85,50.0,2,individual,2.75,20,3,20,36.10077545672565,2.979823112487793,4.47123908996582,8.939469337463379
2006229,skillcorner,Melbourne City,Macarthur FC,85,50.0,2,tactical,11.75,7,1,7,38.19873852629168,6.939167022705078,6.939167022705078,6.939167022705078
2006229,skillcorner,Melbourne City,Macarthur FC,85,50.0,2,team,23.0,1,0,1,46.0,0.0,0.0,0.0
2006229,skillcorner,Melbourne City,Macarthur FC,86,50.0,2,individual,2.75,21,1,21,36.46120629804936,1.5297660827636719,1.5297660827636719,1.5297660827636719
2006229,skillcorner,Melbourne City,Macarthur FC,86,50.0,2,tactical,11.75,5,0,5,50.05220404446706,0.0,0.0,0.0
2006229,skillcorner,Melbourne City,Macarthur FC,86,50.0,2,team,23.0,1,0,1,46.0,0.0,0.0,0.0
2006229,skillcorner,Melbourne City,Macarthur FC,87,51.0,2,individual,2.75,21,6,21,37.70242720344648,0.9630155563354492,1.9064598083496094,5.778093338012695
2006229,skillcorner,Melbourne City,Macarthur FC,87,51.0,2,tactical,11.75,6,0,6,40.72655414028843,0.0,0.0,0.0
2006229,skillcorner,Melbourne City,Macarthur FC,87,51.0,2,team,23.0,2,0,2,54.902398299184235,0.0,0.0,0.0
2006229,skillcorner,Melbourne City,Macarthur FC,88,51.0,2,individual,2.75,19,1,19,31.165566811472516,1.2697811126708984,1.2697811126708984,1.2697811126708984
2006229,skillcorner,Melbourne City,Macarthur FC,88,51.0,2,tactical,11.75,4,0,4,57.56796320607364,0.0,0.0,0.0
2006229,skillcorner,Melbourne City,Macarthur FC,88,51.0,2,team,23.0,3,0,3,68.36988172408947,0.0,0.0,0.0
2006229,skillcorner,Melbourne City,Macarthur FC,89,52.0,2,individual,2.75,20,2,20,33.08603590428736,3.689323902130127,6.906244277954102,7.378647804260254
2006229,skillcorner,Melbourne City,Macarthur FC,89,52.0,2,tactical,11.75,6,0,6,53.91003327487374,0.0,0.0,0.0
2006229,skillcorner,Melbourne City,Macarthur FC,89,52.0,2,team,23.0,3,0,3,60.10864790599939,0.0,0.0,0.0
2006229,skillcorner,Melbourne City,Macarthur FC,90,53.0,2,individual,2.75,21,3,21,47.95268125875698,6.65981388092041,8.71428394317627,19.97944164276123
2006229,skillcorner,Melbourne City,Macarthur FC,90,53.0,2,tactical,11.75,13,2,13,52.47273555379877,7.466773986816406,7.729644775390625,14.933547973632812
2006229,skillcorner,Melbourne City,Macarthur FC,90,53.0,2,team,23.0,2,0,2,49.112360013773,0.0,0.0,0.0
2006229,skillcorner,Melbourne City,Macarthur FC,91,54.0,2,individual,2.75,21,4,21,38.513828079373916,0.7085065841674805,1.2289981842041016,2.834026336669922
2006229,skillcorner,Melbourne City,Macarthur FC,91,54.0,2,tactical,11.75,5,0,5,58.05787482005054,0.0,0.0,0.0
2006229,skillcorner,Melbourne City,Macarthur FC,91,54.0,2,team,23.0,2,0,2,51.14576813565264,0.0,0.0,0.0
2006229,skillcorner,Melbourne City,Macarthur FC,92,54.0,2,individual,2.75,21,1,21,36.677705810958436,0.14823627471923828,0.14823627471923828,0.14823627471923828
2006229,skillcorner,Melbourne City,Macarthur FC,92,54.0,2,tactical,11.75,8,2,8,43.66172723836374,1.966761589050293,3.7292327880859375,3.933523178100586
2006229,skillcorner,Melbourne City,Macarthur FC,92,54.0,2,team,23.0,1,0,1,46.0,0.0,0.0,0.0
2006229,skillcorner,Melbourne City,Macarthur FC,93,55.0,2,individual,2.75,19,2,19,41.40400000737012,5.470088005065918,5.966575622558594,10.940176010131836
2006229,skillcorner,Melbourne City,Macarthur FC,93,55.0,2,tactical,11.75,8,2,8,46.77900525088502,3.920625686645508,5.4816131591796875,7.841251373291016
2006229,skillcorner,Melbourne City,Macarthur FC,93,55.0,2,team,23.0,1,0,1,46.0,0.0,0.0,0.0
2006229,skillcorner,Melbourne City,Macarthur FC,94,55.0,2,individual,2.75,20,3,20,45.03424864971808,4.682644526163737,9.391050338745117,14.047933578491211
2006229,skillcorner,Melbourne City,Macarthur FC,94,55.0,2,tactical,11.75,10,1,10,48.17105834938651,13.47419548034668,13.47419548034668,13.47419548034668
2006229,skillcorner,Melbourne City,Macarthur FC,94,55.0,2,team,23.0,2,0,2,49.956747845799555,0.0,0.0,0.0
2006229,skillcorner,Melbourne City,Macarthur FC,95,56.0,2,individual,2.75,21,1,21,34.302608074108,2.104267120361328,2.104267120361328,2.104267120361328
2006229,skillcorner,Melbourne City,Macarthur FC,95,56.0,2,tactical,11.75,6,0,6,41.28283806954586,0.0,0.0,0.0
2006229,skillcorner,Melbourne City,Macarthur FC,95,56.0,2,team,23.0,2,0,2,56.11494374957656,0.0,0.0,0.0
2006229,skillcorner,Melbourne City,Macarthur FC,96,56.0,2,individual,2.75,22,4,22,40.17108606848262,1.8225281238555908,3.024961471557617,7.290112495422363
2006229,skillcorner,Melbourne City,Macarthur FC,96,56.0,2,tactical,11.75,9,2,9,47.10113628793705,3.676896095275879,5.407655715942383,7.353792190551758
2006229,skillcorner,Melbourne City,Macarthur FC,96,56.0,2,team,23.0,2,0,2,49.282082132093166,0.0,0.0,0.0
2006229,skillcorner,Melbourne City,Macarthur FC,97,58.0,2,individual,2.75,20,1,20,34.21097250601236,4.463437080383301,4.463437080383301,4.463437080383301
2006229,skillcorner,Melbourne City,Macarthur FC,97,58.0,2,tactical,11.75,5,0,5,48.20327336584461,0.0,0.0,0.0
2006229,skillcorner,Melbourne City,Macarthur FC,97,58.0,2,team,23.0,2,0,2,48.09578646080597,0.0,0.0,0.0
2006229,skillcorner,Melbourne City,Macarthur FC,98,58.0,2,individual,2.75,20,2,20,35.56157191502722,1.9866294860839844,3.103605270385742,3.9732589721679688
2006229,skillcorner,Melbourne City,Macarthur FC,98,58.0,2,tactical,11.75,6,0,6,46.093436547388805,0.0,0.0,0.0
2006229,skillcorner,Melbourne City,Macarthur FC,98,58.0,2,team,23.0,1,0,1,46.0,0.0,0.0,0.0
2006229,skillcorner,Melbourne City,Macarthur FC,99,59.0,2,individual,2.75,21,1,21,28.86707041198415,2.320446014404297,2.320446014404297,2.320446014404297
2006229,skillcorner,Melbourne City,Macarthur FC,99,59.0,2,tactical,11.75,3,0,3,61.51298214743103,0.0,0.0,0.0
2006229,skillcorner,Melbourne City,Macarthur FC,99,59.0,2,team,23.0,2,0,2,46.96761296440023,0.0,0.0,0.0
2006229,skillcorner,Melbourne City,Macarthur FC,100,60.0,2,individual,2.75,21,2,21,34.181396179608825,1.224135398864746,1.6492786407470703,2.448270797729492
2006229,skillcorner,Melbourne City,Macarthur FC,100,60.0,2,tactical,11.75,6,0,6,51.727080992589535,0.0,0.0,0.0
2006229,skillcorner,Melbourne City,Macarthur FC,100,60.0,2,team,23.0,2,0,2,49.26690825932866,0.0,0.0,0.0
2006229,skillcorner,Melbourne City,Macarthur FC,101,60.0,2,individual,2.75,20,4,20,38.79159033508728,2.0180397033691406,4.745189666748047,8.072158813476562
2006229,skillcorner,Melbourne City,Macarthur FC,101,60.0,2,tactical,11.75,8,1,8,47.49757878074632,4.329654693603516,4.329654693603516,4.329654693603516
2006229,skillcorner,Melbourne City,Macarthur FC,101,60.0,2,team,23.0,2,0,2,46.2921594106658,0.0,0.0,0.0
2006229,skillcorner,Melbourne City,Macarthur FC,102,61.0,2,individual,2.75,12,1,12,36.261488255989335,1.438211441040039,1.438211441040039,1.438211441040039
2006229,skillcorner,Melbourne City,Macarthur FC,102,61.0,2,tactical,11.75,7,0,7,44.10326518524451,0.0,0.0,0.0
2006229,skillcorner,Melbourne City,Macarthur FC,102,61.0,2,team,23.0,2,0,2,59.746237828786164,0.0,0.0,0.0
2006229,skillcorner,Melbourne City,Macarthur FC,103,63.0,2,individual,2.75,20,5,20,40.68917273099393,2.116883087158203,5.982616424560547,10.584415435791016
2006229,skillcorner,Melbourne City,Macarthur FC,103,63.0,2,tactical,11.75,7,1,7,43.0966405303244,4.655017852783203,4.655017852783203,4.655017852783203
2006229,skillcorner,Melbourne City,Macarthur FC,103,63.0,2,team,23.0,2,0,2,50.14748768923474,0.0,0.0,0.0
2006229,skillcorner,Melbourne City,Macarthur FC,104,63.0,2,individual,2.75,20,3,20,37.9289890807363,1.8100045522054036,3.871358871459961,5.430013656616211
2006229,skillcorner,Melbourne City,Macarthur FC,104,63.0,2,tactical,11.75,5,0,5,52.604858744154214,0.0,0.0,0.0
2006229,skillcorner,Melbourne City,Macarthur FC,104,63.0,2,team,23.0,2,0,2,46.55142242408083,0.0,0.0,0.0
2006229,skillcorner,Melbourne City,Macarthur FC,105,64.0,2,individual,2.75,21,3,21,39.236302636708196,1.8492940266927083,3.4422168731689453,5.547882080078125
2006229,skillcorner,Melbourne City,Macarthur FC,105,64.0,2,tactical,11.75,6,0,6,47.23600679595611,0.0,0.0,0.0
2006229,skillcorner,Melbourne City,Macarthur FC,105,64.0,2,team,23.0,2,0,2,55.242720927009934,0.0,0.0,0.0
2006229,skillcorner,Melbourne City,Macarthur FC,106,65.0,2,individual,2.75,18,0,18,34.567176627546544,0.0,0.0,0.0
2006229,skillcorner,Melbourne City,Macarthur FC,106,65.0,2,tactical,11.75,4,0,4,46.630758691575785,0.0,0.0,0.0
2006229,skillcorner,Melbourne City,Macarthur FC,106,65.0,2,team,23.0,2,0,2,56.86764127571178,0.0,0.0,0.0
2006229,skillcorner,Melbourne City,Macarthur FC,107,65.0,2,individual,2.75,20,2,20,39.04220959855878,0.6231694221496582,0.657048225402832,1.2463388442993164
2006229,skillcorner,Melbourne City,Macarthur FC,107,65.0,2,tactical,11.75,6,0,6,53.10399219124841,0.0,0.0,0.0
2006229,skillcorner,Melbourne City,Macarthur FC,107,65.0,2,team,23.0,2,0,2,46.0,0.0,0.0,0.0
2006229,skillcorner,Melbourne City,Macarthur FC,108,66.0,2,individual,2.75,18,2,18,42.615167487644584,2.774308204650879,3.772146224975586,5.548616409301758
2006229,skillcorner,Melbourne City,Macarthur FC,108,66.0,2,tactical,11.75,9,0,9,47.00267940636705,0.0,0.0,0.0
2006229,skillcorner,Melbourne City,Macarthur FC,108,66.0,2,team,23.0,2,0,2,46.91491406931829,0.0,0.0,0.0
2006229,skillcorner,Melbourne City,Macarthur FC,109,66.0,2,individual,2.75,18,2,18,35.88069153458444,2.4658164978027344,2.5305614471435547,4.931632995605469
2006229,skillcorner,Melbourne City,Macarthur FC,109,66.0,2,tactical,11.75,5,0,5,47.724552744481564,0.0,0.0,0.0
2006229,skillcorner,Melbourne City,Macarthur FC,109,66.0,2,team,23.0,2,0,2,46.0,0.0,0.0,0.0
2006229,skillcorner,Melbourne City,Macarthur FC,110,67.0,2,individual,2.75,22,3,22,34.692943966373704,1.490480105082194,2.041078567504883,4.471440315246582
2006229,skillcorner,Melbourne City,Macarthur FC,110,67.0,2,tactical,11.75,5,1,5,45.287294929831745,1.2146530151367188,1.2146530151367188,1.2146530151367188
2006229,skillcorner,Melbourne City,Macarthur FC,110,67.0,2,team,23.0,2,0,2,46.75584798569777,0.0,0.0,0.0
2006229,skillcorner,Melbourne City,Macarthur FC,111,67.0,2,individual,2.75,18,2,18,37.83281776447533,3.437479019165039,6.082200050354004,6.874958038330078
2006229,skillcorner,Melbourne City,Macarthur FC,111,67.0,2,tactical,11.75,8,1,8,36.801697218938074,0.5099620819091797,0.5099620819091797,0.5099620819091797
2006229,skillcorner,Melbourne City,Macarthur FC,111,67.0,2,team,23.0,2,0,2,59.95264841462334,0.0,0.0,0.0
2006229,skillcorner,Melbourne City,Macarthur FC,112,68.0,2,individual,2.75,18,2,18,37.17449259909272,3.636383533477783,6.263889312744141,7.272767066955566
2006229,skillcorner,Melbourne City,Macarthur FC,112,68.0,2,tactical,11.75,4,0,4,57.824679026402045,0.0,0.0,0.0
2006229,skillcorner,Melbourne City,Macarthur FC,112,68.0,2,team,23.0,2,0,2,51.348132474480316,0.0,0.0,0.0
2006229,skillcorner,Melbourne City,Macarthur FC,113,68.0,2,individual,2.75,19,2,19,38.44427409736866,2.1309471130371094,3.3038196563720703,4.261894226074219
2006229,skillcorner,Melbourne City,Macarthur FC,113,68.0,2,tactical,11.75,8,2,8,50.45478528764282,1.0203571319580078,1.8993148803710938,2.0407142639160156
2006229,skillcorner,Melbourne City,Macarthur FC,113,68.0,2,team,23.0,2,0,2,47.00335301881493,0.0,0.0,0.0
2006229,skillcorner,Melbourne City,Macarthur FC,114,69.0,2,individual,2.75,18,2,18,29.279740436007966,1.5482149124145508,2.787226676940918,3.0964298248291016
2006229,skillcorner,Melbourne City,Macarthur FC,114,69.0,2,tactical,11.75,3,0,3,62.566206248240235,0.0,0.0,0.0
2006229,skillcorner,Melbourne City,Macarthur FC,114,69.0,2,team,23.0,2,0,2,48.59616230426995,0.0,0.0,0.0
2006229,skillcorner,Melbourne City,Macarthur FC,115,73.0,2,individual,2.75,14,1,14,26.449636146812384,0.7621135711669922,0.7621135711669922,0.7621135711669922
2006229,skillcorner,Melbourne City,Macarthur FC,115,73.0,2,tactical,11.75,3,0,3,58.362234299315325,0.0,0.0,0.0
2006229,skillcorner,Melbourne City,Macarthur FC,115,73.0,2,team,23.0,2,0,2,66.8077511168955,0.0,0.0,0.0
2006229,skillcorner,Melbourne City,Macarthur FC,116,74.0,2,individual,2.75,18,1,18,36.73029403639453,5.498509407043457,5.498509407043457,5.498509407043457
2006229,skillcorner,Melbourne City,Macarthur FC,116,74.0,2,tactical,11.75,5,0,5,43.411416260275296,0.0,0.0,0.0
2006229,skillcorner,Melbourne City,Macarthur FC,116,74.0,2,team,23.0,2,0,2,51.0802501427756,0.0,0.0,0.0
2006229,skillcorner,Melbourne City,Macarthur FC,117,75.0,2,individual,2.75,19,4,19,35.50707430462604,1.710193395614624,2.9545059204101562,6.840773582458496
2006229,skillcorner,Melbourne City,Macarthur FC,117,75.0,2,tactical,11.75,6,0,6,45.888257212634684,0.0,0.0,0.0
2006229,skillcorner,Melbourne City,Macarthur FC,117,75.0,2,team,23.0,2,0,2,48.796673395500235,0.0,0.0,0.0
2006229,skillcorner,Melbourne City,Macarthur FC,118,76.0,2,individual,2.75,17,1,17,32.801376281077275,4.806608200073242,4.806608200073242,4.806608200073242
2006229,skillcorner,Melbourne City,Macarthur FC,118,76.0,2,tactical,11.75,5,0,5,49.130263807162436,0.0,0.0,0.0
2006229,skillcorner,Melbourne City,Macarthur FC,118,76.0,2,team,23.0,1,0,1,46.0,0.0,0.0,0.0
2006229,skillcorner,Melbourne City,Macarthur FC,119,76.0,2,individual,2.75,10,1,10,34.49930479372012,0.020578384399414062,0.020578384399414062,0.020578384399414062
2006229,skillcorner,Melbourne City,Macarthur FC,119,76.0,2,tactical,11.75,4,0,4,50.3946406356219,0.0,0.0,0.0
2006229,skillcorner,Melbourne City,Macarthur FC,119,76.0,2,team,23.0,2,0,2,54.489107544931244,0.0,0.0,0.0
2006229,skillcorner,Melbourne City,Macarthur FC,120,77.0,2,individual,2.75,11,0,11,31.596822055799734,0.0,0.0,0.0
2006229,skillcorner,Melbourne City,Macarthur FC,120,77.0,2,tactical,11.75,4,0,4,51.78569934636629,0.0,0.0,0.0
2006229,skillcorner,Melbourne City,Macarthur FC,120,77.0,2,team,23.0,2,0,2,56.6511953469683,0.0,0.0,0.0
2006229,skillcorner,Melbourne City,Macarthur FC,121,77.0,2,individual,2.75,20,4,20,34.01995418005293,1.5766301155090332,3.8805665969848633,6.306520462036133
2006229,skillcorner,Melbourne City,Macarthur FC,121,77.0,2,tactical,11.75,3,0,3,54.15845190749821,0.0,0.0,0.0
2006229,skillcorner,Melbourne City,Macarthur FC,121,77.0,2,team,23.0,2,0,2,46.0,0.0,0.0,0.0
2006229,skillcorner,Melbourne City,Macarthur FC,122,78.0,2,individual,2.75,17,4,17,30.526768177401344,1.3879237174987793,2.544513702392578,5.551694869995117
2006229,skillcorner,Melbourne City,Macarthur FC,122,78.0,2,tactical,11.75,3,0,3,62.7877364564805,0.0,0.0,0.0
2006229,skillcorner,Melbourne City,Macarthur FC,122,78.0,2,team,23.0,2,0,2,49.20702243497467,0.0,0.0,0.0
2006229,skillcorner,Melbourne City,Macarthur FC,123,78.0,2,individual,2.75,21,4,21,36.21345631961844,2.200007200241089,5.435144424438477,8.800028800964355
2006229,skillcorner,Melbourne City,Macarthur FC,123,78.0,2,tactical,11.75,6,0,6,48.979511914092804,0.0,0.0,0.0
2006229,skillcorner,Melbourne City,Macarthur FC,123,78.0,2,team,23.0,2,0,2,49.720436996289976,0.0,0.0,0.0
2006229,skillcorner,Melbourne City,Macarthur FC,124,79.0,2,individual,2.75,22,5,22,41.40464976559129,1.5701948165893556,3.998011589050293,7.850974082946777
2006229,skillcorner,Melbourne City,Macarthur FC,124,79.0,2,tactical,11.75,10,1,10,49.88322369544695,5.314733505249023,5.314733505249023,5.314733505249023
2006229,skillcorner,Melbourne City,Macarthur FC,124,79.0,2,team,23.0,2,0,2,46.0,0.0,0.0,0.0
2006229,skillcorner,Melbourne City,Macarthur FC,125,79.0,2,individual,2.75,21,3,21,34.84470794511877,1.6316855748494465,2.130551338195801,4.89505672454834
2006229,skillcorner,Melbourne City,Macarthur FC,125,79.0,2,tactical,11.75,5,0,5,46.747079729951594,0.0,0.0,0.0
2006229,skillcorner,Melbourne City,Macarthur FC,125,79.0,2,team,23.0,2,0,2,47.10327493657492,0.0,0.0,0.0
2006229,skillcorner,Melbourne City,Macarthur FC,126,80.0,2,individual,2.75,19,3,19,36.298722354773304,1.1227175394694011,2.1231231689453125,3.368152618408203
2006229,skillcorner,Melbourne City,Macarthur FC,126,80.0,2,tactical,11.75,6,0,6,50.37476643677029,0.0,0.0,0.0
2006229,skillcorner,Melbourne City,Macarthur FC,126,80.0,2,team,23.0,2,0,2,52.810153467842255,0.0,0.0,0.0
2006229,skillcorner,Melbourne City,Macarthur FC,127,80.0,2,individual,2.75,20,3,20,32.6595896190498,2.864507039388021,4.743255615234375,8.593521118164062
2006229,skillcorner,Melbourne City,Macarthur FC,127,80.0,2,tactical,11.75,5,0,5,46.114215980540735,0.0,0.0,0.0
2006229,skillcorner,Melbourne City,Macarthur FC,127,80.0,2,team,23.0,2,0,2,46.0,0.0,0.0,0.0
2006229,skillcorner,Melbourne City,Macarthur FC,128,81.0,2,individual,2.75,20,2,20,40.4381668662174,4.45287561416626,6.006574630737305,8.90575122833252
2006229,skillcorner,Melbourne City,Macarthur FC,128,81.0,2,tactical,11.75,8,0,8,51.955340154386036,0.0,0.0,0.0
2006229,skillcorner,Melbourne City,Macarthur FC,128,81.0,2,team,23.0,2,0,2,52.31973605800338,0.0,0.0,0.0
2006229,skillcorner,Melbourne City,Macarthur FC,129,81.0,2,individual,2.75,20,4,20,28.469017789116812,1.0500470399856567,2.6542282104492188,4.200188159942627
2006229,skillcorner,Melbourne City,Macarthur FC,129,81.0,2,tactical,11.75,5,0,5,44.99364562548718,0.0,0.0,0.0
2006229,skillcorner,Melbourne City,Macarthur FC,129,81.0,2,team,23.0,2,0,2,57.18531605125642,0.0,0.0,0.0
2006229,skillcorner,Melbourne City,Macarthur FC,130,82.0,2,individual,2.75,22,5,22,32.326035437715504,1.0726816177368164,3.5888500213623047,5.363408088684082
2006229,skillcorner,Melbourne City,Macarthur FC,130,82.0,2,tactical,11.75,4,0,4,48.936892607298894,0.0,0.0,0.0
2006229,skillcorner,Melbourne City,Macarthur FC,130,82.0,2,team,23.0,2,0,2,46.0,0.0,0.0,0.0
2006229,skillcorner,Melbourne City,Macarthur FC,131,84.0,2,individual,2.75,19,3,19,39.36007218698629,1.3542261123657227,2.0685501098632812,4.062678337097168
2006229,skillcorner,Melbourne City,Macarthur FC,131,84.0,2,tactical,11.75,4,0,4,52.851294524734456,0.0,0.0,0.0
2006229,skillcorner,Melbourne City,Macarthur FC,131,84.0,2,team,23.0,2,0,2,46.46716954314599,0.0,0.0,0.0
2006229,skillcorner,Melbourne City,Macarthur FC,132,84.0,2,individual,2.75,20,3,20,36.888027266137655,3.4441957473754883,6.116813659667969,10.332587242126465
2006229,skillcorner,Melbourne City,Macarthur FC,132,84.0,2,tactical,11.75,7,0,7,44.3267499654554,0.0,0.0,0.0
2006229,skillcorner,Melbourne City,Macarthur FC,132,84.0,2,team,23.0,2,0,2,56.680175166596825,0.0,0.0,0.0
2006229,skillcorner,Melbourne City,Macarthur FC,133,85.0,2,individual,2.75,17,1,17,30.076320912446274,1.6751165390014648,1.6751165390014648,1.6751165390014648
2006229,skillcorner,Melbourne City,Macarthur FC,133,85.0,2,tactical,11.75,4,0,4,56.03039898656756,0.0,0.0,0.0
2006229,skillcorner,Melbourne City,Macarthur FC,133,85.0,2,team,23.0,2,0,2,59.064254407829736,0.0,0.0,0.0
2006229,skillcorner,Melbourne City,Macarthur FC,134,85.0,2,individual,2.75,19,3,19,32.50091165395757,0.7829799652099609,2.0997352600097656,2.348939895629883
2006229,skillcorner,Melbourne City,Macarthur FC,134,85.0,2,tactical,11.75,7,0,7,48.415635115230195,0.0,0.0,0.0
2006229,skillcorner,Melbourne City,Macarthur FC,134,85.0,2,team,23.0,2,0,2,46.23859556641668,0.0,0.0,0.0
2006229,skillcorner,Melbourne City,Macarthur FC,135,86.0,2,individual,2.75,20,3,20,33.399999884289926,2.119728406270345,4.161742210388184,6.359185218811035
2006229,skillcorner,Melbourne City,Macarthur FC,135,86.0,2,tactical,11.75,4,0,4,51.40746818345942,0.0,0.0,0.0
2006229,skillcorner,Melbourne City,Macarthur FC,135,86.0,2,team,23.0,1,0,1,46.0,0.0,0.0,0.0
2006229,skillcorner,Melbourne City,Macarthur FC,136,86.0,2,individual,2.75,19,3,19,35.539556144766024,2.9640986124674478,7.410699844360352,8.892295837402344
2006229,skillcorner,Melbourne City,Macarthur FC,136,86.0,2,tactical,11.75,6,0,6,50.610230771814855,0.0,0.0,0.0
2006229,skillcorner,Melbourne City,Macarthur FC,136,86.0,2,team,23.0,2,0,2,55.48611399084449,0.0,0.0,0.0
2006229,skillcorner,Melbourne City,Macarthur FC,137,87.0,2,individual,2.75,20,3,20,39.12017651407951,3.218832015991211,6.8712263107299805,9.656496047973633
2006229,skillcorner,Melbourne City,Macarthur FC,137,87.0,2,tactical,11.75,6,0,6,52.71436480173622,0.0,0.0,0.0
2006229,skillcorner,Melbourne City,Macarthur FC,137,87.0,2,team,23.0,1,0,1,46.0,0.0,0.0,0.0
2006229,skillcorner,Melbourne City,Macarthur FC,138,88.0,2,individual,2.75,22,4,22,42.19083400091279,1.535613775253296,2.3336400985717773,6.142455101013184
2006229,skillcorner,Melbourne City,Macarthur FC,138,88.0,2,tactical,11.75,11,1,11,48.31056910775567,6.171836853027344,6.171836853027344,6.171836853027344
2006229,skillcorner,Melbourne City,Macarthur FC,138,88.0,2,team,23.0,2,0,2,46.0,0.0,0.0,0.0
2006229,skillcorner,Melbourne City,Macarthur FC,139,88.0,2,individual,2.75,20,3,20,40.68351900847956,3.549152692159017,5.942172050476074,10.64745807647705
2006229,skillcorner,Melbourne City,Macarthur FC,139,88.0,2,tactical,11.75,7,0,7,45.52261086537107,0.0,0.0,0.0
2006229,skillcorner,Melbourne City,Macarthur FC,139,88.0,2,team,23.0,2,0,2,54.413411314114484,0.0,0.0,0.0
2006229,skillcorner,Melbourne City,Macarthur FC,140,89.0,2,individual,2.75,18,2,18,36.045493823777754,1.1864385604858398,1.8443183898925781,2.3728771209716797
2006229,skillcorner,Melbourne City,Macarthur FC,140,89.0,2,tactical,11.75,7,0,7,47.170716551691264,0.0,0.0,0.0
2006229,skillcorner,Melbourne City,Macarthur FC,140,89.0,2,team,23.0,2,0,2,52.84698227739843,0.0,0.0,0.0
2006229,skillcorner,Melbourne City,Macarthur FC,141,89.0,2,individual,2.75,20,3,20,33.79231256383951,1.8785022099812825,2.5979957580566406,5.635506629943848
2006229,skillcorner,Melbourne City,Macarthur FC,141,89.0,2,tactical,11.75,7,0,7,43.64548802568256,0.0,0.0,0.0
2006229,skillcorner,Melbourne City,Macarthur FC,141,89.0,2,team,23.0,2,0,2,46.0,0.0,0.0,0.0
2006229,skillcorner,Melbourne City,Macarthur FC,142,90.0,2,individual,2.75,18,4,18,39.406949894656904,1.2897460460662842,2.309575080871582,5.158984184265137
2006229,skillcorner,Melbourne City,Macarthur FC,142,90.0,2,tactical,11.75,9,0,9,43.118794879048565,0.0,0.0,0.0
2006229,skillcorner,Melbourne City,Macarthur FC,142,90.0,2,team,23.0,2,0,2,46.0,0.0,0.0,0.0
2006229,skillcorner,Melbourne City,Macarthur FC,143,90.0,2,individual,2.75,22,3,22,33.50728220060095,2.4995295206705728,3.5604820251464844,7.498588562011719
2006229,skillcorner,Melbourne City,Macarthur FC,143,90.0,2,tactical,11.75,5,0,5,51.27884346349743,0.0,0.0,0.0
2006229,skillcorner,Melbourne City,Macarthur FC,143,90.0,2,team,23.0,2,0,2,46.0,0.0,0.0,0.0
2006229,skillcorner,Melbourne City,Macarthur FC,144,91.0,2,individual,2.75,22,3,22,33.756595273894206,3.1936972935994468,7.701247215270996,9.58109188079834
2006229,skillcorner,Melbourne City,Macarthur FC,144,91.0,2,tactical,11.75,4,0,4,44.08551742447318,0.0,0.0,0.0
2006229,skillcorner,Melbourne City,Macarthur FC,144,91.0,2,team,23.0,2,0,2,59.60584249202147,0.0,0.0,0.0
2006229,skillcorner,Melbourne City,Macarthur FC,145,91.0,2,individual,2.75,20,2,20,36.06656013562468,2.0297083854675293,2.4935073852539062,4.059416770935059
2006229,skillcorner,Melbourne City,Macarthur FC,145,91.0,2,tactical,11.75,4,0,4,43.69732577503924,0.0,0.0,0.0
2006229,skillcorner,Melbourne City,Macarthur FC,145,91.0,2,team,23.0,2,0,2,57.089163060972155,0.0,0.0,0.0
2006229,skillcorner,Melbourne City,Macarthur FC,146,92.0,2,individual,2.75,21,4,21,27.981760315341106,2.0782876014709473,4.45782995223999,8.313150405883789
2006229,skillcorner,Melbourne City,Macarthur FC,146,92.0,2,tactical,11.75,3,0,3,62.3982484309696,0.0,0.0,0.0
2006229,skillcorner,Melbourne City,Macarthur FC,146,92.0,2,team,23.0,3,0,3,62.3982484309696,0.0,0.0,0.0
2006229,skillcorner,Melbourne City,Macarthur FC,147,93.0,2,individual,2.75,20,2,20,38.501972673156814,0.6698975563049316,1.2761859893798828,1.3397951126098633
2006229,skillcorner,Melbourne City,Macarthur FC,147,93.0,2,tactical,11.75,7,1,7,48.855654051629486,3.2261886596679688,3.2261886596679688,3.2261886596679688
2006229,skillcorner,Melbourne City,Macarthur FC,147,93.0,2,team,23.0,2,0,2,48.45122236827046,0.0,0.0,0.0
2006229,skillcorner,Melbourne City,Macarthur FC,148,94.0,2,individual,2.75,16,2,16,29.718469581459836,1.23472261428833,2.1817798614501953,2.46944522857666
2006229,skillcorner,Melbourne City,Macarthur FC,148,94.0,2,tactical,11.75,5,0,5,44.408644467408585,0.0,0.0,0.0
2006229,skillcorner,Melbourne City,Macarthur FC,148,94.0,2,team,23.0,2,0,2,53.10916602715366,0.0,0.0,0.0
2006229,skillcorner,Melbourne City,Macarthur FC,149,95.0,2,individual,2.75,20,1,20,31.593590389361275,2.552299976348877,2.552299976348877,2.552299976348877
2006229,skillcorner,Melbourne City,Macarthur FC,149,95.0,2,tactical,11.75,4,0,4,56.06493568975679,0.0,0.0,0.0
2006229,skillcorner,Melbourne City,Macarthur FC,149,95.0,2,team,23.0,2,0,2,48.244705448938895,0.0,0.0,0.0
1996435,skillcorner,Sydney FC,Adelaide United,0,0.0,1,individual,2.75,20,3,20,30.937072872453953,1.245994249979655,2.033707618713379,3.737982749938965
1996435,skillcorner,Sydney FC,Adelaide United,0,0.0,1,tactical,11.75,4,0,4,48.05941006179509,0.0,0.0,0.0
1996435,skillcorner,Sydney FC,Adelaide United,0,0.0,1,team,23.0,1,0,1,46.0,0.0,0.0,0.0
1996435,skillcorner,Sydney FC,Adelaide United,1,0.0,1,individual,2.75,18,3,18,23.324838691832362,1.2587839762369792,2.6809287071228027,3.7763519287109375
1996435,skillcorner,Sydney FC,Adelaide United,1,0.0,1,tactical,11.75,3,0,3,63.63764990776818,0.0,0.0,0.0
1996435,skillcorner,Sydney FC,Adelaide United,1,0.0,1,team,23.0,2,0,2,50.23105666107355,0.0,0.0,0.0
1996435,skillcorner,Sydney FC,Adelaide United,2,0.0,1,individual,2.75,20,4,20,39.67670865313609,3.789189577102661,4.9868316650390625,15.156758308410645
1996435,skillcorner,Sydney FC,Adelaide United,2,0.0,1,tactical,11.75,6,0,6,50.18443547625546,0.0,0.0,0.0
1996435,skillcorner,Sydney FC,Adelaide United,2,0.0,1,team,23.0,2,0,2,52.8207492255916,0.0,0.0,0.0
1996435,skillcorner,Sydney FC,Adelaide United,3,1.0,1,individual,2.75,20,5,20,32.985627872462736,2.7128580093383787,8.463507652282715,13.564290046691895
1996435,skillcorner,Sydney FC,Adelaide United,3,1.0,1,tactical,11.75,3,0,3,61.95241359586739,0.0,0.0,0.0
1996435,skillcorner,Sydney FC,Adelaide United,3,1.0,1,team,23.0,2,0,2,47.76060614955848,0.0,0.0,0.0
1996435,skillcorner,Sydney FC,Adelaide United,4,1.0,1,individual,2.75,19,4,19,32.00763652181204,1.306396245956421,2.2441225051879883,5.225584983825684
1996435,skillcorner,Sydney FC,Adelaide United,4,1.0,1,tactical,11.75,4,0,4,51.02043678346114,0.0,0.0,0.0
1996435,skillcorner,Sydney FC,Adelaide United,4,1.0,1,team,23.0,2,0,2,49.39580853811167,0.0,0.0,0.0
1996435,skillcorner,Sydney FC,Adelaide United,5,2.0,1,individual,2.75,20,5,20,28.62037238507994,1.0413086891174317,2.9309005737304688,5.206543445587158
1996435,skillcorner,Sydney FC,Adelaide United,5,2.0,1,tactical,11.75,2,0,2,54.69899771080721,0.0,0.0,0.0
1996435,skillcorner,Sydney FC,Adelaide United,5,2.0,1,team,23.0,2,0,2,54.69899771080721,0.0,0.0,0.0
1996435,skillcorner,Sydney FC,Adelaide United,6,2.0,1,individual,2.75,19,1,19,34.43088603905656,2.4657201766967773,2.4657201766967773,2.4657201766967773
1996435,skillcorner,Sydney FC,Adelaide United,6,2.0,1,tactical,11.75,6,0,6,49.76766095262229,0.0,0.0,0.0
1996435,skillcorner,Sydney FC,Adelaide United,6,2.0,1,team,23.0,2,0,2,48.11605659750528,0.0,0.0,0.0
1996435,skillcorner,Sydney FC,Adelaide United,7,3.0,1,individual,2.75,18,0,18,29.34705777416196,0.0,0.0,0.0
1996435,skillcorner,Sydney FC,Adelaide United,7,3.0,1,tactical,11.75,4,0,4,49.55791864574357,0.0,0.0,0.0
1996435,skillcorner,Sydney FC,Adelaide United,7,3.0,1,team,23.0,2,0,2,50.95480069020666,0.0,0.0,0.0
1996435,skillcorner,Sydney FC,Adelaide United,8,3.0,1,individual,2.75,16,1,16,25.883426510638863,2.1068577766418457,2.1068577766418457,2.1068577766418457
1996435,skillcorner,Sydney FC,Adelaide United,8,3.0,1,tactical,11.75,4,0,4,48.27528547663583,0.0,0.0,0.0
1996435,skillcorner,Sydney FC,Adelaide United,8,3.0,1,team,23.0,2,0,2,50.04181322176028,0.0,0.0,0.0
1996435,skillcorner,Sydney FC,Adelaide United,9,4.0,1,individual,2.75,20,2,20,32.91869875702429,2.6289281845092773,2.8114843368530273,5.257856369018555
1996435,skillcorner,Sydney FC,Adelaide United,9,4.0,1,tactical,11.75,3,0,3,53.24696203806321,0.0,0.0,0.0
1996435,skillcorner,Sydney FC,Adelaide United,9,4.0,1,team,23.0,2,0,2,49.57079684195611,0.0,0.0,0.0
1996435,skillcorner,Sydney FC,Adelaide United,10,5.0,1,individual,2.75,17,2,17,27.851193088493208,1.1799259185791016,1.5751514434814453,2.359851837158203
1996435,skillcorner,Sydney FC,Adelaide United,10,5.0,1,tactical,11.75,4,0,4,40.161024892068895,0.0,0.0,0.0
1996435,skillcorner,Sydney FC,Adelaide United,10,5.0,1,team,23.0,2,0,2,59.86320160646241,0.0,0.0,0.0
1996435,skillcorner,Sydney FC,Adelaide United,11,6.0,1,individual,2.75,21,1,21,36.02071504898816,1.285348892211914,1.285348892211914,1.285348892211914
1996435,skillcorner,Sydney FC,Adelaide United,11,6.0,1,tactical,11.75,6,0,6,54.69962394997452,0.0,0.0,0.0
1996435,skillcorner,Sydney FC,Adelaide United,11,6.0,1,team,23.0,2,0,2,46.0,0.0,0.0,0.0
1996435,skillcorner,Sydney FC,Adelaide United,12,6.0,1,individual,2.75,22,2,22,32.341068917750334,1.298111915588379,1.3736810684204102,2.596223831176758
1996435,skillcorner,Sydney FC,Adelaide United,12,6.0,1,tactical,11.75,6,0,6,53.349711406341115,0.0,0.0,0.0
1996435,skillcorner,Sydney FC,Adelaide United,12,6.0,1,team,23.0,2,0,2,46.0,0.0,0.0,0.0
1996435,skillcorner,Sydney FC,Adelaide United,13,7.0,1,individual,2.75,21,4,21,31.829819063922912,1.8835875988006592,5.146825790405273,7.534350395202637
1996435,skillcorner,Sydney FC,Adelaide United,13,7.0,1,tactical,11.75,4,0,4,38.778143822965546,0.0,0.0,0.0
1996435,skillcorner,Sydney FC,Adelaide United,13,7.0,1,team,23.0,1,0,1,46.0,0.0,0.0,0.0
1996435,skillcorner,Sydney FC,Adelaide United,14,7.0,1,individual,2.75,19,4,19,31.241878827411067,0.840822696685791,2.0151548385620117,3.363290786743164
1996435,skillcorner,Sydney FC,Adelaide United,14,7.0,1,tactical,11.75,6,0,6,43.171333781162716,0.0,0.0,0.0
1996435,skillcorner,Sydney FC,Adelaide United,14,7.0,1,team,23.0,2,0,2,49.96169232748984,0.0,0.0,0.0
1996435,skillcorner,Sydney FC,Adelaide United,15,8.0,1,individual,2.75,21,3,21,35.62628753385846,1.7378959655761719,4.632115364074707,5.213687896728516
1996435,skillcorner,Sydney FC,Adelaide United,15,8.0,1,tactical,11.75,5,0,5,44.26587819491821,0.0,0.0,0.0
1996435,skillcorner,Sydney FC,Adelaide United,15,8.0,1,team,23.0,2,0,2,46.0,0.0,0.0,0.0
1996435,skillcorner,Sydney FC,Adelaide United,16,8.0,1,individual,2.75,20,2,20,32.80476335645582,1.8277559280395508,1.8934688568115234,3.6555118560791016
1996435,skillcorner,Sydney FC,Adelaide United,16,8.0,1,tactical,11.75,5,0,5,48.0318478928345,0.0,0.0,0.0
1996435,skillcorner,Sydney FC,Adelaide United,16,8.0,1,team,23.0,2,0,2,46.0,0.0,0.0,0.0
1996435,skillcorner,Sydney FC,Adelaide United,17,9.0,1,individual,2.75,11,1,11,30.88271788774666,1.8295559883117676,1.8295559883117676,1.8295559883117676
1996435,skillcorner,Sydney FC,Adelaide United,17,9.0,1,tactical,11.75,4,0,4,57.1780652412217,0.0,0.0,0.0
1996435,skillcorner,Sydney FC,Adelaide United,17,9.0,1,team,23.0,3,0,3,64.38212196462807,0.0,0.0,0.0
1996435,skillcorner,Sydney FC,Adelaide United,18,10.0,1,individual,2.75,20,1,20,34.6797190771844,4.774470329284668,4.774470329284668,4.774470329284668
1996435,skillcorner,Sydney FC,Adelaide United,18,10.0,1,tactical,11.75,7,0,7,34.896944737326216,0.0,0.0,0.0
1996435,skillcorner,Sydney FC,Adelaide United,18,10.0,1,team,23.0,1,0,1,46.0,0.0,0.0,0.0
1996435,skillcorner,Sydney FC,Adelaide United,19,10.0,1,individual,2.75,21,4,21,39.878764601156035,2.8693206310272217,3.6465930938720703,11.477282524108887
1996435,skillcorner,Sydney FC,Adelaide United,19,10.0,1,tactical,11.75,9,1,9,46.93042414632808,2.75042724609375,2.75042724609375,2.75042724609375
1996435,skillcorner,Sydney FC,Adelaide United,19,10.0,1,team,23.0,2,0,2,51.168873007450614,0.0,0.0,0.0
1996435,skillcorner,Sydney FC,Adelaide United,20,11.0,1,individual,2.75,17,4,17,30.83931889751747,1.4104726314544678,4.510951995849609,5.641890525817871
1996435,skillcorner,Sydney FC,Adelaide United,20,11.0,1,tactical,11.75,4,0,4,45.39789577958513,0.0,0.0,0.0
1996435,skillcorner,Sydney FC,Adelaide United,20,11.0,1,team,23.0,2,0,2,46.0,0.0,0.0,0.0
1996435,skillcorner,Sydney FC,Adelaide United,21,11.0,1,individual,2.75,21,3,21,40.47130857971164,1.6791632970174153,3.333721160888672,5.037489891052246
1996435,skillcorner,Sydney FC,Adelaide United,21,11.0,1,tactical,11.75,6,0,6,54.17141440339301,0.0,0.0,0.0
1996435,skillcorner,Sydney FC,Adelaide United,21,11.0,1,team,23.0,2,0,2,46.0,0.0,0.0,0.0
1996435,skillcorner,Sydney FC,Adelaide United,22,12.0,1,individual,2.75,21,2,21,32.9158151596316,3.2400875091552734,4.432146072387695,6.480175018310547
1996435,skillcorner,Sydney FC,Adelaide United,22,12.0,1,tactical,11.75,4,0,4,49.034508896452074,0.0,0.0,0.0
1996435,skillcorner,Sydney FC,Adelaide United,22,12.0,1,team,23.0,2,0,2,51.167866213863356,0.0,0.0,0.0
1996435,skillcorner,Sydney FC,Adelaide United,23,12.0,1,individual,2.75,20,5,20,35.11995642051222,1.161173439025879,2.0173892974853516,5.8058671951293945
1996435,skillcorner,Sydney FC,Adelaide United,23,12.0,1,tactical,11.75,5,0,5,51.88281023049767,0.0,0.0,0.0
1996435,skillcorner,Sydney FC,Adelaide United,23,12.0,1,team,23.0,2,0,2,50.788088386899,0.0,0.0,0.0
1996435,skillcorner,Sydney FC,Adelaide United,24,13.0,1,individual,2.75,18,2,18,31.852134936295872,1.089888095855713,1.9704656600952148,2.179776191711426
1996435,skillcorner,Sydney FC,Adelaide United,24,13.0,1,tactical,11.75,4,0,4,48.86669663720633,0.0,0.0,0.0
1996435,skillcorner,Sydney FC,Adelaide United,24,13.0,1,team,23.0,2,0,2,46.0,0.0,0.0,0.0
1996435,skillcorner,Sydney FC,Adelaide United,25,13.0,1,individual,2.75,17,1,17,34.25371517316589,0.4949226379394531,0.4949226379394531,0.4949226379394531
1996435,skillcorner,Sydney FC,Adelaide United,25,13.0,1,tactical,11.75,4,0,4,46.30759911439969,0.0,0.0,0.0
1996435,skillcorner,Sydney FC,Adelaide United,25,13.0,1,team,23.0,2,0,2,59.1712309976544,0.0,0.0,0.0
1996435,skillcorner,Sydney FC,Adelaide United,26,14.0,1,individual,2.75,21,1,21,32.9973858408934,2.8531742095947266,2.8531742095947266,2.8531742095947266
1996435,skillcorner,Sydney FC,Adelaide United,26,14.0,1,tactical,11.75,5,1,5,43.62888702531989,2.9421653747558594,2.9421653747558594,2.9421653747558594
1996435,skillcorner,Sydney FC,Adelaide United,26,14.0,1,team,23.0,2,0,2,46.0,0.0,0.0,0.0
1996435,skillcorner,Sydney FC,Adelaide United,27,14.0,1,individual,2.75,21,3,21,34.061469743817604,2.945640246073405,4.637270927429199,8.836920738220215
1996435,skillcorner,Sydney FC,Adelaide United,27,14.0,1,tactical,11.75,4,0,4,52.554853186572046,0.0,0.0,0.0
1996435,skillcorner,Sydney FC,Adelaide United,27,14.0,1,team,23.0,2,0,2,46.0,0.0,0.0,0.0
1996435,skillcorner,Sydney FC,Adelaide United,28,15.0,1,individual,2.75,20,3,20,33.25288413821789,1.8985144297281902,2.0815391540527344,5.69554328918457
1996435,skillcorner,Sydney FC,Adelaide United,28,15.0,1,tactical,11.75,4,0,4,52.2121157579043,0.0,0.0,0.0
1996435,skillcorner,Sydney FC,Adelaide United,28,15.0,1,team,23.0,2,0,2,46.0,0.0,0.0,0.0
1996435,skillcorner,Sydney FC,Adelaide United,29,15.0,1,individual,2.75,20,3,20,29.468530730336532,1.415636698404948,1.8579597473144531,4.246910095214844
1996435,skillcorner,Sydney FC,Adelaide United,29,15.0,1,tactical,11.75,5,0,5,48.3155270504617,0.0,0.0,0.0
1996435,skillcorner,Sydney FC,Adelaide United,29,15.0,1,team,23.0,2,0,2,55.52179564264127,0.0,0.0,0.0
1996435,skillcorner,Sydney FC,Adelaide United,30,16.0,1,individual,2.75,20,3,20,36.39187143467256,2.2817134857177734,4.081414222717285,6.84514045715332
1996435,skillcorner,Sydney FC,Adelaide United,30,16.0,1,tactical,11.75,7,1,7,43.795352778576856,5.223756790161133,5.223756790161133,5.223756790161133
1996435,skillcorner,Sydney FC,Adelaide United,30,16.0,1,team,23.0,2,0,2,47.47757357922286,0.0,0.0,0.0
1996435,skillcorner,Sydney FC,Adelaide United,31,16.0,1,individual,2.75,19,1,19,33.91216685625607,0.7469987869262695,0.7469987869262695,0.7469987869262695
1996435,skillcorner,Sydney FC,Adelaide United,31,16.0,1,tactical,11.75,3,0,3,50.092803940800195,0.0,0.0,0.0
1996435,skillcorner,Sydney FC,Adelaide United,31,16.0,1,team,23.0,2,0,2,60.466579292513885,0.0,0.0,0.0
1996435,skillcorner,Sydney FC,Adelaide United,32,17.0,1,individual,2.75,22,2,22,38.90101285774976,3.0713582038879395,4.12007999420166,6.142716407775879
1996435,skillcorner,Sydney FC,Adelaide United,32,17.0,1,tactical,11.75,6,1,6,43.18932882266637,4.42608642578125,4.42608642578125,4.42608642578125
1996435,skillcorner,Sydney FC,Adelaide United,32,17.0,1,team,23.0,2,0,2,49.560845258797194,0.0,0.0,0.0
1996435,skillcorner,Sydney FC,Adelaide United,33,18.0,1,individual,2.75,13,1,13,34.5262424061393,2.445161819458008,2.445161819458008,2.445161819458008
1996435,skillcorner,Sydney FC,Adelaide United,33,18.0,1,tactical,11.75,5,0,5,50.610930551069735,0.0,0.0,0.0
1996435,skillcorner,Sydney FC,Adelaide United,33,18.0,1,team,23.0,2,0,2,53.30057358031834,0.0,0.0,0.0
1996435,skillcorner,Sydney FC,Adelaide United,34,18.0,1,individual,2.75,21,3,21,41.91850608792314,0.6743583679199219,1.1513347625732422,2.0230751037597656
1996435,skillcorner,Sydney FC,Adelaide United,34,18.0,1,tactical,11.75,9,1,9,51.40206664728244,1.2431888580322266,1.2431888580322266,1.2431888580322266
1996435,skillcorner,Sydney FC,Adelaide United,34,18.0,1,team,23.0,2,0,2,56.130951322526876,0.0,0.0,0.0
1996435,skillcorner,Sydney FC,Adelaide United,35,19.0,1,individual,2.75,20,3,20,33.50050160685025,1.7200883229573567,3.220566749572754,5.16026496887207
1996435,skillcorner,Sydney FC,Adelaide United,35,19.0,1,tactical,11.75,4,0,4,48.1391468596771,0.0,0.0,0.0
1996435,skillcorner,Sydney FC,Adelaide United,35,19.0,1,team,23.0,2,0,2,46.0,0.0,0.0,0.0
1996435,skillcorner,Sydney FC,Adelaide United,36,19.0,1,individual,2.75,19,3,19,35.78538580616893,2.2858406702677407,4.14029598236084,6.857522010803223
1996435,skillcorner,Sydney FC,Adelaide United,36,19.0,1,tactical,11.75,7,1,7,49.16823568117937,2.1315956115722656,2.1315956115722656,2.1315956115722656
1996435,skillcorner,Sydney FC,Adelaide United,36,19.0,1,team,23.0,2,0,2,47.60233736567708,0.0,0.0,0.0
1996435,skillcorner,Sydney FC,Adelaide United,37,20.0,1,individual,2.75,19,4,19,34.112610517079126,1.5983225107192993,2.7606430053710938,6.393290042877197
1996435,skillcorner,Sydney FC,Adelaide United,37,20.0,1,tactical,11.75,6,0,6,54.02992086305699,0.0,0.0,0.0
1996435,skillcorner,Sydney FC,Adelaide United,37,20.0,1,team,23.0,2,0,2,46.0,0.0,0.0,0.0
1996435,skillcorner,Sydney FC,Adelaide United,38,20.0,1,individual,2.75,21,2,21,33.67706582641753,0.9929537773132324,1.3518133163452148,1.9859075546264648
1996435,skillcorner,Sydney FC,Adelaide United,38,20.0,1,tactical,11.75,5,0,5,47.87874193350909,0.0,0.0,0.0
1996435,skillcorner,Sydney FC,Adelaide United,38,20.0,1,team,23.0,2,0,2,46.0,0.0,0.0,0.0
1996435,skillcorner,Sydney FC,Adelaide United,39,21.0,1,individual,2.75,18,4,18,38.74133322434838,1.9859373569488525,3.89410400390625,7.94374942779541
1996435,skillcorner,Sydney FC,Adelaide United,39,21.0,1,tactical,11.75,6,0,6,53.70157166070929,0.0,0.0,0.0
1996435,skillcorner,Sydney FC,Adelaide United,39,21.0,1,team,23.0,2,0,2,54.16913854956357,0.0,0.0,0.0
1996435,skillcorner,Sydney FC,Adelaide United,40,22.0,1,individual,2.75,19,1,19,34.73946842132307,0.37388038635253906,0.37388038635253906,0.37388038635253906
1996435,skillcorner,Sydney FC,Adelaide United,40,22.0,1,tactical,11.75,4,0,4,43.514452351236116,0.0,0.0,0.0
1996435,skillcorner,Sydney FC,Adelaide United,40,22.0,1,team,23.0,2,0,2,54.56309532069324,0.0,0.0,0.0
1996435,skillcorner,Sydney FC,Adelaide United,41,23.0,1,individual,2.75,16,1,16,31.458317749944662,3.5243234634399414,3.5243234634399414,3.5243234634399414
1996435,skillcorner,Sydney FC,Adelaide United,41,23.0,1,tactical,11.75,4,0,4,48.729723206321204,0.0,0.0,0.0
1996435,skillcorner,Sydney FC,Adelaide United,41,23.0,1,team,23.0,2,0,2,53.0481073009077,0.0,0.0,0.0
1996435,skillcorner,Sydney FC,Adelaide United,42,23.0,1,individual,2.75,19,2,19,39.024190898885706,4.209230422973633,4.350592613220215,8.418460845947266
1996435,skillcorner,Sydney FC,Adelaide United,42,23.0,1,tactical,11.75,9,1,9,48.276172360862375,5.543256759643555,5.543256759643555,5.543256759643555
1996435,skillcorner,Sydney FC,Adelaide United,42,23.0,1,team,23.0,2,0,2,46.0,0.0,0.0,0.0
1996435,skillcorner,Sydney FC,Adelaide United,43,24.0,1,individual,2.75,14,1,14,33.41128163502828,0.3667316436767578,0.3667316436767578,0.3667316436767578
1996435,skillcorner,Sydney FC,Adelaide United,43,24.0,1,tactical,11.75,4,0,4,57.115896194396456,0.0,0.0,0.0
1996435,skillcorner,Sydney FC,Adelaide United,43,24.0,1,team,23.0,2,0,2,59.97869744661257,0.0,0.0,0.0
1996435,skillcorner,Sydney FC,Adelaide United,44,25.0,1,individual,2.75,22,4,22,40.70875174141233,1.2575225830078125,2.5745296478271484,5.03009033203125
1996435,skillcorner,Sydney FC,Adelaide United,44,25.0,1,tactical,11.75,10,1,10,44.927947872120754,9.060476303100586,9.060476303100586,9.060476303100586
1996435,skillcorner,Sydney FC,Adelaide United,44,25.0,1,team,23.0,2,0,2,54.56899727194285,0.0,0.0,0.0
1996435,skillcorner,Sydney FC,Adelaide United,45,25.0,1,individual,2.75,21,2,21,35.90687984853603,4.238889694213867,4.779426574707031,8.477779388427734
1996435,skillcorner,Sydney FC,Adelaide United,45,25.0,1,tactical,11.75,6,0,6,53.41181915138836,0.0,0.0,0.0
1996435,skillcorner,Sydney FC,Adelaide United,45,25.0,1,team,23.0,2,0,2,47.825948961879554,0.0,0.0,0.0
1996435,skillcorner,Sydney FC,Adelaide United,46,26.0,1,individual,2.75,20,5,20,35.37575042277152,0.983642578125,2.6677379608154297,4.918212890625
1996435,skillcorner,Sydney FC,Adelaide United,46,26.0,1,tactical,11.75,4,0,4,48.69170915524623,0.0,0.0,0.0
1996435,skillcorner,Sydney FC,Adelaide United,46,26.0,1,team,23.0,2,0,2,46.0,0.0,0.0,0.0
1996435,skillcorner,Sydney FC,Adelaide United,47,27.0,1,individual,2.75,11,0,11,38.710004905075564,0.0,0.0,0.0
1996435,skillcorner,Sydney FC,Adelaide United,47,27.0,1,tactical,11.75,5,0,5,58.58579212853138,0.0,0.0,0.0
1996435,skillcorner,Sydney FC,Adelaide United,47,27.0,1,team,23.0,2,0,2,60.14233741245103,0.0,0.0,0.0
1996435,skillcorner,Sydney FC,Adelaide United,48,27.0,1,individual,2.75,22,3,22,38.98150380827203,0.8893845876057943,1.9458484649658203,2.668153762817383
1996435,skillcorner,Sydney FC,Adelaide United,48,27.0,1,tactical,11.75,6,1,6,47.097871135305084,1.0982189178466797,1.0982189178466797,1.0982189178466797
1996435,skillcorner,Sydney FC,Adelaide United,48,27.0,1,team,23.0,2,0,2,54.029963831285116,0.0,0.0,0.0
1996435,skillcorner,Sydney FC,Adelaide United,49,28.0,1,individual,2.75,22,7,22,41.696704001363585,1.6484738758632116,5.17556095123291,11.53931713104248
1996435,skillcorner,Sydney FC,Adelaide United,49,28.0,1,tactical,11.75,9,2,9,44.18895685609815,1.6772584915161133,2.333393096923828,3.3545169830322266
1996435,skillcorner,Sydney FC,Adelaide United,49,28.0,1,team,23.0,1,0,1,46.0,0.0,0.0,0.0
1996435,skillcorner,Sydney FC,Adelaide United,50,28.0,1,individual,2.75,21,4,21,34.10547672835073,1.3461029529571533,3.0289077758789062,5.384411811828613
1996435,skillcorner,Sydney FC,Adelaide United,50,28.0,1,tactical,11.75,5,0,5,57.990821531872534,0.0,0.0,0.0
1996435,skillcorner,Sydney FC,Adelaide United,50,28.0,1,team,23.0,3,0,3,47.49534397928906,0.0,0.0,0.0
1996435,skillcorner,Sydney FC,Adelaide United,51,29.0,1,individual,2.75,22,4,22,41.405120913065566,1.715940237045288,4.266151428222656,6.863760948181152
1996435,skillcorner,Sydney FC,Adelaide United,51,29.0,1,tactical,11.75,4,0,4,45.0044354740212,0.0,0.0,0.0
1996435,skillcorner,Sydney FC,Adelaide United,51,29.0,1,team,23.0,2,0,2,59.800710117959675,0.0,0.0,0.0
1996435,skillcorner,Sydney FC,Adelaide United,52,30.0,1,individual,2.75,17,2,17,32.54663796385914,1.0822300910949707,1.123713493347168,2.1644601821899414
1996435,skillcorner,Sydney FC,Adelaide United,52,30.0,1,tactical,11.75,4,0,4,48.37832877600747,0.0,0.0,0.0
1996435,skillcorner,Sydney FC,Adelaide United,52,30.0,1,team,23.0,2,0,2,50.7333473857329,0.0,0.0,0.0
1996435,skillcorner,Sydney FC,Adelaide United,53,30.0,1,individual,2.75,18,2,18,31.91220338679233,2.3088173866271973,3.914827346801758,4.6176347732543945
1996435,skillcorner,Sydney FC,Adelaide United,53,30.0,1,tactical,11.75,3,0,3,52.812398398610725,0.0,0.0,0.0
1996435,skillcorner,Sydney FC,Adelaide United,53,30.0,1,team,23.0,2,0,2,58.57115919411535,0.0,0.0,0.0
1996435,skillcorner,Sydney FC,Adelaide United,54,31.0,1,individual,2.75,20,3,20,39.10546548585562,2.8498217264811196,5.701031684875488,8.54946517944336
1996435,skillcorner,Sydney FC,Adelaide United,54,31.0,1,tactical,11.75,8,0,8,41.95139769637696,0.0,0.0,0.0
1996435,skillcorner,Sydney FC,Adelaide United,54,31.0,1,team,23.0,2,0,2,56.681428317393106,0.0,0.0,0.0
1996435,skillcorner,Sydney FC,Adelaide United,55,32.0,1,individual,2.75,17,3,17,28.005509781898112,2.640474001566569,2.9222583770751953,7.921422004699707
1996435,skillcorner,Sydney FC,Adelaide United,55,32.0,1,tactical,11.75,4,0,4,37.95862433362678,0.0,0.0,0.0
1996435,skillcorner,Sydney FC,Adelaide United,55,32.0,1,team,23.0,2,0,2,51.60526324912351,0.0,0.0,0.0
1996435,skillcorner,Sydney FC,Adelaide United,56,33.0,1,individual,2.75,19,3,19,37.01582253101661,2.3560352325439453,3.2306137084960938,7.068105697631836
1996435,skillcorner,Sydney FC,Adelaide United,56,33.0,1,tactical,11.75,4,0,4,58.750626993765295,0.0,0.0,0.0
1996435,skillcorner,Sydney FC,Adelaide United,56,33.0,1,team,23.0,2,0,2,58.309788027556685,0.0,0.0,0.0
1996435,skillcorner,Sydney FC,Adelaide United,57,33.0,1,individual,2.75,20,3,20,32.5644837282449,2.2932804425557456,4.254939079284668,6.879841327667236
1996435,skillcorner,Sydney FC,Adelaide United,57,33.0,1,tactical,11.75,3,0,3,40.783165158910705,0.0,0.0,0.0
1996435,skillcorner,Sydney FC,Adelaide United,57,33.0,1,team,23.0,2,0,2,51.69172030921467,0.0,0.0,0.0
1996435,skillcorner,Sydney FC,Adelaide United,58,33.0,1,individual,2.75,18,1,18,27.178038928517267,0.9948911666870117,0.9948911666870117,0.9948911666870117
1996435,skillcorner,Sydney FC,Adelaide United,58,33.0,1,tactical,11.75,3,0,3,46.89679491197992,0.0,0.0,0.0
1996435,skillcorner,Sydney FC,Adelaide United,58,33.0,1,team,23.0,2,0,2,61.03477823499493,0.0,0.0,0.0
1996435,skillcorner,Sydney FC,Adelaide United,59,34.0,1,individual,2.75,19,3,19,35.60098891916408,1.9769350687662761,3.379720687866211,5.930805206298828
1996435,skillcorner,Sydney FC,Adelaide United,59,34.0,1,tactical,11.75,4,0,4,50.482352783106954,0.0,0.0,0.0
1996435,skillcorner,Sydney FC,Adelaide United,59,34.0,1,team,23.0,2,0,2,51.58476233555234,0.0,0.0,0.0
1996435,skillcorner,Sydney FC,Adelaide United,60,34.0,1,individual,2.75,20,1,20,33.54658635609461,2.834257125854492,2.834257125854492,2.834257125854492
1996435,skillcorner,Sydney FC,Adelaide United,60,34.0,1,tactical,11.75,7,0,7,47.9482246803779,0.0,0.0,0.0
1996435,skillcorner,Sydney FC,Adelaide United,60,34.0,1,team,23.0,2,0,2,50.74549274802997,0.0,0.0,0.0
1996435,skillcorner,Sydney FC,Adelaide United,61,35.0,1,individual,2.75,21,4,21,42.23368531502125,2.491640567779541,6.557926177978516,9.966562271118164
1996435,skillcorner,Sydney FC,Adelaide United,61,35.0,1,tactical,11.75,7,0,7,42.141630248484695,0.0,0.0,0.0
1996435,skillcorner,Sydney FC,Adelaide United,61,35.0,1,team,23.0,2,0,2,56.87556419296051,0.0,0.0,0.0
1996435,skillcorner,Sydney FC,Adelaide United,62,36.0,1,individual,2.75,22,2,22,39.31179654246593,3.3004746437072754,5.771002769470215,6.600949287414551
1996435,skillcorner,Sydney FC,Adelaide United,62,36.0,1,tactical,11.75,6,0,6,54.264353526035926,0.0,0.0,0.0
1996435,skillcorner,Sydney FC,Adelaide United,62,36.0,1,team,23.0,1,0,1,46.0,0.0,0.0,0.0
1996435,skillcorner,Sydney FC,Adelaide United,63,37.0,1,individual,2.75,21,2,21,37.06769262245229,2.22550106048584,3.8928489685058594,4.45100212097168
1996435,skillcorner,Sydney FC,Adelaide United,63,37.0,1,tactical,11.75,6,0,6,48.70683971637109,0.0,0.0,0.0
1996435,skillcorner,Sydney FC,Adelaide United,63,37.0,1,team,23.0,2,0,2,55.872686013862165,0.0,0.0,0.0
1996435,skillcorner,Sydney FC,Adelaide United,64,37.0,1,individual,2.75,20,2,20,38.37342816906928,2.099363327026367,2.2688426971435547,4.198726654052734
1996435,skillcorner,Sydney FC,Adelaide United,64,37.0,1,tactical,11.75,8,0,8,45.7974067953637,0.0,0.0,0.0
1996435,skillcorner,Sydney FC,Adelaide United,64,37.0,1,team,23.0,1,0,1,46.0,0.0,0.0,0.0
1996435,skillcorner,Sydney FC,Adelaide United,65,38.0,1,individual,2.75,18,1,18,32.334981444250126,0.8881740570068359,0.8881740570068359,0.8881740570068359
1996435,skillcorner,Sydney FC,Adelaide United,65,38.0,1,tactical,11.75,3,0,3,43.0046038739437,0.0,0.0,0.0
1996435,skillcorner,Sydney FC,Adelaide United,65,38.0,1,team,23.0,2,0,2,52.76972678824596,0.0,0.0,0.0
1996435,skillcorner,Sydney FC,Adelaide United,66,39.0,1,individual,2.75,20,2,20,37.72802063688686,2.121617317199707,3.059446334838867,4.243234634399414
1996435,skillcorner,Sydney FC,Adelaide United,66,39.0,1,tactical,11.75,6,0,6,53.539465956287856,0.0,0.0,0.0
1996435,skillcorner,Sydney FC,Adelaide United,66,39.0,1,team,23.0,3,0,3,51.27704900379385,0.0,0.0,0.0
1996435,skillcorner,Sydney FC,Adelaide United,67,39.0,1,individual,2.75,21,3,21,36.46893015071656,1.5899419784545898,2.9355220794677734,4.7698259353637695
1996435,skillcorner,Sydney FC,Adelaide United,67,39.0,1,tactical,11.75,3,0,3,54.204421494402865,0.0,0.0,0.0
1996435,skillcorner,Sydney FC,Adelaide United,67,39.0,1,team,23.0,2,0,2,57.676862867219825,0.0,0.0,0.0
1996435,skillcorner,Sydney FC,Adelaide United,68,40.0,1,individual,2.75,20,1,20,30.95623047354577,2.4231576919555664,2.4231576919555664,2.4231576919555664
1996435,skillcorner,Sydney FC,Adelaide United,68,40.0,1,tactical,11.75,5,0,5,51.85051178135339,0.0,0.0,0.0
1996435,skillcorner,Sydney FC,Adelaide United,68,40.0,1,team,23.0,2,0,2,52.71245013365411,0.0,0.0,0.0
1996435,skillcorner,Sydney FC,Adelaide United,69,40.0,1,individual,2.75,22,2,22,33.37527352783507,1.0898380279541016,1.6476497650146484,2.179676055908203
1996435,skillcorner,Sydney FC,Adelaide United,69,40.0,1,tactical,11.75,3,0,3,41.860674882845096,0.0,0.0,0.0
1996435,skillcorner,Sydney FC,Adelaide United,69,40.0,1,team,23.0,2,0,2,53.56971639591934,0.0,0.0,0.0
1996435,skillcorner,Sydney FC,Adelaide United,70,41.0,1,individual,2.75,18,3,18,27.172475043690813,0.507409413655599,0.6827735900878906,1.5222282409667969
1996435,skillcorner,Sydney FC,Adelaide United,70,41.0,1,tactical,11.75,4,0,4,47.369562423209544,0.0,0.0,0.0
1996435,skillcorner,Sydney FC,Adelaide United,70,41.0,1,team,23.0,2,0,2,50.99748736863252,0.0,0.0,0.0
1996435,skillcorner,Sydney FC,Adelaide United,71,42.0,1,individual,2.75,16,0,16,31.439192078441266,0.0,0.0,0.0
1996435,skillcorner,Sydney FC,Adelaide United,71,42.0,1,tactical,11.75,3,0,3,43.34357269770439,0.0,0.0,0.0
1996435,skillcorner,Sydney FC,Adelaide United,71,42.0,1,team,23.0,2,0,2,52.27827465503265,0.0,0.0,0.0
1996435,skillcorner,Sydney FC,Adelaide United,72,43.0,1,individual,2.75,20,3,20,36.44410499641401,2.0784145991007485,4.25859260559082,6.235243797302246
1996435,skillcorner,Sydney FC,Adelaide United,72,43.0,1,tactical,11.75,8,1,8,49.73887428879309,3.1059513092041016,3.1059513092041016,3.1059513092041016
1996435,skillcorner,Sydney FC,Adelaide United,72,43.0,1,team,23.0,1,0,1,46.0,0.0,0.0,0.0
1996435,skillcorner,Sydney FC,Adelaide United,73,43.0,1,individual,2.75,20,3,20,33.86403171114847,1.0169188181559246,2.5545482635498047,3.0507564544677734
1996435,skillcorner,Sydney FC,Adelaide United,73,43.0,1,tactical,11.75,4,0,4,45.04464553369711,0.0,0.0,0.0
1996435,skillcorner,Sydney FC,Adelaide United,73,43.0,1,team,23.0,2,0,2,57.71012371053114,0.0,0.0,0.0
1996435,skillcorner,Sydney FC,Adelaide United,74,44.0,1,individual,2.75,21,4,21,34.04789653788635,1.468069076538086,2.937464714050293,5.872276306152344
1996435,skillcorner,Sydney FC,Adelaide United,74,44.0,1,tactical,11.75,4,0,4,55.34008733608983,0.0,0.0,0.0
1996435,skillcorner,Sydney FC,Adelaide United,74,44.0,1,team,23.0,2,0,2,46.0,0.0,0.0,0.0
1996435,skillcorner,Sydney FC,Adelaide United,75,45.0,1,individual,2.75,18,2,18,26.33085072685651,1.135326862335205,1.8141918182373047,2.27065372467041
1996435,skillcorner,Sydney FC,Adelaide United,75,45.0,1,tactical,11.75,3,0,3,50.79326360499664,0.0,0.0,0.0
1996435,skillcorner,Sydney FC,Adelaide United,75,45.0,1,team,23.0,2,0,2,65.05053002271256,0.0,0.0,0.0
1996435,skillcorner,Sydney FC,Adelaide United,76,46.0,1,individual,2.75,21,3,21,39.757085988518604,3.2610343297322593,6.24449348449707,9.783102989196777
1996435,skillcorner,Sydney FC,Adelaide United,76,46.0,1,tactical,11.75,9,1,9,45.66458190460829,0.3634014129638672,0.3634014129638672,0.3634014129638672
1996435,skillcorner,Sydney FC,Adelaide United,76,46.0,1,team,23.0,1,0,1,46.0,0.0,0.0,0.0
1996435,skillcorner,Sydney FC,Adelaide United,77,46.0,1,individual,2.75,19,2,19,31.896106399136194,0.48795294761657715,0.5909419059753418,0.9759058952331543
1996435,skillcorner,Sydney FC,Adelaide United,77,46.0,1,tactical,11.75,4,0,4,57.43739947271691,0.0,0.0,0.0
1996435,skillcorner,Sydney FC,Adelaide United,77,46.0,1,team,23.0,2,0,2,53.46382577232153,0.0,0.0,0.0
1996435,skillcorner,Sydney FC,Adelaide United,78,46.0,2,individual,2.75,20,3,20,32.64418065604976,1.0476258595784504,2.799128532409668,3.1428775787353516
1996435,skillcorner,Sydney FC,Adelaide United,78,46.0,2,tactical,11.75,5,0,5,52.90304065793031,0.0,0.0,0.0
1996435,skillcorner,Sydney FC,Adelaide United,78,46.0,2,team,23.0,3,0,3,63.61108838403874,0.0,0.0,0.0
1996435,skillcorner,Sydney FC,Adelaide United,79,46.0,2,individual,2.75,21,4,21,29.30681921340269,0.7147881984710693,1.454148292541504,2.8591527938842773
1996435,skillcorner,Sydney FC,Adelaide United,79,46.0,2,tactical,11.75,4,0,4,43.304330484228856,0.0,0.0,0.0
1996435,skillcorner,Sydney FC,Adelaide United,79,46.0,2,team,23.0,2,0,2,46.0,0.0,0.0,0.0
1996435,skillcorner,Sydney FC,Adelaide United,80,47.0,2,individual,2.75,15,1,15,30.944589995668064,0.5399656295776367,0.5399656295776367,0.5399656295776367
1996435,skillcorner,Sydney FC,Adelaide United,80,47.0,2,tactical,11.75,4,0,4,54.631517765821705,0.0,0.0,0.0
1996435,skillcorner,Sydney FC,Adelaide United,80,47.0,2,team,23.0,2,0,2,55.48477498469325,0.0,0.0,0.0
1996435,skillcorner,Sydney FC,Adelaide United,81,48.0,2,individual,2.75,21,4,21,37.54437425988666,2.363919973373413,4.196077346801758,9.455679893493652
1996435,skillcorner,Sydney FC,Adelaide United,81,48.0,2,tactical,11.75,5,0,5,38.411718230989365,0.0,0.0,0.0
1996435,skillcorner,Sydney FC,Adelaide United,81,48.0,2,team,23.0,2,0,2,47.648788819483315,0.0,0.0,0.0
1996435,skillcorner,Sydney FC,Adelaide United,82,48.0,2,individual,2.75,22,1,22,36.54844941831665,0.279815673828125,0.279815673828125,0.279815673828125
1996435,skillcorner,Sydney FC,Adelaide United,82,48.0,2,tactical,11.75,4,0,4,48.75973909221591,0.0,0.0,0.0
1996435,skillcorner,Sydney FC,Adelaide United,82,48.0,2,team,23.0,1,0,1,46.0,0.0,0.0,0.0
1996435,skillcorner,Sydney FC,Adelaide United,83,50.0,2,individual,2.75,17,2,17,32.268502748522565,1.6695623397827148,2.640188217163086,3.3391246795654297
1996435,skillcorner,Sydney FC,Adelaide United,83,50.0,2,tactical,11.75,6,0,6,50.3688058087114,0.0,0.0,0.0
1996435,skillcorner,Sydney FC,Adelaide United,83,50.0,2,team,23.0,2,0,2,55.60284820352884,0.0,0.0,0.0
1996435,skillcorner,Sydney FC,Adelaide United,84,50.0,2,individual,2.75,18,3,18,39.30313282678622,3.2828442255655923,7.420553207397461,9.848532676696777
1996435,skillcorner,Sydney FC,Adelaide United,84,50.0,2,tactical,11.75,8,1,8,39.267130220222,4.58839225769043,4.58839225769043,4.58839225769043
1996435,skillcorner,Sydney FC,Adelaide United,84,50.0,2,team,23.0,2,0,2,50.33663742139938,0.0,0.0,0.0
1996435,skillcorner,Sydney FC,Adelaide United,85,51.0,2,individual,2.75,20,3,20,34.43436994188818,1.9045381546020508,3.079958915710449,5.713614463806152
1996435,skillcorner,Sydney FC,Adelaide United,85,51.0,2,tactical,11.75,5,0,5,38.95932275991464,0.0,0.0,0.0
1996435,skillcorner,Sydney FC,Adelaide United,85,51.0,2,team,23.0,2,0,2,55.2439595101426,0.0,0.0,0.0
1996435,skillcorner,Sydney FC,Adelaide United,86,52.0,2,individual,2.75,20,3,20,36.73373954881508,2.124206860860189,4.2496538162231445,6.372620582580566
1996435,skillcorner,Sydney FC,Adelaide United,86,52.0,2,tactical,11.75,5,0,5,50.608827342991745,0.0,0.0,0.0
1996435,skillcorner,Sydney FC,Adelaide United,86,52.0,2,team,23.0,2,0,2,46.0,0.0,0.0,0.0
1996435,skillcorner,Sydney FC,Adelaide United,87,53.0,2,individual,2.75,19,2,19,31.255349191699338,1.5911855697631836,2.187723159790039,3.182371139526367
1996435,skillcorner,Sydney FC,Adelaide United,87,53.0,2,tactical,11.75,3,0,3,48.317039169764136,0.0,0.0,0.0
1996435,skillcorner,Sydney FC,Adelaide United,87,53.0,2,team,23.0,2,0,2,61.073144438904805,0.0,0.0,0.0
1996435,skillcorner,Sydney FC,Adelaide United,88,53.0,2,individual,2.75,10,1,10,35.420308224551384,1.3055286407470703,1.3055286407470703,1.3055286407470703
1996435,skillcorner,Sydney FC,Adelaide United,88,53.0,2,tactical,11.75,4,0,4,56.33059255180812,0.0,0.0,0.0
1996435,skillcorner,Sydney FC,Adelaide United,88,53.0,2,team,23.0,2,0,2,56.924210896311955,0.0,0.0,0.0
1996435,skillcorner,Sydney FC,Adelaide United,89,54.0,2,individual,2.75,20,2,20,31.815651480943192,2.345612049102783,4.036740303039551,4.691224098205566
1996435,skillcorner,Sydney FC,Adelaide United,89,54.0,2,tactical,11.75,4,0,4,46.946478928232054,0.0,0.0,0.0
1996435,skillcorner,Sydney FC,Adelaide United,89,54.0,2,team,23.0,2,0,2,47.034444280259486,0.0,0.0,0.0
1996435,skillcorner,Sydney FC,Adelaide United,90,55.0,2,individual,2.75,21,2,21,35.71397555707484,4.851315975189209,8.904945373535156,9.702631950378418
1996435,skillcorner,Sydney FC,Adelaide United,90,55.0,2,tactical,11.75,4,0,4,50.131511987353704,0.0,0.0,0.0
1996435,skillcorner,Sydney FC,Adelaide United,90,55.0,2,team,23.0,2,0,2,51.562197751467615,0.0,0.0,0.0
1996435,skillcorner,Sydney FC,Adelaide United,91,55.0,2,individual,2.75,21,3,21,37.775606120693574,3.0155467987060547,5.322294235229492,9.046640396118164
1996435,skillcorner,Sydney FC,Adelaide United,91,55.0,2,tactical,11.75,7,1,7,45.14374596774175,2.648021697998047,2.648021697998047,2.648021697998047
1996435,skillcorner,Sydney FC,Adelaide United,91,55.0,2,team,23.0,2,0,2,46.0,0.0,0.0,0.0
1996435,skillcorner,Sydney FC,Adelaide United,92,56.0,2,individual,2.75,21,4,21,35.91066938578477,0.9219059944152832,2.1824560165405273,3.687623977661133
1996435,skillcorner,Sydney FC,Adelaide United,92,56.0,2,tactical,11.75,5,0,5,41.67381902692901,0.0,0.0,0.0
1996435,skillcorner,Sydney FC,Adelaide United,92,56.0,2,team,23.0,2,0,2,46.0,0.0,0.0,0.0
1996435,skillcorner,Sydney FC,Adelaide United,93,56.0,2,individual,2.75,21,2,21,32.7079256951678,3.2808570861816406,3.8824329376220703,6.561714172363281
1996435,skillcorner,Sydney FC,Adelaide United,93,56.0,2,tactical,11.75,6,0,6,48.11512078550133,0.0,0.0,0.0
1996435,skillcorner,Sydney FC,Adelaide United,93,56.0,2,team,23.0,2,0,2,46.0,0.0,0.0,0.0
1996435,skillcorner,Sydney FC,Adelaide United,94,57.0,2,individual,2.75,20,3,20,31.257007418693057,2.0915608406066895,2.509885787963867,6.274682521820068
1996435,skillcorner,Sydney FC,Adelaide United,94,57.0,2,tactical,11.75,5,0,5,51.438829529529464,0.0,0.0,0.0
1996435,skillcorner,Sydney FC,Adelaide United,94,57.0,2,team,23.0,2,0,2,51.963080998417254,0.0,0.0,0.0
1996435,skillcorner,Sydney FC,Adelaide United,95,58.0,2,individual,2.75,20,4,20,36.79237057496733,2.2456729412078857,6.540287971496582,8.982691764831543
1996435,skillcorner,Sydney FC,Adelaide United,95,58.0,2,tactical,11.75,7,1,7,49.120424468850025,9.941658020019531,9.941658020019531,9.941658020019531
1996435,skillcorner,Sydney FC,Adelaide United,95,58.0,2,team,23.0,2,0,2,56.79044168602164,0.0,0.0,0.0
1996435,skillcorner,Sydney FC,Adelaide United,96,59.0,2,individual,2.75,20,2,20,41.86779810105731,5.41132926940918,8.237472534179688,10.82265853881836
1996435,skillcorner,Sydney FC,Adelaide United,96,59.0,2,tactical,11.75,6,0,6,45.49424234353564,0.0,0.0,0.0
1996435,skillcorner,Sydney FC,Adelaide United,96,59.0,2,team,23.0,2,0,2,57.859257405999394,0.0,0.0,0.0
1996435,skillcorner,Sydney FC,Adelaide United,97,59.0,2,individual,2.75,22,2,22,40.852764201545085,3.247866153717041,3.904604911804199,6.495732307434082
1996435,skillcorner,Sydney FC,Adelaide United,97,59.0,2,tactical,11.75,8,1,8,47.83226880759377,10.770751953125,10.770751953125,10.770751953125
1996435,skillcorner,Sydney FC,Adelaide United,97,59.0,2,team,23.0,2,0,2,49.22290080100224,0.0,0.0,0.0
1996435,skillcorner,Sydney FC,Adelaide United,98,60.0,2,individual,2.75,22,2,22,40.818254645565325,2.7280282974243164,4.7288970947265625,5.456056594848633
1996435,skillcorner,Sydney FC,Adelaide United,98,60.0,2,tactical,11.75,10,2,10,48.60023148093021,2.7683963775634766,4.414131164550781,5.536792755126953
1996435,skillcorner,Sydney FC,Adelaide United,98,60.0,2,team,23.0,2,0,2,46.90257898231976,0.0,0.0,0.0
1996435,skillcorner,Sydney FC,Adelaide United,99,61.0,2,individual,2.75,12,0,12,36.886867514240606,0.0,0.0,0.0
1996435,skillcorner,Sydney FC,Adelaide United,99,61.0,2,tactical,11.75,3,0,3,47.59454542499605,0.0,0.0,0.0
1996435,skillcorner,Sydney FC,Adelaide United,99,61.0,2,team,23.0,2,0,2,59.272533369328336,0.0,0.0,0.0
1996435,skillcorner,Sydney FC,Adelaide United,100,61.0,2,individual,2.75,20,2,20,43.347477717336986,6.186082363128662,6.2599992752075195,12.372164726257324
1996435,skillcorner,Sydney FC,Adelaide United,100,61.0,2,tactical,11.75,9,0,9,47.87151538338881,0.0,0.0,0.0
1996435,skillcorner,Sydney FC,Adelaide United,100,61.0,2,team,23.0,2,0,2,53.91011600534496,0.0,0.0,0.0
1996435,skillcorner,Sydney FC,Adelaide United,101,62.0,2,individual,2.75,18,1,18,31.13257136826318,1.8821392059326172,1.8821392059326172,1.8821392059326172
1996435,skillcorner,Sydney FC,Adelaide United,101,62.0,2,tactical,11.75,4,0,4,56.505043486024704,0.0,0.0,0.0
1996435,skillcorner,Sydney FC,Adelaide United,101,62.0,2,team,23.0,2,0,2,58.75405248531128,0.0,0.0,0.0
1996435,skillcorner,Sydney FC,Adelaide United,102,62.0,2,individual,2.75,19,4,19,37.575152076500316,1.0910849571228027,2.483640670776367,4.364339828491211
1996435,skillcorner,Sydney FC,Adelaide United,102,62.0,2,tactical,11.75,6,0,6,46.213323279057235,0.0,0.0,0.0
1996435,skillcorner,Sydney FC,Adelaide United,102,62.0,2,team,23.0,2,0,2,48.8683227995665,0.0,0.0,0.0
1996435,skillcorner,Sydney FC,Adelaide United,103,63.0,2,individual,2.75,20,4,20,33.85866750235081,2.023540735244751,4.892647743225098,8.094162940979004
1996435,skillcorner,Sydney FC,Adelaide United,103,63.0,2,tactical,11.75,6,0,6,47.87925486396395,0.0,0.0,0.0
1996435,skillcorner,Sydney FC,Adelaide United,103,63.0,2,team,23.0,1,0,1,46.0,0.0,0.0,0.0
1996435,skillcorner,Sydney FC,Adelaide United,104,64.0,2,individual,2.75,19,1,19,26.150774624205148,2.261448860168457,2.261448860168457,2.261448860168457
1996435,skillcorner,Sydney FC,Adelaide United,104,64.0,2,tactical,11.75,2,0,2,48.36670955051382,0.0,0.0,0.0
1996435,skillcorner,Sydney FC,Adelaide United,104,64.0,2,team,23.0,2,0,2,48.36670955051382,0.0,0.0,0.0
1996435,skillcorner,Sydney FC,Adelaide United,105,64.0,2,individual,2.75,22,3,22,36.60039660384292,2.2430426279703775,3.7133684158325195,6.729127883911133
1996435,skillcorner,Sydney FC,Adelaide United,105,64.0,2,tactical,11.75,7,1,7,50.3889561312794,1.7315177917480469,1.7315177917480469,1.7315177917480469
1996435,skillcorner,Sydney FC,Adelaide United,105,64.0,2,team,23.0,1,0,1,46.0,0.0,0.0,0.0
1996435,skillcorner,Sydney FC,Adelaide United,106,65.0,2,individual,2.75,20,4,20,29.009275715485593,0.8505311012268066,1.6990938186645508,3.4021244049072266
1996435,skillcorner,Sydney FC,Adelaide United,106,65.0,2,tactical,11.75,5,0,5,50.71785232153396,0.0,0.0,0.0
1996435,skillcorner,Sydney FC,Adelaide United,106,65.0,2,team,23.0,2,0,2,53.3761631278367,0.0,0.0,0.0
1996435,skillcorner,Sydney FC,Adelaide United,107,65.0,2,individual,2.75,18,2,18,28.876649736421985,0.4802570343017578,0.7075061798095703,0.9605140686035156
1996435,skillcorner,Sydney FC,Adelaide United,107,65.0,2,tactical,11.75,4,0,4,52.738467267972695,0.0,0.0,0.0
1996435,skillcorner,Sydney FC,Adelaide United,107,65.0,2,team,23.0,2,0,2,54.71530523315546,0.0,0.0,0.0
1996435,skillcorner,Sydney FC,Adelaide United,108,66.0,2,individual,2.75,21,1,21,33.116769448805414,1.4567241668701172,1.4567241668701172,1.4567241668701172
1996435,skillcorner,Sydney FC,Adelaide United,108,66.0,2,tactical,11.75,4,0,4,47.01048307731939,0.0,0.0,0.0
1996435,skillcorner,Sydney FC,Adelaide United,108,66.0,2,team,23.0,2,0,2,46.0,0.0,0.0,0.0
1996435,skillcorner,Sydney FC,Adelaide United,109,66.0,2,individual,2.75,19,2,19,35.25147780743228,1.3043694496154785,1.3442440032958984,2.608738899230957
1996435,skillcorner,Sydney FC,Adelaide United,109,66.0,2,tactical,11.75,6,0,6,46.57118222854141,0.0,0.0,0.0
1996435,skillcorner,Sydney FC,Adelaide United,109,66.0,2,team,23.0,2,0,2,46.0,0.0,0.0,0.0
1996435,skillcorner,Sydney FC,Adelaide United,110,67.0,2,individual,2.75,15,0,15,33.91444087700695,0.0,0.0,0.0
1996435,skillcorner,Sydney FC,Adelaide United,110,67.0,2,tactical,11.75,4,0,4,44.301390858525764,0.0,0.0,0.0
1996435,skillcorner,Sydney FC,Adelaide United,110,67.0,2,team,23.0,2,0,2,57.77898336022009,0.0,0.0,0.0
1996435,skillcorner,Sydney FC,Adelaide United,111,68.0,2,individual,2.75,11,0,11,38.32351341073947,0.0,0.0,0.0
1996435,skillcorner,Sydney FC,Adelaide United,111,68.0,2,tactical,11.75,4,0,4,59.00588296145777,0.0,0.0,0.0
1996435,skillcorner,Sydney FC,Adelaide United,111,68.0,2,team,23.0,3,0,3,69.15791557341049,0.0,0.0,0.0
1996435,skillcorner,Sydney FC,Adelaide United,112,68.0,2,individual,2.75,21,1,21,42.14731353831232,0.202606201171875,0.202606201171875,0.202606201171875
1996435,skillcorner,Sydney FC,Adelaide United,112,68.0,2,tactical,11.75,3,0,3,55.71875984261422,0.0,0.0,0.0
1996435,skillcorner,Sydney FC,Adelaide United,112,68.0,2,team,23.0,2,0,2,56.58481392470443,0.0,0.0,0.0
1996435,skillcorner,Sydney FC,Adelaide United,113,69.0,2,individual,2.75,19,5,19,36.093618593641196,2.393996810913086,4.463571548461914,11.96998405456543
1996435,skillcorner,Sydney FC,Adelaide United,113,69.0,2,tactical,11.75,7,1,7,42.62595096079969,4.243549346923828,4.243549346923828,4.243549346923828
1996435,skillcorner,Sydney FC,Adelaide United,113,69.0,2,team,23.0,2,0,2,46.0,0.0,0.0,0.0
1996435,skillcorner,Sydney FC,Adelaide United,114,70.0,2,individual,2.75,21,2,21,40.10172546789941,2.498318672180176,2.677244186401367,4.996637344360352
1996435,skillcorner,Sydney FC,Adelaide United,114,70.0,2,tactical,11.75,5,0,5,46.19415923935691,0.0,0.0,0.0
1996435,skillcorner,Sydney FC,Adelaide United,114,70.0,2,team,23.0,1,0,1,46.0,0.0,0.0,0.0
1996435,skillcorner,Sydney FC,Adelaide United,115,71.0,2,individual,2.75,20,2,20,31.298073338769967,1.5551066398620605,1.8672075271606445,3.110213279724121
1996435,skillcorner,Sydney FC,Adelaide United,115,71.0,2,tactical,11.75,4,0,4,50.35305092218441,0.0,0.0,0.0
1996435,skillcorner,Sydney FC,Adelaide United,115,71.0,2,team,23.0,2,0,2,46.75582046539543,0.0,0.0,0.0
1996435,skillcorner,Sydney FC,Adelaide United,116,71.0,2,individual,2.75,21,4,21,36.76854855584919,2.3219356536865234,3.567594528198242,9.287742614746094
1996435,skillcorner,Sydney FC,Adelaide United,116,71.0,2,tactical,11.75,5,0,5,44.595320210393396,0.0,0.0,0.0
1996435,skillcorner,Sydney FC,Adelaide United,116,71.0,2,team,23.0,2,0,2,53.71753932226421,0.0,0.0,0.0
1996435,skillcorner,Sydney FC,Adelaide United,117,72.0,2,individual,2.75,22,3,22,36.306251889556016,2.0065364837646484,3.9835033416748047,6.019609451293945
1996435,skillcorner,Sydney FC,Adelaide United,117,72.0,2,tactical,11.75,6,0,6,51.71300613690862,0.0,0.0,0.0
1996435,skillcorner,Sydney FC,Adelaide United,117,72.0,2,team,23.0,2,0,2,46.0,0.0,0.0,0.0
1996435,skillcorner,Sydney FC,Adelaide United,118,72.0,2,individual,2.75,20,4,20,33.293061814220856,0.6874022483825684,1.3463239669799805,2.7496089935302734
1996435,skillcorner,Sydney FC,Adelaide United,118,72.0,2,tactical,11.75,4,0,4,55.72128153237966,0.0,0.0,0.0
1996435,skillcorner,Sydney FC,Adelaide United,118,72.0,2,team,23.0,2,0,2,49.17176602865121,0.0,0.0,0.0
1996435,skillcorner,Sydney FC,Adelaide United,119,73.0,2,individual,2.75,20,4,20,33.89707233593703,1.647148609161377,4.237771034240723,6.588594436645508
1996435,skillcorner,Sydney FC,Adelaide United,119,73.0,2,tactical,11.75,5,0,5,53.296195868335204,0.0,0.0,0.0
1996435,skillcorner,Sydney FC,Adelaide United,119,73.0,2,team,23.0,2,0,2,52.80383085163149,0.0,0.0,0.0
1996435,skillcorner,Sydney FC,Adelaide United,120,73.0,2,individual,2.75,19,1,19,37.34333389274535,1.5247015953063965,1.5247015953063965,1.5247015953063965
1996435,skillcorner,Sydney FC,Adelaide United,120,73.0,2,tactical,11.75,5,0,5,46.948690755651725,0.0,0.0,0.0
1996435,skillcorner,Sydney FC,Adelaide United,120,73.0,2,team,23.0,2,0,2,62.17837602150124,0.0,0.0,0.0
1996435,skillcorner,Sydney FC,Adelaide United,121,74.0,2,individual,2.75,19,2,19,37.948093274302536,0.39012694358825684,0.5229067802429199,0.7802538871765137
1996435,skillcorner,Sydney FC,Adelaide United,121,74.0,2,tactical,11.75,4,0,4,52.38703264193934,0.0,0.0,0.0
1996435,skillcorner,Sydney FC,Adelaide United,121,74.0,2,team,23.0,2,0,2,65.33046662633377,0.0,0.0,0.0
1996435,skillcorner,Sydney FC,Adelaide United,122,76.0,2,individual,2.75,20,4,20,33.60762315999408,1.9185845851898193,3.586071014404297,7.674338340759277
1996435,skillcorner,Sydney FC,Adelaide United,122,76.0,2,tactical,11.75,4,0,4,54.12874808248539,0.0,0.0,0.0
1996435,skillcorner,Sydney FC,Adelaide United,122,76.0,2,team,23.0,2,0,2,55.468704097358916,0.0,0.0,0.0
1996435,skillcorner,Sydney FC,Adelaide United,123,77.0,2,individual,2.75,13,1,13,33.32572607849305,1.0147037506103516,1.0147037506103516,1.0147037506103516
1996435,skillcorner,Sydney FC,Adelaide United,123,77.0,2,tactical,11.75,4,0,4,58.168166059846484,0.0,0.0,0.0
1996435,skillcorner,Sydney FC,Adelaide United,123,77.0,2,team,23.0,2,0,2,62.31488984117974,0.0,0.0,0.0
1996435,skillcorner,Sydney FC,Adelaide United,124,77.0,2,individual,2.75,20,2,20,32.29927276901982,2.6594443321228027,3.9767837524414062,5.3188886642456055
1996435,skillcorner,Sydney FC,Adelaide United,124,77.0,2,tactical,11.75,5,0,5,50.09965538903691,0.0,0.0,0.0
1996435,skillcorner,Sydney FC,Adelaide United,124,77.0,2,team,23.0,2,0,2,52.15265072193611,0.0,0.0,0.0
1996435,skillcorner,Sydney FC,Adelaide United,125,78.0,2,individual,2.75,19,2,19,35.36003547920126,2.7741341590881348,2.9190053939819336,5.5482683181762695
1996435,skillcorner,Sydney FC,Adelaide United,125,78.0,2,tactical,11.75,5,0,5,47.25352024076389,0.0,0.0,0.0
1996435,skillcorner,Sydney FC,Adelaide United,125,78.0,2,team,23.0,2,0,2,46.0,0.0,0.0,0.0
1996435,skillcorner,Sydney FC,Adelaide United,126,78.0,2,individual,2.75,21,3,21,36.87768365162276,1.2479235331217449,2.3195343017578125,3.7437705993652344
1996435,skillcorner,Sydney FC,Adelaide United,126,78.0,2,tactical,11.75,7,0,7,55.46291103070592,0.0,0.0,0.0
1996435,skillcorner,Sydney FC,Adelaide United,126,78.0,2,team,23.0,2,0,2,46.0,0.0,0.0,0.0
1996435,skillcorner,Sydney FC,Adelaide United,127,79.0,2,individual,2.75,20,3,20,34.72558469050364,2.3029352823893228,3.4217700958251953,6.908805847167969
1996435,skillcorner,Sydney FC,Adelaide United,127,79.0,2,tactical,11.75,4,0,4,49.538835817652995,0.0,0.0,0.0
1996435,skillcorner,Sydney FC,Adelaide United,127,79.0,2,team,23.0,3,0,3,60.0218178562431,0.0,0.0,0.0
1996435,skillcorner,Sydney FC,Adelaide United,128,79.0,2,individual,2.75,19,4,19,34.909731623743156,2.3995275497436523,3.4718875885009766,9.59811019897461
1996435,skillcorner,Sydney FC,Adelaide United,128,79.0,2,tactical,11.75,4,0,4,50.184014086655644,0.0,0.0,0.0
1996435,skillcorner,Sydney FC,Adelaide United,128,79.0,2,team,23.0,2,0,2,46.158385565895685,0.0,0.0,0.0
1996435,skillcorner,Sydney FC,Adelaide United,129,80.0,2,individual,2.75,21,2,21,34.60463155727645,3.4714550971984863,6.647834777832031,6.942910194396973
1996435,skillcorner,Sydney FC,Adelaide United,129,80.0,2,tactical,11.75,7,1,7,44.03022257495413,3.3343849182128906,3.3343849182128906,3.3343849182128906
1996435,skillcorner,Sydney FC,Adelaide United,129,80.0,2,team,23.0,2,0,2,49.28014614279138,0.0,0.0,0.0
1996435,skillcorner,Sydney FC,Adelaide United,130,80.0,2,individual,2.75,18,3,18,28.8708230745159,2.5835386912027993,3.6918563842773438,7.750616073608398
1996435,skillcorner,Sydney FC,Adelaide United,130,80.0,2,tactical,11.75,6,0,6,45.035133142794706,0.0,0.0,0.0
1996435,skillcorner,Sydney FC,Adelaide United,130,80.0,2,team,23.0,2,0,2,52.13755123689251,0.0,0.0,0.0
1996435,skillcorner,Sydney FC,Adelaide United,131,81.0,2,individual,2.75,18,3,18,34.06868503479405,2.191305637359619,2.4447708129882812,6.573916912078857
1996435,skillcorner,Sydney FC,Adelaide United,131,81.0,2,tactical,11.75,3,0,3,65.41937774162722,0.0,0.0,0.0
1996435,skillcorner,Sydney FC,Adelaide United,131,81.0,2,team,23.0,2,0,2,52.31485880634141,0.0,0.0,0.0
1996435,skillcorner,Sydney FC,Adelaide United,132,82.0,2,individual,2.75,20,3,20,39.379871636701964,2.0420010884602866,3.046642303466797,6.126003265380859
1996435,skillcorner,Sydney FC,Adelaide United,132,82.0,2,tactical,11.75,6,1,6,50.77001911760726,4.976480484008789,4.976480484008789,4.976480484008789
1996435,skillcorner,Sydney FC,Adelaide United,132,82.0,2,team,23.0,2,0,2,51.67303501897835,0.0,0.0,0.0
1996435,skillcorner,Sydney FC,Adelaide United,133,82.0,2,individual,2.75,20,2,20,30.433374463529,4.0802342891693115,5.396158218383789,8.160468578338623
1996435,skillcorner,Sydney FC,Adelaide United,133,82.0,2,tactical,11.75,3,0,3,52.93716720884903,0.0,0.0,0.0
1996435,skillcorner,Sydney FC,Adelaide United,133,82.0,2,team,23.0,2,0,2,61.271124418671675,0.0,0.0,0.0
1996435,skillcorner,Sydney FC,Adelaide United,134,84.0,2,individual,2.75,22,3,22,33.03801832470104,1.2037502924601238,1.400064468383789,3.611250877380371
1996435,skillcorner,Sydney FC,Adelaide United,134,84.0,2,tactical,11.75,5,0,5,52.180216716982976,0.0,0.0,0.0
1996435,skillcorner,Sydney FC,Adelaide United,134,84.0,2,team,23.0,2,0,2,46.0,0.0,0.0,0.0
1996435,skillcorner,Sydney FC,Adelaide United,135,85.0,2,individual,2.75,21,1,21,35.21407335718759,2.5649662017822266,2.5649662017822266,2.5649662017822266
1996435,skillcorner,Sydney FC,Adelaide United,135,85.0,2,tactical,11.75,5,0,5,48.726144703316066,0.0,0.0,0.0
1996435,skillcorner,Sydney FC,Adelaide United,135,85.0,2,team,23.0,1,0,1,46.0,0.0,0.0,0.0
1996435,skillcorner,Sydney FC,Adelaide United,136,85.0,2,individual,2.75,22,2,22,38.656811381332545,1.3120641708374023,2.607105255126953,2.6241283416748047
1996435,skillcorner,Sydney FC,Adelaide United,136,85.0,2,tactical,11.75,5,0,5,55.84778661801042,0.0,0.0,0.0
1996435,skillcorner,Sydney FC,Adelaide United,136,85.0,2,team,23.0,2,0,2,56.11920776993937,0.0,0.0,0.0
1996435,skillcorner,Sydney FC,Adelaide United,137,86.0,2,individual,2.75,18,4,18,24.315184556157497,0.3505866527557373,0.6950287818908691,1.4023466110229492
1996435,skillcorner,Sydney FC,Adelaide United,137,86.0,2,tactical,11.75,3,0,3,63.81346392025867,0.0,0.0,0.0
1996435,skillcorner,Sydney FC,Adelaide United,137,86.0,2,team,23.0,3,0,3,63.81346392025867,0.0,0.0,0.0
1996435,skillcorner,Sydney FC,Adelaide United,138,86.0,2,individual,2.75,19,4,19,35.833777549045585,1.8803285360336304,4.124859809875488,7.5213141441345215
1996435,skillcorner,Sydney FC,Adelaide United,138,86.0,2,tactical,11.75,7,0,7,45.6127113910634,0.0,0.0,0.0
1996435,skillcorner,Sydney FC,Adelaide United,138,86.0,2,team,23.0,2,0,2,46.0,0.0,0.0,0.0
1996435,skillcorner,Sydney FC,Adelaide United,139,87.0,2,individual,2.75,19,2,19,32.696513777049645,0.5249128341674805,0.8177318572998047,1.049825668334961
1996435,skillcorner,Sydney FC,Adelaide United,139,87.0,2,tactical,11.75,5,0,5,49.09520108503785,0.0,0.0,0.0
1996435,skillcorner,Sydney FC,Adelaide United,139,87.0,2,team,23.0,2,0,2,50.74766694368084,0.0,0.0,0.0
1996435,skillcorner,Sydney FC,Adelaide United,140,87.0,2,individual,2.75,20,3,20,31.80371484770441,2.8802831967671714,5.381041526794434,8.640849590301514
1996435,skillcorner,Sydney FC,Adelaide United,140,87.0,2,tactical,11.75,4,0,4,41.74953177477069,0.0,0.0,0.0
1996435,skillcorner,Sydney FC,Adelaide United,140,87.0,2,team,23.0,2,0,2,57.69393962050295,0.0,0.0,0.0
1996435,skillcorner,Sydney FC,Adelaide United,141,88.0,2,individual,2.75,20,2,20,34.65440198403579,6.56926417350769,12.991003036499023,13.13852834701538
1996435,skillcorner,Sydney FC,Adelaide United,141,88.0,2,tactical,11.75,5,0,5,44.73699305736341,0.0,0.0,0.0
1996435,skillcorner,Sydney FC,Adelaide United,141,88.0,2,team,23.0,2,0,2,46.0,0.0,0.0,0.0
1996435,skillcorner,Sydney FC,Adelaide United,142,88.0,2,individual,2.75,19,3,19,35.52213983374965,2.16355832417806,4.143678665161133,6.49067497253418
1996435,skillcorner,Sydney FC,Adelaide United,142,88.0,2,tactical,11.75,5,0,5,49.636478562591584,0.0,0.0,0.0
1996435,skillcorner,Sydney FC,Adelaide United,142,88.0,2,team,23.0,2,0,2,52.81361374088959,0.0,0.0,0.0
1996435,skillcorner,Sydney FC,Adelaide United,143,89.0,2,individual,2.75,20,2,20,32.07526664534361,2.325821876525879,2.980531692504883,4.651643753051758
1996435,skillcorner,Sydney FC,Adelaide United,143,89.0,2,tactical,11.75,3,0,3,61.1924446291093,0.0,0.0,0.0
1996435,skillcorner,Sydney FC,Adelaide United,143,89.0,2,team,23.0,2,0,2,46.48825753035509,0.0,0.0,0.0
1996435,skillcorner,Sydney FC,Adelaide United,144,90.0,2,individual,2.75,17,2,17,30.537550795773196,0.5065231323242188,0.6708583831787109,1.0130462646484375
1996435,skillcorner,Sydney FC,Adelaide United,144,90.0,2,tactical,11.75,2,0,2,55.115828641991975,0.0,0.0,0.0
1996435,skillcorner,Sydney FC,Adelaide United,144,90.0,2,team,23.0,2,0,2,55.115828641991975,0.0,0.0,0.0
1996435,skillcorner,Sydney FC,Adelaide United,145,91.0,2,individual,2.75,17,3,17,30.03958119233042,2.3154567082722983,6.499627113342285,6.9463701248168945
1996435,skillcorner,Sydney FC,Adelaide United,145,91.0,2,tactical,11.75,3,0,3,64.75682321151359,0.0,0.0,0.0
1996435,skillcorner,Sydney FC,Adelaide United,145,91.0,2,team,23.0,2,0,2,50.710264472811566,0.0,0.0,0.0
1996435,skillcorner,Sydney FC,Adelaide United,146,91.0,2,individual,2.75,19,2,19,38.70621786750178,2.430631160736084,3.1174936294555664,4.861262321472168
1996435,skillcorner,Sydney FC,Adelaide United,146,91.0,2,tactical,11.75,5,0,5,49.58248939893721,0.0,0.0,0.0
1996435,skillcorner,Sydney FC,Adelaide United,146,91.0,2,team,23.0,2,0,2,46.0,0.0,0.0,0.0
1996435,skillcorner,Sydney FC,Adelaide United,147,92.0,2,individual,2.75,21,4,21,36.86599985451353,1.2035589218139648,3.1721296310424805,4.814235687255859
1996435,skillcorner,Sydney FC,Adelaide United,147,92.0,2,tactical,11.75,7,0,7,51.63073212729023,0.0,0.0,0.0
1996435,skillcorner,Sydney FC,Adelaide United,147,92.0,2,team,23.0,2,0,2,46.0,0.0,0.0,0.0
1996435,skillcorner,Sydney FC,Adelaide United,148,93.0,2,individual,2.75,21,2,21,38.425451985872925,1.7359895706176758,3.1442060470581055,3.4719791412353516
1996435,skillcorner,Sydney FC,Adelaide United,148,93.0,2,tactical,11.75,6,1,6,54.28071453656103,2.66583251953125,2.66583251953125,2.66583251953125
1996435,skillcorner,Sydney FC,Adelaide United,148,93.0,2,team,23.0,2,0,2,55.03562309974627,0.0,0.0,0.0
1996435,skillcorner,Sydney FC,Adelaide United,149,93.0,2,individual,2.75,21,3,21,36.187065046299054,1.4271411895751953,3.518073081970215,4.281423568725586
1996435,skillcorner,Sydney FC,Adelaide United,149,93.0,2,tactical,11.75,7,1,7,53.156116508095494,2.776935577392578,2.776935577392578,2.776935577392578
1996435,skillcorner,Sydney FC,Adelaide United,149,93.0,2,team,23.0,2,0,2,46.0,0.0,0.0,0.0
1953632,skillcorner,CC Mariners,Melbourne City,0,0.0,1,individual,2.75,20,4,20,37.26570322354276,3.250239610671997,7.205259323120117,13.000958442687988
1953632,skillcorner,CC Mariners,Melbourne City,0,0.0,1,tactical,11.75,6,0,6,53.18367445800564,0.0,0.0,0.0
1953632,skillcorner,CC Mariners,Melbourne City,0,0.0,1,team,23.0,1,0,1,46.0,0.0,0.0,0.0
1953632,skillcorner,CC Mariners,Melbourne City,1,0.0,1,individual,2.75,22,4,22,39.4901207934045,2.400559425354004,4.69989013671875,9.602237701416016
1953632,skillcorner,CC Mariners,Melbourne City,1,0.0,1,tactical,11.75,8,1,8,49.723946555556154,5.823539733886719,5.823539733886719,5.823539733886719
1953632,skillcorner,CC Mariners,Melbourne City,1,0.0,1,team,23.0,2,0,2,46.0,0.0,0.0,0.0
1953632,skillcorner,CC Mariners,Melbourne City,2,0.0,1,individual,2.75,21,4,21,39.35131318407878,1.317540168762207,4.565517425537109,5.270160675048828
1953632,skillcorner,CC Mariners,Melbourne City,2,0.0,1,tactical,11.75,8,0,8,43.31382180884908,0.0,0.0,0.0
1953632,skillcorner,CC Mariners,Melbourne City,2,0.0,1,team,23.0,2,0,2,46.0,0.0,0.0,0.0
1953632,skillcorner,CC Mariners,Melbourne City,3,1.0,1,individual,2.75,21,4,21,38.57003473520016,1.8080203533172607,2.8344907760620117,7.232081413269043
1953632,skillcorner,CC Mariners,Melbourne City,3,1.0,1,tactical,11.75,6,0,6,50.36637635102258,0.0,0.0,0.0
1953632,skillcorner,CC Mariners,Melbourne City,3,1.0,1,team,23.0,2,0,2,49.68681444285252,0.0,0.0,0.0
1953632,skillcorner,CC Mariners,Melbourne City,4,1.0,1,individual,2.75,22,2,22,29.53416551656003,1.4077496528625488,2.2967004776000977,2.8154993057250977
1953632,skillcorner,CC Mariners,Melbourne City,4,1.0,1,tactical,11.75,3,0,3,46.23531731667288,0.0,0.0,0.0
1953632,skillcorner,CC Mariners,Melbourne City,4,1.0,1,team,23.0,2,0,2,58.11852070926364,0.0,0.0,0.0
1953632,skillcorner,CC Mariners,Melbourne City,5,2.0,1,individual,2.75,7,0,7,46.49798275194312,0.0,0.0,0.0
1953632,skillcorner,CC Mariners,Melbourne City,5,2.0,1,tactical,11.75,5,0,5,52.40331163655571,0.0,0.0,0.0
1953632,skillcorner,CC Mariners,Melbourne City,5,2.0,1,team,23.0,2,0,2,56.571847282801905,0.0,0.0,0.0
1953632,skillcorner,CC Mariners,Melbourne City,6,3.0,1,individual,2.75,20,2,20,42.6538026785903,2.789999008178711,3.477571487426758,5.579998016357422
1953632,skillcorner,CC Mariners,Melbourne City,6,3.0,1,tactical,11.75,7,0,7,53.646071617593776,0.0,0.0,0.0
1953632,skillcorner,CC Mariners,Melbourne City,6,3.0,1,team,23.0,2,0,2,48.43408827498953,0.0,0.0,0.0
1953632,skillcorner,CC Mariners,Melbourne City,7,3.0,1,individual,2.75,20,4,20,37.62684278616633,1.290107011795044,2.901887893676758,5.160428047180176
1953632,skillcorner,CC Mariners,Melbourne City,7,3.0,1,tactical,11.75,9,1,9,48.009856717613765,8.133993148803711,8.133993148803711,8.133993148803711
1953632,skillcorner,CC Mariners,Melbourne City,7,3.0,1,team,23.0,2,0,2,51.19415295101465,0.0,0.0,0.0
1953632,skillcorner,CC Mariners,Melbourne City,8,4.0,1,individual,2.75,21,4,21,38.402275912130314,3.6674580574035645,4.030407905578613,14.669832229614258
1953632,skillcorner,CC Mariners,Melbourne City,8,4.0,1,tactical,11.75,7,0,7,52.66956711422641,0.0,0.0,0.0
1953632,skillcorner,CC Mariners,Melbourne City,8,4.0,1,team,23.0,2,0,2,46.0,0.0,0.0,0.0
1953632,skillcorner,CC Mariners,Melbourne City,9,4.0,1,individual,2.75,20,7,20,37.262404176537636,1.0759687423706055,1.8570899963378906,7.531781196594238
1953632,skillcorner,CC Mariners,Melbourne City,9,4.0,1,tactical,11.75,6,0,6,50.87885547366809,0.0,0.0,0.0
1953632,skillcorner,CC Mariners,Melbourne City,9,4.0,1,team,23.0,2,0,2,46.0,0.0,0.0,0.0
1953632,skillcorner,CC Mariners,Melbourne City,10,5.0,1,individual,2.75,18,3,18,31.69426446535714,1.5109198888142903,3.315553665161133,4.532759666442871
1953632,skillcorner,CC Mariners,Melbourne City,10,5.0,1,tactical,11.75,3,0,3,59.98308530327192,0.0,0.0,0.0
1953632,skillcorner,CC Mariners,Melbourne City,10,5.0,1,team,23.0,3,0,3,59.98308530327192,0.0,0.0,0.0
1953632,skillcorner,CC Mariners,Melbourne City,11,5.0,1,individual,2.75,21,2,21,39.82130315025971,0.9528036117553711,1.7646808624267578,1.9056072235107422
1953632,skillcorner,CC Mariners,Melbourne City,11,5.0,1,tactical,11.75,8,1,8,44.812399680344825,1.7646808624267578,1.7646808624267578,1.7646808624267578
1953632,skillcorner,CC Mariners,Melbourne City,11,5.0,1,team,23.0,3,0,3,61.0490594081456,0.0,0.0,0.0
1953632,skillcorner,CC Mariners,Melbourne City,12,6.0,1,individual,2.75,19,3,19,32.049374970130756,2.6200475692749023,5.168848037719727,7.860142707824707
1953632,skillcorner,CC Mariners,Melbourne City,12,6.0,1,tactical,11.75,5,1,5,40.76166919695778,0.2704353332519531,0.2704353332519531,0.2704353332519531
1953632,skillcorner,CC Mariners,Melbourne City,12,6.0,1,team,23.0,2,0,2,63.883915372421065,0.0,0.0,0.0
1953632,skillcorner,CC Mariners,Melbourne City,13,6.0,1,individual,2.75,17,3,17,32.44123701492468,1.4240748087565105,3.192812919616699,4.272224426269531
1953632,skillcorner,CC Mariners,Melbourne City,13,6.0,1,tactical,11.75,6,0,6,45.12846727990154,0.0,0.0,0.0
1953632,skillcorner,CC Mariners,Melbourne City,13,6.0,1,team,23.0,2,0,2,50.861237092197754,0.0,0.0,0.0
1953632,skillcorner,CC Mariners,Melbourne City,14,7.0,1,individual,2.75,18,2,18,27.104461348641482,2.981112480163574,3.7105026245117188,5.962224960327148
1953632,skillcorner,CC Mariners,Melbourne City,14,7.0,1,tactical,11.75,3,0,3,48.70675777648194,0.0,0.0,0.0
1953632,skillcorner,CC Mariners,Melbourne City,14,7.0,1,team,23.0,2,0,2,56.42325859056108,0.0,0.0,0.0
1953632,skillcorner,CC Mariners,Melbourne City,15,7.0,1,individual,2.75,20,3,20,36.534310558477856,3.3102617263793945,4.882378578186035,9.930785179138184
1953632,skillcorner,CC Mariners,Melbourne City,15,7.0,1,tactical,11.75,6,1,6,46.04508532919491,0.4196739196777344,0.4196739196777344,0.4196739196777344
1953632,skillcorner,CC Mariners,Melbourne City,15,7.0,1,team,23.0,1,0,1,46.0,0.0,0.0,0.0
1953632,skillcorner,CC Mariners,Melbourne City,16,8.0,1,individual,2.75,19,5,19,40.77683430462359,1.898686981201172,2.938401222229004,9.49343490600586
1953632,skillcorner,CC Mariners,Melbourne City,16,8.0,1,tactical,11.75,8,0,8,49.894066425719004,0.0,0.0,0.0
1953632,skillcorner,CC Mariners,Melbourne City,16,8.0,1,team,23.0,2,0,2,46.538262747404794,0.0,0.0,0.0
1953632,skillcorner,CC Mariners,Melbourne City,17,8.0,1,individual,2.75,22,6,22,41.66701902242107,1.0652111371358235,2.707564353942871,6.391266822814941
1953632,skillcorner,CC Mariners,Melbourne City,17,8.0,1,tactical,11.75,11,2,11,47.19678692992089,1.130056381225586,1.3868846893310547,2.260112762451172
1953632,skillcorner,CC Mariners,Melbourne City,17,8.0,1,team,23.0,2,0,2,46.82865838869678,0.0,0.0,0.0
1953632,skillcorner,CC Mariners,Melbourne City,18,9.0,1,individual,2.75,21,2,21,35.54240036600779,0.7090804576873779,0.768824577331543,1.4181609153747559
1953632,skillcorner,CC Mariners,Melbourne City,18,9.0,1,tactical,11.75,7,1,7,46.90805550859717,5.48668098449707,5.48668098449707,5.48668098449707
1953632,skillcorner,CC Mariners,Melbourne City,18,9.0,1,team,23.0,1,0,1,46.0,0.0,0.0,0.0
1953632,skillcorner,CC Mariners,Melbourne City,19,9.0,1,individual,2.75,19,2,19,29.441787961133826,1.2476868629455566,2.461276054382324,2.4953737258911133
1953632,skillcorner,CC Mariners,Melbourne City,19,9.0,1,tactical,11.75,4,0,4,52.240949382333696,0.0,0.0,0.0
1953632,skillcorner,CC Mariners,Melbourne City,19,9.0,1,team,23.0,2,0,2,55.334444214731995,0.0,0.0,0.0
1953632,skillcorner,CC Mariners,Melbourne City,20,10.0,1,individual,2.75,21,4,21,31.960022038816597,1.3151267766952515,3.311412811279297,5.260507106781006
1953632,skillcorner,CC Mariners,Melbourne City,20,10.0,1,tactical,11.75,2,0,2,60.36532314810806,0.0,0.0,0.0
1953632,skillcorner,CC Mariners,Melbourne City,20,10.0,1,team,23.0,2,0,2,60.36532314810806,0.0,0.0,0.0
1953632,skillcorner,CC Mariners,Melbourne City,21,10.0,1,individual,2.75,15,2,15,25.55463363071363,0.7979216575622559,1.3297319412231445,1.5958433151245117
1953632,skillcorner,CC Mariners,Melbourne City,21,10.0,1,tactical,11.75,3,0,3,51.55972749009723,0.0,0.0,0.0
1953632,skillcorner,CC Mariners,Melbourne City,21,10.0,1,team,23.0,2,0,2,62.77320569006899,0.0,0.0,0.0
1953632,skillcorner,CC Mariners,Melbourne City,22,11.0,1,individual,2.75,22,4,22,35.198120458534845,2.687483549118042,4.839117050170898,10.749934196472168
1953632,skillcorner,CC Mariners,Melbourne City,22,11.0,1,tactical,11.75,7,1,7,47.261010621864614,4.658987045288086,4.658987045288086,4.658987045288086
1953632,skillcorner,CC Mariners,Melbourne City,22,11.0,1,team,23.0,2,0,2,48.58889098793716,0.0,0.0,0.0
1953632,skillcorner,CC Mariners,Melbourne City,23,12.0,1,individual,2.75,21,4,21,38.50762061218474,1.5060279369354248,3.3018112182617188,6.024111747741699
1953632,skillcorner,CC Mariners,Melbourne City,23,12.0,1,tactical,11.75,7,1,7,49.4327998397825,2.386655807495117,2.386655807495117,2.386655807495117
1953632,skillcorner,CC Mariners,Melbourne City,23,12.0,1,team,23.0,2,0,2,46.0,0.0,0.0,0.0
1953632,skillcorner,CC Mariners,Melbourne City,24,12.0,1,individual,2.75,21,5,21,34.031017615510216,1.5504234313964844,2.949833869934082,7.752117156982422
1953632,skillcorner,CC Mariners,Melbourne City,24,12.0,1,tactical,11.75,6,1,6,40.933439572221424,0.44301414489746094,0.44301414489746094,0.44301414489746094
1953632,skillcorner,CC Mariners,Melbourne City,24,12.0,1,team,23.0,1,0,1,46.0,0.0,0.0,0.0
1953632,skillcorner,CC Mariners,Melbourne City,25,13.0,1,individual,2.75,18,1,18,35.45040761401764,2.319225311279297,2.319225311279297,2.319225311279297
1953632,skillcorner,CC Mariners,Melbourne City,25,13.0,1,tactical,11.75,4,0,4,47.92865753529496,0.0,0.0,0.0
1953632,skillcorner,CC Mariners,Melbourne City,25,13.0,1,team,23.0,2,0,2,61.71509490393956,0.0,0.0,0.0
1953632,skillcorner,CC Mariners,Melbourne City,26,13.0,1,individual,2.75,17,1,17,36.48874087134782,0.16722869873046875,0.16722869873046875,0.16722869873046875
1953632,skillcorner,CC Mariners,Melbourne City,26,13.0,1,tactical,11.75,6,0,6,53.924359543619,0.0,0.0,0.0
1953632,skillcorner,CC Mariners,Melbourne City,26,13.0,1,team,23.0,2,0,2,55.499881554898025,0.0,0.0,0.0
1953632,skillcorner,CC Mariners,Melbourne City,27,14.0,1,individual,2.75,20,2,20,38.908319157147105,4.885622978210449,9.091512680053711,9.771245956420898
1953632,skillcorner,CC Mariners,Melbourne City,27,14.0,1,tactical,11.75,5,1,5,50.197258184310805,5.482307434082031,5.482307434082031,5.482307434082031
1953632,skillcorner,CC Mariners,Melbourne City,27,14.0,1,team,23.0,2,0,2,51.069951271785,0.0,0.0,0.0
1953632,skillcorner,CC Mariners,Melbourne City,28,14.0,1,individual,2.75,21,4,21,33.775950547048566,1.0316779613494873,1.745218276977539,4.126711845397949
1953632,skillcorner,CC Mariners,Melbourne City,28,14.0,1,tactical,11.75,5,1,5,38.028718882563595,3.2410011291503906,3.2410011291503906,3.2410011291503906
1953632,skillcorner,CC Mariners,Melbourne City,28,14.0,1,team,23.0,1,0,1,46.0,0.0,0.0,0.0
1953632,skillcorner,CC Mariners,Melbourne City,29,15.0,1,individual,2.75,20,4,20,36.60614908171122,1.5690562725067139,4.31683349609375,6.2762250900268555
1953632,skillcorner,CC Mariners,Melbourne City,29,15.0,1,tactical,11.75,6,1,6,51.72273232206886,2.4455833435058594,2.4455833435058594,2.4455833435058594
1953632,skillcorner,CC Mariners,Melbourne City,29,15.0,1,team,23.0,1,0,1,46.0,0.0,0.0,0.0
1953632,skillcorner,CC Mariners,Melbourne City,30,15.0,1,individual,2.75,22,2,22,36.97148623673077,1.1202201843261719,1.5928077697753906,2.2404403686523438
1953632,skillcorner,CC Mariners,Melbourne City,30,15.0,1,tactical,11.75,7,0,7,53.131964014141246,0.0,0.0,0.0
1953632,skillcorner,CC Mariners,Melbourne City,30,15.0,1,team,23.0,2,0,2,46.0,0.0,0.0,0.0
1953632,skillcorner,CC Mariners,Melbourne City,31,16.0,1,individual,2.75,18,3,18,33.77330787767168,1.033564567565918,1.479013442993164,3.100693702697754
1953632,skillcorner,CC Mariners,Melbourne City,31,16.0,1,tactical,11.75,4,0,4,55.7828475999287,0.0,0.0,0.0
1953632,skillcorner,CC Mariners,Melbourne City,31,16.0,1,team,23.0,2,0,2,48.95330003074591,0.0,0.0,0.0
1953632,skillcorner,CC Mariners,Melbourne City,32,16.0,1,individual,2.75,22,6,22,36.09564462162739,2.018012364705404,4.897510528564453,12.108074188232422
1953632,skillcorner,CC Mariners,Melbourne City,32,16.0,1,tactical,11.75,7,0,7,46.846173002711765,0.0,0.0,0.0
1953632,skillcorner,CC Mariners,Melbourne City,32,16.0,1,team,23.0,1,0,1,46.0,0.0,0.0,0.0
1953632,skillcorner,CC Mariners,Melbourne City,33,17.0,1,individual,2.75,20,3,20,36.447602357021054,1.867331822713216,2.299825668334961,5.601995468139648
1953632,skillcorner,CC Mariners,Melbourne City,33,17.0,1,tactical,11.75,7,0,7,47.96703138615105,0.0,0.0,0.0
1953632,skillcorner,CC Mariners,Melbourne City,33,17.0,1,team,23.0,2,0,2,46.0,0.0,0.0,0.0
1953632,skillcorner,CC Mariners,Melbourne City,34,17.0,1,individual,2.75,19,5,19,32.65814715392017,1.101898765563965,2.165018081665039,5.509493827819824
1953632,skillcorner,CC Mariners,Melbourne City,34,17.0,1,tactical,11.75,4,0,4,58.607926453580745,0.0,0.0,0.0
1953632,skillcorner,CC Mariners,Melbourne City,34,17.0,1,team,23.0,2,0,2,55.73719566614043,0.0,0.0,0.0
1953632,skillcorner,CC Mariners,Melbourne City,35,18.0,1,individual,2.75,22,4,22,32.793839517031,1.455734133720398,2.649454116821289,5.822936534881592
1953632,skillcorner,CC Mariners,Melbourne City,35,18.0,1,tactical,11.75,5,0,5,46.03966936465143,0.0,0.0,0.0
1953632,skillcorner,CC Mariners,Melbourne City,35,18.0,1,team,23.0,2,0,2,50.23306661585228,0.0,0.0,0.0
1953632,skillcorner,CC Mariners,Melbourne City,36,18.0,1,individual,2.75,21,2,21,39.37500468131274,2.523801803588867,2.6970157623291016,5.047603607177734
1953632,skillcorner,CC Mariners,Melbourne City,36,18.0,1,tactical,11.75,6,0,6,45.31288081364036,0.0,0.0,0.0
1953632,skillcorner,CC Mariners,Melbourne City,36,18.0,1,team,23.0,2,0,2,46.0,0.0,0.0,0.0
1953632,skillcorner,CC Mariners,Melbourne City,37,19.0,1,individual,2.75,20,4,20,34.70462734061754,1.0366230010986328,2.6074085235595703,4.146492004394531
1953632,skillcorner,CC Mariners,Melbourne City,37,19.0,1,tactical,11.75,6,1,6,46.4067856214728,0.32201385498046875,0.32201385498046875,0.32201385498046875
1953632,skillcorner,CC Mariners,Melbourne City,37,19.0,1,team,23.0,2,0,2,50.22344008767582,0.0,0.0,0.0
1953632,skillcorner,CC Mariners,Melbourne City,38,19.0,1,individual,2.75,21,2,21,37.79093344503184,2.5925827026367188,4.289544105529785,5.1851654052734375
1953632,skillcorner,CC Mariners,Melbourne City,38,19.0,1,tactical,11.75,6,1,6,45.680430701134995,0.8578071594238281,0.8578071594238281,0.8578071594238281
1953632,skillcorner,CC Mariners,Melbourne City,38,19.0,1,team,23.0,1,0,1,46.0,0.0,0.0,0.0
1953632,skillcorner,CC Mariners,Melbourne City,39,20.0,1,individual,2.75,17,0,17,32.032926485130105,0.0,0.0,0.0
1953632,skillcorner,CC Mariners,Melbourne City,39,20.0,1,tactical,11.75,3,0,3,53.78605156067077,0.0,0.0,0.0
1953632,skillcorner,CC Mariners,Melbourne City,39,20.0,1,team,23.0,2,0,2,58.39793331268448,0.0,0.0,0.0
1953632,skillcorner,CC Mariners,Melbourne City,40,21.0,1,individual,2.75,20,5,20,29.50589962833283,0.6427985191345215,1.0849895477294922,3.2139925956726074
1953632,skillcorner,CC Mariners,Melbourne City,40,21.0,1,tactical,11.75,5,0,5,45.22507367837127,0.0,0.0,0.0
1953632,skillcorner,CC Mariners,Melbourne City,40,21.0,1,team,23.0,2,0,2,52.496521383512786,0.0,0.0,0.0
1953632,skillcorner,CC Mariners,Melbourne City,41,22.0,1,individual,2.75,18,2,18,34.93570809358242,1.8507046699523926,3.5031003952026367,3.701409339904785
1953632,skillcorner,CC Mariners,Melbourne City,41,22.0,1,tactical,11.75,6,0,6,50.49012230496719,0.0,0.0,0.0
1953632,skillcorner,CC Mariners,Melbourne City,41,22.0,1,team,23.0,2,0,2,46.0,0.0,0.0,0.0
1953632,skillcorner,CC Mariners,Melbourne City,42,22.0,1,individual,2.75,18,1,18,42.35625101446067,4.916086196899414,4.916086196899414,4.916086196899414
1953632,skillcorner,CC Mariners,Melbourne City,42,22.0,1,tactical,11.75,9,1,9,40.04462998400514,1.0725784301757812,1.0725784301757812,1.0725784301757812
1953632,skillcorner,CC Mariners,Melbourne City,42,22.0,1,team,23.0,2,0,2,55.61509698338803,0.0,0.0,0.0
1953632,skillcorner,CC Mariners,Melbourne City,43,23.0,1,individual,2.75,21,5,21,38.716863569233226,1.3239988327026366,2.608518600463867,6.619994163513184
1953632,skillcorner,CC Mariners,Melbourne City,43,23.0,1,tactical,11.75,8,1,8,47.27343387216956,6.333719253540039,6.333719253540039,6.333719253540039
1953632,skillcorner,CC Mariners,Melbourne City,43,23.0,1,team,23.0,2,0,2,46.0,0.0,0.0,0.0
1953632,skillcorner,CC Mariners,Melbourne City,44,23.0,1,individual,2.75,20,4,20,39.53000644414756,2.839646577835083,4.932284355163574,11.358586311340332
1953632,skillcorner,CC Mariners,Melbourne City,44,23.0,1,tactical,11.75,7,1,7,45.60392100588623,2.913372039794922,2.913372039794922,2.913372039794922
1953632,skillcorner,CC Mariners,Melbourne City,44,23.0,1,team,23.0,1,0,1,46.0,0.0,0.0,0.0
1953632,skillcorner,CC Mariners,Melbourne City,45,24.0,1,individual,2.75,21,2,21,34.4204566297573,2.625886917114258,4.857166290283203,5.251773834228516
1953632,skillcorner,CC Mariners,Melbourne City,45,24.0,1,tactical,11.75,5,0,5,47.778942587442245,0.0,0.0,0.0
1953632,skillcorner,CC Mariners,Melbourne City,45,24.0,1,team,23.0,2,0,2,46.0,0.0,0.0,0.0
1953632,skillcorner,CC Mariners,Melbourne City,46,24.0,1,individual,2.75,22,5,22,35.25665944936961,1.4841882705688476,2.9631567001342773,7.420941352844238
1953632,skillcorner,CC Mariners,Melbourne City,46,24.0,1,tactical,11.75,6,1,6,43.33509669235286,0.5973014831542969,0.5973014831542969,0.5973014831542969
1953632,skillcorner,CC Mariners,Melbourne City,46,24.0,1,team,23.0,2,0,2,46.0,0.0,0.0,0.0
1953632,skillcorner,CC Mariners,Melbourne City,47,25.0,1,individual,2.75,21,3,21,36.327682595491005,1.1312519709269206,1.8033065795898438,3.3937559127807617
1953632,skillcorner,CC Mariners,Melbourne City,47,25.0,1,tactical,11.75,7,1,7,49.49013336009512,2.190031051635742,2.190031051635742,2.190031051635742
1953632,skillcorner,CC Mariners,Melbourne City,47,25.0,1,team,23.0,2,0,2,52.06059898707874,0.0,0.0,0.0
1953632,skillcorner,CC Mariners,Melbourne City,48,26.0,1,individual,2.75,21,4,21,41.10245400379435,2.485318183898926,3.666529655456543,9.941272735595703
1953632,skillcorner,CC Mariners,Melbourne City,48,26.0,1,tactical,11.75,8,1,8,46.84368003252474,0.6281509399414062,0.6281509399414062,0.6281509399414062
1953632,skillcorner,CC Mariners,Melbourne City,48,26.0,1,team,23.0,1,0,1,46.0,0.0,0.0,0.0
1953632,skillcorner,CC Mariners,Melbourne City,49,26.0,1,individual,2.75,20,5,20,41.17654019944654,3.160539436340332,5.554840087890625,15.80269718170166
1953632,skillcorner,CC Mariners,Melbourne City,49,26.0,1,tactical,11.75,10,0,10,48.45603471189116,0.0,0.0,0.0
1953632,skillcorner,CC Mariners,Melbourne City,49,26.0,1,team,23.0,2,0,2,46.0,0.0,0.0,0.0
1953632,skillcorner,CC Mariners,Melbourne City,50,27.0,1,individual,2.75,21,2,21,32.93094309815828,1.2509098052978516,1.5945653915405273,2.501819610595703
1953632,skillcorner,CC Mariners,Melbourne City,50,27.0,1,tactical,11.75,4,0,4,51.35343541969584,0.0,0.0,0.0
1953632,skillcorner,CC Mariners,Melbourne City,50,27.0,1,team,23.0,2,0,2,46.93147160229871,0.0,0.0,0.0
1953632,skillcorner,CC Mariners,Melbourne City,51,27.0,1,individual,2.75,18,2,18,38.202748592215194,2.49741792678833,3.6466808319091797,4.99483585357666
1953632,skillcorner,CC Mariners,Melbourne City,51,27.0,1,tactical,11.75,6,0,6,46.85230331493918,0.0,0.0,0.0
1953632,skillcorner,CC Mariners,Melbourne City,51,27.0,1,team,23.0,2,0,2,46.0,0.0,0.0,0.0
1953632,skillcorner,CC Mariners,Melbourne City,52,28.0,1,individual,2.75,20,4,20,35.68272757075381,1.8181915283203125,2.4813289642333984,7.27276611328125
1953632,skillcorner,CC Mariners,Melbourne City,52,28.0,1,tactical,11.75,5,0,5,33.393017570437884,0.0,0.0,0.0
1953632,skillcorner,CC Mariners,Melbourne City,52,28.0,1,team,23.0,2,0,2,52.49570898131815,0.0,0.0,0.0
1953632,skillcorner,CC Mariners,Melbourne City,53,28.0,1,individual,2.75,19,5,19,41.36066390284114,3.0255876541137696,7.72784423828125,15.127938270568848
1953632,skillcorner,CC Mariners,Melbourne City,53,28.0,1,tactical,11.75,10,3,10,45.082030172169986,2.6851908365885415,4.758302688598633,8.055572509765625
1953632,skillcorner,CC Mariners,Melbourne City,53,28.0,1,team,23.0,1,0,1,46.0,0.0,0.0,0.0
1953632,skillcorner,CC Mariners,Melbourne City,54,29.0,1,individual,2.75,8,0,8,44.61541346977708,0.0,0.0,0.0
1953632,skillcorner,CC Mariners,Melbourne City,54,29.0,1,tactical,11.75,7,0,7,47.584330404031114,0.0,0.0,0.0
1953632,skillcorner,CC Mariners,Melbourne City,54,29.0,1,team,23.0,2,0,2,67.35584753421307,0.0,0.0,0.0
1953632,skillcorner,CC Mariners,Melbourne City,55,29.0,1,individual,2.75,22,5,22,41.08139248520172,2.917611312866211,5.320671081542969,14.588056564331055
1953632,skillcorner,CC Mariners,Melbourne City,55,29.0,1,tactical,11.75,8,1,8,52.00009555596569,4.701456069946289,4.701456069946289,4.701456069946289
1953632,skillcorner,CC Mariners,Melbourne City,55,29.0,1,team,23.0,2,0,2,51.466767037546205,0.0,0.0,0.0
1953632,skillcorner,CC Mariners,Melbourne City,56,30.0,1,individual,2.75,20,4,20,37.717559858131885,2.916978597640991,3.453688621520996,11.667914390563965
1953632,skillcorner,CC Mariners,Melbourne City,56,30.0,1,tactical,11.75,9,2,9,49.332130174325684,2.7627716064453125,3.8884124755859375,5.525543212890625
1953632,skillcorner,CC Mariners,Melbourne City,56,30.0,1,team,23.0,2,0,2,46.0,0.0,0.0,0.0
1953632,skillcorner,CC Mariners,Melbourne City,57,30.0,1,individual,2.75,21,3,21,38.67611837488078,2.33299986521403,2.881964683532715,6.99899959564209
1953632,skillcorner,CC Mariners,Melbourne City,57,30.0,1,tactical,11.75,6,1,6,54.23368129758589,1.4320602416992188,1.4320602416992188,1.4320602416992188
1953632,skillcorner,CC Mariners,Melbourne City,57,30.0,1,team,23.0,1,0,1,46.0,0.0,0.0,0.0
1953632,skillcorner,CC Mariners,Melbourne City,58,31.0,1,individual,2.75,20,3,20,37.72201514945552,1.9224952061971028,2.904086112976074,5.767485618591309
1953632,skillcorner,CC Mariners,Melbourne City,58,31.0,1,tactical,11.75,9,1,9,44.73312937519181,6.630786895751953,6.630786895751953,6.630786895751953
1953632,skillcorner,CC Mariners,Melbourne City,58,31.0,1,team,23.0,1,0,1,46.0,0.0,0.0,0.0
1953632,skillcorner,CC Mariners,Melbourne City,59,32.0,1,individual,2.75,12,1,12,24.37018503812035,2.468693733215332,2.468693733215332,2.468693733215332
1953632,skillcorner,CC Mariners,Melbourne City,59,32.0,1,tactical,11.75,3,0,3,69.70460890696677,0.0,0.0,0.0
1953632,skillcorner,CC Mariners,Melbourne City,59,32.0,1,team,23.0,2,0,2,60.72340969725574,0.0,0.0,0.0
1953632,skillcorner,CC Mariners,Melbourne City,60,34.0,1,individual,2.75,22,4,22,33.30380479030895,1.5855541229248047,4.840865135192871,6.342216491699219
1953632,skillcorner,CC Mariners,Melbourne City,60,34.0,1,tactical,11.75,6,0,6,47.94141914912682,0.0,0.0,0.0
1953632,skillcorner,CC Mariners,Melbourne City,60,34.0,1,team,23.0,2,0,2,46.0,0.0,0.0,0.0
1953632,skillcorner,CC Mariners,Melbourne City,61,37.0,1,individual,2.75,22,2,22,32.875201111611986,1.5743565559387207,1.9147186279296875,3.1487131118774414
1953632,skillcorner,CC Mariners,Melbourne City,61,37.0,1,tactical,11.75,6,0,6,52.75015912256704,0.0,0.0,0.0
1953632,skillcorner,CC Mariners,Melbourne City,61,37.0,1,team,23.0,2,0,2,46.0,0.0,0.0,0.0
1953632,skillcorner,CC Mariners,Melbourne City,62,37.0,1,individual,2.75,22,3,22,36.304238692317014,1.6612202326456706,4.20488166809082,4.983660697937012
1953632,skillcorner,CC Mariners,Melbourne City,62,37.0,1,tactical,11.75,6,0,6,47.96062271555628,0.0,0.0,0.0
1953632,skillcorner,CC Mariners,Melbourne City,62,37.0,1,team,23.0,2,0,2,47.19191962138244,0.0,0.0,0.0
1953632,skillcorner,CC Mariners,Melbourne City,63,38.0,1,individual,2.75,19,3,19,33.52736015887783,2.300419807434082,4.657810211181641,6.901259422302246
1953632,skillcorner,CC Mariners,Melbourne City,63,38.0,1,tactical,11.75,5,0,5,46.68572152384915,0.0,0.0,0.0
1953632,skillcorner,CC Mariners,Melbourne City,63,38.0,1,team,23.0,1,0,1,46.0,0.0,0.0,0.0
1953632,skillcorner,CC Mariners,Melbourne City,64,38.0,1,individual,2.75,21,4,21,34.785348318017384,2.0586130619049072,6.673220634460449,8.234452247619629
1953632,skillcorner,CC Mariners,Melbourne City,64,38.0,1,tactical,11.75,6,1,6,46.865542800689255,0.1931629180908203,0.1931629180908203,0.1931629180908203
1953632,skillcorner,CC Mariners,Melbourne City,64,38.0,1,team,23.0,2,0,2,46.0,0.0,0.0,0.0
1953632,skillcorner,CC Mariners,Melbourne City,65,40.0,1,individual,2.75,20,5,20,38.81111826320837,2.193286323547363,4.559734344482422,10.966431617736816
1953632,skillcorner,CC Mariners,Melbourne City,65,40.0,1,tactical,11.75,6,1,6,44.1516528008942,7.809808731079102,7.809808731079102,7.809808731079102
1953632,skillcorner,CC Mariners,Melbourne City,65,40.0,1,team,23.0,2,0,2,46.732923625286844,0.0,0.0,0.0
1953632,skillcorner,CC Mariners,Melbourne City,66,40.0,1,individual,2.75,19,2,19,39.03264739702823,1.9685745239257812,2.6434268951416016,3.9371490478515625
1953632,skillcorner,CC Mariners,Melbourne City,66,40.0,1,tactical,11.75,6,0,6,51.55142103100323,0.0,0.0,0.0
1953632,skillcorner,CC Mariners,Melbourne City,66,40.0,1,team,23.0,2,0,2,56.31769748992668,0.0,0.0,0.0
1953632,skillcorner,CC Mariners,Melbourne City,67,41.0,1,individual,2.75,21,3,21,36.5092130060642,3.2907838821411133,4.2325239181518555,9.87235164642334
1953632,skillcorner,CC Mariners,Melbourne City,67,41.0,1,tactical,11.75,6,0,6,61.80355346939555,0.0,0.0,0.0
1953632,skillcorner,CC Mariners,Melbourne City,67,41.0,1,team,23.0,2,0,2,46.0,0.0,0.0,0.0
1953632,skillcorner,CC Mariners,Melbourne City,68,41.0,1,individual,2.75,19,3,19,36.1303607949092,2.4750242233276367,5.308819770812988,7.42507266998291
1953632,skillcorner,CC Mariners,Melbourne City,68,41.0,1,tactical,11.75,5,0,5,41.263045797636124,0.0,0.0,0.0
1953632,skillcorner,CC Mariners,Melbourne City,68,41.0,1,team,23.0,2,0,2,59.41715046315329,0.0,0.0,0.0
1953632,skillcorner,CC Mariners,Melbourne City,69,42.0,1,individual,2.75,21,5,21,36.77373410940474,2.8382997512817383,3.7302236557006836,14.191498756408691
1953632,skillcorner,CC Mariners,Melbourne City,69,42.0,1,tactical,11.75,8,0,8,47.46805875851605,0.0,0.0,0.0
1953632,skillcorner,CC Mariners,Melbourne City,69,42.0,1,team,23.0,2,0,2,46.0,0.0,0.0,0.0
1953632,skillcorner,CC Mariners,Melbourne City,70,43.0,1,individual,2.75,19,2,19,35.883246687207105,1.122199535369873,2.0318212509155273,2.244399070739746
1953632,skillcorner,CC Mariners,Melbourne City,70,43.0,1,tactical,11.75,5,0,5,45.42850109465149,0.0,0.0,0.0
1953632,skillcorner,CC Mariners,Melbourne City,70,43.0,1,team,23.0,1,0,1,46.0,0.0,0.0,0.0
1953632,skillcorner,CC Mariners,Melbourne City,71,43.0,1,individual,2.75,19,4,19,40.801312404835535,3.022097587585449,5.081310272216797,12.088390350341797
1953632,skillcorner,CC Mariners,Melbourne City,71,43.0,1,tactical,11.75,6,0,6,50.64708040920755,0.0,0.0,0.0
1953632,skillcorner,CC Mariners,Melbourne City,71,43.0,1,team,23.0,1,0,1,46.0,0.0,0.0,0.0
1953632,skillcorner,CC Mariners,Melbourne City,72,44.0,1,individual,2.75,20,3,20,36.29262265632813,1.92633056640625,3.7028427124023438,5.77899169921875
1953632,skillcorner,CC Mariners,Melbourne City,72,44.0,1,tactical,11.75,5,0,5,50.362153081083505,0.0,0.0,0.0
1953632,skillcorner,CC Mariners,Melbourne City,72,44.0,1,team,23.0,1,0,1,46.0,0.0,0.0,0.0
1953632,skillcorner,CC Mariners,Melbourne City,73,44.0,1,individual,2.75,21,2,21,36.89074919567381,3.1234512329101562,4.413328170776367,6.2469024658203125
1953632,skillcorner,CC Mariners,Melbourne City,73,44.0,1,tactical,11.75,7,0,7,43.48234699277398,0.0,0.0,0.0
1953632,skillcorner,CC Mariners,Melbourne City,73,44.0,1,team,23.0,2,0,2,50.724750257267225,0.0,0.0,0.0
1953632,skillcorner,CC Mariners,Melbourne City,74,45.0,1,individual,2.75,22,6,22,40.3078328995738,1.2899866104125977,2.735250473022461,7.739919662475586
1953632,skillcorner,CC Mariners,Melbourne City,74,45.0,1,tactical,11.75,8,0,8,43.024990513162784,0.0,0.0,0.0
1953632,skillcorner,CC Mariners,Melbourne City,74,45.0,1,team,23.0,2,0,2,46.0,0.0,0.0,0.0
1953632,skillcorner,CC Mariners,Melbourne City,75,45.0,1,individual,2.75,21,3,21,36.12679893232031,1.6857821146647136,3.5545835494995117,5.057346343994141
1953632,skillcorner,CC Mariners,Melbourne City,75,45.0,1,tactical,11.75,7,1,7,45.99530519520444,1.3058738708496094,1.3058738708496094,1.3058738708496094
1953632,skillcorner,CC Mariners,Melbourne City,75,45.0,1,team,23.0,2,0,2,46.0,0.0,0.0,0.0
1953632,skillcorner,CC Mariners,Melbourne City,76,46.0,1,individual,2.75,20,4,20,33.83162689384624,2.898785352706909,6.591403961181641,11.595141410827637
1953632,skillcorner,CC Mariners,Melbourne City,76,46.0,1,tactical,11.75,5,0,5,46.87302297045714,0.0,0.0,0.0
1953632,skillcorner,CC Mariners,Melbourne City,76,46.0,1,team,23.0,2,0,2,46.0,0.0,0.0,0.0
1953632,skillcorner,CC Mariners,Melbourne City,77,46.0,1,individual,2.75,21,2,21,33.06936617164262,0.7407307624816895,1.0173187255859375,1.481461524963379
1953632,skillcorner,CC Mariners,Melbourne City,77,46.0,1,tactical,11.75,5,0,5,46.56235730612736,0.0,0.0,0.0
1953632,skillcorner,CC Mariners,Melbourne City,77,46.0,1,team,23.0,2,0,2,50.569644262755865,0.0,0.0,0.0
1953632,skillcorner,CC Mariners,Melbourne City,78,47.0,1,individual,2.75,19,3,19,31.245853004086783,1.8937740325927734,4.800420761108398,5.68132209777832
1953632,skillcorner,CC Mariners,Melbourne City,78,47.0,1,tactical,11.75,3,0,3,62.581019134065,0.0,0.0,0.0
1953632,skillcorner,CC Mariners,Melbourne City,78,47.0,1,team,23.0,3,0,3,62.581019134065,0.0,0.0,0.0
1953632,skillcorner,CC Mariners,Melbourne City,79,47.0,1,individual,2.75,21,5,21,37.4127352327834,1.8314682006835938,6.091495513916016,9.157341003417969
1953632,skillcorner,CC Mariners,Melbourne City,79,47.0,1,tactical,11.75,5,0,5,48.09577724855604,0.0,0.0,0.0
1953632,skillcorner,CC Mariners,Melbourne City,79,47.0,1,team,23.0,1,0,1,46.0,0.0,0.0,0.0
1953632,skillcorner,CC Mariners,Melbourne City,80,45.0,2,individual,2.75,21,4,21,42.28666162812263,3.4511334896087646,8.990234375,13.804533958435059
1953632,skillcorner,CC Mariners,Melbourne City,80,45.0,2,tactical,11.75,4,0,4,56.16246896257498,0.0,0.0,0.0
1953632,skillcorner,CC Mariners,Melbourne City,80,45.0,2,team,23.0,2,0,2,48.59700425151969,0.0,0.0,0.0
1953632,skillcorner,CC Mariners,Melbourne City,81,45.0,2,individual,2.75,20,5,20,41.073192761871894,1.875124168395996,5.428688049316406,9.37562084197998
1953632,skillcorner,CC Mariners,Melbourne City,81,45.0,2,tactical,11.75,9,1,9,49.18481568976011,5.473602294921875,5.473602294921875,5.473602294921875
1953632,skillcorner,CC Mariners,Melbourne City,81,45.0,2,team,23.0,2,0,2,49.34172553412382,0.0,0.0,0.0
1953632,skillcorner,CC Mariners,Melbourne City,82,46.0,2,individual,2.75,18,1,18,43.70190499280323,4.1677703857421875,4.1677703857421875,4.1677703857421875
1953632,skillcorner,CC Mariners,Melbourne City,82,46.0,2,tactical,11.75,7,0,7,44.03495403178922,0.0,0.0,0.0
1953632,skillcorner,CC Mariners,Melbourne City,82,46.0,2,team,23.0,2,0,2,57.82388322877778,0.0,0.0,0.0
1953632,skillcorner,CC Mariners,Melbourne City,83,47.0,2,individual,2.75,20,2,20,29.49833782755494,1.704228401184082,2.631585121154785,3.408456802368164
1953632,skillcorner,CC Mariners,Melbourne City,83,47.0,2,tactical,11.75,4,0,4,49.035738004183166,0.0,0.0,0.0
1953632,skillcorner,CC Mariners,Melbourne City,83,47.0,2,team,23.0,2,0,2,47.51424796455468,0.0,0.0,0.0
1953632,skillcorner,CC Mariners,Melbourne City,84,47.0,2,individual,2.75,19,3,19,34.083319790269336,1.1095701853434246,2.800334930419922,3.3287105560302734
1953632,skillcorner,CC Mariners,Melbourne City,84,47.0,2,tactical,11.75,7,0,7,47.667412581576336,0.0,0.0,0.0
1953632,skillcorner,CC Mariners,Melbourne City,84,47.0,2,team,23.0,2,0,2,53.70726416661938,0.0,0.0,0.0
1953632,skillcorner,CC Mariners,Melbourne City,85,48.0,2,individual,2.75,18,2,18,36.62509829338346,1.1101398468017578,1.792245864868164,2.2202796936035156
1953632,skillcorner,CC Mariners,Melbourne City,85,48.0,2,tactical,11.75,7,1,7,42.635742048192384,7.655378341674805,7.655378341674805,7.655378341674805
1953632,skillcorner,CC Mariners,Melbourne City,85,48.0,2,team,23.0,2,0,2,46.45422421228809,0.0,0.0,0.0
1953632,skillcorner,CC Mariners,Melbourne City,86,48.0,2,individual,2.75,21,5,21,36.137882156319904,1.7720714569091798,3.8977460861206055,8.860357284545898
1953632,skillcorner,CC Mariners,Melbourne City,86,48.0,2,tactical,11.75,6,1,6,43.758532375693264,6.060619354248047,6.060619354248047,6.060619354248047
1953632,skillcorner,CC Mariners,Melbourne City,86,48.0,2,team,23.0,1,0,1,46.0,0.0,0.0,0.0
1953632,skillcorner,CC Mariners,Melbourne City,87,49.0,2,individual,2.75,22,4,22,36.06706995589255,2.6667938232421875,8.215469360351562,10.66717529296875
1953632,skillcorner,CC Mariners,Melbourne City,87,49.0,2,tactical,11.75,7,1,7,42.20284469084993,0.9548091888427734,0.9548091888427734,0.9548091888427734
1953632,skillcorner,CC Mariners,Melbourne City,87,49.0,2,team,23.0,2,0,2,52.13773945096478,0.0,0.0,0.0
1953632,skillcorner,CC Mariners,Melbourne City,88,49.0,2,individual,2.75,21,2,21,36.91961338419399,3.3278632164001465,5.040768623352051,6.655726432800293
1953632,skillcorner,CC Mariners,Melbourne City,88,49.0,2,tactical,11.75,4,0,4,52.07590128015259,0.0,0.0,0.0
1953632,skillcorner,CC Mariners,Melbourne City,88,49.0,2,team,23.0,2,0,2,50.626964685708565,0.0,0.0,0.0
1953632,skillcorner,CC Mariners,Melbourne City,89,50.0,2,individual,2.75,18,6,18,35.25629057345653,1.4800148010253906,2.8977508544921875,8.880088806152344
1953632,skillcorner,CC Mariners,Melbourne City,89,50.0,2,tactical,11.75,8,1,8,39.08919511171683,1.0448989868164062,1.0448989868164062,1.0448989868164062
1953632,skillcorner,CC Mariners,Melbourne City,89,50.0,2,team,23.0,2,0,2,49.80451655838567,0.0,0.0,0.0
1953632,skillcorner,CC Mariners,Melbourne City,90,50.0,2,individual,2.75,21,2,21,36.80483870837966,0.7529773712158203,1.3577327728271484,1.5059547424316406
1953632,skillcorner,CC Mariners,Melbourne City,90,50.0,2,tactical,11.75,6,0,6,49.821958158472725,0.0,0.0,0.0
1953632,skillcorner,CC Mariners,Melbourne City,90,50.0,2,team,23.0,2,0,2,46.0,0.0,0.0,0.0
1953632,skillcorner,CC Mariners,Melbourne City,91,51.0,2,individual,2.75,20,2,20,35.25950792682072,3.873844623565674,7.333565711975098,7.747689247131348
1953632,skillcorner,CC Mariners,Melbourne City,91,51.0,2,tactical,11.75,6,0,6,51.96101544210551,0.0,0.0,0.0
1953632,skillcorner,CC Mariners,Melbourne City,91,51.0,2,team,23.0,2,0,2,46.0,0.0,0.0,0.0
1953632,skillcorner,CC Mariners,Melbourne City,92,52.0,2,individual,2.75,11,1,11,34.26492463863335,1.2948951721191406,1.2948951721191406,1.2948951721191406
1953632,skillcorner,CC Mariners,Melbourne City,92,52.0,2,tactical,11.75,5,0,5,50.7385515098132,0.0,0.0,0.0
1953632,skillcorner,CC Mariners,Melbourne City,92,52.0,2,team,23.0,2,0,2,65.55158962080216,0.0,0.0,0.0
1953632,skillcorner,CC Mariners,Melbourne City,93,53.0,2,individual,2.75,22,1,22,36.90538464825269,6.58870792388916,6.58870792388916,6.58870792388916
1953632,skillcorner,CC Mariners,Melbourne City,93,53.0,2,tactical,11.75,4,0,4,60.358376031156816,0.0,0.0,0.0
1953632,skillcorner,CC Mariners,Melbourne City,93,53.0,2,team,23.0,2,0,2,46.0,0.0,0.0,0.0
1953632,skillcorner,CC Mariners,Melbourne City,94,54.0,2,individual,2.75,9,0,9,31.167457973911866,0.0,0.0,0.0
1953632,skillcorner,CC Mariners,Melbourne City,94,54.0,2,tactical,11.75,3,0,3,66.0777657121485,0.0,0.0,0.0
1953632,skillcorner,CC Mariners,Melbourne City,94,54.0,2,team,23.0,2,0,2,58.25813955763223,0.0,0.0,0.0
1953632,skillcorner,CC Mariners,Melbourne City,95,54.0,2,individual,2.75,19,3,19,20.669679415434207,1.1790916124979656,2.15211820602417,3.5372748374938965
1953632,skillcorner,CC Mariners,Melbourne City,95,54.0,2,tactical,11.75,2,0,2,53.95359860139837,0.0,0.0,0.0
1953632,skillcorner,CC Mariners,Melbourne City,95,54.0,2,team,23.0,2,0,2,53.95359860139837,0.0,0.0,0.0
1953632,skillcorner,CC Mariners,Melbourne City,96,55.0,2,individual,2.75,19,2,19,32.08630252126059,3.0493416786193848,4.787741661071777,6.0986833572387695
1953632,skillcorner,CC Mariners,Melbourne City,96,55.0,2,tactical,11.75,5,0,5,44.932793234002425,0.0,0.0,0.0
1953632,skillcorner,CC Mariners,Melbourne City,96,55.0,2,team,23.0,1,0,1,46.0,0.0,0.0,0.0
1953632,skillcorner,CC Mariners,Melbourne City,97,55.0,2,individual,2.75,21,5,21,34.89414849387329,0.6435062408447265,1.551161766052246,3.217531204223633
1953632,skillcorner,CC Mariners,Melbourne City,97,55.0,2,tactical,11.75,6,1,6,49.05965764868586,0.7134742736816406,0.7134742736816406,0.7134742736816406
1953632,skillcorner,CC Mariners,Melbourne City,97,55.0,2,team,23.0,2,0,2,52.83267457689272,0.0,0.0,0.0
1953632,skillcorner,CC Mariners,Melbourne City,98,56.0,2,individual,2.75,17,1,17,27.166375925106564,3.9496755599975586,3.9496755599975586,3.9496755599975586
1953632,skillcorner,CC Mariners,Melbourne City,98,56.0,2,tactical,11.75,3,0,3,54.7625701754366,0.0,0.0,0.0
1953632,skillcorner,CC Mariners,Melbourne City,98,56.0,2,team,23.0,2,0,2,57.540875198367495,0.0,0.0,0.0
1953632,skillcorner,CC Mariners,Melbourne City,99,57.0,2,individual,2.75,20,0,20,33.18421659660409,0.0,0.0,0.0
1953632,skillcorner,CC Mariners,Melbourne City,99,57.0,2,tactical,11.75,6,0,6,49.83325545260402,0.0,0.0,0.0
1953632,skillcorner,CC Mariners,Melbourne City,99,57.0,2,team,23.0,1,0,1,46.0,0.0,0.0,0.0
1953632,skillcorner,CC Mariners,Melbourne City,100,58.0,2,individual,2.75,21,1,21,35.948833377876994,2.8641557693481445,2.8641557693481445,2.8641557693481445
1953632,skillcorner,CC Mariners,Melbourne City,100,58.0,2,tactical,11.75,6,0,6,49.376634397707136,0.0,0.0,0.0
1953632,skillcorner,CC Mariners,Melbourne City,100,58.0,2,team,23.0,2,0,2,49.56740399242987,0.0,0.0,0.0
1953632,skillcorner,CC Mariners,Melbourne City,101,58.0,2,individual,2.75,21,2,21,39.246522116503094,2.997757911682129,4.4729156494140625,5.995515823364258
1953632,skillcorner,CC Mariners,Melbourne City,101,58.0,2,tactical,11.75,7,1,7,42.96169107472376,0.5305881500244141,0.5305881500244141,0.5305881500244141
1953632,skillcorner,CC Mariners,Melbourne City,101,58.0,2,team,23.0,2,0,2,46.0,0.0,0.0,0.0
1953632,skillcorner,CC Mariners,Melbourne City,102,60.0,2,individual,2.75,22,1,22,36.17845214036248,2.712312698364258,2.712312698364258,2.712312698364258
1953632,skillcorner,CC Mariners,Melbourne City,102,60.0,2,tactical,11.75,8,0,8,51.550719950133086,0.0,0.0,0.0
1953632,skillcorner,CC Mariners,Melbourne City,102,60.0,2,team,23.0,2,0,2,46.0,0.0,0.0,0.0
1953632,skillcorner,CC Mariners,Melbourne City,103,61.0,2,individual,2.75,19,2,19,35.36338795403114,0.3437023162841797,0.5926475524902344,0.6874046325683594
1953632,skillcorner,CC Mariners,Melbourne City,103,61.0,2,tactical,11.75,5,0,5,42.814590815242006,0.0,0.0,0.0
1953632,skillcorner,CC Mariners,Melbourne City,103,61.0,2,team,23.0,2,0,2,61.559799712065086,0.0,0.0,0.0
1953632,skillcorner,CC Mariners,Melbourne City,104,61.0,2,individual,2.75,19,4,19,39.9863518418062,1.379004716873169,2.0725860595703125,5.516018867492676
1953632,skillcorner,CC Mariners,Melbourne City,104,61.0,2,tactical,11.75,7,1,7,40.65581661951952,8.828035354614258,8.828035354614258,8.828035354614258
1953632,skillcorner,CC Mariners,Melbourne City,104,61.0,2,team,23.0,2,0,2,52.23668262620994,0.0,0.0,0.0
1953632,skillcorner,CC Mariners,Melbourne City,105,62.0,2,individual,2.75,20,5,20,39.887961551225054,1.9162471771240235,4.745092391967773,9.581235885620117
1953632,skillcorner,CC Mariners,Melbourne City,105,62.0,2,tactical,11.75,8,0,8,42.21806264983803,0.0,0.0,0.0
1953632,skillcorner,CC Mariners,Melbourne City,105,62.0,2,team,23.0,2,0,2,46.99966180464033,0.0,0.0,0.0
1953632,skillcorner,CC Mariners,Melbourne City,106,63.0,2,individual,2.75,22,4,22,33.58497491747805,1.8733924627304077,3.5437707901000977,7.493569850921631
1953632,skillcorner,CC Mariners,Melbourne City,106,63.0,2,tactical,11.75,4,0,4,54.977516808446964,0.0,0.0,0.0
1953632,skillcorner,CC Mariners,Melbourne City,106,63.0,2,team,23.0,1,0,1,46.0,0.0,0.0,0.0
1953632,skillcorner,CC Mariners,Melbourne City,107,63.0,2,individual,2.75,22,6,22,35.10229102537899,1.1812000274658203,2.5049257278442383,7.087200164794922
1953632,skillcorner,CC Mariners,Melbourne City,107,63.0,2,tactical,11.75,5,0,5,51.89449178097064,0.0,0.0,0.0
1953632,skillcorner,CC Mariners,Melbourne City,107,63.0,2,team,23.0,2,0,2,46.0,0.0,0.0,0.0
1953632,skillcorner,CC Mariners,Melbourne City,108,64.0,2,individual,2.75,21,3,21,34.33245773411388,1.1448109944661458,3.094991683959961,3.4344329833984375
1953632,skillcorner,CC Mariners,Melbourne City,108,64.0,2,tactical,11.75,4,0,4,56.304944497147694,0.0,0.0,0.0
1953632,skillcorner,CC Mariners,Melbourne City,108,64.0,2,team,23.0,2,0,2,52.48589256953588,0.0,0.0,0.0
1953632,skillcorner,CC Mariners,Melbourne City,109,65.0,2,individual,2.75,19,3,19,28.796943675040982,1.6973546346028645,3.0844430923461914,5.092063903808594
1953632,skillcorner,CC Mariners,Melbourne City,109,65.0,2,tactical,11.75,3,0,3,69.52311912999286,0.0,0.0,0.0
1953632,skillcorner,CC Mariners,Melbourne City,109,65.0,2,team,23.0,3,0,3,69.52311912999286,0.0,0.0,0.0
1953632,skillcorner,CC Mariners,Melbourne City,110,65.0,2,individual,2.75,22,4,22,40.2785129189795,3.4172205924987793,5.521183013916016,13.668882369995117
1953632,skillcorner,CC Mariners,Melbourne City,110,65.0,2,tactical,11.75,7,0,7,55.89894453386396,0.0,0.0,0.0
1953632,skillcorner,CC Mariners,Melbourne City,110,65.0,2,team,23.0,2,0,2,54.613262652915836,0.0,0.0,0.0
1953632,skillcorner,CC Mariners,Melbourne City,111,67.0,2,individual,2.75,12,0,12,26.823977220806235,0.0,0.0,0.0
1953632,skillcorner,CC Mariners,Melbourne City,111,67.0,2,tactical,11.75,2,0,2,63.694325697640416,0.0,0.0,0.0
1953632,skillcorner,CC Mariners,Melbourne City,111,67.0,2,team,23.0,2,0,2,63.694325697640416,0.0,0.0,0.0
1953632,skillcorner,CC Mariners,Melbourne City,112,68.0,2,individual,2.75,20,2,20,37.41374906013001,4.192935943603516,6.711581230163574,8.385871887207031
1953632,skillcorner,CC Mariners,Melbourne City,112,68.0,2,tactical,11.75,4,0,4,51.835854590244224,0.0,0.0,0.0
1953632,skillcorner,CC Mariners,Melbourne City,112,68.0,2,team,23.0,2,0,2,47.45432860074881,0.0,0.0,0.0
1953632,skillcorner,CC Mariners,Melbourne City,113,69.0,2,individual,2.75,18,3,18,36.93880615287939,2.7554006576538086,4.255115509033203,8.266201972961426
1953632,skillcorner,CC Mariners,Melbourne City,113,69.0,2,tactical,11.75,7,0,7,40.30027714881878,0.0,0.0,0.0
1953632,skillcorner,CC Mariners,Melbourne City,113,69.0,2,team,23.0,2,0,2,58.08082816604387,0.0,0.0,0.0
1953632,skillcorner,CC Mariners,Melbourne City,114,69.0,2,individual,2.75,14,0,14,26.450297170279676,0.0,0.0,0.0
1953632,skillcorner,CC Mariners,Melbourne City,114,69.0,2,tactical,11.75,3,0,3,67.76096458501455,0.0,0.0,0.0
1953632,skillcorner,CC Mariners,Melbourne City,114,69.0,2,team,23.0,2,0,2,64.45641380068666,0.0,0.0,0.0
1953632,skillcorner,CC Mariners,Melbourne City,115,70.0,2,individual,2.75,17,1,17,31.63523208924558,1.130819320678711,1.130819320678711,1.130819320678711
1953632,skillcorner,CC Mariners,Melbourne City,115,70.0,2,tactical,11.75,4,0,4,44.68094035444011,0.0,0.0,0.0
1953632,skillcorner,CC Mariners,Melbourne City,115,70.0,2,team,23.0,2,0,2,46.0,0.0,0.0,0.0
1953632,skillcorner,CC Mariners,Melbourne City,116,70.0,2,individual,2.75,19,2,19,37.64852975488721,2.0707411766052246,2.2611074447631836,4.141482353210449
1953632,skillcorner,CC Mariners,Melbourne City,116,70.0,2,tactical,11.75,7,1,7,47.83772674364868,3.017232894897461,3.017232894897461,3.017232894897461
1953632,skillcorner,CC Mariners,Melbourne City,116,70.0,2,team,23.0,2,0,2,48.71962574185381,0.0,0.0,0.0
1953632,skillcorner,CC Mariners,Melbourne City,117,71.0,2,individual,2.75,21,3,21,33.137512066262474,3.0170809427897134,5.106117248535156,9.05124282836914
1953632,skillcorner,CC Mariners,Melbourne City,117,71.0,2,tactical,11.75,3,0,3,68.20985250520333,0.0,0.0,0.0
1953632,skillcorner,CC Mariners,Melbourne City,117,71.0,2,team,23.0,2,0,2,55.053349390734816,0.0,0.0,0.0
1953632,skillcorner,CC Mariners,Melbourne City,118,72.0,2,individual,2.75,22,6,22,42.54165281507225,0.9205363591512045,2.938180923461914,5.523218154907227
1953632,skillcorner,CC Mariners,Melbourne City,118,72.0,2,tactical,11.75,8,1,8,48.86425035567135,2.4611663818359375,2.4611663818359375,2.4611663818359375
1953632,skillcorner,CC Mariners,Melbourne City,118,72.0,2,team,23.0,2,0,2,47.82225691993321,0.0,0.0,0.0
1953632,skillcorner,CC Mariners,Melbourne City,119,72.0,2,individual,2.75,22,4,22,33.104262839828905,1.5612950325012207,3.0148983001708984,6.245180130004883
1953632,skillcorner,CC Mariners,Melbourne City,119,72.0,2,tactical,11.75,4,0,4,54.99905586791594,0.0,0.0,0.0
1953632,skillcorner,CC Mariners,Melbourne City,119,72.0,2,team,23.0,2,0,2,46.0,0.0,0.0,0.0
1953632,skillcorner,CC Mariners,Melbourne City,120,73.0,2,individual,2.75,19,4,19,35.888339450022016,0.867389440536499,1.3585224151611328,3.469557762145996
1953632,skillcorner,CC Mariners,Melbourne City,120,73.0,2,tactical,11.75,6,0,6,50.725375503901375,0.0,0.0,0.0
1953632,skillcorner,CC Mariners,Melbourne City,120,73.0,2,team,23.0,2,0,2,46.0,0.0,0.0,0.0
1953632,skillcorner,CC Mariners,Melbourne City,121,74.0,2,individual,2.75,10,1,10,38.36746668728599,0.9724445343017578,0.9724445343017578,0.9724445343017578
1953632,skillcorner,CC Mariners,Melbourne City,121,74.0,2,tactical,11.75,3,0,3,48.1956917395689,0.0,0.0,0.0
1953632,skillcorner,CC Mariners,Melbourne City,121,74.0,2,team,23.0,2,0,2,56.0398037861485,0.0,0.0,0.0
1953632,skillcorner,CC Mariners,Melbourne City,122,75.0,2,individual,2.75,19,4,19,37.609739236817475,3.979978322982788,7.637935638427734,15.919913291931152
1953632,skillcorner,CC Mariners,Melbourne City,122,75.0,2,tactical,11.75,7,0,7,43.450956332973846,0.0,0.0,0.0
1953632,skillcorner,CC Mariners,Melbourne City,122,75.0,2,team,23.0,2,0,2,51.08292098689431,0.0,0.0,0.0
1953632,skillcorner,CC Mariners,Melbourne City,123,76.0,2,individual,2.75,20,6,20,31.71279913792558,1.203936258951823,2.47794246673584,7.2236175537109375
1953632,skillcorner,CC Mariners,Melbourne City,123,76.0,2,tactical,11.75,5,1,5,51.65799283525736,0.9672412872314453,0.9672412872314453,0.9672412872314453
1953632,skillcorner,CC Mariners,Melbourne City,123,76.0,2,team,23.0,2,0,2,46.0,0.0,0.0,0.0
1953632,skillcorner,CC Mariners,Melbourne City,124,76.0,2,individual,2.75,20,4,20,39.9210136483521,2.1777188777923584,4.338478088378906,8.710875511169434
1953632,skillcorner,CC Mariners,Melbourne City,124,76.0,2,tactical,11.75,7,1,7,46.69805263341381,3.206655502319336,3.206655502319336,3.206655502319336
1953632,skillcorner,CC Mariners,Melbourne City,124,76.0,2,team,23.0,1,0,1,46.0,0.0,0.0,0.0
1953632,skillcorner,CC Mariners,Melbourne City,125,78.0,2,individual,2.75,20,3,20,35.75541217802224,0.8081181844075521,1.544830322265625,2.4243545532226562
1953632,skillcorner,CC Mariners,Melbourne City,125,78.0,2,tactical,11.75,4,0,4,57.51613300947771,0.0,0.0,0.0
1953632,skillcorner,CC Mariners,Melbourne City,125,78.0,2,team,23.0,2,0,2,46.0,0.0,0.0,0.0
1953632,skillcorner,CC Mariners,Melbourne City,126,79.0,2,individual,2.75,10,1,10,38.66444620061175,0.8121738433837891,0.8121738433837891,0.8121738433837891
1953632,skillcorner,CC Mariners,Melbourne City,126,79.0,2,tactical,11.75,4,0,4,60.48451008565832,0.0,0.0,0.0
1953632,skillcorner,CC Mariners,Melbourne City,126,79.0,2,team,23.0,2,0,2,65.27193648685294,0.0,0.0,0.0
1953632,skillcorner,CC Mariners,Melbourne City,127,80.0,2,individual,2.75,9,1,9,35.35061358492472,0.12950992584228516,0.12950992584228516,0.12950992584228516
1953632,skillcorner,CC Mariners,Melbourne City,127,80.0,2,tactical,11.75,4,0,4,60.50236533051678,0.0,0.0,0.0
1953632,skillcorner,CC Mariners,Melbourne City,127,80.0,2,team,23.0,2,0,2,65.00732926409057,0.0,0.0,0.0
1953632,skillcorner,CC Mariners,Melbourne City,128,81.0,2,individual,2.75,21,4,21,38.226223246478725,2.7415771484375,4.739462852478027,10.96630859375
1953632,skillcorner,CC Mariners,Melbourne City,128,81.0,2,tactical,11.75,7,1,7,47.14635810584554,5.87571907043457,5.87571907043457,5.87571907043457
1953632,skillcorner,CC Mariners,Melbourne City,128,81.0,2,team,23.0,1,0,1,46.0,0.0,0.0,0.0
1953632,skillcorner,CC Mariners,Melbourne City,129,81.0,2,individual,2.75,21,4,21,38.95633955715458,1.0837397575378418,1.7575359344482422,4.334959030151367
1953632,skillcorner,CC Mariners,Melbourne City,129,81.0,2,tactical,11.75,9,1,9,45.63657782758634,3.8144092559814453,3.8144092559814453,3.8144092559814453
1953632,skillcorner,CC Mariners,Melbourne City,129,81.0,2,team,23.0,2,0,2,48.91505314354959,0.0,0.0,0.0
1953632,skillcorner,CC Mariners,Melbourne City,130,82.0,2,individual,2.75,17,2,17,33.229886254445034,2.4962282180786133,4.690675735473633,4.992456436157227
1953632,skillcorner,CC Mariners,Melbourne City,130,82.0,2,tactical,11.75,2,0,2,57.76136651301843,0.0,0.0,0.0
1953632,skillcorner,CC Mariners,Melbourne City,130,82.0,2,team,23.0,2,0,2,57.76136651301843,0.0,0.0,0.0
1953632,skillcorner,CC Mariners,Melbourne City,131,83.0,2,individual,2.75,21,5,21,38.88414198728605,2.05373592376709,4.889162063598633,10.26867961883545
1953632,skillcorner,CC Mariners,Melbourne City,131,83.0,2,tactical,11.75,8,0,8,47.81004266517165,0.0,0.0,0.0
1953632,skillcorner,CC Mariners,Melbourne City,131,83.0,2,team,23.0,2,0,2,46.0,0.0,0.0,0.0
1953632,skillcorner,CC Mariners,Melbourne City,132,84.0,2,individual,2.75,21,2,21,35.42185819443012,1.4981937408447266,2.6338043212890625,2.996387481689453
1953632,skillcorner,CC Mariners,Melbourne City,132,84.0,2,tactical,11.75,6,0,6,48.045482660487664,0.0,0.0,0.0
1953632,skillcorner,CC Mariners,Melbourne City,132,84.0,2,team,23.0,2,0,2,47.89231808462892,0.0,0.0,0.0
1953632,skillcorner,CC Mariners,Melbourne City,133,84.0,2,individual,2.75,21,2,21,35.250934886103934,1.0012874603271484,1.3968276977539062,2.002574920654297
1953632,skillcorner,CC Mariners,Melbourne City,133,84.0,2,tactical,11.75,6,0,6,49.86142803028842,0.0,0.0,0.0
1953632,skillcorner,CC Mariners,Melbourne City,133,84.0,2,team,23.0,1,0,1,46.0,0.0,0.0,0.0
1953632,skillcorner,CC Mariners,Melbourne City,134,84.0,2,individual,2.75,21,5,21,37.268456456302744,1.485586929321289,3.158902168273926,7.427934646606445
1953632,skillcorner,CC Mariners,Melbourne City,134,84.0,2,tactical,11.75,6,0,6,42.70950543446522,0.0,0.0,0.0
1953632,skillcorner,CC Mariners,Melbourne City,134,84.0,2,team,23.0,2,0,2,47.33693672448662,0.0,0.0,0.0
1953632,skillcorner,CC Mariners,Melbourne City,135,85.0,2,individual,2.75,19,2,19,35.671406791678834,5.432016849517822,8.885135650634766,10.864033699035645
1953632,skillcorner,CC Mariners,Melbourne City,135,85.0,2,tactical,11.75,4,0,4,62.27657819633727,0.0,0.0,0.0
1953632,skillcorner,CC Mariners,Melbourne City,135,85.0,2,team,23.0,2,0,2,50.668479026840984,0.0,0.0,0.0
1953632,skillcorner,CC Mariners,Melbourne City,136,86.0,2,individual,2.75,19,3,19,39.04350581469224,1.131008783976237,1.3863105773925781,3.393026351928711
1953632,skillcorner,CC Mariners,Melbourne City,136,86.0,2,tactical,11.75,7,1,7,44.56564421664344,3.7085819244384766,3.7085819244384766,3.7085819244384766
1953632,skillcorner,CC Mariners,Melbourne City,136,86.0,2,team,23.0,2,0,2,56.71406512691499,0.0,0.0,0.0
1953632,skillcorner,CC Mariners,Melbourne City,137,87.0,2,individual,2.75,16,3,16,34.85021090897073,2.69593874613444,4.841709136962891,8.08781623840332
1953632,skillcorner,CC Mariners,Melbourne City,137,87.0,2,tactical,11.75,4,0,4,41.46378581908554,0.0,0.0,0.0
1953632,skillcorner,CC Mariners,Melbourne City,137,87.0,2,team,23.0,2,0,2,60.44244043630015,0.0,0.0,0.0
1953632,skillcorner,CC Mariners,Melbourne City,138,88.0,2,individual,2.75,19,4,19,30.58512297320727,1.3719444274902344,1.8123388290405273,5.4877777099609375
1953632,skillcorner,CC Mariners,Melbourne City,138,88.0,2,tactical,11.75,4,0,4,48.22212513679383,0.0,0.0,0.0
1953632,skillcorner,CC Mariners,Melbourne City,138,88.0,2,team,23.0,2,0,2,47.88238027280566,0.0,0.0,0.0
1953632,skillcorner,CC Mariners,Melbourne City,139,88.0,2,individual,2.75,21,2,21,40.741014143645224,3.3388795852661133,3.3727188110351562,6.677759170532227
1953632,skillcorner,CC Mariners,Melbourne City,139,88.0,2,tactical,11.75,5,0,5,42.461689710562965,0.0,0.0,0.0
1953632,skillcorner,CC Mariners,Melbourne City,139,88.0,2,team,23.0,2,0,2,46.0,0.0,0.0,0.0
1953632,skillcorner,CC Mariners,Melbourne City,140,89.0,2,individual,2.75,20,5,20,38.29713279053904,3.4296056747436525,10.315470695495605,17.14802837371826
1953632,skillcorner,CC Mariners,Melbourne City,140,89.0,2,tactical,11.75,7,1,7,44.700823258638096,1.9965782165527344,1.9965782165527344,1.9965782165527344
1953632,skillcorner,CC Mariners,Melbourne City,140,89.0,2,team,23.0,2,0,2,47.09166419584993,0.0,0.0,0.0
1953632,skillcorner,CC Mariners,Melbourne City,141,89.0,2,individual,2.75,21,2,21,26.89921049251615,0.7624945640563965,0.8187904357910156,1.524989128112793
1953632,skillcorner,CC Mariners,Melbourne City,141,89.0,2,tactical,11.75,3,0,3,44.836453007619774,0.0,0.0,0.0
1953632,skillcorner,CC Mariners,Melbourne City,141,89.0,2,team,23.0,2,0,2,55.86437345519906,0.0,0.0,0.0
1953632,skillcorner,CC Mariners,Melbourne City,142,90.0,2,individual,2.75,21,4,21,25.697805121709408,1.6125882863998413,3.7840147018432617,6.450353145599365
1953632,skillcorner,CC Mariners,Melbourne City,142,90.0,2,tactical,11.75,2,0,2,57.341163950690394,0.0,0.0,0.0
1953632,skillcorner,CC Mariners,Melbourne City,142,90.0,2,team,23.0,2,0,2,57.341163950690394,0.0,0.0,0.0
1953632,skillcorner,CC Mariners,Melbourne City,143,90.0,2,individual,2.75,19,2,19,34.46032084536892,3.6603355407714844,5.44803524017334,7.320671081542969
1953632,skillcorner,CC Mariners,Melbourne City,143,90.0,2,tactical,11.75,8,1,8,47.78645570496211,1.8282604217529297,1.8282604217529297,1.8282604217529297
1953632,skillcorner,CC Mariners,Melbourne City,143,90.0,2,team,23.0,1,0,1,46.0,0.0,0.0,0.0
1953632,skillcorner,CC Mariners,Melbourne City,144,91.0,2,individual,2.75,20,3,20,36.47359205157897,2.2504920959472656,3.7717018127441406,6.751476287841797
1953632,skillcorner,CC Mariners,Melbourne City,144,91.0,2,tactical,11.75,7,0,7,41.489600579542824,0.0,0.0,0.0
1953632,skillcorner,CC Mariners,Melbourne City,144,91.0,2,team,23.0,2,0,2,51.61790946952943,0.0,0.0,0.0
1953632,skillcorner,CC Mariners,Melbourne City,145,91.0,2,individual,2.75,21,4,21,38.686966634597525,3.4811065196990967,6.962507247924805,13.924426078796387
1953632,skillcorner,CC Mariners,Melbourne City,145,91.0,2,tactical,11.75,7,0,7,51.06111730074068,0.0,0.0,0.0
1953632,skillcorner,CC Mariners,Melbourne City,145,91.0,2,team,23.0,2,0,2,49.778450484653106,0.0,0.0,0.0
1953632,skillcorner,CC Mariners,Melbourne City,146,92.0,2,individual,2.75,20,4,20,40.10917047604457,2.858212947845459,4.258708953857422,11.432851791381836
1953632,skillcorner,CC Mariners,Melbourne City,146,92.0,2,tactical,11.75,6,0,6,48.589591748174556,0.0,0.0,0.0
1953632,skillcorner,CC Mariners,Melbourne City,146,92.0,2,team,23.0,2,0,2,46.0,0.0,0.0,0.0
1953632,skillcorner,CC Mariners,Melbourne City,147,92.0,2,individual,2.75,20,5,20,36.04395338632885,2.154123306274414,5.132336616516113,10.77061653137207
1953632,skillcorner,CC Mariners,Melbourne City,147,92.0,2,tactical,11.75,8,1,8,42.38112036489615,2.3919105529785156,2.3919105529785156,2.3919105529785156
1953632,skillcorner,CC Mariners,Melbourne City,147,92.0,2,team,23.0,1,0,1,46.0,0.0,0.0,0.0
1953632,skillcorner,CC Mariners,Melbourne City,148,93.0,2,individual,2.75,19,2,19,30.30181933218398,1.957047462463379,2.265287399291992,3.914094924926758
1953632,skillcorner,CC Mariners,Melbourne City,148,93.0,2,tactical,11.75,4,0,4,35.99031603394963,0.0,0.0,0.0
1953632,skillcorner,CC Mariners,Melbourne City,148,93.0,2,team,23.0,2,0,2,57.30368322069356,0.0,0.0,0.0
1953632,skillcorner,CC Mariners,Melbourne City,149,94.0,2,individual,2.75,18,0,18,29.234919189216175,0.0,0.0,0.0
1953632,skillcorner,CC Mariners,Melbourne City,149,94.0,2,tactical,11.75,2,0,2,54.60843871727447,0.0,0.0,0.0
1953632,skillcorner,CC Mariners,Melbourne City,149,94.0,2,team,23.0,2,0,2,54.60843871727447,0.0,0.0,0.0
1925299,skillcorner,Brisbane FC,Perth Glory,0,0.0,1,individual,2.75,20,5,20,33.04901896372219,2.590435600280762,4.799527168273926,12.952178001403809
1925299,skillcorner,Brisbane FC,Perth Glory,0,0.0,1,tactical,11.75,4,0,4,51.19325185206346,0.0,0.0,0.0
1925299,skillcorner,Brisbane FC,Perth Glory,0,0.0,1,team,23.0,1,0,1,46.0,0.0,0.0,0.0
1925299,skillcorner,Brisbane FC,Perth Glory,1,0.0,1,individual,2.75,22,3,22,34.4402853253703,0.6248671213785807,1.2200326919555664,1.8746013641357422
1925299,skillcorner,Brisbane FC,Perth Glory,1,0.0,1,tactical,11.75,5,0,5,44.734187322507125,0.0,0.0,0.0
1925299,skillcorner,Brisbane FC,Perth Glory,1,0.0,1,team,23.0,1,0,1,46.0,0.0,0.0,0.0
1925299,skillcorner,Brisbane FC,Perth Glory,2,1.0,1,individual,2.75,20,3,20,30.291581554203827,0.9929072062174479,1.5828914642333984,2.9787216186523438
1925299,skillcorner,Brisbane FC,Perth Glory,2,1.0,1,tactical,11.75,3,0,3,41.39590791715132,0.0,0.0,0.0
1925299,skillcorner,Brisbane FC,Perth Glory,2,1.0,1,team,23.0,2,0,2,50.56801588565884,0.0,0.0,0.0
1925299,skillcorner,Brisbane FC,Perth Glory,3,1.0,1,individual,2.75,16,1,16,29.085071922460624,0.9644699096679688,0.9644699096679688,0.9644699096679688
1925299,skillcorner,Brisbane FC,Perth Glory,3,1.0,1,tactical,11.75,3,0,3,55.65757384207829,0.0,0.0,0.0
1925299,skillcorner,Brisbane FC,Perth Glory,3,1.0,1,team,23.0,2,0,2,68.08540445812713,0.0,0.0,0.0
1925299,skillcorner,Brisbane FC,Perth Glory,4,2.0,1,individual,2.75,17,1,17,32.17593838476552,0.6778221130371094,0.6778221130371094,0.6778221130371094
1925299,skillcorner,Brisbane FC,Perth Glory,4,2.0,1,tactical,11.75,4,0,4,45.71719285065339,0.0,0.0,0.0
1925299,skillcorner,Brisbane FC,Perth Glory,4,2.0,1,team,23.0,2,0,2,61.04022114190081,0.0,0.0,0.0
1925299,skillcorner,Brisbane FC,Perth Glory,5,2.0,1,individual,2.75,21,1,21,31.025974069707452,1.8352479934692383,1.8352479934692383,1.8352479934692383
1925299,skillcorner,Brisbane FC,Perth Glory,5,2.0,1,tactical,11.75,4,0,4,47.02008980312012,0.0,0.0,0.0
1925299,skillcorner,Brisbane FC,Perth Glory,5,2.0,1,team,23.0,2,0,2,46.85635855179843,0.0,0.0,0.0
1925299,skillcorner,Brisbane FC,Perth Glory,6,3.0,1,individual,2.75,17,2,17,32.31575300562262,0.8217372894287109,1.1562891006469727,1.6434745788574219
1925299,skillcorner,Brisbane FC,Perth Glory,6,3.0,1,tactical,11.75,7,0,7,43.336813449998836,0.0,0.0,0.0
1925299,skillcorner,Brisbane FC,Perth Glory,6,3.0,1,team,23.0,2,0,2,62.48230648236354,0.0,0.0,0.0
1925299,skillcorner,Brisbane FC,Perth Glory,7,4.0,1,individual,2.75,22,4,22,34.18385844954052,0.9943931102752686,1.7511348724365234,3.977572441101074
1925299,skillcorner,Brisbane FC,Perth Glory,7,4.0,1,tactical,11.75,5,0,5,48.23336284784005,0.0,0.0,0.0
1925299,skillcorner,Brisbane FC,Perth Glory,7,4.0,1,team,23.0,2,0,2,48.73786159945862,0.0,0.0,0.0
1925299,skillcorner,Brisbane FC,Perth Glory,8,4.0,1,individual,2.75,20,6,20,33.02923357998077,1.7713314692179363,4.880271911621094,10.627988815307617
1925299,skillcorner,Brisbane FC,Perth Glory,8,4.0,1,tactical,11.75,6,1,6,43.36848210286189,2.533283233642578,2.533283233642578,2.533283233642578
1925299,skillcorner,Brisbane FC,Perth Glory,8,4.0,1,team,23.0,2,0,2,46.0,0.0,0.0,0.0
1925299,skillcorner,Brisbane FC,Perth Glory,9,5.0,1,individual,2.75,19,2,19,28.09463659799645,1.423316478729248,2.5220298767089844,2.846632957458496
1925299,skillcorner,Brisbane FC,Perth Glory,9,5.0,1,tactical,11.75,4,0,4,37.332803859282215,0.0,0.0,0.0
1925299,skillcorner,Brisbane FC,Perth Glory,9,5.0,1,team,23.0,2,0,2,55.47335628975307,0.0,0.0,0.0
1925299,skillcorner,Brisbane FC,Perth Glory,10,5.0,1,individual,2.75,11,1,11,36.4180878600628,0.889643669128418,0.889643669128418,0.889643669128418
1925299,skillcorner,Brisbane FC,Perth Glory,10,5.0,1,tactical,11.75,4,0,4,53.38530514374843,0.0,0.0,0.0
1925299,skillcorner,Brisbane FC,Perth Glory,10,5.0,1,team,23.0,3,0,3,63.08563828079606,0.0,0.0,0.0
1925299,skillcorner,Brisbane FC,Perth Glory,11,6.0,1,individual,2.75,22,4,22,34.05610926666777,3.8722846508026123,5.435918807983398,15.48913860321045
1925299,skillcorner,Brisbane FC,Perth Glory,11,6.0,1,tactical,11.75,5,1,5,53.28868842938445,1.5929031372070312,1.5929031372070312,1.5929031372070312
1925299,skillcorner,Brisbane FC,Perth Glory,11,6.0,1,team,23.0,2,0,2,46.18576433748436,0.0,0.0,0.0
1925299,skillcorner,Brisbane FC,Perth Glory,12,6.0,1,individual,2.75,21,2,21,33.83080434040933,1.2793402671813965,2.3076019287109375,2.558680534362793
1925299,skillcorner,Brisbane FC,Perth Glory,12,6.0,1,tactical,11.75,6,1,6,47.687919480952964,2.4258975982666016,2.4258975982666016,2.4258975982666016
1925299,skillcorner,Brisbane FC,Perth Glory,12,6.0,1,team,23.0,2,0,2,54.84973888940428,0.0,0.0,0.0
1925299,skillcorner,Brisbane FC,Perth Glory,13,7.0,1,individual,2.75,19,2,19,30.488656402766054,2.0556907653808594,2.0744972229003906,4.111381530761719
1925299,skillcorner,Brisbane FC,Perth Glory,13,7.0,1,tactical,11.75,6,0,6,44.15804621713237,0.0,0.0,0.0
1925299,skillcorner,Brisbane FC,Perth Glory,13,7.0,1,team,23.0,2,0,2,55.584258057152944,0.0,0.0,0.0
1925299,skillcorner,Brisbane FC,Perth Glory,14,7.0,1,individual,2.75,20,4,20,30.72464994720236,1.0351929664611816,1.8639564514160156,4.140771865844727
1925299,skillcorner,Brisbane FC,Perth Glory,14,7.0,1,tactical,11.75,5,0,5,51.71846936778203,0.0,0.0,0.0
1925299,skillcorner,Brisbane FC,Perth Glory,14,7.0,1,team,23.0,2,0,2,46.0,0.0,0.0,0.0
1925299,skillcorner,Brisbane FC,Perth Glory,15,8.0,1,individual,2.75,21,3,21,38.6255973765019,3.320279121398926,4.548103332519531,9.960837364196777
1925299,skillcorner,Brisbane FC,Perth Glory,15,8.0,1,tactical,11.75,4,0,4,56.8263972101024,0.0,0.0,0.0
1925299,skillcorner,Brisbane FC,Perth Glory,15,8.0,1,team,23.0,1,0,1,46.0,0.0,0.0,0.0
1925299,skillcorner,Brisbane FC,Perth Glory,16,8.0,1,individual,2.75,21,2,21,36.98156363288952,2.0016636848449707,3.7826108932495117,4.003327369689941
1925299,skillcorner,Brisbane FC,Perth Glory,16,8.0,1,tactical,11.75,5,0,5,47.70044693366897,0.0,0.0,0.0
1925299,skillcorner,Brisbane FC,Perth Glory,16,8.0,1,team,23.0,1,0,1,46.0,0.0,0.0,0.0
1925299,skillcorner,Brisbane FC,Perth Glory,17,9.0,1,individual,2.75,19,1,19,31.305296671953858,0.11478424072265625,0.11478424072265625,0.11478424072265625
1925299,skillcorner,Brisbane FC,Perth Glory,17,9.0,1,tactical,11.75,5,0,5,48.173668247560435,0.0,0.0,0.0
1925299,skillcorner,Brisbane FC,Perth Glory,17,9.0,1,team,23.0,1,0,1,46.0,0.0,0.0,0.0
1925299,skillcorner,Brisbane FC,Perth Glory,18,10.0,1,individual,2.75,21,3,21,36.67154753869728,1.9053764343261719,4.318520545959473,5.716129302978516
1925299,skillcorner,Brisbane FC,Perth Glory,18,10.0,1,tactical,11.75,5,1,5,45.67816268330307,3.0157699584960938,3.0157699584960938,3.0157699584960938
1925299,skillcorner,Brisbane FC,Perth Glory,18,10.0,1,team,23.0,2,0,2,46.0,0.0,0.0,0.0
1925299,skillcorner,Brisbane FC,Perth Glory,19,10.0,1,individual,2.75,20,3,20,32.61201141875452,0.6652892430623373,1.0458803176879883,1.9958677291870117
1925299,skillcorner,Brisbane FC,Perth Glory,19,10.0,1,tactical,11.75,5,0,5,40.98267150274363,0.0,0.0,0.0
1925299,skillcorner,Brisbane FC,Perth Glory,19,10.0,1,team,23.0,2,0,2,58.52798113692047,0.0,0.0,0.0
1925299,skillcorner,Brisbane FC,Perth Glory,20,11.0,1,individual,2.75,21,2,21,37.42244506365442,0.6107649803161621,1.1210460662841797,1.2215299606323242
1925299,skillcorner,Brisbane FC,Perth Glory,20,11.0,1,tactical,11.75,8,0,8,50.03037782787634,0.0,0.0,0.0
1925299,skillcorner,Brisbane FC,Perth Glory,20,11.0,1,team,23.0,2,0,2,46.0,0.0,0.0,0.0
1925299,skillcorner,Brisbane FC,Perth Glory,21,11.0,1,individual,2.75,19,2,19,28.292844509597487,3.820504665374756,6.522130966186523,7.641009330749512
1925299,skillcorner,Brisbane FC,Perth Glory,21,11.0,1,tactical,11.75,3,0,3,62.76596757224946,0.0,0.0,0.0
1925299,skillcorner,Brisbane FC,Perth Glory,21,11.0,1,team,23.0,2,0,2,53.04979794832659,0.0,0.0,0.0
1925299,skillcorner,Brisbane FC,Perth Glory,22,12.0,1,individual,2.75,21,3,21,34.78400355189457,2.3963683446248374,3.6504430770874023,7.189105033874512
1925299,skillcorner,Brisbane FC,Perth Glory,22,12.0,1,tactical,11.75,6,0,6,42.30143686239187,0.0,0.0,0.0
1925299,skillcorner,Brisbane FC,Perth Glory,22,12.0,1,team,23.0,1,0,1,46.0,0.0,0.0,0.0
1925299,skillcorner,Brisbane FC,Perth Glory,23,12.0,1,individual,2.75,19,2,19,33.21883771501423,0.5704946517944336,0.7431049346923828,1.1409893035888672
1925299,skillcorner,Brisbane FC,Perth Glory,23,12.0,1,tactical,11.75,5,0,5,48.200959289356646,0.0,0.0,0.0
1925299,skillcorner,Brisbane FC,Perth Glory,23,12.0,1,team,23.0,2,0,2,49.81432720624999,0.0,0.0,0.0
1925299,skillcorner,Brisbane FC,Perth Glory,24,14.0,1,individual,2.75,19,2,19,37.53792216165657,3.572023391723633,6.141820907592773,7.144046783447266
1925299,skillcorner,Brisbane FC,Perth Glory,24,14.0,1,tactical,11.75,6,1,6,49.00028512347295,4.515195846557617,4.515195846557617,4.515195846557617
1925299,skillcorner,Brisbane FC,Perth Glory,24,14.0,1,team,23.0,2,0,2,47.987532179423454,0.0,0.0,0.0
1925299,skillcorner,Brisbane FC,Perth Glory,25,14.0,1,individual,2.75,18,1,18,35.97390165105809,1.7898082733154297,1.7898082733154297,1.7898082733154297
1925299,skillcorner,Brisbane FC,Perth Glory,25,14.0,1,tactical,11.75,5,1,5,54.79084584100117,5.113704681396484,5.113704681396484,5.113704681396484
1925299,skillcorner,Brisbane FC,Perth Glory,25,14.0,1,team,23.0,2,0,2,66.22353665963297,0.0,0.0,0.0
1925299,skillcorner,Brisbane FC,Perth Glory,26,15.0,1,individual,2.75,17,2,17,32.28859703865501,2.2203726768493652,2.3806724548339844,4.4407453536987305
1925299,skillcorner,Brisbane FC,Perth Glory,26,15.0,1,tactical,11.75,5,0,5,49.13060314394704,0.0,0.0,0.0
1925299,skillcorner,Brisbane FC,Perth Glory,26,15.0,1,team,23.0,2,0,2,48.768762747835304,0.0,0.0,0.0
1925299,skillcorner,Brisbane FC,Perth Glory,27,15.0,1,individual,2.75,20,2,20,33.60650185206889,2.617702007293701,3.251462936401367,5.235404014587402
1925299,skillcorner,Brisbane FC,Perth Glory,27,15.0,1,tactical,11.75,7,0,7,44.48302653822017,0.0,0.0,0.0
1925299,skillcorner,Brisbane FC,Perth Glory,27,15.0,1,team,23.0,2,0,2,58.80981109048784,0.0,0.0,0.0
1925299,skillcorner,Brisbane FC,Perth Glory,28,16.0,1,individual,2.75,21,3,21,28.63765281521283,1.7209049860636394,2.73207950592041,5.162714958190918
1925299,skillcorner,Brisbane FC,Perth Glory,28,16.0,1,tactical,11.75,3,0,3,63.044606827937486,0.0,0.0,0.0
1925299,skillcorner,Brisbane FC,Perth Glory,28,16.0,1,team,23.0,2,0,2,49.268812351441376,0.0,0.0,0.0
1925299,skillcorner,Brisbane FC,Perth Glory,29,16.0,1,individual,2.75,21,3,21,33.676939826468065,2.5073445638020835,3.1966476440429688,7.52203369140625
1925299,skillcorner,Brisbane FC,Perth Glory,29,16.0,1,tactical,11.75,4,0,4,46.82257026202477,0.0,0.0,0.0
1925299,skillcorner,Brisbane FC,Perth Glory,29,16.0,1,team,23.0,2,0,2,46.0,0.0,0.0,0.0
1925299,skillcorner,Brisbane FC,Perth Glory,30,17.0,1,individual,2.75,21,3,21,39.201050844293924,1.968245506286621,3.9709558486938477,5.904736518859863
1925299,skillcorner,Brisbane FC,Perth Glory,30,17.0,1,tactical,11.75,8,1,8,53.18784589667653,3.639352798461914,3.639352798461914,3.639352798461914
1925299,skillcorner,Brisbane FC,Perth Glory,30,17.0,1,team,23.0,2,0,2,46.0,0.0,0.0,0.0
1925299,skillcorner,Brisbane FC,Perth Glory,31,18.0,1,individual,2.75,20,5,20,28.399491408210487,1.029001808166504,2.1942572593688965,5.1450090408325195
1925299,skillcorner,Brisbane FC,Perth Glory,31,18.0,1,tactical,11.75,3,0,3,65.25798023717307,0.0,0.0,0.0
1925299,skillcorner,Brisbane FC,Perth Glory,31,18.0,1,team,23.0,2,0,2,49.59610680033833,0.0,0.0,0.0
1925299,skillcorner,Brisbane FC,Perth Glory,32,19.0,1,individual,2.75,21,2,21,26.98651806837429,0.38389110565185547,0.5494289398193359,0.7677822113037109
1925299,skillcorner,Brisbane FC,Perth Glory,32,19.0,1,tactical,11.75,4,0,4,48.65295253446184,0.0,0.0,0.0
1925299,skillcorner,Brisbane FC,Perth Glory,32,19.0,1,team,23.0,2,0,2,46.0,0.0,0.0,0.0
1925299,skillcorner,Brisbane FC,Perth Glory,33,20.0,1,individual,2.75,21,3,21,34.912353736070116,2.8232189814249673,4.415609359741211,8.469656944274902
1925299,skillcorner,Brisbane FC,Perth Glory,33,20.0,1,tactical,11.75,4,0,4,51.96780566449085,0.0,0.0,0.0
1925299,skillcorner,Brisbane FC,Perth Glory,33,20.0,1,team,23.0,2,0,2,46.07496111718503,0.0,0.0,0.0
1925299,skillcorner,Brisbane FC,Perth Glory,34,20.0,1,individual,2.75,21,4,21,34.91382142795561,2.602200508117676,4.2721099853515625,10.408802032470703
1925299,skillcorner,Brisbane FC,Perth Glory,34,20.0,1,tactical,11.75,6,0,6,45.6224450361048,0.0,0.0,0.0
1925299,skillcorner,Brisbane FC,Perth Glory,34,20.0,1,team,23.0,2,0,2,46.0,0.0,0.0,0.0
1925299,skillcorner,Brisbane FC,Perth Glory,35,21.0,1,individual,2.75,19,2,19,39.143841299558034,1.8119049072265625,3.459005355834961,3.623809814453125
1925299,skillcorner,Brisbane FC,Perth Glory,35,21.0,1,tactical,11.75,7,1,7,48.343017386174814,1.5337848663330078,1.5337848663330078,1.5337848663330078
1925299,skillcorner,Brisbane FC,Perth Glory,35,21.0,1,team,23.0,2,0,2,46.0,0.0,0.0,0.0
1925299,skillcorner,Brisbane FC,Perth Glory,36,21.0,1,individual,2.75,21,3,21,36.30473258792731,2.3132651646931968,3.3761558532714844,6.93979549407959
1925299,skillcorner,Brisbane FC,Perth Glory,36,21.0,1,tactical,11.75,7,1,7,53.70153163551297,0.16445541381835938,0.16445541381835938,0.16445541381835938
1925299,skillcorner,Brisbane FC,Perth Glory,36,21.0,1,team,23.0,2,0,2,46.0,0.0,0.0,0.0
1925299,skillcorner,Brisbane FC,Perth Glory,37,22.0,1,individual,2.75,15,1,15,26.422174399545543,0.16388702392578125,0.16388702392578125,0.16388702392578125
1925299,skillcorner,Brisbane FC,Perth Glory,37,22.0,1,tactical,11.75,6,0,6,37.02504589694976,0.0,0.0,0.0
1925299,skillcorner,Brisbane FC,Perth Glory,37,22.0,1,team,23.0,2,0,2,52.54048385760194,0.0,0.0,0.0
1925299,skillcorner,Brisbane FC,Perth Glory,38,23.0,1,individual,2.75,22,4,22,36.75628731259057,2.7269492149353027,5.149593353271484,10.907796859741211
1925299,skillcorner,Brisbane FC,Perth Glory,38,23.0,1,tactical,11.75,5,0,5,65.86458294972383,0.0,0.0,0.0
1925299,skillcorner,Brisbane FC,Perth Glory,38,23.0,1,team,23.0,2,0,2,54.01783972136673,0.0,0.0,0.0
1925299,skillcorner,Brisbane FC,Perth Glory,39,24.0,1,individual,2.75,21,4,21,36.108001950716826,0.9663012027740479,1.7056317329406738,3.8652048110961914
1925299,skillcorner,Brisbane FC,Perth Glory,39,24.0,1,tactical,11.75,7,0,7,45.767495288687144,0.0,0.0,0.0
1925299,skillcorner,Brisbane FC,Perth Glory,39,24.0,1,team,23.0,2,0,2,59.93819320757561,0.0,0.0,0.0
1925299,skillcorner,Brisbane FC,Perth Glory,40,24.0,1,individual,2.75,20,2,20,26.64645723231747,2.8107752799987793,3.4512176513671875,5.621550559997559
1925299,skillcorner,Brisbane FC,Perth Glory,40,24.0,1,tactical,11.75,3,0,3,51.71372398334243,0.0,0.0,0.0
1925299,skillcorner,Brisbane FC,Perth Glory,40,24.0,1,team,23.0,2,0,2,61.28191473218367,0.0,0.0,0.0
1925299,skillcorner,Brisbane FC,Perth Glory,41,25.0,1,individual,2.75,21,4,21,30.10913463187368,1.1245185136795044,1.7367100715637207,4.498074054718018
1925299,skillcorner,Brisbane FC,Perth Glory,41,25.0,1,tactical,11.75,2,0,2,55.07473861544957,0.0,0.0,0.0
1925299,skillcorner,Brisbane FC,Perth Glory,41,25.0,1,team,23.0,2,0,2,55.07473861544957,0.0,0.0,0.0
1925299,skillcorner,Brisbane FC,Perth Glory,42,26.0,1,individual,2.75,21,5,21,34.93918435444961,0.707939624786377,1.2419366836547852,3.5396981239318848
1925299,skillcorner,Brisbane FC,Perth Glory,42,26.0,1,tactical,11.75,3,0,3,51.12600177139332,0.0,0.0,0.0
1925299,skillcorner,Brisbane FC,Perth Glory,42,26.0,1,team,23.0,2,0,2,60.50946194257968,0.0,0.0,0.0
1925299,skillcorner,Brisbane FC,Perth Glory,43,27.0,1,individual,2.75,19,3,19,32.85545647299121,1.915273666381836,4.3439788818359375,5.745820999145508
1925299,skillcorner,Brisbane FC,Perth Glory,43,27.0,1,tactical,11.75,4,0,4,56.32441300735353,0.0,0.0,0.0
1925299,skillcorner,Brisbane FC,Perth Glory,43,27.0,1,team,23.0,2,0,2,46.376032813309216,0.0,0.0,0.0
1925299,skillcorner,Brisbane FC,Perth Glory,44,28.0,1,individual,2.75,19,3,19,30.589518835223906,0.9184649785359701,1.3393964767456055,2.75539493560791
1925299,skillcorner,Brisbane FC,Perth Glory,44,28.0,1,tactical,11.75,4,0,4,48.58355263749255,0.0,0.0,0.0
1925299,skillcorner,Brisbane FC,Perth Glory,44,28.0,1,team,23.0,2,0,2,51.11284807706134,0.0,0.0,0.0
1925299,skillcorner,Brisbane FC,Perth Glory,45,29.0,1,individual,2.75,21,4,21,40.407222113352745,0.9459476470947266,2.057811737060547,3.7837905883789062
1925299,skillcorner,Brisbane FC,Perth Glory,45,29.0,1,tactical,11.75,8,0,8,47.12791218767426,0.0,0.0,0.0
1925299,skillcorner,Brisbane FC,Perth Glory,45,29.0,1,team,23.0,1,0,1,46.0,0.0,0.0,0.0
1925299,skillcorner,Brisbane FC,Perth Glory,46,29.0,1,individual,2.75,20,2,20,34.12618157935307,2.145315647125244,2.484567642211914,4.290631294250488
1925299,skillcorner,Brisbane FC,Perth Glory,46,29.0,1,tactical,11.75,2,0,2,55.424168709124594,0.0,0.0,0.0
1925299,skillcorner,Brisbane FC,Perth Glory,46,29.0,1,team,23.0,2,0,2,55.424168709124594,0.0,0.0,0.0
1925299,skillcorner,Brisbane FC,Perth Glory,47,30.0,1,individual,2.75,17,3,17,31.034245733470144,2.9450508753458657,4.128603935241699,8.835152626037598
1925299,skillcorner,Brisbane FC,Perth Glory,47,30.0,1,tactical,11.75,3,0,3,66.3526939407459,0.0,0.0,0.0
1925299,skillcorner,Brisbane FC,Perth Glory,47,30.0,1,team,23.0,2,0,2,49.999053390132275,0.0,0.0,0.0
1925299,skillcorner,Brisbane FC,Perth Glory,48,33.0,1,individual,2.75,19,3,19,34.41103652105518,1.217190424601237,3.184098243713379,3.651571273803711
1925299,skillcorner,Brisbane FC,Perth Glory,48,33.0,1,tactical,11.75,5,0,5,45.103351908659675,0.0,0.0,0.0
1925299,skillcorner,Brisbane FC,Perth Glory,48,33.0,1,team,23.0,2,0,2,46.0,0.0,0.0,0.0
1925299,skillcorner,Brisbane FC,Perth Glory,49,34.0,1,individual,2.75,22,2,22,38.50356253397671,0.7684597969055176,0.9322595596313477,1.5369195938110352
1925299,skillcorner,Brisbane FC,Perth Glory,49,34.0,1,tactical,11.75,5,0,5,54.938537763260726,0.0,0.0,0.0
1925299,skillcorner,Brisbane FC,Perth Glory,49,34.0,1,team,23.0,1,0,1,46.0,0.0,0.0,0.0
1925299,skillcorner,Brisbane FC,Perth Glory,50,34.0,1,individual,2.75,22,3,22,34.32126009603714,3.034027417500814,3.626689910888672,9.102082252502441
1925299,skillcorner,Brisbane FC,Perth Glory,50,34.0,1,tactical,11.75,5,0,5,50.565910739728636,0.0,0.0,0.0
1925299,skillcorner,Brisbane FC,Perth Glory,50,34.0,1,team,23.0,2,0,2,46.0,0.0,0.0,0.0
1925299,skillcorner,Brisbane FC,Perth Glory,51,35.0,1,individual,2.75,22,5,22,37.493545994411086,2.625056838989258,5.022388458251953,13.125284194946289
1925299,skillcorner,Brisbane FC,Perth Glory,51,35.0,1,tactical,11.75,4,0,4,46.90073860540785,0.0,0.0,0.0
1925299,skillcorner,Brisbane FC,Perth Glory,51,35.0,1,team,23.0,2,0,2,51.62560866095926,0.0,0.0,0.0
1925299,skillcorner,Brisbane FC,Perth Glory,52,35.0,1,individual,2.75,19,2,19,37.31728145385334,2.1402711868286133,3.3508567810058594,4.280542373657227
1925299,skillcorner,Brisbane FC,Perth Glory,52,35.0,1,tactical,11.75,8,0,8,44.702577570125534,0.0,0.0,0.0
1925299,skillcorner,Brisbane FC,Perth Glory,52,35.0,1,team,23.0,2,0,2,48.7507599103515,0.0,0.0,0.0
1925299,skillcorner,Brisbane FC,Perth Glory,53,36.0,1,individual,2.75,20,4,20,40.18143399208221,1.826866626739502,4.216316223144531,7.307466506958008
1925299,skillcorner,Brisbane FC,Perth Glory,53,36.0,1,tactical,11.75,8,1,8,50.15542140741211,5.588151931762695,5.588151931762695,5.588151931762695
1925299,skillcorner,Brisbane FC,Perth Glory,53,36.0,1,team,23.0,2,0,2,46.0,0.0,0.0,0.0
1925299,skillcorner,Brisbane FC,Perth Glory,54,36.0,1,individual,2.75,20,3,20,38.371794738769616,2.304474194844564,3.5183725357055664,6.913422584533691
1925299,skillcorner,Brisbane FC,Perth Glory,54,36.0,1,tactical,11.75,6,0,6,49.696432527847236,0.0,0.0,0.0
1925299,skillcorner,Brisbane FC,Perth Glory,54,36.0,1,team,23.0,2,0,2,46.0,0.0,0.0,0.0
1925299,skillcorner,Brisbane FC,Perth Glory,55,37.0,1,individual,2.75,21,5,21,35.6312646257156,1.1999576568603516,3.967656135559082,5.999788284301758
1925299,skillcorner,Brisbane FC,Perth Glory,55,37.0,1,tactical,11.75,5,0,5,43.32064881560076,0.0,0.0,0.0
1925299,skillcorner,Brisbane FC,Perth Glory,55,37.0,1,team,23.0,2,0,2,55.69225293690505,0.0,0.0,0.0
1925299,skillcorner,Brisbane FC,Perth Glory,56,38.0,1,individual,2.75,21,3,21,34.86071825302846,0.7890745798746744,1.3722972869873047,2.3672237396240234
1925299,skillcorner,Brisbane FC,Perth Glory,56,38.0,1,tactical,11.75,7,1,7,43.86128703082024,1.1345405578613281,1.1345405578613281,1.1345405578613281
1925299,skillcorner,Brisbane FC,Perth Glory,56,38.0,1,team,23.0,1,0,1,46.0,0.0,0.0,0.0
1925299,skillcorner,Brisbane FC,Perth Glory,57,38.0,1,individual,2.75,21,2,21,34.64134435716671,2.180408477783203,2.71035099029541,4.360816955566406
1925299,skillcorner,Brisbane FC,Perth Glory,57,38.0,1,tactical,11.75,5,0,5,51.18543030088566,0.0,0.0,0.0
1925299,skillcorner,Brisbane FC,Perth Glory,57,38.0,1,team,23.0,2,0,2,48.14876776396472,0.0,0.0,0.0
1925299,skillcorner,Brisbane FC,Perth Glory,58,39.0,1,individual,2.75,20,3,20,29.321466183725477,1.2326741218566895,2.6309099197387695,3.6980223655700684
1925299,skillcorner,Brisbane FC,Perth Glory,58,39.0,1,tactical,11.75,6,1,6,44.824711683036035,1.2530345916748047,1.2530345916748047,1.2530345916748047
1925299,skillcorner,Brisbane FC,Perth Glory,58,39.0,1,team,23.0,2,0,2,53.356586571971086,0.0,0.0,0.0
1925299,skillcorner,Brisbane FC,Perth Glory,59,40.0,1,individual,2.75,19,2,19,33.37574403476627,1.5362958908081055,2.161971092224121,3.072591781616211
1925299,skillcorner,Brisbane FC,Perth Glory,59,40.0,1,tactical,11.75,4,0,4,51.8765098564961,0.0,0.0,0.0
1925299,skillcorner,Brisbane FC,Perth Glory,59,40.0,1,team,23.0,2,0,2,46.60232824612075,0.0,0.0,0.0
1925299,skillcorner,Brisbane FC,Perth Glory,60,40.0,1,individual,2.75,19,3,19,33.19859551289308,0.7637853622436523,1.2538585662841797,2.291356086730957
1925299,skillcorner,Brisbane FC,Perth Glory,60,40.0,1,tactical,11.75,3,0,3,49.59014628001523,0.0,0.0,0.0
1925299,skillcorner,Brisbane FC,Perth Glory,60,40.0,1,team,23.0,2,0,2,58.75926136294064,0.0,0.0,0.0
1925299,skillcorner,Brisbane FC,Perth Glory,61,41.0,1,individual,2.75,21,4,21,32.69879083915581,2.822761297225952,6.152012825012207,11.291045188903809
1925299,skillcorner,Brisbane FC,Perth Glory,61,41.0,1,tactical,11.75,2,0,2,58.79393469882429,0.0,0.0,0.0
1925299,skillcorner,Brisbane FC,Perth Glory,61,41.0,1,team,23.0,2,0,2,58.79393469882429,0.0,0.0,0.0
1925299,skillcorner,Brisbane FC,Perth Glory,62,41.0,1,individual,2.75,21,6,21,34.731742726349545,1.860051155090332,4.171598434448242,11.160306930541992
1925299,skillcorner,Brisbane FC,Perth Glory,62,41.0,1,tactical,11.75,6,0,6,47.41259435398253,0.0,0.0,0.0
1925299,skillcorner,Brisbane FC,Perth Glory,62,41.0,1,team,23.0,2,0,2,46.47335034501224,0.0,0.0,0.0
1925299,skillcorner,Brisbane FC,Perth Glory,63,42.0,1,individual,2.75,19,3,19,39.094536254409086,2.896036465962728,3.9001026153564453,8.688109397888184
1925299,skillcorner,Brisbane FC,Perth Glory,63,42.0,1,tactical,11.75,7,1,7,50.6845068166792,7.213985443115234,7.213985443115234,7.213985443115234
1925299,skillcorner,Brisbane FC,Perth Glory,63,42.0,1,team,23.0,2,0,2,47.2222651134926,0.0,0.0,0.0
1925299,skillcorner,Brisbane FC,Perth Glory,64,42.0,1,individual,2.75,20,5,20,37.101467208523424,1.3536384582519532,2.0498476028442383,6.768192291259766
1925299,skillcorner,Brisbane FC,Perth Glory,64,42.0,1,tactical,11.75,5,0,5,45.174736465701905,0.0,0.0,0.0
1925299,skillcorner,Brisbane FC,Perth Glory,64,42.0,1,team,23.0,2,0,2,46.0,0.0,0.0,0.0
1925299,skillcorner,Brisbane FC,Perth Glory,65,43.0,1,individual,2.75,15,2,15,27.19825362040732,0.8205451965332031,1.2002463340759277,1.6410903930664062
1925299,skillcorner,Brisbane FC,Perth Glory,65,43.0,1,tactical,11.75,2,0,2,62.78071127474795,0.0,0.0,0.0
1925299,skillcorner,Brisbane FC,Perth Glory,65,43.0,1,team,23.0,2,0,2,62.78071127474795,0.0,0.0,0.0
1925299,skillcorner,Brisbane FC,Perth Glory,66,44.0,1,individual,2.75,17,3,17,34.5522294887972,1.3658218383789062,1.9974470138549805,4.097465515136719
1925299,skillcorner,Brisbane FC,Perth Glory,66,44.0,1,tactical,11.75,5,0,5,52.92072360405098,0.0,0.0,0.0
1925299,skillcorner,Brisbane FC,Perth Glory,66,44.0,1,team,23.0,2,0,2,46.0,0.0,0.0,0.0
1925299,skillcorner,Brisbane FC,Perth Glory,67,45.0,1,individual,2.75,16,1,16,30.25566280494233,3.041828155517578,3.041828155517578,3.041828155517578
1925299,skillcorner,Brisbane FC,Perth Glory,67,45.0,1,tactical,11.75,3,0,3,50.89994058113113,0.0,0.0,0.0
1925299,skillcorner,Brisbane FC,Perth Glory,67,45.0,1,team,23.0,2,0,2,61.825922709013106,0.0,0.0,0.0
1925299,skillcorner,Brisbane FC,Perth Glory,68,46.0,1,individual,2.75,21,5,21,34.24931885888005,1.7413457870483398,2.5869579315185547,8.7067289352417
1925299,skillcorner,Brisbane FC,Perth Glory,68,46.0,1,tactical,11.75,5,0,5,53.76575923142377,0.0,0.0,0.0
1925299,skillcorner,Brisbane FC,Perth Glory,68,46.0,1,team,23.0,2,0,2,46.0,0.0,0.0,0.0
1925299,skillcorner,Brisbane FC,Perth Glory,69,46.0,1,individual,2.75,22,5,22,39.05624108209844,1.1033573150634766,2.785440444946289,5.516786575317383
1925299,skillcorner,Brisbane FC,Perth Glory,69,46.0,1,tactical,11.75,5,0,5,49.5642264053902,0.0,0.0,0.0
1925299,skillcorner,Brisbane FC,Perth Glory,69,46.0,1,team,23.0,2,0,2,46.12792499559343,0.0,0.0,0.0
1925299,skillcorner,Brisbane FC,Perth Glory,70,47.0,1,individual,2.75,22,1,22,28.209420137745376,3.6116771697998047,3.6116771697998047,3.6116771697998047
1925299,skillcorner,Brisbane FC,Perth Glory,70,47.0,1,tactical,11.75,4,0,4,55.528123436925036,0.0,0.0,0.0
1925299,skillcorner,Brisbane FC,Perth Glory,70,47.0,1,team,23.0,2,0,2,48.57584462184495,0.0,0.0,0.0
1925299,skillcorner,Brisbane FC,Perth Glory,71,48.0,1,individual,2.75,21,3,21,36.010391337312946,1.880001386006673,2.928670883178711,5.6400041580200195
1925299,skillcorner,Brisbane FC,Perth Glory,71,48.0,1,tactical,11.75,5,0,5,46.8849849854469,0.0,0.0,0.0
1925299,skillcorner,Brisbane FC,Perth Glory,71,48.0,1,team,23.0,2,0,2,48.34150460132764,0.0,0.0,0.0
1925299,skillcorner,Brisbane FC,Perth Glory,72,48.0,1,individual,2.75,21,2,21,40.807716780474216,1.1561017036437988,1.5465402603149414,2.3122034072875977
1925299,skillcorner,Brisbane FC,Perth Glory,72,48.0,1,tactical,11.75,10,1,10,47.98968639197385,0.36902427673339844,0.36902427673339844,0.36902427673339844
1925299,skillcorner,Brisbane FC,Perth Glory,72,48.0,1,team,23.0,2,0,2,46.0,0.0,0.0,0.0
1925299,skillcorner,Brisbane FC,Perth Glory,73,49.0,1,individual,2.75,19,2,19,31.09793989576289,1.6516060829162598,2.3744678497314453,3.3032121658325195
1925299,skillcorner,Brisbane FC,Perth Glory,73,49.0,1,tactical,11.75,4,0,4,47.95372236044681,0.0,0.0,0.0
1925299,skillcorner,Brisbane FC,Perth Glory,73,49.0,1,team,23.0,2,0,2,48.52503779463259,0.0,0.0,0.0
1925299,skillcorner,Brisbane FC,Perth Glory,74,49.0,1,individual,2.75,21,3,21,29.611556361384565,0.9784425099690756,2.4159393310546875,2.9353275299072266
1925299,skillcorner,Brisbane FC,Perth Glory,74,49.0,1,tactical,11.75,5,0,5,48.35911544584613,0.0,0.0,0.0
1925299,skillcorner,Brisbane FC,Perth Glory,74,49.0,1,team,23.0,2,0,2,54.6783612366752,0.0,0.0,0.0
1925299,skillcorner,Brisbane FC,Perth Glory,75,45.0,2,individual,2.75,20,4,20,38.89707616880331,1.761359453201294,5.766768455505371,7.045437812805176
1925299,skillcorner,Brisbane FC,Perth Glory,75,45.0,2,tactical,11.75,9,0,9,50.58127097331905,0.0,0.0,0.0
1925299,skillcorner,Brisbane FC,Perth Glory,75,45.0,2,team,23.0,1,0,1,46.0,0.0,0.0,0.0
1925299,skillcorner,Brisbane FC,Perth Glory,76,45.0,2,individual,2.75,19,3,19,34.369001094665734,2.1513964335123696,2.8807220458984375,6.454189300537109
1925299,skillcorner,Brisbane FC,Perth Glory,76,45.0,2,tactical,11.75,3,0,3,69.4452756834225,0.0,0.0,0.0
1925299,skillcorner,Brisbane FC,Perth Glory,76,45.0,2,team,23.0,2,0,2,57.214956867434616,0.0,0.0,0.0
1925299,skillcorner,Brisbane FC,Perth Glory,77,46.0,2,individual,2.75,22,3,22,34.78576725283,0.515376091003418,1.1841039657592773,1.546128273010254
1925299,skillcorner,Brisbane FC,Perth Glory,77,46.0,2,tactical,11.75,4,0,4,44.29029646282797,0.0,0.0,0.0
1925299,skillcorner,Brisbane FC,Perth Glory,77,46.0,2,team,23.0,1,0,1,46.0,0.0,0.0,0.0
1925299,skillcorner,Brisbane FC,Perth Glory,78,46.0,2,individual,2.75,19,3,19,37.73342884050325,0.8616231282552084,1.333566665649414,2.584869384765625
1925299,skillcorner,Brisbane FC,Perth Glory,78,46.0,2,tactical,11.75,8,0,8,42.792116784897885,0.0,0.0,0.0
1925299,skillcorner,Brisbane FC,Perth Glory,78,46.0,2,team,23.0,1,0,1,46.0,0.0,0.0,0.0
1925299,skillcorner,Brisbane FC,Perth Glory,79,47.0,2,individual,2.75,22,2,22,36.347967313734976,3.272709846496582,4.849672317504883,6.545419692993164
1925299,skillcorner,Brisbane FC,Perth Glory,79,47.0,2,tactical,11.75,7,0,7,46.85958813305981,0.0,0.0,0.0
1925299,skillcorner,Brisbane FC,Perth Glory,79,47.0,2,team,23.0,2,0,2,46.0,0.0,0.0,0.0
1925299,skillcorner,Brisbane FC,Perth Glory,80,47.0,2,individual,2.75,18,3,18,35.98906778453702,4.572954495747884,6.625473976135254,13.718863487243652
1925299,skillcorner,Brisbane FC,Perth Glory,80,47.0,2,tactical,11.75,6,0,6,44.47292716380174,0.0,0.0,0.0
1925299,skillcorner,Brisbane FC,Perth Glory,80,47.0,2,team,23.0,2,0,2,54.62652910316937,0.0,0.0,0.0
1925299,skillcorner,Brisbane FC,Perth Glory,81,48.0,2,individual,2.75,21,2,21,36.92697990308014,5.3755974769592285,8.409993171691895,10.751194953918457
1925299,skillcorner,Brisbane FC,Perth Glory,81,48.0,2,tactical,11.75,8,1,8,44.37346399898526,1.6500015258789062,1.6500015258789062,1.6500015258789062
1925299,skillcorner,Brisbane FC,Perth Glory,81,48.0,2,team,23.0,2,0,2,50.02909637301304,0.0,0.0,0.0
1925299,skillcorner,Brisbane FC,Perth Glory,82,48.0,2,individual,2.75,21,4,21,35.027211954614444,1.5013654232025146,2.7415847778320312,6.005461692810059
1925299,skillcorner,Brisbane FC,Perth Glory,82,48.0,2,tactical,11.75,5,0,5,58.72471507360009,0.0,0.0,0.0
1925299,skillcorner,Brisbane FC,Perth Glory,82,48.0,2,team,23.0,2,0,2,46.0,0.0,0.0,0.0
1925299,skillcorner,Brisbane FC,Perth Glory,83,49.0,2,individual,2.75,22,3,22,33.77682216393916,0.8972040812174479,2.3638792037963867,2.6916122436523438
1925299,skillcorner,Brisbane FC,Perth Glory,83,49.0,2,tactical,11.75,4,0,4,52.451971328057944,0.0,0.0,0.0
1925299,skillcorner,Brisbane FC,Perth Glory,83,49.0,2,team,23.0,2,0,2,51.12406735839106,0.0,0.0,0.0
1925299,skillcorner,Brisbane FC,Perth Glory,84,50.0,2,individual,2.75,21,3,21,26.454888959015932,1.9043045043945312,4.590706825256348,5.712913513183594
1925299,skillcorner,Brisbane FC,Perth Glory,84,50.0,2,tactical,11.75,3,0,3,62.663811998913644,0.0,0.0,0.0
1925299,skillcorner,Brisbane FC,Perth Glory,84,50.0,2,team,23.0,3,0,3,62.663811998913644,0.0,0.0,0.0
1925299,skillcorner,Brisbane FC,Perth Glory,85,50.0,2,individual,2.75,17,1,17,29.44190912308716,1.9855995178222656,1.9855995178222656,1.9855995178222656
1925299,skillcorner,Brisbane FC,Perth Glory,85,50.0,2,tactical,11.75,4,0,4,50.94137950694009,0.0,0.0,0.0
1925299,skillcorner,Brisbane FC,Perth Glory,85,50.0,2,team,23.0,3,0,3,60.91814798869626,0.0,0.0,0.0
1925299,skillcorner,Brisbane FC,Perth Glory,86,51.0,2,individual,2.75,20,5,20,35.715713141312,2.2326534271240233,4.866442680358887,11.163267135620117
1925299,skillcorner,Brisbane FC,Perth Glory,86,51.0,2,tactical,11.75,6,0,6,51.52048737925829,0.0,0.0,0.0
1925299,skillcorner,Brisbane FC,Perth Glory,86,51.0,2,team,23.0,2,0,2,46.0,0.0,0.0,0.0
1925299,skillcorner,Brisbane FC,Perth Glory,87,51.0,2,individual,2.75,22,3,22,32.352386118958634,1.186672846476237,1.7507190704345703,3.560018539428711
1925299,skillcorner,Brisbane FC,Perth Glory,87,51.0,2,tactical,11.75,4,0,4,45.961297148472795,0.0,0.0,0.0
1925299,skillcorner,Brisbane FC,Perth Glory,87,51.0,2,team,23.0,2,0,2,46.7448835305125,0.0,0.0,0.0
1925299,skillcorner,Brisbane FC,Perth Glory,88,52.0,2,individual,2.75,21,3,21,37.02738319211384,1.954205830891927,4.605108261108398,5.862617492675781
1925299,skillcorner,Brisbane FC,Perth Glory,88,52.0,2,tactical,11.75,8,1,8,50.3079589999047,9.065511703491211,9.065511703491211,9.065511703491211
1925299,skillcorner,Brisbane FC,Perth Glory,88,52.0,2,team,23.0,2,0,2,48.44843479191922,0.0,0.0,0.0
1925299,skillcorner,Brisbane FC,Perth Glory,89,53.0,2,individual,2.75,22,3,22,30.01050311751926,1.6966447830200195,2.8212718963623047,5.089934349060059
1925299,skillcorner,Brisbane FC,Perth Glory,89,53.0,2,tactical,11.75,4,0,4,52.25582415793423,0.0,0.0,0.0
1925299,skillcorner,Brisbane FC,Perth Glory,89,53.0,2,team,23.0,2,0,2,54.0082804140993,0.0,0.0,0.0
1925299,skillcorner,Brisbane FC,Perth Glory,90,54.0,2,individual,2.75,19,4,19,40.01815995426294,1.8018748760223389,3.229948043823242,7.2074995040893555
1925299,skillcorner,Brisbane FC,Perth Glory,90,54.0,2,tactical,11.75,9,2,9,47.217068371611894,5.228708267211914,5.416233062744141,10.457416534423828
1925299,skillcorner,Brisbane FC,Perth Glory,90,54.0,2,team,23.0,2,0,2,53.556242497311544,0.0,0.0,0.0
1925299,skillcorner,Brisbane FC,Perth Glory,91,55.0,2,individual,2.75,20,4,20,35.92544631995142,2.027482509613037,2.8596181869506836,8.109930038452148
1925299,skillcorner,Brisbane FC,Perth Glory,91,55.0,2,tactical,11.75,5,1,5,48.91169537717708,0.7949066162109375,0.7949066162109375,0.7949066162109375
1925299,skillcorner,Brisbane FC,Perth Glory,91,55.0,2,team,23.0,2,0,2,46.0,0.0,0.0,0.0
1925299,skillcorner,Brisbane FC,Perth Glory,92,55.0,2,individual,2.75,20,2,20,31.100175770817042,2.538712978363037,2.8003158569335938,5.077425956726074
1925299,skillcorner,Brisbane FC,Perth Glory,92,55.0,2,tactical,11.75,5,0,5,50.571340180316376,0.0,0.0,0.0
1925299,skillcorner,Brisbane FC,Perth Glory,92,55.0,2,team,23.0,2,0,2,50.38139342682096,0.0,0.0,0.0
1925299,skillcorner,Brisbane FC,Perth Glory,93,56.0,2,individual,2.75,21,4,21,31.994741372558074,1.0314674377441406,1.6622533798217773,4.1258697509765625
1925299,skillcorner,Brisbane FC,Perth Glory,93,56.0,2,tactical,11.75,3,0,3,60.83139512209699,0.0,0.0,0.0
1925299,skillcorner,Brisbane FC,Perth Glory,93,56.0,2,team,23.0,2,0,2,46.078437065055454,0.0,0.0,0.0
1925299,skillcorner,Brisbane FC,Perth Glory,94,56.0,2,individual,2.75,20,4,20,34.30165282260947,1.4861130714416504,3.3851118087768555,5.944452285766602
1925299,skillcorner,Brisbane FC,Perth Glory,94,56.0,2,tactical,11.75,5,0,5,47.14702100549667,0.0,0.0,0.0
1925299,skillcorner,Brisbane FC,Perth Glory,94,56.0,2,team,23.0,1,0,1,46.0,0.0,0.0,0.0
1925299,skillcorner,Brisbane FC,Perth Glory,95,57.0,2,individual,2.75,17,1,17,28.808812403417303,0.4518604278564453,0.4518604278564453,0.4518604278564453
1925299,skillcorner,Brisbane FC,Perth Glory,95,57.0,2,tactical,11.75,3,0,3,48.16461912493155,0.0,0.0,0.0
1925299,skillcorner,Brisbane FC,Perth Glory,95,57.0,2,team,23.0,2,0,2,60.24120270923278,0.0,0.0,0.0
1925299,skillcorner,Brisbane FC,Perth Glory,96,58.0,2,individual,2.75,22,6,22,39.4105305651469,1.9604183832804363,3.7497291564941406,11.762510299682617
1925299,skillcorner,Brisbane FC,Perth Glory,96,58.0,2,tactical,11.75,10,2,10,49.508838160473935,0.5557041168212891,0.7620906829833984,1.1114082336425781
1925299,skillcorner,Brisbane FC,Perth Glory,96,58.0,2,team,23.0,2,0,2,46.0,0.0,0.0,0.0
1925299,skillcorner,Brisbane FC,Perth Glory,97,58.0,2,individual,2.75,20,3,20,34.25911816221924,1.3205273946126301,2.3770647048950195,3.9615821838378906
1925299,skillcorner,Brisbane FC,Perth Glory,97,58.0,2,tactical,11.75,4,0,4,55.77413489181643,0.0,0.0,0.0
1925299,skillcorner,Brisbane FC,Perth Glory,97,58.0,2,team,23.0,3,0,3,62.83601403555703,0.0,0.0,0.0
1925299,skillcorner,Brisbane FC,Perth Glory,98,59.0,2,individual,2.75,20,4,20,38.258316083559244,4.039933204650879,6.948585510253906,16.159732818603516
1925299,skillcorner,Brisbane FC,Perth Glory,98,59.0,2,tactical,11.75,8,2,8,45.30070556454313,1.237351417541504,2.2780590057373047,2.474702835083008
1925299,skillcorner,Brisbane FC,Perth Glory,98,59.0,2,team,23.0,2,0,2,48.54439481107676,0.0,0.0,0.0
1925299,skillcorner,Brisbane FC,Perth Glory,99,60.0,2,individual,2.75,20,4,20,32.25525826252548,1.024709939956665,1.9218273162841797,4.09883975982666
1925299,skillcorner,Brisbane FC,Perth Glory,99,60.0,2,tactical,11.75,6,0,6,47.731037780288354,0.0,0.0,0.0
1925299,skillcorner,Brisbane FC,Perth Glory,99,60.0,2,team,23.0,2,0,2,51.19980832323106,0.0,0.0,0.0
1925299,skillcorner,Brisbane FC,Perth Glory,100,60.0,2,individual,2.75,20,4,20,30.781676965401008,1.1243653297424316,1.693955421447754,4.497461318969727
1925299,skillcorner,Brisbane FC,Perth Glory,100,60.0,2,tactical,11.75,7,1,7,47.809376695372215,2.6696205139160156,2.6696205139160156,2.6696205139160156
1925299,skillcorner,Brisbane FC,Perth Glory,100,60.0,2,team,23.0,2,0,2,49.84397862546106,0.0,0.0,0.0
1925299,skillcorner,Brisbane FC,Perth Glory,101,61.0,2,individual,2.75,21,2,21,33.90093033722805,1.5590572357177734,2.036680221557617,3.118114471435547
1925299,skillcorner,Brisbane FC,Perth Glory,101,61.0,2,tactical,11.75,6,0,6,50.81284489912236,0.0,0.0,0.0
1925299,skillcorner,Brisbane FC,Perth Glory,101,61.0,2,team,23.0,2,0,2,50.61070664155332,0.0,0.0,0.0
1925299,skillcorner,Brisbane FC,Perth Glory,102,61.0,2,individual,2.75,20,3,20,29.375080160427338,2.948394457499186,5.844378471374512,8.845183372497559
1925299,skillcorner,Brisbane FC,Perth Glory,102,61.0,2,tactical,11.75,2,0,2,60.249460057233776,0.0,0.0,0.0
1925299,skillcorner,Brisbane FC,Perth Glory,102,61.0,2,team,23.0,2,0,2,60.249460057233776,0.0,0.0,0.0
1925299,skillcorner,Brisbane FC,Perth Glory,103,63.0,2,individual,2.75,20,2,20,25.80515171816799,0.8529491424560547,1.1786346435546875,1.7058982849121094
1925299,skillcorner,Brisbane FC,Perth Glory,103,63.0,2,tactical,11.75,3,0,3,69.16086683930652,0.0,0.0,0.0
1925299,skillcorner,Brisbane FC,Perth Glory,103,63.0,2,team,23.0,3,0,3,69.16086683930652,0.0,0.0,0.0
1925299,skillcorner,Brisbane FC,Perth Glory,104,63.0,2,individual,2.75,20,4,20,31.86574763485225,0.9577308893203735,1.4832696914672852,3.830923557281494
1925299,skillcorner,Brisbane FC,Perth Glory,104,63.0,2,tactical,11.75,4,0,4,49.67649727566113,0.0,0.0,0.0
1925299,skillcorner,Brisbane FC,Perth Glory,104,63.0,2,team,23.0,1,0,1,46.0,0.0,0.0,0.0
1925299,skillcorner,Brisbane FC,Perth Glory,105,64.0,2,individual,2.75,21,2,21,38.283479609070994,1.4150419235229492,2.0538272857666016,2.8300838470458984
1925299,skillcorner,Brisbane FC,Perth Glory,105,64.0,2,tactical,11.75,7,1,7,57.51247690718946,7.067668914794922,7.067668914794922,7.067668914794922
1925299,skillcorner,Brisbane FC,Perth Glory,105,64.0,2,team,23.0,2,0,2,46.0,0.0,0.0,0.0
1925299,skillcorner,Brisbane FC,Perth Glory,106,64.0,2,individual,2.75,12,0,12,35.705830978901616,0.0,0.0,0.0
1925299,skillcorner,Brisbane FC,Perth Glory,106,64.0,2,tactical,11.75,3,0,3,72.64411210890498,0.0,0.0,0.0
1925299,skillcorner,Brisbane FC,Perth Glory,106,64.0,2,team,23.0,2,0,2,62.2172796921422,0.0,0.0,0.0
1925299,skillcorner,Brisbane FC,Perth Glory,107,65.0,2,individual,2.75,19,1,19,36.971133048833636,1.2484683990478516,1.2484683990478516,1.2484683990478516
1925299,skillcorner,Brisbane FC,Perth Glory,107,65.0,2,tactical,11.75,4,0,4,36.893152737835436,0.0,0.0,0.0
1925299,skillcorner,Brisbane FC,Perth Glory,107,65.0,2,team,23.0,2,0,2,54.5248300278796,0.0,0.0,0.0
1925299,skillcorner,Brisbane FC,Perth Glory,108,65.0,2,individual,2.75,18,3,18,31.286043214187377,1.3060312271118164,2.303849220275879,3.918093681335449
1925299,skillcorner,Brisbane FC,Perth Glory,108,65.0,2,tactical,11.75,3,0,3,51.448938313728135,0.0,0.0,0.0
1925299,skillcorner,Brisbane FC,Perth Glory,108,65.0,2,team,23.0,2,0,2,58.0769618129602,0.0,0.0,0.0
1925299,skillcorner,Brisbane FC,Perth Glory,109,67.0,2,individual,2.75,17,3,17,33.37591498973288,1.143999735514323,2.2465200424194336,3.4319992065429688
1925299,skillcorner,Brisbane FC,Perth Glory,109,67.0,2,tactical,11.75,5,0,5,52.58749929386725,0.0,0.0,0.0
1925299,skillcorner,Brisbane FC,Perth Glory,109,67.0,2,team,23.0,2,0,2,52.55144202547554,0.0,0.0,0.0
1925299,skillcorner,Brisbane FC,Perth Glory,110,67.0,2,individual,2.75,22,2,22,34.43860257519246,2.7268834114074707,4.180166244506836,5.453766822814941
1925299,skillcorner,Brisbane FC,Perth Glory,110,67.0,2,tactical,11.75,4,0,4,51.92186144751812,0.0,0.0,0.0
1925299,skillcorner,Brisbane FC,Perth Glory,110,67.0,2,team,23.0,2,0,2,46.0,0.0,0.0,0.0
1925299,skillcorner,Brisbane FC,Perth Glory,111,68.0,2,individual,2.75,21,3,21,32.427875132242754,1.2629985809326172,3.184783935546875,3.7889957427978516
1925299,skillcorner,Brisbane FC,Perth Glory,111,68.0,2,tactical,11.75,4,0,4,48.492572522649546,0.0,0.0,0.0
1925299,skillcorner,Brisbane FC,Perth Glory,111,68.0,2,team,23.0,2,0,2,46.0,0.0,0.0,0.0
1925299,skillcorner,Brisbane FC,Perth Glory,112,71.0,2,individual,2.75,20,5,20,39.81806704433766,1.9067859649658203,4.3592119216918945,9.533929824829102
1925299,skillcorner,Brisbane FC,Perth Glory,112,71.0,2,tactical,11.75,9,1,9,44.62086553332435,3.5388450622558594,3.5388450622558594,3.5388450622558594
1925299,skillcorner,Brisbane FC,Perth Glory,112,71.0,2,team,23.0,1,0,1,46.0,0.0,0.0,0.0
1925299,skillcorner,Brisbane FC,Perth Glory,113,71.0,2,individual,2.75,18,2,18,31.140299452638537,2.9874441623687744,4.4081268310546875,5.974888324737549
1925299,skillcorner,Brisbane FC,Perth Glory,113,71.0,2,tactical,11.75,4,0,4,38.94915958737984,0.0,0.0,0.0
1925299,skillcorner,Brisbane FC,Perth Glory,113,71.0,2,team,23.0,2,0,2,60.14872515957421,0.0,0.0,0.0
1925299,skillcorner,Brisbane FC,Perth Glory,114,72.0,2,individual,2.75,18,3,18,33.0990200005982,2.3415654500325522,3.589113235473633,7.024696350097656
1925299,skillcorner,Brisbane FC,Perth Glory,114,72.0,2,tactical,11.75,4,0,4,53.880694531624336,0.0,0.0,0.0
1925299,skillcorner,Brisbane FC,Perth Glory,114,72.0,2,team,23.0,2,0,2,46.19811428256901,0.0,0.0,0.0
1925299,skillcorner,Brisbane FC,Perth Glory,115,72.0,2,individual,2.75,21,1,21,34.29194319152106,2.1945743560791016,2.1945743560791016,2.1945743560791016
1925299,skillcorner,Brisbane FC,Perth Glory,115,72.0,2,tactical,11.75,6,0,6,50.77924243207296,0.0,0.0,0.0
1925299,skillcorner,Brisbane FC,Perth Glory,115,72.0,2,team,23.0,2,0,2,54.6965574266888,0.0,0.0,0.0
1925299,skillcorner,Brisbane FC,Perth Glory,116,73.0,2,individual,2.75,20,2,20,35.095201885583904,2.044678211212158,3.2738399505615234,4.089356422424316
1925299,skillcorner,Brisbane FC,Perth Glory,116,73.0,2,tactical,11.75,6,0,6,49.251146831824514,0.0,0.0,0.0
1925299,skillcorner,Brisbane FC,Perth Glory,116,73.0,2,team,23.0,2,0,2,46.62489097091689,0.0,0.0,0.0
1925299,skillcorner,Brisbane FC,Perth Glory,117,74.0,2,individual,2.75,18,2,18,30.49910244580978,1.415151596069336,2.312162399291992,2.830303192138672
1925299,skillcorner,Brisbane FC,Perth Glory,117,74.0,2,tactical,11.75,4,0,4,48.66776572563664,0.0,0.0,0.0
1925299,skillcorner,Brisbane FC,Perth Glory,117,74.0,2,team,23.0,2,0,2,48.215909009710195,0.0,0.0,0.0
1925299,skillcorner,Brisbane FC,Perth Glory,118,74.0,2,individual,2.75,20,2,20,29.142219067372427,3.4867095947265625,4.4695634841918945,6.973419189453125
1925299,skillcorner,Brisbane FC,Perth Glory,118,74.0,2,tactical,11.75,3,0,3,60.89237354579277,0.0,0.0,0.0
1925299,skillcorner,Brisbane FC,Perth Glory,118,74.0,2,team,23.0,2,0,2,46.0,0.0,0.0,0.0
1925299,skillcorner,Brisbane FC,Perth Glory,119,75.0,2,individual,2.75,21,3,21,30.968063082204846,0.6889503796895345,1.0789527893066406,2.0668511390686035
1925299,skillcorner,Brisbane FC,Perth Glory,119,75.0,2,tactical,11.75,3,0,3,57.98282919592562,0.0,0.0,0.0
1925299,skillcorner,Brisbane FC,Perth Glory,119,75.0,2,team,23.0,2,0,2,63.585739673262566,0.0,0.0,0.0
1925299,skillcorner,Brisbane FC,Perth Glory,120,76.0,2,individual,2.75,10,0,10,36.696981559190334,0.0,0.0,0.0
1925299,skillcorner,Brisbane FC,Perth Glory,120,76.0,2,tactical,11.75,4,0,4,41.99812384775347,0.0,0.0,0.0
1925299,skillcorner,Brisbane FC,Perth Glory,120,76.0,2,team,23.0,2,0,2,57.91484457369686,0.0,0.0,0.0
1925299,skillcorner,Brisbane FC,Perth Glory,121,76.0,2,individual,2.75,21,2,21,33.27445129956051,1.6854095458984375,1.910531997680664,3.370819091796875
1925299,skillcorner,Brisbane FC,Perth Glory,121,76.0,2,tactical,11.75,4,0,4,48.90407849466623,0.0,0.0,0.0
1925299,skillcorner,Brisbane FC,Perth Glory,121,76.0,2,team,23.0,2,0,2,50.31673330129231,0.0,0.0,0.0
1925299,skillcorner,Brisbane FC,Perth Glory,122,77.0,2,individual,2.75,21,3,21,34.97369585195267,1.3597650527954102,2.1310853958129883,4.0792951583862305
1925299,skillcorner,Brisbane FC,Perth Glory,122,77.0,2,tactical,11.75,6,0,6,48.868109949010424,0.0,0.0,0.0
1925299,skillcorner,Brisbane FC,Perth Glory,122,77.0,2,team,23.0,2,0,2,48.607837021972585,0.0,0.0,0.0
1925299,skillcorner,Brisbane FC,Perth Glory,123,77.0,2,individual,2.75,20,3,20,28.691415480802284,1.3667359352111816,3.3774147033691406,4.100207805633545
1925299,skillcorner,Brisbane FC,Perth Glory,123,77.0,2,tactical,11.75,2,0,2,61.2436858756655,0.0,0.0,0.0
1925299,skillcorner,Brisbane FC,Perth Glory,123,77.0,2,team,23.0,2,0,2,61.2436858756655,0.0,0.0,0.0
1925299,skillcorner,Brisbane FC,Perth Glory,124,78.0,2,individual,2.75,19,2,19,35.42839821949532,1.4491944313049316,2.6556472778320312,2.8983888626098633
1925299,skillcorner,Brisbane FC,Perth Glory,124,78.0,2,tactical,11.75,4,0,4,43.983074042490024,0.0,0.0,0.0
1925299,skillcorner,Brisbane FC,Perth Glory,124,78.0,2,team,23.0,2,0,2,59.32192936726583,0.0,0.0,0.0
1925299,skillcorner,Brisbane FC,Perth Glory,125,80.0,2,individual,2.75,18,2,18,29.712295855419857,4.601893424987793,5.478601455688477,9.203786849975586
1925299,skillcorner,Brisbane FC,Perth Glory,125,80.0,2,tactical,11.75,3,0,3,65.26634638916207,0.0,0.0,0.0
1925299,skillcorner,Brisbane FC,Perth Glory,125,80.0,2,team,23.0,3,0,3,65.26634638916207,0.0,0.0,0.0
1925299,skillcorner,Brisbane FC,Perth Glory,126,80.0,2,individual,2.75,21,1,21,28.182902023266777,3.3804264068603516,3.3804264068603516,3.3804264068603516
1925299,skillcorner,Brisbane FC,Perth Glory,126,80.0,2,tactical,11.75,3,0,3,65.2099607108751,0.0,0.0,0.0
1925299,skillcorner,Brisbane FC,Perth Glory,126,80.0,2,team,23.0,2,0,2,52.18872157504137,0.0,0.0,0.0
1925299,skillcorner,Brisbane FC,Perth Glory,127,81.0,2,individual,2.75,20,6,20,42.14924050599197,0.9882891972859701,1.4250640869140625,5.92973518371582
1925299,skillcorner,Brisbane FC,Perth Glory,127,81.0,2,tactical,11.75,8,1,8,54.59703773214194,4.751911163330078,4.751911163330078,4.751911163330078
1925299,skillcorner,Brisbane FC,Perth Glory,127,81.0,2,team,23.0,2,0,2,54.25396106002721,0.0,0.0,0.0
1925299,skillcorner,Brisbane FC,Perth Glory,128,81.0,2,individual,2.75,18,3,18,42.086786524989044,2.6319058736165366,6.263948440551758,7.895717620849609
1925299,skillcorner,Brisbane FC,Perth Glory,128,81.0,2,tactical,11.75,10,1,10,47.90309306297455,4.197015762329102,4.197015762329102,4.197015762329102
1925299,skillcorner,Brisbane FC,Perth Glory,128,81.0,2,team,23.0,1,0,1,46.0,0.0,0.0,0.0
1925299,skillcorner,Brisbane FC,Perth Glory,129,82.0,2,individual,2.75,20,1,20,32.48284905568043,2.4356136322021484,2.4356136322021484,2.4356136322021484
1925299,skillcorner,Brisbane FC,Perth Glory,129,82.0,2,tactical,11.75,5,0,5,56.282792417563996,0.0,0.0,0.0
1925299,skillcorner,Brisbane FC,Perth Glory,129,82.0,2,team,23.0,2,0,2,55.905268777616165,0.0,0.0,0.0
1925299,skillcorner,Brisbane FC,Perth Glory,130,83.0,2,individual,2.75,19,3,19,29.77008136737757,2.7938407262166343,6.070976257324219,8.381522178649902
1925299,skillcorner,Brisbane FC,Perth Glory,130,83.0,2,tactical,11.75,2,0,2,63.34445907647812,0.0,0.0,0.0
1925299,skillcorner,Brisbane FC,Perth Glory,130,83.0,2,team,23.0,2,0,2,63.34445907647812,0.0,0.0,0.0
1925299,skillcorner,Brisbane FC,Perth Glory,131,83.0,2,individual,2.75,20,2,20,33.43468589683733,1.362297534942627,2.3153839111328125,2.724595069885254
1925299,skillcorner,Brisbane FC,Perth Glory,131,83.0,2,tactical,11.75,4,0,4,49.45931849950045,0.0,0.0,0.0
1925299,skillcorner,Brisbane FC,Perth Glory,131,83.0,2,team,23.0,2,0,2,46.0,0.0,0.0,0.0
1925299,skillcorner,Brisbane FC,Perth Glory,132,84.0,2,individual,2.75,21,4,21,35.48962296588592,1.7854640483856201,3.8352184295654297,7.1418561935424805
1925299,skillcorner,Brisbane FC,Perth Glory,132,84.0,2,tactical,11.75,6,0,6,51.14778534674717,0.0,0.0,0.0
1925299,skillcorner,Brisbane FC,Perth Glory,132,84.0,2,team,23.0,2,0,2,49.295261189458785,0.0,0.0,0.0
1925299,skillcorner,Brisbane FC,Perth Glory,133,85.0,2,individual,2.75,21,3,21,37.407585156427416,0.4144757588704427,0.5992488861083984,1.2434272766113281
1925299,skillcorner,Brisbane FC,Perth Glory,133,85.0,2,tactical,11.75,6,1,6,46.96140912887754,3.134794235229492,3.134794235229492,3.134794235229492
1925299,skillcorner,Brisbane FC,Perth Glory,133,85.0,2,team,23.0,2,0,2,46.0,0.0,0.0,0.0
1925299,skillcorner,Brisbane FC,Perth Glory,134,85.0,2,individual,2.75,20,5,20,25.865937180690096,0.7304531097412109,2.3064422607421875,3.6522655487060547
1925299,skillcorner,Brisbane FC,Perth Glory,134,85.0,2,tactical,11.75,5,0,5,40.45422094979777,0.0,0.0,0.0
1925299,skillcorner,Brisbane FC,Perth Glory,134,85.0,2,team,23.0,2,0,2,56.46715463129159,0.0,0.0,0.0
1925299,skillcorner,Brisbane FC,Perth Glory,135,87.0,2,individual,2.75,20,2,20,28.7667877720244,1.7763214111328125,2.451809883117676,3.552642822265625
1925299,skillcorner,Brisbane FC,Perth Glory,135,87.0,2,tactical,11.75,3,0,3,62.220254853319055,0.0,0.0,0.0
1925299,skillcorner,Brisbane FC,Perth Glory,135,87.0,2,team,23.0,3,0,3,62.220254853319055,0.0,0.0,0.0
1925299,skillcorner,Brisbane FC,Perth Glory,136,87.0,2,individual,2.75,19,2,19,33.27440823823193,3.0535736083984375,4.376321792602539,6.107147216796875
1925299,skillcorner,Brisbane FC,Perth Glory,136,87.0,2,tactical,11.75,5,0,5,53.220951797504654,0.0,0.0,0.0
1925299,skillcorner,Brisbane FC,Perth Glory,136,87.0,2,team,23.0,2,0,2,56.821488479810384,0.0,0.0,0.0
1925299,skillcorner,Brisbane FC,Perth Glory,137,88.0,2,individual,2.75,21,3,21,35.13447995224781,0.8006652196248373,1.2970123291015625,2.4019956588745117
1925299,skillcorner,Brisbane FC,Perth Glory,137,88.0,2,tactical,11.75,6,1,6,43.7666435662849,6.345676422119141,6.345676422119141,6.345676422119141
1925299,skillcorner,Brisbane FC,Perth Glory,137,88.0,2,team,23.0,2,0,2,56.0598485666452,0.0,0.0,0.0
1925299,skillcorner,Brisbane FC,Perth Glory,138,88.0,2,individual,2.75,18,0,18,23.252801981696745,0.0,0.0,0.0
1925299,skillcorner,Brisbane FC,Perth Glory,138,88.0,2,tactical,11.75,3,0,3,49.87084365818971,0.0,0.0,0.0
1925299,skillcorner,Brisbane FC,Perth Glory,138,88.0,2,team,23.0,2,0,2,61.920524897873065,0.0,0.0,0.0
1925299,skillcorner,Brisbane FC,Perth Glory,139,89.0,2,individual,2.75,21,1,21,36.09776189832544,1.1016197204589844,1.1016197204589844,1.1016197204589844
1925299,skillcorner,Brisbane FC,Perth Glory,139,89.0,2,tactical,11.75,5,0,5,56.86687205189244,0.0,0.0,0.0
1925299,skillcorner,Brisbane FC,Perth Glory,139,89.0,2,team,23.0,2,0,2,53.00794772052536,0.0,0.0,0.0
1925299,skillcorner,Brisbane FC,Perth Glory,140,90.0,2,individual,2.75,16,2,16,30.759611025503816,1.3441441059112549,2.241745948791504,2.6882882118225098
1925299,skillcorner,Brisbane FC,Perth Glory,140,90.0,2,tactical,11.75,3,0,3,50.0305822998869,0.0,0.0,0.0
1925299,skillcorner,Brisbane FC,Perth Glory,140,90.0,2,team,23.0,2,0,2,62.55351575336574,0.0,0.0,0.0
1925299,skillcorner,Brisbane FC,Perth Glory,141,90.0,2,individual,2.75,19,2,19,30.280809278071487,1.5965442657470703,2.725414276123047,3.1930885314941406
1925299,skillcorner,Brisbane FC,Perth Glory,141,90.0,2,tactical,11.75,5,0,5,51.75402032687685,0.0,0.0,0.0
1925299,skillcorner,Brisbane FC,Perth Glory,141,90.0,2,team,23.0,2,0,2,53.89876341561489,0.0,0.0,0.0
1925299,skillcorner,Brisbane FC,Perth Glory,142,91.0,2,individual,2.75,18,1,18,32.65930954567166,0.6444816589355469,0.6444816589355469,0.6444816589355469
1925299,skillcorner,Brisbane FC,Perth Glory,142,91.0,2,tactical,11.75,2,0,2,47.68553762081268,0.0,0.0,0.0
1925299,skillcorner,Brisbane FC,Perth Glory,142,91.0,2,team,23.0,2,0,2,47.68553762081268,0.0,0.0,0.0
1925299,skillcorner,Brisbane FC,Perth Glory,143,91.0,2,individual,2.75,20,4,20,33.018921685662086,1.2192041873931885,2.461149215698242,4.876816749572754
1925299,skillcorner,Brisbane FC,Perth Glory,143,91.0,2,tactical,11.75,4,0,4,52.04187514019839,0.0,0.0,0.0
1925299,skillcorner,Brisbane FC,Perth Glory,143,91.0,2,team,23.0,3,0,3,60.36985498123826,0.0,0.0,0.0
1925299,skillcorner,Brisbane FC,Perth Glory,144,92.0,2,individual,2.75,20,2,20,27.20212917224275,0.4823732376098633,0.8431015014648438,0.9647464752197266
1925299,skillcorner,Brisbane FC,Perth Glory,144,92.0,2,tactical,11.75,2,0,2,60.76320958630333,0.0,0.0,0.0
1925299,skillcorner,Brisbane FC,Perth Glory,144,92.0,2,team,23.0,2,0,2,60.76320958630333,0.0,0.0,0.0
1925299,skillcorner,Brisbane FC,Perth Glory,145,93.0,2,individual,2.75,20,3,20,36.143442751281476,1.5204575856526692,1.7627410888671875,4.561372756958008
1925299,skillcorner,Brisbane FC,Perth Glory,145,93.0,2,tactical,11.75,7,0,7,55.05212439134388,0.0,0.0,0.0
1925299,skillcorner,Brisbane FC,Perth Glory,145,93.0,2,team,23.0,1,0,1,46.0,0.0,0.0,0.0
1925299,skillcorner,Brisbane FC,Perth Glory,146,94.0,2,individual,2.75,18,1,18,34.424932824916304,2.3589468002319336,2.3589468002319336,2.3589468002319336
1925299,skillcorner,Brisbane FC,Perth Glory,146,94.0,2,tactical,11.75,5,0,5,48.5615294672663,0.0,0.0,0.0
1925299,skillcorner,Brisbane FC,Perth Glory,146,94.0,2,team,23.0,2,0,2,50.38805463711988,0.0,0.0,0.0
1925299,skillcorner,Brisbane FC,Perth Glory,147,95.0,2,individual,2.75,16,2,16,26.333003957019265,1.6465117931365967,2.4970321655273438,3.2930235862731934
1925299,skillcorner,Brisbane FC,Perth Glory,147,95.0,2,tactical,11.75,4,0,4,52.52307144874174,0.0,0.0,0.0
1925299,skillcorner,Brisbane FC,Perth Glory,147,95.0,2,team,23.0,2,0,2,56.4041539857489,0.0,0.0,0.0
1925299,skillcorner,Brisbane FC,Perth Glory,148,95.0,2,individual,2.75,19,2,19,27.72924607342038,1.0237722396850586,1.067173957824707,2.047544479370117
1925299,skillcorner,Brisbane FC,Perth Glory,148,95.0,2,tactical,11.75,3,0,3,46.35967906003911,0.0,0.0,0.0
1925299,skillcorner,Brisbane FC,Perth Glory,148,95.0,2,team,23.0,2,0,2,56.600118757036704,0.0,0.0,0.0
1925299,skillcorner,Brisbane FC,Perth Glory,149,96.0,2,individual,2.75,17,2,17,31.305656793089128,0.54593825340271,0.877103328704834,1.09187650680542
1925299,skillcorner,Brisbane FC,Perth Glory,149,96.0,2,tactical,11.75,4,0,4,44.22309177084061,0.0,0.0,0.0
1925299,skillcorner,Brisbane FC,Perth Glory,149,96.0,2,team,23.0,2,0,2,54.87235106856078,0.0,0.0,0.0
1899585,skillcorner,Auckland FC,Wellington P FC,0,0.0,1,individual,2.75,20,6,20,37.83639149310649,1.13389253616333,2.7014875411987305,6.8033552169799805
1899585,skillcorner,Auckland FC,Wellington P FC,0,0.0,1,tactical,11.75,6,0,6,52.43492453542286,0.0,0.0,0.0
1899585,skillcorner,Auckland FC,Wellington P FC,0,0.0,1,team,23.0,1,0,1,46.0,0.0,0.0,0.0
1899585,skillcorner,Auckland FC,Wellington P FC,1,0.0,1,individual,2.75,21,4,21,42.22760725508762,2.415512442588806,4.595973968505859,9.662049770355225
1899585,skillcorner,Auckland FC,Wellington P FC,1,0.0,1,tactical,11.75,8,1,8,49.27884917258856,4.837583541870117,4.837583541870117,4.837583541870117
1899585,skillcorner,Auckland FC,Wellington P FC,1,0.0,1,team,23.0,2,0,2,53.28010010213405,0.0,0.0,0.0
1899585,skillcorner,Auckland FC,Wellington P FC,2,1.0,1,individual,2.75,11,0,11,35.84435249209759,0.0,0.0,0.0
1899585,skillcorner,Auckland FC,Wellington P FC,2,1.0,1,tactical,11.75,4,0,4,46.524218750865344,0.0,0.0,0.0
1899585,skillcorner,Auckland FC,Wellington P FC,2,1.0,1,team,23.0,2,0,2,60.45919942229288,0.0,0.0,0.0
1899585,skillcorner,Auckland FC,Wellington P FC,3,1.0,1,individual,2.75,19,5,19,38.624953071086594,1.9499570846557617,2.919931411743164,9.749785423278809
1899585,skillcorner,Auckland FC,Wellington P FC,3,1.0,1,tactical,11.75,7,1,7,46.36081642939434,6.215705871582031,6.215705871582031,6.215705871582031
1899585,skillcorner,Auckland FC,Wellington P FC,3,1.0,1,team,23.0,1,0,1,46.0,0.0,0.0,0.0
1899585,skillcorner,Auckland FC,Wellington P FC,4,2.0,1,individual,2.75,18,1,18,36.86212826194385,0.657200813293457,0.657200813293457,0.657200813293457
1899585,skillcorner,Auckland FC,Wellington P FC,4,2.0,1,tactical,11.75,5,0,5,47.16370524914397,0.0,0.0,0.0
1899585,skillcorner,Auckland FC,Wellington P FC,4,2.0,1,team,23.0,2,0,2,53.026570112241664,0.0,0.0,0.0
1899585,skillcorner,Auckland FC,Wellington P FC,5,2.0,1,individual,2.75,18,3,18,37.39166919248189,2.1321789423624673,4.351742744445801,6.396536827087402
1899585,skillcorner,Auckland FC,Wellington P FC,5,2.0,1,tactical,11.75,7,1,7,48.746139334310364,4.232234954833984,4.232234954833984,4.232234954833984
1899585,skillcorner,Auckland FC,Wellington P FC,5,2.0,1,team,23.0,3,0,3,49.81101374804544,0.0,0.0,0.0
1899585,skillcorner,Auckland FC,Wellington P FC,6,3.0,1,individual,2.75,11,1,11,36.78224061798576,2.543722152709961,2.543722152709961,2.543722152709961
1899585,skillcorner,Auckland FC,Wellington P FC,6,3.0,1,tactical,11.75,5,0,5,57.218913153286465,0.0,0.0,0.0
1899585,skillcorner,Auckland FC,Wellington P FC,6,3.0,1,team,23.0,2,0,2,61.07183759447176,0.0,0.0,0.0
1899585,skillcorner,Auckland FC,Wellington P FC,7,3.0,1,individual,2.75,19,2,19,27.377636791207266,0.6460156440734863,0.9600849151611328,1.2920312881469727
1899585,skillcorner,Auckland FC,Wellington P FC,7,3.0,1,tactical,11.75,3,0,3,49.522665662932795,0.0,0.0,0.0
1899585,skillcorner,Auckland FC,Wellington P FC,7,3.0,1,team,23.0,2,0,2,56.240436002251585,0.0,0.0,0.0
1899585,skillcorner,Auckland FC,Wellington P FC,8,4.0,1,individual,2.75,21,5,21,27.953371240293734,0.8994683265686035,2.6507043838500977,4.497341632843018
1899585,skillcorner,Auckland FC,Wellington P FC,8,4.0,1,tactical,11.75,5,0,5,46.90432157239632,0.0,0.0,0.0
1899585,skillcorner,Auckland FC,Wellington P FC,8,4.0,1,team,23.0,3,0,3,61.66738748224596,0.0,0.0,0.0
1899585,skillcorner,Auckland FC,Wellington P FC,9,5.0,1,individual,2.75,21,4,21,35.1839554987688,1.0977721214294434,2.054464340209961,4.391088485717773
1899585,skillcorner,Auckland FC,Wellington P FC,9,5.0,1,tactical,11.75,6,0,6,49.044541103577174,0.0,0.0,0.0
1899585,skillcorner,Auckland FC,Wellington P FC,9,5.0,1,team,23.0,2,0,2,46.0,0.0,0.0,0.0
1899585,skillcorner,Auckland FC,Wellington P FC,10,5.0,1,individual,2.75,18,2,18,38.6792476658996,3.807551383972168,4.214183807373047,7.615102767944336
1899585,skillcorner,Auckland FC,Wellington P FC,10,5.0,1,tactical,11.75,9,1,9,43.48052255660972,4.414567947387695,4.414567947387695,4.414567947387695
1899585,skillcorner,Auckland FC,Wellington P FC,10,5.0,1,team,23.0,2,0,2,48.71429175859945,0.0,0.0,0.0
1899585,skillcorner,Auckland FC,Wellington P FC,11,6.0,1,individual,2.75,19,3,19,31.21668930313096,1.4103164672851562,1.7335281372070312,4.230949401855469
1899585,skillcorner,Auckland FC,Wellington P FC,11,6.0,1,tactical,11.75,6,0,6,47.87468751801188,0.0,0.0,0.0
1899585,skillcorner,Auckland FC,Wellington P FC,11,6.0,1,team,23.0,2,0,2,58.69329360184347,0.0,0.0,0.0
1899585,skillcorner,Auckland FC,Wellington P FC,12,6.0,1,individual,2.75,21,1,21,33.67372324257861,4.981548309326172,4.981548309326172,4.981548309326172
1899585,skillcorner,Auckland FC,Wellington P FC,12,6.0,1,tactical,11.75,2,0,2,53.657390844973534,0.0,0.0,0.0
1899585,skillcorner,Auckland FC,Wellington P FC,12,6.0,1,team,23.0,2,0,2,53.657390844973534,0.0,0.0,0.0
1899585,skillcorner,Auckland FC,Wellington P FC,13,6.0,1,individual,2.75,21,1,21,32.37664888090994,1.4344215393066406,1.4344215393066406,1.4344215393066406
1899585,skillcorner,Auckland FC,Wellington P FC,13,6.0,1,tactical,11.75,5,0,5,50.2445423465349,0.0,0.0,0.0
1899585,skillcorner,Auckland FC,Wellington P FC,13,6.0,1,team,23.0,2,0,2,49.962186846779154,0.0,0.0,0.0
1899585,skillcorner,Auckland FC,Wellington P FC,14,7.0,1,individual,2.75,17,0,17,30.9871542020052,0.0,0.0,0.0
1899585,skillcorner,Auckland FC,Wellington P FC,14,7.0,1,tactical,11.75,4,0,4,48.277534264910585,0.0,0.0,0.0
1899585,skillcorner,Auckland FC,Wellington P FC,14,7.0,1,team,23.0,2,0,2,62.074542645686904,0.0,0.0,0.0
1899585,skillcorner,Auckland FC,Wellington P FC,15,8.0,1,individual,2.75,20,2,20,35.12504106703812,1.8098459243774414,2.849257469177246,3.619691848754883
1899585,skillcorner,Auckland FC,Wellington P FC,15,8.0,1,tactical,11.75,5,0,5,32.91922173883048,0.0,0.0,0.0
1899585,skillcorner,Auckland FC,Wellington P FC,15,8.0,1,team,23.0,2,0,2,53.19224635541914,0.0,0.0,0.0
1899585,skillcorner,Auckland FC,Wellington P FC,16,8.0,1,individual,2.75,21,2,21,30.196596848675906,1.9740986824035645,3.170886993408203,3.948197364807129
1899585,skillcorner,Auckland FC,Wellington P FC,16,8.0,1,tactical,11.75,3,0,3,59.96741278648747,0.0,0.0,0.0
1899585,skillcorner,Auckland FC,Wellington P FC,16,8.0,1,team,23.0,2,0,2,57.26869473256643,0.0,0.0,0.0
1899585,skillcorner,Auckland FC,Wellington P FC,17,9.0,1,individual,2.75,18,2,18,28.904479324146283,1.5091540813446045,2.164374351501465,3.018308162689209
1899585,skillcorner,Auckland FC,Wellington P FC,17,9.0,1,tactical,11.75,3,0,3,51.993463313943465,0.0,0.0,0.0
1899585,skillcorner,Auckland FC,Wellington P FC,17,9.0,1,team,23.0,2,0,2,56.54561634348324,0.0,0.0,0.0
1899585,skillcorner,Auckland FC,Wellington P FC,18,9.0,1,individual,2.75,21,3,21,33.337773037738614,1.6461381912231445,2.4330577850341797,4.938414573669434
1899585,skillcorner,Auckland FC,Wellington P FC,18,9.0,1,tactical,11.75,4,0,4,61.6825372825882,0.0,0.0,0.0
1899585,skillcorner,Auckland FC,Wellington P FC,18,9.0,1,team,23.0,2,0,2,56.72691623979835,0.0,0.0,0.0
1899585,skillcorner,Auckland FC,Wellington P FC,19,9.0,1,individual,2.75,19,3,19,33.596139150909664,1.866166114807129,2.731926918029785,5.598498344421387
1899585,skillcorner,Auckland FC,Wellington P FC,19,9.0,1,tactical,11.75,6,0,6,44.75788812081238,0.0,0.0,0.0
1899585,skillcorner,Auckland FC,Wellington P FC,19,9.0,1,team,23.0,2,0,2,46.57827502504135,0.0,0.0,0.0
1899585,skillcorner,Auckland FC,Wellington P FC,20,10.0,1,individual,2.75,20,2,20,33.73137609214302,2.79058837890625,4.562691688537598,5.5811767578125
1899585,skillcorner,Auckland FC,Wellington P FC,20,10.0,1,tactical,11.75,5,0,5,50.62779635737746,0.0,0.0,0.0
1899585,skillcorner,Auckland FC,Wellington P FC,20,10.0,1,team,23.0,2,0,2,49.09830099909499,0.0,0.0,0.0
1899585,skillcorner,Auckland FC,Wellington P FC,21,10.0,1,individual,2.75,20,4,20,36.127924563627985,0.9889616966247559,2.3503541946411133,3.9558467864990234
1899585,skillcorner,Auckland FC,Wellington P FC,21,10.0,1,tactical,11.75,6,1,6,45.44363394526942,1.6255340576171875,1.6255340576171875,1.6255340576171875
1899585,skillcorner,Auckland FC,Wellington P FC,21,10.0,1,team,23.0,2,0,2,62.84753820198437,0.0,0.0,0.0
1899585,skillcorner,Auckland FC,Wellington P FC,22,11.0,1,individual,2.75,20,1,20,33.07980231159944,0.2043437957763672,0.2043437957763672,0.2043437957763672
1899585,skillcorner,Auckland FC,Wellington P FC,22,11.0,1,tactical,11.75,3,0,3,49.416668634423075,0.0,0.0,0.0
1899585,skillcorner,Auckland FC,Wellington P FC,22,11.0,1,team,23.0,2,0,2,56.85529560890094,0.0,0.0,0.0
1899585,skillcorner,Auckland FC,Wellington P FC,23,12.0,1,individual,2.75,20,2,20,36.64038431300408,1.6408429145812988,2.657939910888672,3.2816858291625977
1899585,skillcorner,Auckland FC,Wellington P FC,23,12.0,1,tactical,11.75,7,0,7,51.323582298978316,0.0,0.0,0.0
1899585,skillcorner,Auckland FC,Wellington P FC,23,12.0,1,team,23.0,2,0,2,48.728117109653994,0.0,0.0,0.0
1899585,skillcorner,Auckland FC,Wellington P FC,24,12.0,1,individual,2.75,22,6,22,34.92502779860543,1.5773906707763672,3.920102119445801,9.464344024658203
1899585,skillcorner,Auckland FC,Wellington P FC,24,12.0,1,tactical,11.75,7,1,7,47.18584725582449,3.5601234436035156,3.5601234436035156,3.5601234436035156
1899585,skillcorner,Auckland FC,Wellington P FC,24,12.0,1,team,23.0,2,0,2,46.264205270839824,0.0,0.0,0.0
1899585,skillcorner,Auckland FC,Wellington P FC,25,13.0,1,individual,2.75,22,4,22,34.90819040698219,1.919523000717163,3.44106388092041,7.678092002868652
1899585,skillcorner,Auckland FC,Wellington P FC,25,13.0,1,tactical,11.75,7,1,7,46.06546862889815,0.9623603820800781,0.9623603820800781,0.9623603820800781
1899585,skillcorner,Auckland FC,Wellington P FC,25,13.0,1,team,23.0,2,0,2,46.0,0.0,0.0,0.0
1899585,skillcorner,Auckland FC,Wellington P FC,26,13.0,1,individual,2.75,19,3,19,35.42310993908633,1.3347454071044922,1.540907859802246,4.004236221313477
1899585,skillcorner,Auckland FC,Wellington P FC,26,13.0,1,tactical,11.75,8,0,8,46.85904523814771,0.0,0.0,0.0
1899585,skillcorner,Auckland FC,Wellington P FC,26,13.0,1,team,23.0,2,0,2,46.0,0.0,0.0,0.0
1899585,skillcorner,Auckland FC,Wellington P FC,27,14.0,1,individual,2.75,20,2,20,32.03880730939516,3.4131555557250977,5.664693832397461,6.826311111450195
1899585,skillcorner,Auckland FC,Wellington P FC,27,14.0,1,tactical,11.75,4,0,4,48.02076017097518,0.0,0.0,0.0
1899585,skillcorner,Auckland FC,Wellington P FC,27,14.0,1,team,23.0,2,0,2,50.32885844413968,0.0,0.0,0.0
1899585,skillcorner,Auckland FC,Wellington P FC,28,14.0,1,individual,2.75,18,3,18,27.748569782963585,1.4203100204467773,2.553318977355957,4.260930061340332
1899585,skillcorner,Auckland FC,Wellington P FC,28,14.0,1,tactical,11.75,3,0,3,56.31251208315493,0.0,0.0,0.0
1899585,skillcorner,Auckland FC,Wellington P FC,28,14.0,1,team,23.0,2,0,2,61.95807051396983,0.0,0.0,0.0
1899585,skillcorner,Auckland FC,Wellington P FC,29,15.0,1,individual,2.75,22,3,22,38.74587866030484,2.173121770222982,4.132856369018555,6.519365310668945
1899585,skillcorner,Auckland FC,Wellington P FC,29,15.0,1,tactical,11.75,5,0,5,52.882030637545974,0.0,0.0,0.0
1899585,skillcorner,Auckland FC,Wellington P FC,29,15.0,1,team,23.0,2,0,2,46.0,0.0,0.0,0.0
1899585,skillcorner,Auckland FC,Wellington P FC,30,15.0,1,individual,2.75,16,0,16,32.95522478235364,0.0,0.0,0.0
1899585,skillcorner,Auckland FC,Wellington P FC,30,15.0,1,tactical,11.75,2,0,2,58.838297013636044,0.0,0.0,0.0
1899585,skillcorner,Auckland FC,Wellington P FC,30,15.0,1,team,23.0,2,0,2,58.838297013636044,0.0,0.0,0.0
1899585,skillcorner,Auckland FC,Wellington P FC,31,16.0,1,individual,2.75,20,2,20,31.96706256814674,1.8383269309997559,2.5874252319335938,3.6766538619995117
1899585,skillcorner,Auckland FC,Wellington P FC,31,16.0,1,tactical,11.75,7,1,7,43.355854275979844,0.60821533203125,0.60821533203125,0.60821533203125
1899585,skillcorner,Auckland FC,Wellington P FC,31,16.0,1,team,23.0,2,0,2,50.53890725680581,0.0,0.0,0.0
1899585,skillcorner,Auckland FC,Wellington P FC,32,17.0,1,individual,2.75,11,1,11,30.89847009153609,1.0744094848632812,1.0744094848632812,1.0744094848632812
1899585,skillcorner,Auckland FC,Wellington P FC,32,17.0,1,tactical,11.75,4,0,4,46.82870312381557,0.0,0.0,0.0
1899585,skillcorner,Auckland FC,Wellington P FC,32,17.0,1,team,23.0,2,0,2,58.09949524800162,0.0,0.0,0.0
1899585,skillcorner,Auckland FC,Wellington P FC,33,18.0,1,individual,2.75,19,3,19,35.46587611410102,1.6191778182983398,4.323992729187012,4.8575334548950195
1899585,skillcorner,Auckland FC,Wellington P FC,33,18.0,1,tactical,11.75,6,0,6,45.514417061638355,0.0,0.0,0.0
1899585,skillcorner,Auckland FC,Wellington P FC,33,18.0,1,team,23.0,1,0,1,46.0,0.0,0.0,0.0
1899585,skillcorner,Auckland FC,Wellington P FC,34,18.0,1,individual,2.75,21,5,21,34.67481373337588,1.2064388275146485,2.070842742919922,6.032194137573242
1899585,skillcorner,Auckland FC,Wellington P FC,34,18.0,1,tactical,11.75,5,0,5,55.24348811744404,0.0,0.0,0.0
1899585,skillcorner,Auckland FC,Wellington P FC,34,18.0,1,team,23.0,2,0,2,49.42149386203897,0.0,0.0,0.0
1899585,skillcorner,Auckland FC,Wellington P FC,35,18.0,1,individual,2.75,18,2,18,33.53420492571727,2.2898387908935547,2.358621597290039,4.579677581787109
1899585,skillcorner,Auckland FC,Wellington P FC,35,18.0,1,tactical,11.75,4,0,4,51.012519515982234,0.0,0.0,0.0
1899585,skillcorner,Auckland FC,Wellington P FC,35,18.0,1,team,23.0,2,0,2,62.15421588946696,0.0,0.0,0.0
1899585,skillcorner,Auckland FC,Wellington P FC,36,19.0,1,individual,2.75,20,2,20,34.540065372194235,1.4227237701416016,2.0173511505126953,2.845447540283203
1899585,skillcorner,Auckland FC,Wellington P FC,36,19.0,1,tactical,11.75,6,1,6,47.613953656165364,3.7303619384765625,3.7303619384765625,3.7303619384765625
1899585,skillcorner,Auckland FC,Wellington P FC,36,19.0,1,team,23.0,2,0,2,53.35595275441218,0.0,0.0,0.0
1899585,skillcorner,Auckland FC,Wellington P FC,37,20.0,1,individual,2.75,20,5,20,38.40362273227524,1.422968864440918,4.667301177978516,7.11484432220459
1899585,skillcorner,Auckland FC,Wellington P FC,37,20.0,1,tactical,11.75,6,0,6,45.42064635517859,0.0,0.0,0.0
1899585,skillcorner,Auckland FC,Wellington P FC,37,20.0,1,team,23.0,2,0,2,48.1771527271793,0.0,0.0,0.0
1899585,skillcorner,Auckland FC,Wellington P FC,38,22.0,1,individual,2.75,18,2,18,35.736106391155715,0.4707045555114746,0.7719230651855469,0.9414091110229492
1899585,skillcorner,Auckland FC,Wellington P FC,38,22.0,1,tactical,11.75,5,0,5,54.90007814264351,0.0,0.0,0.0
1899585,skillcorner,Auckland FC,Wellington P FC,38,22.0,1,team,23.0,2,0,2,61.08163773945686,0.0,0.0,0.0
1899585,skillcorner,Auckland FC,Wellington P FC,39,22.0,1,individual,2.75,22,2,22,35.1722702982858,4.43222188949585,6.073113441467285,8.8644437789917
1899585,skillcorner,Auckland FC,Wellington P FC,39,22.0,1,tactical,11.75,6,0,6,50.44901182993124,0.0,0.0,0.0
1899585,skillcorner,Auckland FC,Wellington P FC,39,22.0,1,team,23.0,2,0,2,49.08035081660663,0.0,0.0,0.0
1899585,skillcorner,Auckland FC,Wellington P FC,40,23.0,1,individual,2.75,19,1,19,39.36254204799141,10.144817352294922,10.144817352294922,10.144817352294922
1899585,skillcorner,Auckland FC,Wellington P FC,40,23.0,1,tactical,11.75,6,1,6,42.48573505684843,3.0162105560302734,3.0162105560302734,3.0162105560302734
1899585,skillcorner,Auckland FC,Wellington P FC,40,23.0,1,team,23.0,2,0,2,58.65835443007623,0.0,0.0,0.0
1899585,skillcorner,Auckland FC,Wellington P FC,41,24.0,1,individual,2.75,18,4,18,32.40654872089899,2.3336119651794434,4.62699031829834,9.334447860717773
1899585,skillcorner,Auckland FC,Wellington P FC,41,24.0,1,tactical,11.75,4,0,4,52.64676355450578,0.0,0.0,0.0
1899585,skillcorner,Auckland FC,Wellington P FC,41,24.0,1,team,23.0,2,0,2,49.82769964515156,0.0,0.0,0.0
1899585,skillcorner,Auckland FC,Wellington P FC,42,24.0,1,individual,2.75,19,4,19,34.208244815184685,2.0200533866882324,4.020892143249512,8.08021354675293
1899585,skillcorner,Auckland FC,Wellington P FC,42,24.0,1,tactical,11.75,6,0,6,39.304171094797525,0.0,0.0,0.0
1899585,skillcorner,Auckland FC,Wellington P FC,42,24.0,1,team,23.0,2,0,2,57.40359393056435,0.0,0.0,0.0
1899585,skillcorner,Auckland FC,Wellington P FC,43,25.0,1,individual,2.75,21,4,21,30.003164728597383,0.30167198181152344,0.5569839477539062,1.2066879272460938
1899585,skillcorner,Auckland FC,Wellington P FC,43,25.0,1,tactical,11.75,6,0,6,49.57200484529914,0.0,0.0,0.0
1899585,skillcorner,Auckland FC,Wellington P FC,43,25.0,1,team,23.0,2,0,2,50.166475896308235,0.0,0.0,0.0
1899585,skillcorner,Auckland FC,Wellington P FC,44,28.0,1,individual,2.75,18,3,18,34.50893942154699,2.292649586995443,3.59158992767334,6.877948760986328
1899585,skillcorner,Auckland FC,Wellington P FC,44,28.0,1,tactical,11.75,5,0,5,55.74178379301857,0.0,0.0,0.0
1899585,skillcorner,Auckland FC,Wellington P FC,44,28.0,1,team,23.0,3,0,3,64.79435032069581,0.0,0.0,0.0
1899585,skillcorner,Auckland FC,Wellington P FC,45,28.0,1,individual,2.75,19,4,19,36.17598580526443,1.6978766918182373,3.5485801696777344,6.791506767272949
1899585,skillcorner,Auckland FC,Wellington P FC,45,28.0,1,tactical,11.75,6,1,6,45.7435803118546,0.8935432434082031,0.8935432434082031,0.8935432434082031
1899585,skillcorner,Auckland FC,Wellington P FC,45,28.0,1,team,23.0,2,0,2,50.61906887514672,0.0,0.0,0.0
1899585,skillcorner,Auckland FC,Wellington P FC,46,30.0,1,individual,2.75,21,3,21,35.96628459193164,1.7659778594970703,3.530978202819824,5.297933578491211
1899585,skillcorner,Auckland FC,Wellington P FC,46,30.0,1,tactical,11.75,7,0,7,53.77774725664883,0.0,0.0,0.0
1899585,skillcorner,Auckland FC,Wellington P FC,46,30.0,1,team,23.0,1,0,1,46.0,0.0,0.0,0.0
1899585,skillcorner,Auckland FC,Wellington P FC,47,31.0,1,individual,2.75,22,4,22,40.45014186089083,1.6702275276184082,2.622346878051758,6.680910110473633
1899585,skillcorner,Auckland FC,Wellington P FC,47,31.0,1,tactical,11.75,8,1,8,53.40337834198556,8.562061309814453,8.562061309814453,8.562061309814453
1899585,skillcorner,Auckland FC,Wellington P FC,47,31.0,1,team,23.0,2,0,2,46.0,0.0,0.0,0.0
1899585,skillcorner,Auckland FC,Wellington P FC,48,32.0,1,individual,2.75,22,3,22,34.78207376516878,2.6425021489461265,2.8045177459716797,7.927506446838379
1899585,skillcorner,Auckland FC,Wellington P FC,48,32.0,1,tactical,11.75,7,1,7,44.947952400526546,0.08801841735839844,0.08801841735839844,0.08801841735839844
1899585,skillcorner,Auckland FC,Wellington P FC,48,32.0,1,team,23.0,2,0,2,50.062407538252465,0.0,0.0,0.0
1899585,skillcorner,Auckland FC,Wellington P FC,49,32.0,1,individual,2.75,20,2,20,38.993047213705225,0.5150532722473145,0.6256008148193359,1.030106544494629
1899585,skillcorner,Auckland FC,Wellington P FC,49,32.0,1,tactical,11.75,7,1,7,48.26850111615234,7.54896354675293,7.54896354675293,7.54896354675293
1899585,skillcorner,Auckland FC,Wellington P FC,49,32.0,1,team,23.0,2,0,2,55.05784411955276,0.0,0.0,0.0
1899585,skillcorner,Auckland FC,Wellington P FC,50,33.0,1,individual,2.75,16,3,16,35.00325000734837,1.2210954030354817,1.480978012084961,3.6632862091064453
1899585,skillcorner,Auckland FC,Wellington P FC,50,33.0,1,tactical,11.75,6,0,6,48.15455402300934,0.0,0.0,0.0
1899585,skillcorner,Auckland FC,Wellington P FC,50,33.0,1,team,23.0,2,0,2,46.0,0.0,0.0,0.0
1899585,skillcorner,Auckland FC,Wellington P FC,51,33.0,1,individual,2.75,21,2,21,38.96067115506649,1.4537558555603027,2.7964935302734375,2.9075117111206055
1899585,skillcorner,Auckland FC,Wellington P FC,51,33.0,1,tactical,11.75,9,1,9,52.40438084602201,2.984485626220703,2.984485626220703,2.984485626220703
1899585,skillcorner,Auckland FC,Wellington P FC,51,33.0,1,team,23.0,2,0,2,46.0,0.0,0.0,0.0
1899585,skillcorner,Auckland FC,Wellington P FC,52,34.0,1,individual,2.75,21,3,21,29.51225885199771,1.4510656992594402,2.433499336242676,4.35319709777832
1899585,skillcorner,Auckland FC,Wellington P FC,52,34.0,1,tactical,11.75,4,0,4,40.73979243934794,0.0,0.0,0.0
1899585,skillcorner,Auckland FC,Wellington P FC,52,34.0,1,team,23.0,2,0,2,63.31481287743979,0.0,0.0,0.0
1899585,skillcorner,Auckland FC,Wellington P FC,53,35.0,1,individual,2.75,19,4,19,37.40667809801268,0.41890203952789307,0.6610827445983887,1.6756081581115723
1899585,skillcorner,Auckland FC,Wellington P FC,53,35.0,1,tactical,11.75,7,1,7,43.29,6.608358383178711,6.608358383178711,6.608358383178711
1899585,skillcorner,Auckland FC,Wellington P FC,53,35.0,1,team,23.0,2,0,2,54.823013295951476,0.0,0.0,0.0
1899585,skillcorner,Auckland FC,Wellington P FC,54,35.0,1,individual,2.75,21,2,21,41.74838340634314,2.4251441955566406,3.6979751586914062,4.850288391113281
1899585,skillcorner,Auckland FC,Wellington P FC,54,35.0,1,tactical,11.75,7,1,7,47.41712177051661,1.9043350219726562,1.9043350219726562,1.9043350219726562
1899585,skillcorner,Auckland FC,Wellington P FC,54,35.0,1,team,23.0,2,0,2,52.22009819991791,0.0,0.0,0.0
1899585,skillcorner,Auckland FC,Wellington P FC,55,36.0,1,individual,2.75,21,2,21,39.58922193600906,4.0439348220825195,4.858110427856445,8.087869644165039
1899585,skillcorner,Auckland FC,Wellington P FC,55,36.0,1,tactical,11.75,7,0,7,51.93595382776752,0.0,0.0,0.0
1899585,skillcorner,Auckland FC,Wellington P FC,55,36.0,1,team,23.0,2,0,2,46.0,0.0,0.0,0.0
1899585,skillcorner,Auckland FC,Wellington P FC,56,36.0,1,individual,2.75,18,4,18,34.30513809912445,2.814923048019409,4.284337043762207,11.259692192077637
1899585,skillcorner,Auckland FC,Wellington P FC,56,36.0,1,tactical,11.75,5,0,5,51.116955841082174,0.0,0.0,0.0
1899585,skillcorner,Auckland FC,Wellington P FC,56,36.0,1,team,23.0,2,0,2,46.0,0.0,0.0,0.0
1899585,skillcorner,Auckland FC,Wellington P FC,57,37.0,1,individual,2.75,21,3,21,39.930423831822004,2.5282745361328125,3.605224609375,7.5848236083984375
1899585,skillcorner,Auckland FC,Wellington P FC,57,37.0,1,tactical,11.75,6,0,6,48.646883970197145,0.0,0.0,0.0
1899585,skillcorner,Auckland FC,Wellington P FC,57,37.0,1,team,23.0,2,0,2,46.45014988906444,0.0,0.0,0.0
1899585,skillcorner,Auckland FC,Wellington P FC,58,37.0,1,individual,2.75,19,3,19,38.447498118456636,5.280644416809082,9.378907203674316,15.841933250427246
1899585,skillcorner,Auckland FC,Wellington P FC,58,37.0,1,tactical,11.75,8,0,8,42.17776264945321,0.0,0.0,0.0
1899585,skillcorner,Auckland FC,Wellington P FC,58,37.0,1,team,23.0,2,0,2,55.97275578370853,0.0,0.0,0.0
1899585,skillcorner,Auckland FC,Wellington P FC,59,38.0,1,individual,2.75,22,6,22,35.67154131856863,1.1511748631795247,2.3193559646606445,6.907049179077148
1899585,skillcorner,Auckland FC,Wellington P FC,59,38.0,1,tactical,11.75,5,0,5,54.68608424240094,0.0,0.0,0.0
1899585,skillcorner,Auckland FC,Wellington P FC,59,38.0,1,team,23.0,2,0,2,46.66074209233829,0.0,0.0,0.0
1899585,skillcorner,Auckland FC,Wellington P FC,60,38.0,1,individual,2.75,19,2,19,31.656793224355404,1.4342055320739746,2.8507041931152344,2.868411064147949
1899585,skillcorner,Auckland FC,Wellington P FC,60,38.0,1,tactical,11.75,4,0,4,45.795690384822045,0.0,0.0,0.0
1899585,skillcorner,Auckland FC,Wellington P FC,60,38.0,1,team,23.0,2,0,2,58.914815591200195,0.0,0.0,0.0
1899585,skillcorner,Auckland FC,Wellington P FC,61,39.0,1,individual,2.75,20,3,20,41.90363539319614,1.4777965545654297,3.0962677001953125,4.433389663696289
1899585,skillcorner,Auckland FC,Wellington P FC,61,39.0,1,tactical,11.75,5,1,5,40.32126146928131,1.2375221252441406,1.2375221252441406,1.2375221252441406
1899585,skillcorner,Auckland FC,Wellington P FC,61,39.0,1,team,23.0,1,0,1,46.0,0.0,0.0,0.0
1899585,skillcorner,Auckland FC,Wellington P FC,62,39.0,1,individual,2.75,21,5,21,38.84142925066264,2.1108335494995116,6.065105438232422,10.554167747497559
1899585,skillcorner,Auckland FC,Wellington P FC,62,39.0,1,tactical,11.75,8,1,8,47.92542575936432,0.5387802124023438,0.5387802124023438,0.5387802124023438
1899585,skillcorner,Auckland FC,Wellington P FC,62,39.0,1,team,23.0,2,0,2,50.159231066918174,0.0,0.0,0.0
1899585,skillcorner,Auckland FC,Wellington P FC,63,40.0,1,individual,2.75,18,3,18,30.901294471267708,2.1960609753926597,2.6598448753356934,6.5881829261779785
1899585,skillcorner,Auckland FC,Wellington P FC,63,40.0,1,tactical,11.75,4,0,4,59.4169236882269,0.0,0.0,0.0
1899585,skillcorner,Auckland FC,Wellington P FC,63,40.0,1,team,23.0,2,0,2,61.567368541793286,0.0,0.0,0.0
1899585,skillcorner,Auckland FC,Wellington P FC,64,41.0,1,individual,2.75,16,1,16,27.42860537715288,0.8060531616210938,0.8060531616210938,0.8060531616210938
1899585,skillcorner,Auckland FC,Wellington P FC,64,41.0,1,tactical,11.75,3,0,3,69.09633258099525,0.0,0.0,0.0
1899585,skillcorner,Auckland FC,Wellington P FC,64,41.0,1,team,23.0,2,0,2,54.44225520194698,0.0,0.0,0.0
1899585,skillcorner,Auckland FC,Wellington P FC,65,41.0,1,individual,2.75,20,2,20,38.28678982218569,0.741065502166748,0.9119691848754883,1.482131004333496
1899585,skillcorner,Auckland FC,Wellington P FC,65,41.0,1,tactical,11.75,7,1,7,52.34405887968567,5.898902893066406,5.898902893066406,5.898902893066406
1899585,skillcorner,Auckland FC,Wellington P FC,65,41.0,1,team,23.0,2,0,2,51.839821684154145,0.0,0.0,0.0
1899585,skillcorner,Auckland FC,Wellington P FC,66,42.0,1,individual,2.75,19,2,19,29.937646233735165,1.213327407836914,2.3718204498291016,2.426654815673828
1899585,skillcorner,Auckland FC,Wellington P FC,66,42.0,1,tactical,11.75,3,0,3,74.15180119652608,0.0,0.0,0.0
1899585,skillcorner,Auckland FC,Wellington P FC,66,42.0,1,team,23.0,2,0,2,61.58583687711709,0.0,0.0,0.0
1899585,skillcorner,Auckland FC,Wellington P FC,67,43.0,1,individual,2.75,12,0,12,24.827008407418795,0.0,0.0,0.0
1899585,skillcorner,Auckland FC,Wellington P FC,67,43.0,1,tactical,11.75,3,0,3,59.22855600923883,0.0,0.0,0.0
1899585,skillcorner,Auckland FC,Wellington P FC,67,43.0,1,team,23.0,2,0,2,60.672815463609226,0.0,0.0,0.0
1899585,skillcorner,Auckland FC,Wellington P FC,68,44.0,1,individual,2.75,18,3,18,24.70208290812741,0.41919517517089844,0.7644844055175781,1.2575855255126953
1899585,skillcorner,Auckland FC,Wellington P FC,68,44.0,1,tactical,11.75,2,0,2,59.46606496789946,0.0,0.0,0.0
1899585,skillcorner,Auckland FC,Wellington P FC,68,44.0,1,team,23.0,2,0,2,59.46606496789946,0.0,0.0,0.0
1899585,skillcorner,Auckland FC,Wellington P FC,69,44.0,1,individual,2.75,20,2,20,30.70057543299696,3.958822727203369,5.264967918395996,7.917645454406738
1899585,skillcorner,Auckland FC,Wellington P FC,69,44.0,1,tactical,11.75,2,0,2,55.071928338580136,0.0,0.0,0.0
1899585,skillcorner,Auckland FC,Wellington P FC,69,44.0,1,team,23.0,2,0,2,55.071928338580136,0.0,0.0,0.0
1899585,skillcorner,Auckland FC,Wellington P FC,70,45.0,1,individual,2.75,19,2,19,31.18595114386968,0.7658014297485352,1.0538129806518555,1.5316028594970703
1899585,skillcorner,Auckland FC,Wellington P FC,70,45.0,1,tactical,11.75,6,0,6,44.13183282614537,0.0,0.0,0.0
1899585,skillcorner,Auckland FC,Wellington P FC,70,45.0,1,team,23.0,2,0,2,57.96092848691919,0.0,0.0,0.0
1899585,skillcorner,Auckland FC,Wellington P FC,71,46.0,1,individual,2.75,19,1,19,34.719876567862755,2.012859344482422,2.012859344482422,2.012859344482422
1899585,skillcorner,Auckland FC,Wellington P FC,71,46.0,1,tactical,11.75,4,0,4,57.679442863494,0.0,0.0,0.0
1899585,skillcorner,Auckland FC,Wellington P FC,71,46.0,1,team,23.0,2,0,2,57.01822934223987,0.0,0.0,0.0
1899585,skillcorner,Auckland FC,Wellington P FC,72,47.0,1,individual,2.75,17,3,17,27.55018063451575,1.1128425598144531,1.8564214706420898,3.3385276794433594
1899585,skillcorner,Auckland FC,Wellington P FC,72,47.0,1,tactical,11.75,3,0,3,53.42044349111661,0.0,0.0,0.0
1899585,skillcorner,Auckland FC,Wellington P FC,72,47.0,1,team,23.0,2,0,2,55.33643109310944,0.0,0.0,0.0
1899585,skillcorner,Auckland FC,Wellington P FC,73,47.0,1,individual,2.75,22,3,22,40.869470529683895,3.766141891479492,6.049333572387695,11.298425674438477
1899585,skillcorner,Auckland FC,Wellington P FC,73,47.0,1,tactical,11.75,5,0,5,56.01823033518282,0.0,0.0,0.0
1899585,skillcorner,Auckland FC,Wellington P FC,73,47.0,1,team,23.0,2,0,2,52.418894561307546,0.0,0.0,0.0
1899585,skillcorner,Auckland FC,Wellington P FC,74,48.0,1,individual,2.75,20,3,20,35.6447566415862,3.460399627685547,4.554790496826172,10.38119888305664
1899585,skillcorner,Auckland FC,Wellington P FC,74,48.0,1,tactical,11.75,6,1,6,39.171627376078035,2.2038497924804688,2.2038497924804688,2.2038497924804688
1899585,skillcorner,Auckland FC,Wellington P FC,74,48.0,1,team,23.0,2,0,2,61.667577057078404,0.0,0.0,0.0
1899585,skillcorner,Auckland FC,Wellington P FC,75,48.0,1,individual,2.75,13,0,13,33.49877412698195,0.0,0.0,0.0
1899585,skillcorner,Auckland FC,Wellington P FC,75,48.0,1,tactical,11.75,3,0,3,63.33027815095871,0.0,0.0,0.0
1899585,skillcorner,Auckland FC,Wellington P FC,75,48.0,1,team,23.0,2,0,2,58.828180393328694,0.0,0.0,0.0
1899585,skillcorner,Auckland FC,Wellington P FC,76,49.0,1,individual,2.75,21,1,21,30.495693285985908,6.453197479248047,6.453197479248047,6.453197479248047
1899585,skillcorner,Auckland FC,Wellington P FC,76,49.0,1,tactical,11.75,4,0,4,52.2519870864502,0.0,0.0,0.0
1899585,skillcorner,Auckland FC,Wellington P FC,76,49.0,1,team,23.0,2,0,2,46.0,0.0,0.0,0.0
1899585,skillcorner,Auckland FC,Wellington P FC,77,45.0,2,individual,2.75,21,2,21,30.673349448741305,0.46733856201171875,0.8446903228759766,0.9346771240234375
1899585,skillcorner,Auckland FC,Wellington P FC,77,45.0,2,tactical,11.75,4,0,4,53.372165109849846,0.0,0.0,0.0
1899585,skillcorner,Auckland FC,Wellington P FC,77,45.0,2,team,23.0,2,0,2,54.83557652504866,0.0,0.0,0.0
1899585,skillcorner,Auckland FC,Wellington P FC,78,45.0,2,individual,2.75,21,2,21,32.99129282533998,1.1163032054901123,1.7699804306030273,2.2326064109802246
1899585,skillcorner,Auckland FC,Wellington P FC,78,45.0,2,tactical,11.75,4,0,4,51.17888485908155,0.0,0.0,0.0
1899585,skillcorner,Auckland FC,Wellington P FC,78,45.0,2,team,23.0,2,0,2,46.0,0.0,0.0,0.0
1899585,skillcorner,Auckland FC,Wellington P FC,79,46.0,2,individual,2.75,19,4,19,38.72672835598297,2.973184108734131,7.9286041259765625,11.892736434936523
1899585,skillcorner,Auckland FC,Wellington P FC,79,46.0,2,tactical,11.75,7,1,7,41.08770470320505,3.223400115966797,3.223400115966797,3.223400115966797
1899585,skillcorner,Auckland FC,Wellington P FC,79,46.0,2,team,23.0,2,0,2,50.71797760986204,0.0,0.0,0.0
1899585,skillcorner,Auckland FC,Wellington P FC,80,46.0,2,individual,2.75,20,6,20,35.73496193972956,0.8012421925862631,2.1871089935302734,4.807453155517578
1899585,skillcorner,Auckland FC,Wellington P FC,80,46.0,2,tactical,11.75,8,0,8,42.903424787827234,0.0,0.0,0.0
1899585,skillcorner,Auckland FC,Wellington P FC,80,46.0,2,team,23.0,2,0,2,46.0,0.0,0.0,0.0
1899585,skillcorner,Auckland FC,Wellington P FC,81,47.0,2,individual,2.75,20,2,20,37.41442078969306,1.555544376373291,2.2569828033447266,3.111088752746582
1899585,skillcorner,Auckland FC,Wellington P FC,81,47.0,2,tactical,11.75,5,0,5,56.05938011626007,0.0,0.0,0.0
1899585,skillcorner,Auckland FC,Wellington P FC,81,47.0,2,team,23.0,2,0,2,46.0,0.0,0.0,0.0
1899585,skillcorner,Auckland FC,Wellington P FC,82,48.0,2,individual,2.75,20,3,20,38.9161648803601,0.6897579828898112,0.9079551696777344,2.0692739486694336
1899585,skillcorner,Auckland FC,Wellington P FC,82,48.0,2,tactical,11.75,5,0,5,60.3652272703586,0.0,0.0,0.0
1899585,skillcorner,Auckland FC,Wellington P FC,82,48.0,2,team,23.0,2,0,2,57.602644138888124,0.0,0.0,0.0
1899585,skillcorner,Auckland FC,Wellington P FC,83,48.0,2,individual,2.75,20,2,20,39.7165189786378,3.9093360900878906,4.517195701599121,7.818672180175781
1899585,skillcorner,Auckland FC,Wellington P FC,83,48.0,2,tactical,11.75,7,1,7,45.47868539217025,1.7584171295166016,1.7584171295166016,1.7584171295166016
1899585,skillcorner,Auckland FC,Wellington P FC,83,48.0,2,team,23.0,2,0,2,51.17868297820119,0.0,0.0,0.0
1899585,skillcorner,Auckland FC,Wellington P FC,84,49.0,2,individual,2.75,20,3,20,33.58872995523265,2.3976917266845703,6.2558441162109375,7.193075180053711
1899585,skillcorner,Auckland FC,Wellington P FC,84,49.0,2,tactical,11.75,6,0,6,47.57923930206414,0.0,0.0,0.0
1899585,skillcorner,Auckland FC,Wellington P FC,84,49.0,2,team,23.0,2,0,2,53.184517127934136,0.0,0.0,0.0
1899585,skillcorner,Auckland FC,Wellington P FC,85,50.0,2,individual,2.75,11,1,11,28.059764146491602,0.1279582977294922,0.1279582977294922,0.1279582977294922
1899585,skillcorner,Auckland FC,Wellington P FC,85,50.0,2,tactical,11.75,3,0,3,49.218418715715025,0.0,0.0,0.0
1899585,skillcorner,Auckland FC,Wellington P FC,85,50.0,2,team,23.0,2,0,2,59.19723590294359,0.0,0.0,0.0
1899585,skillcorner,Auckland FC,Wellington P FC,86,51.0,2,individual,2.75,9,0,9,21.80167817920135,0.0,0.0,0.0
1899585,skillcorner,Auckland FC,Wellington P FC,86,51.0,2,tactical,11.75,2,0,2,57.86058141653443,0.0,0.0,0.0
1899585,skillcorner,Auckland FC,Wellington P FC,86,51.0,2,team,23.0,2,0,2,57.86058141653443,0.0,0.0,0.0
1899585,skillcorner,Auckland FC,Wellington P FC,87,51.0,2,individual,2.75,18,5,18,35.84609462689067,1.5922103881835938,3.4223270416259766,7.961051940917969
1899585,skillcorner,Auckland FC,Wellington P FC,87,51.0,2,tactical,11.75,5,0,5,48.48180238517703,0.0,0.0,0.0
1899585,skillcorner,Auckland FC,Wellington P FC,87,51.0,2,team,23.0,2,0,2,50.59404359374266,0.0,0.0,0.0
1899585,skillcorner,Auckland FC,Wellington P FC,88,52.0,2,individual,2.75,19,3,19,36.792431623595284,3.879631996154785,6.035299301147461,11.638895988464355
1899585,skillcorner,Auckland FC,Wellington P FC,88,52.0,2,tactical,11.75,5,1,5,54.18872989200194,4.885568618774414,4.885568618774414,4.885568618774414
1899585,skillcorner,Auckland FC,Wellington P FC,88,52.0,2,team,23.0,2,0,2,48.59854146398124,0.0,0.0,0.0
1899585,skillcorner,Auckland FC,Wellington P FC,89,54.0,2,individual,2.75,18,1,18,24.905382952285635,7.423707008361816,7.423707008361816,7.423707008361816
1899585,skillcorner,Auckland FC,Wellington P FC,89,54.0,2,tactical,11.75,2,0,2,58.3310216082267,0.0,0.0,0.0
1899585,skillcorner,Auckland FC,Wellington P FC,89,54.0,2,team,23.0,2,0,2,58.3310216082267,0.0,0.0,0.0
1899585,skillcorner,Auckland FC,Wellington P FC,90,54.0,2,individual,2.75,16,2,16,28.141018814554567,1.6103787422180176,2.4756174087524414,3.220757484436035
1899585,skillcorner,Auckland FC,Wellington P FC,90,54.0,2,tactical,11.75,2,0,2,59.85214617550534,0.0,0.0,0.0
1899585,skillcorner,Auckland FC,Wellington P FC,90,54.0,2,team,23.0,2,0,2,59.85214617550534,0.0,0.0,0.0
1899585,skillcorner,Auckland FC,Wellington P FC,91,55.0,2,individual,2.75,21,4,21,32.775773417858815,1.9384047985076904,3.420853614807129,7.753619194030762
1899585,skillcorner,Auckland FC,Wellington P FC,91,55.0,2,tactical,11.75,4,0,4,60.593091613526624,0.0,0.0,0.0
1899585,skillcorner,Auckland FC,Wellington P FC,91,55.0,2,team,23.0,2,0,2,53.00540289279635,0.0,0.0,0.0
1899585,skillcorner,Auckland FC,Wellington P FC,92,55.0,2,individual,2.75,20,3,20,39.157602146747976,2.750901540120443,4.797606468200684,8.252704620361328
1899585,skillcorner,Auckland FC,Wellington P FC,92,55.0,2,tactical,11.75,9,0,9,46.758064655412944,0.0,0.0,0.0
1899585,skillcorner,Auckland FC,Wellington P FC,92,55.0,2,team,23.0,2,0,2,48.1416149926891,0.0,0.0,0.0
1899585,skillcorner,Auckland FC,Wellington P FC,93,56.0,2,individual,2.75,20,2,20,34.967140318735055,1.8086047172546387,2.2964859008789062,3.6172094345092773
1899585,skillcorner,Auckland FC,Wellington P FC,93,56.0,2,tactical,11.75,4,0,4,51.53143282126936,0.0,0.0,0.0
1899585,skillcorner,Auckland FC,Wellington P FC,93,56.0,2,team,23.0,2,0,2,46.433976554725604,0.0,0.0,0.0
1899585,skillcorner,Auckland FC,Wellington P FC,94,57.0,2,individual,2.75,17,1,17,33.53696251181549,0.8520126342773438,0.8520126342773438,0.8520126342773438
1899585,skillcorner,Auckland FC,Wellington P FC,94,57.0,2,tactical,11.75,4,0,4,42.718616660078986,0.0,0.0,0.0
1899585,skillcorner,Auckland FC,Wellington P FC,94,57.0,2,team,23.0,2,0,2,62.598060029853436,0.0,0.0,0.0
1899585,skillcorner,Auckland FC,Wellington P FC,95,57.0,2,individual,2.75,19,4,19,26.81533683935346,0.7880423069000244,2.363677978515625,3.1521692276000977
1899585,skillcorner,Auckland FC,Wellington P FC,95,57.0,2,tactical,11.75,2,0,2,63.385105330651434,0.0,0.0,0.0
1899585,skillcorner,Auckland FC,Wellington P FC,95,57.0,2,team,23.0,2,0,2,63.385105330651434,0.0,0.0,0.0
1899585,skillcorner,Auckland FC,Wellington P FC,96,58.0,2,individual,2.75,22,4,22,35.258653289193674,2.736196756362915,6.805739402770996,10.94478702545166
1899585,skillcorner,Auckland FC,Wellington P FC,96,58.0,2,tactical,11.75,6,0,6,44.97683955618472,0.0,0.0,0.0
1899585,skillcorner,Auckland FC,Wellington P FC,96,58.0,2,team,23.0,2,0,2,46.168193508483036,0.0,0.0,0.0
1899585,skillcorner,Auckland FC,Wellington P FC,97,59.0,2,individual,2.75,20,2,20,35.034402628951554,1.457672119140625,1.5125741958618164,2.91534423828125
1899585,skillcorner,Auckland FC,Wellington P FC,97,59.0,2,tactical,11.75,4,0,4,54.76573733166755,0.0,0.0,0.0
1899585,skillcorner,Auckland FC,Wellington P FC,97,59.0,2,team,23.0,2,0,2,54.34083194572281,0.0,0.0,0.0
1899585,skillcorner,Auckland FC,Wellington P FC,98,60.0,2,individual,2.75,22,5,22,39.753285650133094,1.1805923461914063,2.2639617919921875,5.902961730957031
1899585,skillcorner,Auckland FC,Wellington P FC,98,60.0,2,tactical,11.75,8,0,8,41.507842648491206,0.0,0.0,0.0
1899585,skillcorner,Auckland FC,Wellington P FC,98,60.0,2,team,23.0,2,0,2,49.52638183795767,0.0,0.0,0.0
1899585,skillcorner,Auckland FC,Wellington P FC,99,60.0,2,individual,2.75,21,3,21,30.635422682730187,1.4181931813557942,2.6924753189086914,4.254579544067383
1899585,skillcorner,Auckland FC,Wellington P FC,99,60.0,2,tactical,11.75,4,0,4,53.93288064601471,0.0,0.0,0.0
1899585,skillcorner,Auckland FC,Wellington P FC,99,60.0,2,team,23.0,1,0,1,46.0,0.0,0.0,0.0
1899585,skillcorner,Auckland FC,Wellington P FC,100,61.0,2,individual,2.75,22,2,22,35.095479948056564,1.8633766174316406,3.083463668823242,3.7267532348632812
1899585,skillcorner,Auckland FC,Wellington P FC,100,61.0,2,tactical,11.75,6,0,6,56.19968203835718,0.0,0.0,0.0
1899585,skillcorner,Auckland FC,Wellington P FC,100,61.0,2,team,23.0,2,0,2,46.0,0.0,0.0,0.0
1899585,skillcorner,Auckland FC,Wellington P FC,101,62.0,2,individual,2.75,10,0,10,34.77318650914811,0.0,0.0,0.0
1899585,skillcorner,Auckland FC,Wellington P FC,101,62.0,2,tactical,11.75,4,0,4,47.376405085229614,0.0,0.0,0.0
1899585,skillcorner,Auckland FC,Wellington P FC,101,62.0,2,team,23.0,2,0,2,65.53015844275731,0.0,0.0,0.0
1899585,skillcorner,Auckland FC,Wellington P FC,102,62.0,2,individual,2.75,19,3,19,40.822418866230706,2.2172114054361978,3.543710708618164,6.651634216308594
1899585,skillcorner,Auckland FC,Wellington P FC,102,62.0,2,tactical,11.75,8,0,8,49.18369480373434,0.0,0.0,0.0
1899585,skillcorner,Auckland FC,Wellington P FC,102,62.0,2,team,23.0,2,0,2,46.0,0.0,0.0,0.0
1899585,skillcorner,Auckland FC,Wellington P FC,103,63.0,2,individual,2.75,20,2,20,36.933734232145724,0.3585848808288574,0.6058330535888672,0.7171697616577148
1899585,skillcorner,Auckland FC,Wellington P FC,103,63.0,2,tactical,11.75,8,1,8,49.79457049682417,3.6897716522216797,3.6897716522216797,3.6897716522216797
1899585,skillcorner,Auckland FC,Wellington P FC,103,63.0,2,team,23.0,2,0,2,50.64433550576868,0.0,0.0,0.0
1899585,skillcorner,Auckland FC,Wellington P FC,104,63.0,2,individual,2.75,17,5,17,35.1714370233444,2.454611587524414,4.6097612380981445,12.27305793762207
1899585,skillcorner,Auckland FC,Wellington P FC,104,63.0,2,tactical,11.75,6,1,6,49.00589083907363,1.0631752014160156,1.0631752014160156,1.0631752014160156
1899585,skillcorner,Auckland FC,Wellington P FC,104,63.0,2,team,23.0,2,0,2,50.82464546032565,0.0,0.0,0.0
1899585,skillcorner,Auckland FC,Wellington P FC,105,64.0,2,individual,2.75,20,4,20,39.79624046188361,1.4529750347137451,4.111354827880859,5.8119001388549805
1899585,skillcorner,Auckland FC,Wellington P FC,105,64.0,2,tactical,11.75,7,1,7,53.28930192824822,5.194004058837891,5.194004058837891,5.194004058837891
1899585,skillcorner,Auckland FC,Wellington P FC,105,64.0,2,team,23.0,1,0,1,46.0,0.0,0.0,0.0
1899585,skillcorner,Auckland FC,Wellington P FC,106,64.0,2,individual,2.75,22,3,22,34.98992412732058,1.6078554789225261,2.121241569519043,4.823566436767578
1899585,skillcorner,Auckland FC,Wellington P FC,106,64.0,2,tactical,11.75,9,2,9,50.68191753418748,3.1396093368530273,5.219659805297852,6.279218673706055
1899585,skillcorner,Auckland FC,Wellington P FC,106,64.0,2,team,23.0,2,0,2,46.0,0.0,0.0,0.0
1899585,skillcorner,Auckland FC,Wellington P FC,107,65.0,2,individual,2.75,21,3,21,35.65090179343741,1.8656514485677083,3.0563154220581055,5.596954345703125
1899585,skillcorner,Auckland FC,Wellington P FC,107,65.0,2,tactical,11.75,4,0,4,50.36609595817521,0.0,0.0,0.0
1899585,skillcorner,Auckland FC,Wellington P FC,107,65.0,2,team,23.0,2,0,2,46.0,0.0,0.0,0.0
1899585,skillcorner,Auckland FC,Wellington P FC,108,65.0,2,individual,2.75,21,3,21,33.002626136776186,1.474418004353841,2.8553314208984375,4.423254013061523
1899585,skillcorner,Auckland FC,Wellington P FC,108,65.0,2,tactical,11.75,5,1,5,38.62033779282773,1.6707630157470703,1.6707630157470703,1.6707630157470703
1899585,skillcorner,Auckland FC,Wellington P FC,108,65.0,2,team,23.0,2,0,2,55.60728108779752,0.0,0.0,0.0
1899585,skillcorner,Auckland FC,Wellington P FC,109,66.0,2,individual,2.75,22,3,22,41.9793255366577,2.6832491556803384,4.761924743652344,8.049747467041016
1899585,skillcorner,Auckland FC,Wellington P FC,109,66.0,2,tactical,11.75,6,0,6,50.47170131586877,0.0,0.0,0.0
1899585,skillcorner,Auckland FC,Wellington P FC,109,66.0,2,team,23.0,2,0,2,48.62905560910171,0.0,0.0,0.0
1899585,skillcorner,Auckland FC,Wellington P FC,110,66.0,2,individual,2.75,18,3,18,31.677415061838616,2.5695133209228516,2.9372711181640625,7.708539962768555
1899585,skillcorner,Auckland FC,Wellington P FC,110,66.0,2,tactical,11.75,4,0,4,46.52635737816345,0.0,0.0,0.0
1899585,skillcorner,Auckland FC,Wellington P FC,110,66.0,2,team,23.0,2,0,2,56.46399295326853,0.0,0.0,0.0
1899585,skillcorner,Auckland FC,Wellington P FC,111,67.0,2,individual,2.75,20,4,20,36.91856967979123,2.9044089317321777,6.221942901611328,11.617635726928711
1899585,skillcorner,Auckland FC,Wellington P FC,111,67.0,2,tactical,11.75,4,0,4,43.342895819949746,0.0,0.0,0.0
1899585,skillcorner,Auckland FC,Wellington P FC,111,67.0,2,team,23.0,2,0,2,58.408099710497204,0.0,0.0,0.0
1899585,skillcorner,Auckland FC,Wellington P FC,112,67.0,2,individual,2.75,18,3,18,34.12662377089185,1.6844218571980794,3.1103858947753906,5.053265571594238
1899585,skillcorner,Auckland FC,Wellington P FC,112,67.0,2,tactical,11.75,5,0,5,50.65010547550864,0.0,0.0,0.0
1899585,skillcorner,Auckland FC,Wellington P FC,112,67.0,2,team,23.0,2,0,2,50.525054670263415,0.0,0.0,0.0
1899585,skillcorner,Auckland FC,Wellington P FC,113,69.0,2,individual,2.75,12,2,12,33.65576695032897,0.5300664901733398,0.8858089447021484,1.0601329803466797
1899585,skillcorner,Auckland FC,Wellington P FC,113,69.0,2,tactical,11.75,3,0,3,56.87073184375369,0.0,0.0,0.0
1899585,skillcorner,Auckland FC,Wellington P FC,113,69.0,2,team,23.0,2,0,2,59.3780573014046,0.0,0.0,0.0
1899585,skillcorner,Auckland FC,Wellington P FC,114,70.0,2,individual,2.75,21,3,21,37.69273994605586,3.09047794342041,6.510663986206055,9.27143383026123
1899585,skillcorner,Auckland FC,Wellington P FC,114,70.0,2,tactical,11.75,7,0,7,52.05298934739483,0.0,0.0,0.0
1899585,skillcorner,Auckland FC,Wellington P FC,114,70.0,2,team,23.0,2,0,2,55.566533519667125,0.0,0.0,0.0
1899585,skillcorner,Auckland FC,Wellington P FC,115,71.0,2,individual,2.75,19,3,19,38.03367021525942,1.8952534993489583,2.8186588287353516,5.685760498046875
1899585,skillcorner,Auckland FC,Wellington P FC,115,71.0,2,tactical,11.75,8,1,8,46.00197105869931,5.704315185546875,5.704315185546875,5.704315185546875
1899585,skillcorner,Auckland FC,Wellington P FC,115,71.0,2,team,23.0,2,0,2,46.0,0.0,0.0,0.0
1899585,skillcorner,Auckland FC,Wellington P FC,116,72.0,2,individual,2.75,19,4,19,44.20255167765062,4.424365997314453,12.408082962036133,17.697463989257812
1899585,skillcorner,Auckland FC,Wellington P FC,116,72.0,2,tactical,11.75,11,1,11,47.92118701603896,12.330280303955078,12.330280303955078,12.330280303955078
1899585,skillcorner,Auckland FC,Wellington P FC,116,72.0,2,team,23.0,2,0,2,55.93196516695656,0.0,0.0,0.0
1899585,skillcorner,Auckland FC,Wellington P FC,117,72.0,2,individual,2.75,20,1,20,31.10569326577251,3.9462804794311523,3.9462804794311523,3.9462804794311523
1899585,skillcorner,Auckland FC,Wellington P FC,117,72.0,2,tactical,11.75,5,0,5,56.09680613459766,0.0,0.0,0.0
1899585,skillcorner,Auckland FC,Wellington P FC,117,72.0,2,team,23.0,2,0,2,63.03823909867828,0.0,0.0,0.0
1899585,skillcorner,Auckland FC,Wellington P FC,118,73.0,2,individual,2.75,21,3,21,36.099678851545804,1.9751793543497722,3.893204689025879,5.925538063049316
1899585,skillcorner,Auckland FC,Wellington P FC,118,73.0,2,tactical,11.75,5,0,5,54.29776806248534,0.0,0.0,0.0
1899585,skillcorner,Auckland FC,Wellington P FC,118,73.0,2,team,23.0,2,0,2,46.0,0.0,0.0,0.0
1899585,skillcorner,Auckland FC,Wellington P FC,119,73.0,2,individual,2.75,21,5,21,39.341591417430266,0.7783801078796386,1.1654586791992188,3.8919005393981934
1899585,skillcorner,Auckland FC,Wellington P FC,119,73.0,2,tactical,11.75,7,0,7,43.80971239348645,0.0,0.0,0.0
1899585,skillcorner,Auckland FC,Wellington P FC,119,73.0,2,team,23.0,2,0,2,47.95936417682054,0.0,0.0,0.0
1899585,skillcorner,Auckland FC,Wellington P FC,120,74.0,2,individual,2.75,13,0,13,27.68918826866649,0.0,0.0,0.0
1899585,skillcorner,Auckland FC,Wellington P FC,120,74.0,2,tactical,11.75,2,0,2,66.59475407999534,0.0,0.0,0.0
1899585,skillcorner,Auckland FC,Wellington P FC,120,74.0,2,team,23.0,2,0,2,66.59475407999534,0.0,0.0,0.0
1899585,skillcorner,Auckland FC,Wellington P FC,121,75.0,2,individual,2.75,19,3,19,31.972932129138805,1.993735949198405,4.7693681716918945,5.981207847595215
1899585,skillcorner,Auckland FC,Wellington P FC,121,75.0,2,tactical,11.75,3,0,3,62.09801620049001,0.0,0.0,0.0
1899585,skillcorner,Auckland FC,Wellington P FC,121,75.0,2,team,23.0,2,0,2,51.620423485880835,0.0,0.0,0.0
1899585,skillcorner,Auckland FC,Wellington P FC,122,76.0,2,individual,2.75,20,2,20,37.27652596661774,3.8307414054870605,5.141810417175293,7.661482810974121
1899585,skillcorner,Auckland FC,Wellington P FC,122,76.0,2,tactical,11.75,5,0,5,48.71757341156099,0.0,0.0,0.0
1899585,skillcorner,Auckland FC,Wellington P FC,122,76.0,2,team,23.0,2,0,2,46.740642933255195,0.0,0.0,0.0
1899585,skillcorner,Auckland FC,Wellington P FC,123,76.0,2,individual,2.75,21,6,21,38.88333737931474,1.9086416562398274,4.687957763671875,11.451849937438965
1899585,skillcorner,Auckland FC,Wellington P FC,123,76.0,2,tactical,11.75,8,1,8,42.003293237428714,4.869913101196289,4.869913101196289,4.869913101196289
1899585,skillcorner,Auckland FC,Wellington P FC,123,76.0,2,team,23.0,2,0,2,52.12649304430047,0.0,0.0,0.0
1899585,skillcorner,Auckland FC,Wellington P FC,124,77.0,2,individual,2.75,20,2,20,34.47910274093809,1.9436240196228027,2.2374963760375977,3.8872480392456055
1899585,skillcorner,Auckland FC,Wellington P FC,124,77.0,2,tactical,11.75,4,0,4,50.847493429918146,0.0,0.0,0.0
1899585,skillcorner,Auckland FC,Wellington P FC,124,77.0,2,team,23.0,2,0,2,46.87500798609154,0.0,0.0,0.0
1899585,skillcorner,Auckland FC,Wellington P FC,125,79.0,2,individual,2.75,19,2,19,36.379355959990576,0.4644594192504883,0.7375946044921875,0.9289188385009766
1899585,skillcorner,Auckland FC,Wellington P FC,125,79.0,2,tactical,11.75,8,1,8,44.19452430036921,6.214109420776367,6.214109420776367,6.214109420776367
1899585,skillcorner,Auckland FC,Wellington P FC,125,79.0,2,team,23.0,2,0,2,51.12296749226731,0.0,0.0,0.0
1899585,skillcorner,Auckland FC,Wellington P FC,126,80.0,2,individual,2.75,21,3,21,35.9708778815866,3.0527270634969077,6.999261856079102,9.158181190490723
1899585,skillcorner,Auckland FC,Wellington P FC,126,80.0,2,tactical,11.75,6,1,6,37.2775380565009,1.6580963134765625,1.6580963134765625,1.6580963134765625
1899585,skillcorner,Auckland FC,Wellington P FC,126,80.0,2,team,23.0,2,0,2,60.153742531862214,0.0,0.0,0.0
1899585,skillcorner,Auckland FC,Wellington P FC,127,80.0,2,individual,2.75,15,2,15,35.97788209442018,2.2564315795898438,3.6764068603515625,4.5128631591796875
1899585,skillcorner,Auckland FC,Wellington P FC,127,80.0,2,tactical,11.75,3,0,3,52.25109909776191,0.0,0.0,0.0
1899585,skillcorner,Auckland FC,Wellington P FC,127,80.0,2,team,23.0,2,0,2,56.8559163642939,0.0,0.0,0.0
1899585,skillcorner,Auckland FC,Wellington P FC,128,81.0,2,individual,2.75,20,3,20,34.645764772504826,0.7466402053833008,1.0410823822021484,2.2399206161499023
1899585,skillcorner,Auckland FC,Wellington P FC,128,81.0,2,tactical,11.75,5,1,5,35.65454399902244,1.501556396484375,1.501556396484375,1.501556396484375
1899585,skillcorner,Auckland FC,Wellington P FC,128,81.0,2,team,23.0,2,0,2,59.255613582538196,0.0,0.0,0.0
1899585,skillcorner,Auckland FC,Wellington P FC,129,81.0,2,individual,2.75,18,1,18,38.29042816277835,0.07501888275146484,0.07501888275146484,0.07501888275146484
1899585,skillcorner,Auckland FC,Wellington P FC,129,81.0,2,tactical,11.75,3,0,3,61.06139738847303,0.0,0.0,0.0
1899585,skillcorner,Auckland FC,Wellington P FC,129,81.0,2,team,23.0,2,0,2,55.89436349509261,0.0,0.0,0.0
1899585,skillcorner,Auckland FC,Wellington P FC,130,83.0,2,individual,2.75,21,3,21,34.75498301753947,0.35310983657836914,0.5053024291992188,1.0593295097351074
1899585,skillcorner,Auckland FC,Wellington P FC,130,83.0,2,tactical,11.75,5,0,5,51.46199299474539,0.0,0.0,0.0
1899585,skillcorner,Auckland FC,Wellington P FC,130,83.0,2,team,23.0,2,0,2,49.72231778072628,0.0,0.0,0.0
1899585,skillcorner,Auckland FC,Wellington P FC,131,84.0,2,individual,2.75,20,1,20,35.7376701969515,2.6695117950439453,2.6695117950439453,2.6695117950439453
1899585,skillcorner,Auckland FC,Wellington P FC,131,84.0,2,tactical,11.75,3,0,3,44.963266995436186,0.0,0.0,0.0
1899585,skillcorner,Auckland FC,Wellington P FC,131,84.0,2,team,23.0,2,0,2,53.96374556262189,0.0,0.0,0.0
1899585,skillcorner,Auckland FC,Wellington P FC,132,84.0,2,individual,2.75,20,3,20,38.628882814348685,2.488391876220703,4.4323883056640625,7.465175628662109
1899585,skillcorner,Auckland FC,Wellington P FC,132,84.0,2,tactical,11.75,5,0,5,48.14351772687362,0.0,0.0,0.0
1899585,skillcorner,Auckland FC,Wellington P FC,132,84.0,2,team,23.0,2,0,2,46.0,0.0,0.0,0.0
1899585,skillcorner,Auckland FC,Wellington P FC,133,85.0,2,individual,2.75,19,1,19,35.42936489126866,0.5657367706298828,0.5657367706298828,0.5657367706298828
1899585,skillcorner,Auckland FC,Wellington P FC,133,85.0,2,tactical,11.75,4,0,4,54.249039793289434,0.0,0.0,0.0
1899585,skillcorner,Auckland FC,Wellington P FC,133,85.0,2,team,23.0,2,0,2,57.51578903798619,0.0,0.0,0.0
1899585,skillcorner,Auckland FC,Wellington P FC,134,85.0,2,individual,2.75,20,4,20,36.30921103225458,1.3155369758605957,2.2181167602539062,5.262147903442383
1899585,skillcorner,Auckland FC,Wellington P FC,134,85.0,2,tactical,11.75,5,0,5,44.4514518845788,0.0,0.0,0.0
1899585,skillcorner,Auckland FC,Wellington P FC,134,85.0,2,team,23.0,2,0,2,46.0,0.0,0.0,0.0
1899585,skillcorner,Auckland FC,Wellington P FC,135,86.0,2,individual,2.75,19,1,19,33.72260612462415,0.20395565032958984,0.20395565032958984,0.20395565032958984
1899585,skillcorner,Auckland FC,Wellington P FC,135,86.0,2,tactical,11.75,3,0,3,47.04112528106053,0.0,0.0,0.0
1899585,skillcorner,Auckland FC,Wellington P FC,135,86.0,2,team,23.0,2,0,2,56.16666983992401,0.0,0.0,0.0
1899585,skillcorner,Auckland FC,Wellington P FC,136,86.0,2,individual,2.75,22,4,22,37.9546312693127,2.5304815769195557,4.580989837646484,10.121926307678223
1899585,skillcorner,Auckland FC,Wellington P FC,136,86.0,2,tactical,11.75,6,0,6,36.04412845980512,0.0,0.0,0.0
1899585,skillcorner,Auckland FC,Wellington P FC,136,86.0,2,team,23.0,2,0,2,53.72978755750907,0.0,0.0,0.0
1899585,skillcorner,Auckland FC,Wellington P FC,137,87.0,2,individual,2.75,19,2,19,29.36404741470816,1.327779769897461,1.7367744445800781,2.655559539794922
1899585,skillcorner,Auckland FC,Wellington P FC,137,87.0,2,tactical,11.75,3,0,3,61.574111423614106,0.0,0.0,0.0
1899585,skillcorner,Auckland FC,Wellington P FC,137,87.0,2,team,23.0,2,0,2,47.84370730616708,0.0,0.0,0.0
1899585,skillcorner,Auckland FC,Wellington P FC,138,88.0,2,individual,2.75,21,3,21,35.721148668450724,1.5613188743591309,2.703744888305664,4.683956623077393
1899585,skillcorner,Auckland FC,Wellington P FC,138,88.0,2,tactical,11.75,4,0,4,51.371856549843066,0.0,0.0,0.0
1899585,skillcorner,Auckland FC,Wellington P FC,138,88.0,2,team,23.0,2,0,2,47.33763537985404,0.0,0.0,0.0
1899585,skillcorner,Auckland FC,Wellington P FC,139,88.0,2,individual,2.75,17,3,17,35.95564799860951,1.0916938781738281,1.4143848419189453,3.2750816345214844
1899585,skillcorner,Auckland FC,Wellington P FC,139,88.0,2,tactical,11.75,5,0,5,50.210756134273524,0.0,0.0,0.0
1899585,skillcorner,Auckland FC,Wellington P FC,139,88.0,2,team,23.0,2,0,2,49.20895448812196,0.0,0.0,0.0
1899585,skillcorner,Auckland FC,Wellington P FC,140,89.0,2,individual,2.75,21,3,21,33.459883825977045,1.9945732752482097,3.993739128112793,5.983719825744629
1899585,skillcorner,Auckland FC,Wellington P FC,140,89.0,2,tactical,11.75,4,0,4,50.71447245370703,0.0,0.0,0.0
1899585,skillcorner,Auckland FC,Wellington P FC,140,89.0,2,team,23.0,3,0,3,60.98979474150874,0.0,0.0,0.0
1899585,skillcorner,Auckland FC,Wellington P FC,141,89.0,2,individual,2.75,18,1,18,33.863881939317,2.4368228912353516,2.4368228912353516,2.4368228912353516
1899585,skillcorner,Auckland FC,Wellington P FC,141,89.0,2,tactical,11.75,3,0,3,58.99404882572563,0.0,0.0,0.0
1899585,skillcorner,Auckland FC,Wellington P FC,141,89.0,2,team,23.0,2,0,2,66.82029429526045,0.0,0.0,0.0
1899585,skillcorner,Auckland FC,Wellington P FC,142,90.0,2,individual,2.75,19,1,19,34.21885915825683,1.0852651596069336,1.0852651596069336,1.0852651596069336
1899585,skillcorner,Auckland FC,Wellington P FC,142,90.0,2,tactical,11.75,5,0,5,55.756052397041216,0.0,0.0,0.0
1899585,skillcorner,Auckland FC,Wellington P FC,142,90.0,2,team,23.0,3,0,3,59.79045209162345,0.0,0.0,0.0
1899585,skillcorner,Auckland FC,Wellington P FC,143,91.0,2,individual,2.75,20,2,20,30.856573766012712,3.7798242568969727,5.147194862365723,7.559648513793945
1899585,skillcorner,Auckland FC,Wellington P FC,143,91.0,2,tactical,11.75,3,0,3,67.27819968342328,0.0,0.0,0.0
1899585,skillcorner,Auckland FC,Wellington P FC,143,91.0,2,team,23.0,2,0,2,56.55738162344305,0.0,0.0,0.0
1899585,skillcorner,Auckland FC,Wellington P FC,144,91.0,2,individual,2.75,19,1,19,30.477947011850276,5.727065086364746,5.727065086364746,5.727065086364746
1899585,skillcorner,Auckland FC,Wellington P FC,144,91.0,2,tactical,11.75,5,0,5,59.769330434820624,0.0,0.0,0.0
1899585,skillcorner,Auckland FC,Wellington P FC,144,91.0,2,team,23.0,2,0,2,62.75819131473999,0.0,0.0,0.0
1899585,skillcorner,Auckland FC,Wellington P FC,145,92.0,2,individual,2.75,22,4,22,35.93911360642298,2.7637360095977783,5.804973602294922,11.054944038391113
1899585,skillcorner,Auckland FC,Wellington P FC,145,92.0,2,tactical,11.75,6,0,6,51.36737736233128,0.0,0.0,0.0
1899585,skillcorner,Auckland FC,Wellington P FC,145,92.0,2,team,23.0,2,0,2,49.694795543211896,0.0,0.0,0.0
1899585,skillcorner,Auckland FC,Wellington P FC,146,92.0,2,individual,2.75,20,2,20,35.49062577539097,1.3496942520141602,2.4405517578125,2.6993885040283203
1899585,skillcorner,Auckland FC,Wellington P FC,146,92.0,2,tactical,11.75,5,0,5,47.10251615882812,0.0,0.0,0.0
1899585,skillcorner,Auckland FC,Wellington P FC,146,92.0,2,team,23.0,2,0,2,54.264238586221815,0.0,0.0,0.0
1899585,skillcorner,Auckland FC,Wellington P FC,147,93.0,2,individual,2.75,20,1,20,35.358150630126936,5.766010284423828,5.766010284423828,5.766010284423828
1899585,skillcorner,Auckland FC,Wellington P FC,147,93.0,2,tactical,11.75,4,0,4,52.05924563316564,0.0,0.0,0.0
1899585,skillcorner,Auckland FC,Wellington P FC,147,93.0,2,team,23.0,2,0,2,54.20711799241021,0.0,0.0,0.0
1899585,skillcorner,Auckland FC,Wellington P FC,148,94.0,2,individual,2.75,18,2,18,31.10773697972901,0.8867287635803223,1.2054529190063477,1.7734575271606445
1899585,skillcorner,Auckland FC,Wellington P FC,148,94.0,2,tactical,11.75,3,0,3,60.711710869183186,0.0,0.0,0.0
1899585,skillcorner,Auckland FC,Wellington P FC,148,94.0,2,team,23.0,2,0,2,46.0,0.0,0.0,0.0
1899585,skillcorner,Auckland FC,Wellington P FC,149,94.0,2,individual,2.75,18,3,18,29.90234940602494,1.3701626459757488,2.438253402709961,4.110487937927246
1899585,skillcorner,Auckland FC,Wellington P FC,149,94.0,2,tactical,11.75,3,0,3,60.87313659220283,0.0,0.0,0.0
1899585,skillcorner,Auckland FC,Wellington P FC,149,94.0,2,team,23.0,3,0,3,60.87313659220283,0.0,0.0,0.0
1886347,skillcorner,Auckland FC,Newcastle,0,0.0,1,individual,2.75,22,4,22,36.38345681689057,1.9524633884429932,3.5057621002197266,7.809853553771973
1886347,skillcorner,Auckland FC,Newcastle,0,0.0,1,tactical,11.75,5,0,5,52.54604393376898,0.0,0.0,0.0
1886347,skillcorner,Auckland FC,Newcastle,0,0.0,1,team,23.0,2,0,2,46.0,0.0,0.0,0.0
1886347,skillcorner,Auckland FC,Newcastle,1,0.0,1,individual,2.75,20,3,20,39.80170765174144,2.860895792643229,6.281850814819336,8.582687377929688
1886347,skillcorner,Auckland FC,Newcastle,1,0.0,1,tactical,11.75,8,1,8,42.252601914376825,0.6959018707275391,0.6959018707275391,0.6959018707275391
1886347,skillcorner,Auckland FC,Newcastle,1,0.0,1,team,23.0,2,0,2,52.78222412801706,0.0,0.0,0.0
1886347,skillcorner,Auckland FC,Newcastle,2,0.0,1,individual,2.75,19,1,19,33.922251425937816,4.046309471130371,4.046309471130371,4.046309471130371
1886347,skillcorner,Auckland FC,Newcastle,2,0.0,1,tactical,11.75,6,0,6,45.98923219403633,0.0,0.0,0.0
1886347,skillcorner,Auckland FC,Newcastle,2,0.0,1,team,23.0,2,0,2,46.01724994764208,0.0,0.0,0.0
1886347,skillcorner,Auckland FC,Newcastle,3,1.0,1,individual,2.75,20,3,20,33.52884509535915,1.8428621292114258,3.327939033508301,5.528586387634277
1886347,skillcorner,Auckland FC,Newcastle,3,1.0,1,tactical,11.75,5,0,5,48.60083722208861,0.0,0.0,0.0
1886347,skillcorner,Auckland FC,Newcastle,3,1.0,1,team,23.0,2,0,2,51.572324903172316,0.0,0.0,0.0
1886347,skillcorner,Auckland FC,Newcastle,4,1.0,1,individual,2.75,20,1,20,31.345406609817864,1.4270458221435547,1.4270458221435547,1.4270458221435547
1886347,skillcorner,Auckland FC,Newcastle,4,1.0,1,tactical,11.75,5,0,5,46.867186278860814,0.0,0.0,0.0
1886347,skillcorner,Auckland FC,Newcastle,4,1.0,1,team,23.0,2,0,2,47.457123099486545,0.0,0.0,0.0
1886347,skillcorner,Auckland FC,Newcastle,5,2.0,1,individual,2.75,21,3,21,38.735218305309246,0.7133243878682455,0.9709939956665039,2.1399731636047363
1886347,skillcorner,Auckland FC,Newcastle,5,2.0,1,tactical,11.75,4,0,4,40.83302395296913,0.0,0.0,0.0
1886347,skillcorner,Auckland FC,Newcastle,5,2.0,1,team,23.0,2,0,2,58.63062243271917,0.0,0.0,0.0
1886347,skillcorner,Auckland FC,Newcastle,6,2.0,1,individual,2.75,21,3,21,33.48898584918493,1.4669570922851562,3.7773666381835938,4.400871276855469
1886347,skillcorner,Auckland FC,Newcastle,6,2.0,1,tactical,11.75,3,0,3,57.80664616534928,0.0,0.0,0.0
1886347,skillcorner,Auckland FC,Newcastle,6,2.0,1,team,23.0,2,0,2,56.26226985956546,0.0,0.0,0.0
1886347,skillcorner,Auckland FC,Newcastle,7,3.0,1,individual,2.75,22,4,22,34.39724153401616,1.8964192867279053,5.008571624755859,7.585677146911621
1886347,skillcorner,Auckland FC,Newcastle,7,3.0,1,tactical,11.75,4,0,4,47.09011968717912,0.0,0.0,0.0
1886347,skillcorner,Auckland FC,Newcastle,7,3.0,1,team,23.0,2,0,2,46.0,0.0,0.0,0.0
1886347,skillcorner,Auckland FC,Newcastle,8,3.0,1,individual,2.75,21,4,21,39.304705768428775,1.6821622848510742,2.81768798828125,6.728649139404297
1886347,skillcorner,Auckland FC,Newcastle,8,3.0,1,tactical,11.75,6,0,6,59.326694997932464,0.0,0.0,0.0
1886347,skillcorner,Auckland FC,Newcastle,8,3.0,1,team,23.0,2,0,2,53.761613572116225,0.0,0.0,0.0
1886347,skillcorner,Auckland FC,Newcastle,9,4.0,1,individual,2.75,22,4,22,34.27930464412076,1.3098647594451904,2.4485044479370117,5.239459037780762
1886347,skillcorner,Auckland FC,Newcastle,9,4.0,1,tactical,11.75,5,0,5,51.247723063996716,0.0,0.0,0.0
1886347,skillcorner,Auckland FC,Newcastle,9,4.0,1,team,23.0,2,0,2,47.121342519729616,0.0,0.0,0.0
1886347,skillcorner,Auckland FC,Newcastle,10,5.0,1,individual,2.75,18,2,18,31.40921043261037,0.7736501693725586,0.9637184143066406,1.5473003387451172
1886347,skillcorner,Auckland FC,Newcastle,10,5.0,1,tactical,11.75,4,0,4,50.08258931809687,0.0,0.0,0.0
1886347,skillcorner,Auckland FC,Newcastle,10,5.0,1,team,23.0,2,0,2,53.17817583188855,0.0,0.0,0.0
1886347,skillcorner,Auckland FC,Newcastle,11,5.0,1,individual,2.75,21,2,21,36.706388187458174,3.731011390686035,7.110246658325195,7.46202278137207
1886347,skillcorner,Auckland FC,Newcastle,11,5.0,1,tactical,11.75,5,0,5,51.36498905408984,0.0,0.0,0.0
1886347,skillcorner,Auckland FC,Newcastle,11,5.0,1,team,23.0,2,0,2,46.0,0.0,0.0,0.0
1886347,skillcorner,Auckland FC,Newcastle,12,6.0,1,individual,2.75,20,3,20,40.913950097026756,2.9807535807291665,3.5883655548095703,8.9422607421875
1886347,skillcorner,Auckland FC,Newcastle,12,6.0,1,tactical,11.75,11,2,11,46.64770737856209,6.381081581115723,9.365707397460938,12.762163162231445
1886347,skillcorner,Auckland FC,Newcastle,12,6.0,1,team,23.0,2,0,2,46.0,0.0,0.0,0.0
1886347,skillcorner,Auckland FC,Newcastle,13,6.0,1,individual,2.75,21,4,21,34.17101362862769,2.2312166690826416,4.018791198730469,8.924866676330566
1886347,skillcorner,Auckland FC,Newcastle,13,6.0,1,tactical,11.75,5,0,5,46.05229462477454,0.0,0.0,0.0
1886347,skillcorner,Auckland FC,Newcastle,13,6.0,1,team,23.0,2,0,2,46.0,0.0,0.0,0.0
1886347,skillcorner,Auckland FC,Newcastle,14,7.0,1,individual,2.75,22,3,22,39.42170069381737,4.143967628479004,8.454249382019043,12.431902885437012
1886347,skillcorner,Auckland FC,Newcastle,14,7.0,1,tactical,11.75,7,0,7,52.16572416613977,0.0,0.0,0.0
1886347,skillcorner,Auckland FC,Newcastle,14,7.0,1,team,23.0,2,0,2,56.05360173798338,0.0,0.0,0.0
1886347,skillcorner,Auckland FC,Newcastle,15,7.0,1,individual,2.75,21,4,21,31.446001168660732,2.00583553314209,4.095542907714844,8.02334213256836
1886347,skillcorner,Auckland FC,Newcastle,15,7.0,1,tactical,11.75,4,0,4,47.57274917908322,0.0,0.0,0.0
1886347,skillcorner,Auckland FC,Newcastle,15,7.0,1,team,23.0,2,0,2,48.56992335669558,0.0,0.0,0.0
1886347,skillcorner,Auckland FC,Newcastle,16,8.0,1,individual,2.75,20,4,20,32.43914548724812,1.7085598707199097,4.522564888000488,6.834239482879639
1886347,skillcorner,Auckland FC,Newcastle,16,8.0,1,tactical,11.75,6,1,6,49.06682644296463,1.2597122192382812,1.2597122192382812,1.2597122192382812
1886347,skillcorner,Auckland FC,Newcastle,16,8.0,1,team,23.0,2,0,2,46.0,0.0,0.0,0.0
1886347,skillcorner,Auckland FC,Newcastle,17,8.0,1,individual,2.75,19,1,19,29.538155472018104,5.276937484741211,5.276937484741211,5.276937484741211
1886347,skillcorner,Auckland FC,Newcastle,17,8.0,1,tactical,11.75,4,0,4,49.30277790915721,0.0,0.0,0.0
1886347,skillcorner,Auckland FC,Newcastle,17,8.0,1,team,23.0,2,0,2,52.403781399710674,0.0,0.0,0.0
1886347,skillcorner,Auckland FC,Newcastle,18,9.0,1,individual,2.75,17,2,17,30.824451884160563,1.7170743942260742,3.1720170974731445,3.4341487884521484
1886347,skillcorner,Auckland FC,Newcastle,18,9.0,1,tactical,11.75,3,0,3,65.77810590869555,0.0,0.0,0.0
1886347,skillcorner,Auckland FC,Newcastle,18,9.0,1,team,23.0,2,0,2,54.98465032766262,0.0,0.0,0.0
1886347,skillcorner,Auckland FC,Newcastle,19,10.0,1,individual,2.75,20,4,20,33.406598227610644,1.0114428997039795,1.9000358581542969,4.045771598815918
1886347,skillcorner,Auckland FC,Newcastle,19,10.0,1,tactical,11.75,5,0,5,48.82627042459376,0.0,0.0,0.0
1886347,skillcorner,Auckland FC,Newcastle,19,10.0,1,team,23.0,2,0,2,53.9330878903457,0.0,0.0,0.0
1886347,skillcorner,Auckland FC,Newcastle,20,10.0,1,individual,2.75,21,3,21,32.872536863667975,2.491854190826416,3.8255996704101562,7.475562572479248
1886347,skillcorner,Auckland FC,Newcastle,20,10.0,1,tactical,11.75,3,0,3,62.57919013546836,0.0,0.0,0.0
1886347,skillcorner,Auckland FC,Newcastle,20,10.0,1,team,23.0,2,0,2,48.23469271363858,0.0,0.0,0.0
1886347,skillcorner,Auckland FC,Newcastle,21,11.0,1,individual,2.75,20,3,20,37.49818171053609,2.625319798787435,4.385712623596191,7.875959396362305
1886347,skillcorner,Auckland FC,Newcastle,21,11.0,1,tactical,11.75,7,0,7,48.409748811577195,0.0,0.0,0.0
1886347,skillcorner,Auckland FC,Newcastle,21,11.0,1,team,23.0,2,0,2,51.05037314221301,0.0,0.0,0.0
1886347,skillcorner,Auckland FC,Newcastle,22,11.0,1,individual,2.75,18,5,18,35.57466092600181,2.166848373413086,6.325428009033203,10.83424186706543
1886347,skillcorner,Auckland FC,Newcastle,22,11.0,1,tactical,11.75,6,1,6,50.883522195618056,2.09857177734375,2.09857177734375,2.09857177734375
1886347,skillcorner,Auckland FC,Newcastle,22,11.0,1,team,23.0,2,0,2,48.77140118884122,0.0,0.0,0.0
1886347,skillcorner,Auckland FC,Newcastle,23,12.0,1,individual,2.75,21,3,21,33.245328894165944,0.8506027857462565,2.1128158569335938,2.5518083572387695
1886347,skillcorner,Auckland FC,Newcastle,23,12.0,1,tactical,11.75,4,0,4,54.39896233468923,0.0,0.0,0.0
1886347,skillcorner,Auckland FC,Newcastle,23,12.0,1,team,23.0,2,0,2,46.0,0.0,0.0,0.0
1886347,skillcorner,Auckland FC,Newcastle,24,12.0,1,individual,2.75,22,2,22,36.77068211363372,4.083379745483398,4.290323257446289,8.166759490966797
1886347,skillcorner,Auckland FC,Newcastle,24,12.0,1,tactical,11.75,6,0,6,45.74827945550824,0.0,0.0,0.0
1886347,skillcorner,Auckland FC,Newcastle,24,12.0,1,team,23.0,2,0,2,58.73676827501059,0.0,0.0,0.0
1886347,skillcorner,Auckland FC,Newcastle,25,13.0,1,individual,2.75,20,3,20,28.004784510376,2.6079305013020835,3.9310808181762695,7.82379150390625
1886347,skillcorner,Auckland FC,Newcastle,25,13.0,1,tactical,11.75,3,0,3,62.96618647233318,0.0,0.0,0.0
1886347,skillcorner,Auckland FC,Newcastle,25,13.0,1,team,23.0,2,0,2,51.30467113280575,0.0,0.0,0.0
1886347,skillcorner,Auckland FC,Newcastle,26,14.0,1,individual,2.75,22,3,22,33.81243733053516,1.0066312154134114,1.9358558654785156,3.0198936462402344
1886347,skillcorner,Auckland FC,Newcastle,26,14.0,1,tactical,11.75,5,0,5,51.601893490149436,0.0,0.0,0.0
1886347,skillcorner,Auckland FC,Newcastle,26,14.0,1,team,23.0,2,0,2,48.77590425200651,0.0,0.0,0.0
1886347,skillcorner,Auckland FC,Newcastle,27,14.0,1,individual,2.75,19,3,19,33.12347788454706,2.6938063303629556,6.373271942138672,8.081418991088867
1886347,skillcorner,Auckland FC,Newcastle,27,14.0,1,tactical,11.75,3,0,3,59.086094350027416,0.0,0.0,0.0
1886347,skillcorner,Auckland FC,Newcastle,27,14.0,1,team,23.0,3,0,3,59.086094350027416,0.0,0.0,0.0
1886347,skillcorner,Auckland FC,Newcastle,28,15.0,1,individual,2.75,21,4,21,37.94272670753432,2.4487154483795166,3.458425521850586,9.794861793518066
1886347,skillcorner,Auckland FC,Newcastle,28,15.0,1,tactical,11.75,5,0,5,47.55552495534802,0.0,0.0,0.0
1886347,skillcorner,Auckland FC,Newcastle,28,15.0,1,team,23.0,2,0,2,46.0,0.0,0.0,0.0
1886347,skillcorner,Auckland FC,Newcastle,29,15.0,1,individual,2.75,22,2,22,32.35153625849315,0.07130193710327148,0.09579849243164062,0.14260387420654297
1886347,skillcorner,Auckland FC,Newcastle,29,15.0,1,tactical,11.75,6,1,6,46.17099940571452,2.302448272705078,2.302448272705078,2.302448272705078
1886347,skillcorner,Auckland FC,Newcastle,29,15.0,1,team,23.0,2,0,2,58.309345546014626,0.0,0.0,0.0
1886347,skillcorner,Auckland FC,Newcastle,30,16.0,1,individual,2.75,20,1,20,30.206883371586613,0.9881763458251953,0.9881763458251953,0.9881763458251953
1886347,skillcorner,Auckland FC,Newcastle,30,16.0,1,tactical,11.75,5,0,5,47.40215150021342,0.0,0.0,0.0
1886347,skillcorner,Auckland FC,Newcastle,30,16.0,1,team,23.0,2,0,2,50.72758799384679,0.0,0.0,0.0
1886347,skillcorner,Auckland FC,Newcastle,31,16.0,1,individual,2.75,20,2,20,33.10531452540366,2.2743048667907715,3.2418746948242188,4.548609733581543
1886347,skillcorner,Auckland FC,Newcastle,31,16.0,1,tactical,11.75,4,0,4,52.12583431534504,0.0,0.0,0.0
1886347,skillcorner,Auckland FC,Newcastle,31,16.0,1,team,23.0,1,0,1,46.0,0.0,0.0,0.0
1886347,skillcorner,Auckland FC,Newcastle,32,17.0,1,individual,2.75,21,2,21,32.365531158908645,3.9242501258850098,6.862273216247559,7.8485002517700195
1886347,skillcorner,Auckland FC,Newcastle,32,17.0,1,tactical,11.75,5,0,5,51.709781380500296,0.0,0.0,0.0
1886347,skillcorner,Auckland FC,Newcastle,32,17.0,1,team,23.0,2,0,2,46.0,0.0,0.0,0.0
1886347,skillcorner,Auckland FC,Newcastle,33,17.0,1,individual,2.75,21,3,21,37.698098577366025,3.0257479349772134,5.820043563842773,9.07724380493164
1886347,skillcorner,Auckland FC,Newcastle,33,17.0,1,tactical,11.75,6,0,6,51.52383671524001,0.0,0.0,0.0
1886347,skillcorner,Auckland FC,Newcastle,33,17.0,1,team,23.0,2,0,2,52.69790942984972,0.0,0.0,0.0
1886347,skillcorner,Auckland FC,Newcastle,34,18.0,1,individual,2.75,19,2,19,34.40322282230339,2.0749993324279785,2.304245948791504,4.149998664855957
1886347,skillcorner,Auckland FC,Newcastle,34,18.0,1,tactical,11.75,3,0,3,53.48759186749583,0.0,0.0,0.0
1886347,skillcorner,Auckland FC,Newcastle,34,18.0,1,team,23.0,2,0,2,57.646656628187586,0.0,0.0,0.0
1886347,skillcorner,Auckland FC,Newcastle,35,19.0,1,individual,2.75,20,4,20,33.67641884335706,1.8085229396820068,3.6649341583251953,7.234091758728027
1886347,skillcorner,Auckland FC,Newcastle,35,19.0,1,tactical,11.75,3,0,3,56.197604218152094,0.0,0.0,0.0
1886347,skillcorner,Auckland FC,Newcastle,35,19.0,1,team,23.0,2,0,2,58.363210900543464,0.0,0.0,0.0
1886347,skillcorner,Auckland FC,Newcastle,36,20.0,1,individual,2.75,19,2,19,40.37176938430128,0.7705187797546387,1.4434967041015625,1.5410375595092773
1886347,skillcorner,Auckland FC,Newcastle,36,20.0,1,tactical,11.75,9,1,9,43.89967434247059,3.7579689025878906,3.7579689025878906,3.7579689025878906
1886347,skillcorner,Auckland FC,Newcastle,36,20.0,1,team,23.0,2,0,2,50.900152047494416,0.0,0.0,0.0
1886347,skillcorner,Auckland FC,Newcastle,37,20.0,1,individual,2.75,22,2,22,36.364518634346894,1.1818041801452637,2.352334976196289,2.3636083602905273
1886347,skillcorner,Auckland FC,Newcastle,37,20.0,1,tactical,11.75,6,1,6,44.61912131910964,0.9154014587402344,0.9154014587402344,0.9154014587402344
1886347,skillcorner,Auckland FC,Newcastle,37,20.0,1,team,23.0,2,0,2,48.594117868145524,0.0,0.0,0.0
1886347,skillcorner,Auckland FC,Newcastle,38,21.0,1,individual,2.75,17,3,17,36.6692220635894,2.867340405782064,3.8414649963378906,8.602021217346191
1886347,skillcorner,Auckland FC,Newcastle,38,21.0,1,tactical,11.75,6,0,6,48.09863241911574,0.0,0.0,0.0
1886347,skillcorner,Auckland FC,Newcastle,38,21.0,1,team,23.0,1,0,1,46.0,0.0,0.0,0.0
1886347,skillcorner,Auckland FC,Newcastle,39,21.0,1,individual,2.75,21,2,21,35.51618178855996,5.151117324829102,7.433555603027344,10.302234649658203
1886347,skillcorner,Auckland FC,Newcastle,39,21.0,1,tactical,11.75,5,0,5,38.383703654421495,0.0,0.0,0.0
1886347,skillcorner,Auckland FC,Newcastle,39,21.0,1,team,23.0,2,0,2,46.0,0.0,0.0,0.0
1886347,skillcorner,Auckland FC,Newcastle,40,23.0,1,individual,2.75,10,0,10,37.17089721811945,0.0,0.0,0.0
1886347,skillcorner,Auckland FC,Newcastle,40,23.0,1,tactical,11.75,3,0,3,62.234135809520296,0.0,0.0,0.0
1886347,skillcorner,Auckland FC,Newcastle,40,23.0,1,team,23.0,2,0,2,60.017201942650935,0.0,0.0,0.0
1886347,skillcorner,Auckland FC,Newcastle,41,23.0,1,individual,2.75,16,3,16,32.14306626616386,1.5231876373291016,2.900869369506836,4.569562911987305
1886347,skillcorner,Auckland FC,Newcastle,41,23.0,1,tactical,11.75,3,0,3,60.43750227181509,0.0,0.0,0.0
1886347,skillcorner,Auckland FC,Newcastle,41,23.0,1,team,23.0,2,0,2,51.31517382658474,0.0,0.0,0.0
1886347,skillcorner,Auckland FC,Newcastle,42,24.0,1,individual,2.75,21,4,21,34.493023946473265,1.9442973136901855,3.5679988861083984,7.777189254760742
1886347,skillcorner,Auckland FC,Newcastle,42,24.0,1,tactical,11.75,6,0,6,46.516062370873755,0.0,0.0,0.0
1886347,skillcorner,Auckland FC,Newcastle,42,24.0,1,team,23.0,1,0,1,46.0,0.0,0.0,0.0
1886347,skillcorner,Auckland FC,Newcastle,43,24.0,1,individual,2.75,20,4,20,33.05248667722503,2.8907742500305176,4.6263227462768555,11.56309700012207
1886347,skillcorner,Auckland FC,Newcastle,43,24.0,1,tactical,11.75,4,0,4,56.164535085881006,0.0,0.0,0.0
1886347,skillcorner,Auckland FC,Newcastle,43,24.0,1,team,23.0,2,0,2,59.568357054156856,0.0,0.0,0.0
1886347,skillcorner,Auckland FC,Newcastle,44,25.0,1,individual,2.75,22,2,22,38.160763769785795,3.5638017654418945,6.38471794128418,7.127603530883789
1886347,skillcorner,Auckland FC,Newcastle,44,25.0,1,tactical,11.75,6,1,6,49.493415638148825,2.236133575439453,2.236133575439453,2.236133575439453
1886347,skillcorner,Auckland FC,Newcastle,44,25.0,1,team,23.0,2,0,2,48.78476335729902,0.0,0.0,0.0
1886347,skillcorner,Auckland FC,Newcastle,45,26.0,1,individual,2.75,21,3,21,37.28253939839714,1.6774781545003254,2.1712560653686523,5.032434463500977
1886347,skillcorner,Auckland FC,Newcastle,45,26.0,1,tactical,11.75,5,0,5,46.212809398792004,0.0,0.0,0.0
1886347,skillcorner,Auckland FC,Newcastle,45,26.0,1,team,23.0,2,0,2,46.0,0.0,0.0,0.0
1886347,skillcorner,Auckland FC,Newcastle,46,26.0,1,individual,2.75,18,1,18,31.061027027450333,0.12391090393066406,0.12391090393066406,0.12391090393066406
1886347,skillcorner,Auckland FC,Newcastle,46,26.0,1,tactical,11.75,5,0,5,52.0205575742491,0.0,0.0,0.0
1886347,skillcorner,Auckland FC,Newcastle,46,26.0,1,team,23.0,2,0,2,55.878342108370084,0.0,0.0,0.0
1886347,skillcorner,Auckland FC,Newcastle,47,27.0,1,individual,2.75,14,0,14,29.974533089512157,0.0,0.0,0.0
1886347,skillcorner,Auckland FC,Newcastle,47,27.0,1,tactical,11.75,3,0,3,46.37137111805695,0.0,0.0,0.0
1886347,skillcorner,Auckland FC,Newcastle,47,27.0,1,team,23.0,2,0,2,58.928724019042455,0.0,0.0,0.0
1886347,skillcorner,Auckland FC,Newcastle,48,28.0,1,individual,2.75,20,5,20,35.1788333813859,1.359125518798828,3.888360023498535,6.795627593994141
1886347,skillcorner,Auckland FC,Newcastle,48,28.0,1,tactical,11.75,5,0,5,54.38634997045633,0.0,0.0,0.0
1886347,skillcorner,Auckland FC,Newcastle,48,28.0,1,team,23.0,2,0,2,59.70099454308199,0.0,0.0,0.0
1886347,skillcorner,Auckland FC,Newcastle,49,29.0,1,individual,2.75,20,6,20,32.39184770266059,1.5182677110036213,4.400754928588867,9.109606266021729
1886347,skillcorner,Auckland FC,Newcastle,49,29.0,1,tactical,11.75,3,0,3,63.14492514788837,0.0,0.0,0.0
1886347,skillcorner,Auckland FC,Newcastle,49,29.0,1,team,23.0,2,0,2,49.172305381721614,0.0,0.0,0.0
1886347,skillcorner,Auckland FC,Newcastle,50,29.0,1,individual,2.75,20,1,20,36.69598255513258,1.1955022811889648,1.1955022811889648,1.1955022811889648
1886347,skillcorner,Auckland FC,Newcastle,50,29.0,1,tactical,11.75,3,0,3,47.31895900605406,0.0,0.0,0.0
1886347,skillcorner,Auckland FC,Newcastle,50,29.0,1,team,23.0,2,0,2,59.1829239196026,0.0,0.0,0.0
1886347,skillcorner,Auckland FC,Newcastle,51,30.0,1,individual,2.75,21,3,21,35.08518723890553,0.4530741373697917,1.268263816833496,1.359222412109375
1886347,skillcorner,Auckland FC,Newcastle,51,30.0,1,tactical,11.75,4,0,4,47.09151696840521,0.0,0.0,0.0
1886347,skillcorner,Auckland FC,Newcastle,51,30.0,1,team,23.0,2,0,2,46.414500883778224,0.0,0.0,0.0
1886347,skillcorner,Auckland FC,Newcastle,52,30.0,1,individual,2.75,19,0,19,34.67004285479864,0.0,0.0,0.0
1886347,skillcorner,Auckland FC,Newcastle,52,30.0,1,tactical,11.75,5,1,5,38.20461686712001,1.965097427368164,1.965097427368164,1.965097427368164
1886347,skillcorner,Auckland FC,Newcastle,52,30.0,1,team,23.0,2,0,2,58.04303592595009,0.0,0.0,0.0
1886347,skillcorner,Auckland FC,Newcastle,53,31.0,1,individual,2.75,21,3,21,34.851595509657436,1.101871172587077,2.1313838958740234,3.3056135177612305
1886347,skillcorner,Auckland FC,Newcastle,53,31.0,1,tactical,11.75,5,0,5,55.38822384075356,0.0,0.0,0.0
1886347,skillcorner,Auckland FC,Newcastle,53,31.0,1,team,23.0,2,0,2,46.0,0.0,0.0,0.0
1886347,skillcorner,Auckland FC,Newcastle,54,31.0,1,individual,2.75,19,4,19,39.08434426680443,2.3843109607696533,6.390876770019531,9.537243843078613
1886347,skillcorner,Auckland FC,Newcastle,54,31.0,1,tactical,11.75,5,0,5,54.4802302872797,0.0,0.0,0.0
1886347,skillcorner,Auckland FC,Newcastle,54,31.0,1,team,23.0,2,0,2,46.0,0.0,0.0,0.0
1886347,skillcorner,Auckland FC,Newcastle,55,32.0,1,individual,2.75,21,2,21,38.32239625900327,2.436708450317383,3.5106868743896484,4.873416900634766
1886347,skillcorner,Auckland FC,Newcastle,55,32.0,1,tactical,11.75,5,0,5,50.858303622208894,0.0,0.0,0.0
1886347,skillcorner,Auckland FC,Newcastle,55,32.0,1,team,23.0,2,0,2,46.0,0.0,0.0,0.0
1886347,skillcorner,Auckland FC,Newcastle,56,32.0,1,individual,2.75,22,2,22,36.47471650390216,3.9326610565185547,5.419960021972656,7.865322113037109
1886347,skillcorner,Auckland FC,Newcastle,56,32.0,1,tactical,11.75,6,0,6,50.00065255841535,0.0,0.0,0.0
1886347,skillcorner,Auckland FC,Newcastle,56,32.0,1,team,23.0,2,0,2,55.78266181312001,0.0,0.0,0.0
1886347,skillcorner,Auckland FC,Newcastle,57,33.0,1,individual,2.75,18,2,18,30.389282650302885,0.79400634765625,1.0985698699951172,1.5880126953125
1886347,skillcorner,Auckland FC,Newcastle,57,33.0,1,tactical,11.75,3,0,3,57.489908060430835,0.0,0.0,0.0
1886347,skillcorner,Auckland FC,Newcastle,57,33.0,1,team,23.0,2,0,2,62.389543708640275,0.0,0.0,0.0
1886347,skillcorner,Auckland FC,Newcastle,58,33.0,1,individual,2.75,20,3,20,27.741180177553517,0.6992317835489908,1.4667339324951172,2.0976953506469727
1886347,skillcorner,Auckland FC,Newcastle,58,33.0,1,tactical,11.75,3,0,3,64.73960808218098,0.0,0.0,0.0
1886347,skillcorner,Auckland FC,Newcastle,58,33.0,1,team,23.0,2,0,2,55.57322612059918,0.0,0.0,0.0
1886347,skillcorner,Auckland FC,Newcastle,59,34.0,1,individual,2.75,20,3,20,37.252515275723454,1.7850745519002278,2.8405704498291016,5.355223655700684
1886347,skillcorner,Auckland FC,Newcastle,59,34.0,1,tactical,11.75,7,1,7,39.00510814673459,5.119630813598633,5.119630813598633,5.119630813598633
1886347,skillcorner,Auckland FC,Newcastle,59,34.0,1,team,23.0,2,0,2,46.0,0.0,0.0,0.0
1886347,skillcorner,Auckland FC,Newcastle,60,34.0,1,individual,2.75,21,2,21,33.686390959744315,1.9686999320983887,3.8347625732421875,3.9373998641967773
1886347,skillcorner,Auckland FC,Newcastle,60,34.0,1,tactical,11.75,5,0,5,44.007675032245245,0.0,0.0,0.0
1886347,skillcorner,Auckland FC,Newcastle,60,34.0,1,team,23.0,2,0,2,46.0,0.0,0.0,0.0
1886347,skillcorner,Auckland FC,Newcastle,61,35.0,1,individual,2.75,15,2,15,33.58281256833621,1.5713014602661133,2.2682199478149414,3.1426029205322266
1886347,skillcorner,Auckland FC,Newcastle,61,35.0,1,tactical,11.75,4,0,4,50.43726852293463,0.0,0.0,0.0
1886347,skillcorner,Auckland FC,Newcastle,61,35.0,1,team,23.0,2,0,2,46.0,0.0,0.0,0.0
1886347,skillcorner,Auckland FC,Newcastle,62,36.0,1,individual,2.75,20,3,20,37.231586616555454,2.1944967905680337,3.5588197708129883,6.583490371704102
1886347,skillcorner,Auckland FC,Newcastle,62,36.0,1,tactical,11.75,5,0,5,47.47934064626552,0.0,0.0,0.0
1886347,skillcorner,Auckland FC,Newcastle,62,36.0,1,team,23.0,1,0,1,46.0,0.0,0.0,0.0
1886347,skillcorner,Auckland FC,Newcastle,63,36.0,1,individual,2.75,20,4,20,30.41988198591168,1.6321148872375488,3.6574716567993164,6.528459548950195
1886347,skillcorner,Auckland FC,Newcastle,63,36.0,1,tactical,11.75,3,0,3,61.85818552623861,0.0,0.0,0.0
1886347,skillcorner,Auckland FC,Newcastle,63,36.0,1,team,23.0,2,0,2,46.711093590271396,0.0,0.0,0.0
1886347,skillcorner,Auckland FC,Newcastle,64,37.0,1,individual,2.75,18,1,18,41.78347430504075,3.829578399658203,3.829578399658203,3.829578399658203
1886347,skillcorner,Auckland FC,Newcastle,64,37.0,1,tactical,11.75,8,1,8,49.779443553258254,3.5584678649902344,3.5584678649902344,3.5584678649902344
1886347,skillcorner,Auckland FC,Newcastle,64,37.0,1,team,23.0,1,0,1,46.0,0.0,0.0,0.0
1886347,skillcorner,Auckland FC,Newcastle,65,38.0,1,individual,2.75,12,1,12,35.717262758089156,0.7587699890136719,0.7587699890136719,0.7587699890136719
1886347,skillcorner,Auckland FC,Newcastle,65,38.0,1,tactical,11.75,3,0,3,67.37481579391448,0.0,0.0,0.0
1886347,skillcorner,Auckland FC,Newcastle,65,38.0,1,team,23.0,2,0,2,64.2470809804809,0.0,0.0,0.0
1886347,skillcorner,Auckland FC,Newcastle,66,38.0,1,individual,2.75,20,3,20,28.723315280604712,1.868638038635254,3.739185333251953,5.605914115905762
1886347,skillcorner,Auckland FC,Newcastle,66,38.0,1,tactical,11.75,4,0,4,41.337893931536456,0.0,0.0,0.0
1886347,skillcorner,Auckland FC,Newcastle,66,38.0,1,team,23.0,2,0,2,60.78897233355418,0.0,0.0,0.0
1886347,skillcorner,Auckland FC,Newcastle,67,38.0,1,individual,2.75,21,2,21,36.51723563821161,0.6563243865966797,1.2597217559814453,1.3126487731933594
1886347,skillcorner,Auckland FC,Newcastle,67,38.0,1,tactical,11.75,5,1,5,44.60691664752237,0.2380523681640625,0.2380523681640625,0.2380523681640625
1886347,skillcorner,Auckland FC,Newcastle,67,38.0,1,team,23.0,2,0,2,61.424260544565875,0.0,0.0,0.0
1886347,skillcorner,Auckland FC,Newcastle,68,39.0,1,individual,2.75,20,3,20,36.30496639240885,1.8148778279622395,4.393543243408203,5.444633483886719
1886347,skillcorner,Auckland FC,Newcastle,68,39.0,1,tactical,11.75,5,0,5,53.988377036389686,0.0,0.0,0.0
1886347,skillcorner,Auckland FC,Newcastle,68,39.0,1,team,23.0,3,0,3,54.399960655099974,0.0,0.0,0.0
1886347,skillcorner,Auckland FC,Newcastle,69,40.0,1,individual,2.75,22,4,22,37.986276812827136,1.8000118732452393,4.546525001525879,7.200047492980957
1886347,skillcorner,Auckland FC,Newcastle,69,40.0,1,tactical,11.75,8,1,8,51.73376216172309,3.3467273712158203,3.3467273712158203,3.3467273712158203
1886347,skillcorner,Auckland FC,Newcastle,69,40.0,1,team,23.0,2,0,2,46.0,0.0,0.0,0.0
1886347,skillcorner,Auckland FC,Newcastle,70,40.0,1,individual,2.75,22,5,22,36.8559096171107,1.1928197860717773,1.5318737030029297,5.964098930358887
1886347,skillcorner,Auckland FC,Newcastle,70,40.0,1,tactical,11.75,5,0,5,49.1331814935655,0.0,0.0,0.0
1886347,skillcorner,Auckland FC,Newcastle,70,40.0,1,team,23.0,2,0,2,46.0,0.0,0.0,0.0
1886347,skillcorner,Auckland FC,Newcastle,71,41.0,1,individual,2.75,18,1,18,33.291383645021426,0.9222087860107422,0.9222087860107422,0.9222087860107422
1886347,skillcorner,Auckland FC,Newcastle,71,41.0,1,tactical,11.75,5,0,5,53.76699969719728,0.0,0.0,0.0
1886347,skillcorner,Auckland FC,Newcastle,71,41.0,1,team,23.0,2,0,2,46.0,0.0,0.0,0.0
1886347,skillcorner,Auckland FC,Newcastle,72,41.0,1,individual,2.75,20,3,20,37.514332620786675,3.1441129048665366,3.9802703857421875,9.43233871459961
1886347,skillcorner,Auckland FC,Newcastle,72,41.0,1,tactical,11.75,5,0,5,51.579135728890286,0.0,0.0,0.0
1886347,skillcorner,Auckland FC,Newcastle,72,41.0,1,team,23.0,2,0,2,46.0,0.0,0.0,0.0
1886347,skillcorner,Auckland FC,Newcastle,73,42.0,1,individual,2.75,19,2,19,39.33401016884079,0.8048601150512695,1.409078598022461,1.609720230102539
1886347,skillcorner,Auckland FC,Newcastle,73,42.0,1,tactical,11.75,5,0,5,48.33452081244069,0.0,0.0,0.0
1886347,skillcorner,Auckland FC,Newcastle,73,42.0,1,team,23.0,2,0,2,62.259155929486816,0.0,0.0,0.0
1886347,skillcorner,Auckland FC,Newcastle,74,43.0,1,individual,2.75,20,5,20,36.201451035340455,2.1261688232421876,5.632452964782715,10.630844116210938
1886347,skillcorner,Auckland FC,Newcastle,74,43.0,1,tactical,11.75,7,0,7,45.485090414332475,0.0,0.0,0.0
1886347,skillcorner,Auckland FC,Newcastle,74,43.0,1,team,23.0,2,0,2,47.22199489687847,0.0,0.0,0.0
1886347,skillcorner,Auckland FC,Newcastle,75,43.0,1,individual,2.75,21,2,21,32.35058346552381,5.260012626647949,9.046574592590332,10.520025253295898
1886347,skillcorner,Auckland FC,Newcastle,75,43.0,1,tactical,11.75,3,0,3,64.06979712099377,0.0,0.0,0.0
1886347,skillcorner,Auckland FC,Newcastle,75,43.0,1,team,23.0,2,0,2,49.81095213512496,0.0,0.0,0.0
1886347,skillcorner,Auckland FC,Newcastle,76,44.0,1,individual,2.75,18,2,18,34.16487670108001,1.4128060340881348,2.120701789855957,2.8256120681762695
1886347,skillcorner,Auckland FC,Newcastle,76,44.0,1,tactical,11.75,4,0,4,53.96828497950417,0.0,0.0,0.0
1886347,skillcorner,Auckland FC,Newcastle,76,44.0,1,team,23.0,2,0,2,50.86351191169293,0.0,0.0,0.0
1886347,skillcorner,Auckland FC,Newcastle,77,44.0,1,individual,2.75,22,3,22,36.916075752297175,2.763214906056722,6.957676887512207,8.289644718170166
1886347,skillcorner,Auckland FC,Newcastle,77,44.0,1,tactical,11.75,5,0,5,50.856451462674606,0.0,0.0,0.0
1886347,skillcorner,Auckland FC,Newcastle,77,44.0,1,team,23.0,2,0,2,49.06252914611264,0.0,0.0,0.0
1886347,skillcorner,Auckland FC,Newcastle,78,45.0,1,individual,2.75,21,4,21,33.56926576096591,1.768169641494751,3.9624576568603516,7.072678565979004
1886347,skillcorner,Auckland FC,Newcastle,78,45.0,1,tactical,11.75,4,0,4,60.48698544539849,0.0,0.0,0.0
1886347,skillcorner,Auckland FC,Newcastle,78,45.0,1,team,23.0,2,0,2,46.580071563850396,0.0,0.0,0.0
1886347,skillcorner,Auckland FC,Newcastle,79,45.0,1,individual,2.75,20,3,20,33.2242750226837,3.242455800374349,6.5457763671875,9.727367401123047
1886347,skillcorner,Auckland FC,Newcastle,79,45.0,1,tactical,11.75,4,0,4,35.621770929657615,0.0,0.0,0.0
1886347,skillcorner,Auckland FC,Newcastle,79,45.0,1,team,23.0,2,0,2,57.11755085079143,0.0,0.0,0.0
1886347,skillcorner,Auckland FC,Newcastle,80,46.0,1,individual,2.75,20,2,20,26.681492315019582,1.4607889652252197,2.083904266357422,2.9215779304504395
1886347,skillcorner,Auckland FC,Newcastle,80,46.0,1,tactical,11.75,4,0,4,46.632455582712,0.0,0.0,0.0
1886347,skillcorner,Auckland FC,Newcastle,80,46.0,1,team,23.0,2,0,2,46.0,0.0,0.0,0.0
1886347,skillcorner,Auckland FC,Newcastle,81,45.0,2,individual,2.75,17,2,17,31.51748745277585,3.3246665000915527,6.140386581420898,6.6493330001831055
1886347,skillcorner,Auckland FC,Newcastle,81,45.0,2,tactical,11.75,5,0,5,49.62626388589821,0.0,0.0,0.0
1886347,skillcorner,Auckland FC,Newcastle,81,45.0,2,team,23.0,2,0,2,52.12149806069184,0.0,0.0,0.0
1886347,skillcorner,Auckland FC,Newcastle,82,46.0,2,individual,2.75,8,0,8,42.130358960836105,0.0,0.0,0.0
1886347,skillcorner,Auckland FC,Newcastle,82,46.0,2,tactical,11.75,4,0,4,65.01534677056449,0.0,0.0,0.0
1886347,skillcorner,Auckland FC,Newcastle,82,46.0,2,team,23.0,2,0,2,64.82987733999168,0.0,0.0,0.0
1886347,skillcorner,Auckland FC,Newcastle,83,46.0,2,individual,2.75,20,3,20,38.01463940770158,2.734254837036133,4.319498062133789,8.202764511108398
1886347,skillcorner,Auckland FC,Newcastle,83,46.0,2,tactical,11.75,7,0,7,43.79243913051658,0.0,0.0,0.0
1886347,skillcorner,Auckland FC,Newcastle,83,46.0,2,team,23.0,2,0,2,46.0,0.0,0.0,0.0
1886347,skillcorner,Auckland FC,Newcastle,84,47.0,2,individual,2.75,19,2,19,27.853172687158253,1.8752546310424805,3.0482349395751953,3.750509262084961
1886347,skillcorner,Auckland FC,Newcastle,84,47.0,2,tactical,11.75,3,0,3,47.19522999409222,0.0,0.0,0.0
1886347,skillcorner,Auckland FC,Newcastle,84,47.0,2,team,23.0,2,0,2,58.96062182573296,0.0,0.0,0.0
1886347,skillcorner,Auckland FC,Newcastle,85,47.0,2,individual,2.75,19,1,19,34.11530116533419,1.973555564880371,1.973555564880371,1.973555564880371
1886347,skillcorner,Auckland FC,Newcastle,85,47.0,2,tactical,11.75,4,0,4,47.825072826841755,0.0,0.0,0.0
1886347,skillcorner,Auckland FC,Newcastle,85,47.0,2,team,23.0,2,0,2,51.135844628750306,0.0,0.0,0.0
1886347,skillcorner,Auckland FC,Newcastle,86,48.0,2,individual,2.75,20,3,20,31.763122535540717,2.006758689880371,2.535999298095703,6.020276069641113
1886347,skillcorner,Auckland FC,Newcastle,86,48.0,2,tactical,11.75,6,0,6,48.702082455657134,0.0,0.0,0.0
1886347,skillcorner,Auckland FC,Newcastle,86,48.0,2,team,23.0,2,0,2,46.0,0.0,0.0,0.0
1886347,skillcorner,Auckland FC,Newcastle,87,48.0,2,individual,2.75,21,3,21,38.47371970825245,2.903292973836263,5.8675079345703125,8.709878921508789
1886347,skillcorner,Auckland FC,Newcastle,87,48.0,2,tactical,11.75,5,1,5,46.473371462761925,3.8326950073242188,3.8326950073242188,3.8326950073242188
1886347,skillcorner,Auckland FC,Newcastle,87,48.0,2,team,23.0,1,0,1,46.0,0.0,0.0,0.0
1886347,skillcorner,Auckland FC,Newcastle,88,49.0,2,individual,2.75,18,1,18,35.59703358427497,1.9220867156982422,1.9220867156982422,1.9220867156982422
1886347,skillcorner,Auckland FC,Newcastle,88,49.0,2,tactical,11.75,5,0,5,48.72784652218414,0.0,0.0,0.0
1886347,skillcorner,Auckland FC,Newcastle,88,49.0,2,team,23.0,2,0,2,50.07364351009837,0.0,0.0,0.0
1886347,skillcorner,Auckland FC,Newcastle,89,49.0,2,individual,2.75,21,5,21,36.98599166156456,2.12099142074585,3.7145767211914062,10.604957103729248
1886347,skillcorner,Auckland FC,Newcastle,89,49.0,2,tactical,11.75,7,0,7,40.48180084927053,0.0,0.0,0.0
1886347,skillcorner,Auckland FC,Newcastle,89,49.0,2,team,23.0,2,0,2,46.0,0.0,0.0,0.0
1886347,skillcorner,Auckland FC,Newcastle,90,50.0,2,individual,2.75,19,2,19,32.09851017813445,1.3368406295776367,2.1434526443481445,2.6736812591552734
1886347,skillcorner,Auckland FC,Newcastle,90,50.0,2,tactical,11.75,3,0,3,50.896448671103414,0.0,0.0,0.0
1886347,skillcorner,Auckland FC,Newcastle,90,50.0,2,team,23.0,2,0,2,62.34249971708751,0.0,0.0,0.0
1886347,skillcorner,Auckland FC,Newcastle,91,51.0,2,individual,2.75,12,0,12,29.644989493906618,0.0,0.0,0.0
1886347,skillcorner,Auckland FC,Newcastle,91,51.0,2,tactical,11.75,3,0,3,52.221869792786094,0.0,0.0,0.0
1886347,skillcorner,Auckland FC,Newcastle,91,51.0,2,team,23.0,2,0,2,59.313493958229095,0.0,0.0,0.0
1886347,skillcorner,Auckland FC,Newcastle,92,51.0,2,individual,2.75,15,1,15,33.2685799383008,2.050992965698242,2.050992965698242,2.050992965698242
1886347,skillcorner,Auckland FC,Newcastle,92,51.0,2,tactical,11.75,5,0,5,45.14309190790604,0.0,0.0,0.0
1886347,skillcorner,Auckland FC,Newcastle,92,51.0,2,team,23.0,2,0,2,56.00488327024153,0.0,0.0,0.0
1886347,skillcorner,Auckland FC,Newcastle,93,52.0,2,individual,2.75,19,1,19,29.94337557631365,4.314814567565918,4.314814567565918,4.314814567565918
1886347,skillcorner,Auckland FC,Newcastle,93,52.0,2,tactical,11.75,3,0,3,64.26834216902239,0.0,0.0,0.0
1886347,skillcorner,Auckland FC,Newcastle,93,52.0,2,team,23.0,2,0,2,55.0891983519155,0.0,0.0,0.0
1886347,skillcorner,Auckland FC,Newcastle,94,53.0,2,individual,2.75,21,4,21,37.13214933417771,2.406968593597412,3.6473159790039062,9.627874374389648
1886347,skillcorner,Auckland FC,Newcastle,94,53.0,2,tactical,11.75,6,0,6,49.02231818836033,0.0,0.0,0.0
1886347,skillcorner,Auckland FC,Newcastle,94,53.0,2,team,23.0,2,0,2,46.0,0.0,0.0,0.0
1886347,skillcorner,Auckland FC,Newcastle,95,53.0,2,individual,2.75,20,2,20,37.425504553660566,0.7050371170043945,1.2283658981323242,1.410074234008789
1886347,skillcorner,Auckland FC,Newcastle,95,53.0,2,tactical,11.75,2,0,2,58.758601962054435,0.0,0.0,0.0
1886347,skillcorner,Auckland FC,Newcastle,95,53.0,2,team,23.0,2,0,2,58.758601962054435,0.0,0.0,0.0
1886347,skillcorner,Auckland FC,Newcastle,96,54.0,2,individual,2.75,21,4,21,35.75016385126527,1.481095790863037,2.1690969467163086,5.924383163452148
1886347,skillcorner,Auckland FC,Newcastle,96,54.0,2,tactical,11.75,5,0,5,53.54671519871407,0.0,0.0,0.0
1886347,skillcorner,Auckland FC,Newcastle,96,54.0,2,team,23.0,2,0,2,46.0,0.0,0.0,0.0
1886347,skillcorner,Auckland FC,Newcastle,97,55.0,2,individual,2.75,21,4,21,31.6792732714947,0.7655688524246216,1.7687139511108398,3.0622754096984863
1886347,skillcorner,Auckland FC,Newcastle,97,55.0,2,tactical,11.75,4,0,4,40.740361556762984,0.0,0.0,0.0
1886347,skillcorner,Auckland FC,Newcastle,97,55.0,2,team,23.0,2,0,2,59.93914762418492,0.0,0.0,0.0
1886347,skillcorner,Auckland FC,Newcastle,98,55.0,2,individual,2.75,20,1,20,31.849138086695845,2.0417866706848145,2.0417866706848145,2.0417866706848145
1886347,skillcorner,Auckland FC,Newcastle,98,55.0,2,tactical,11.75,6,0,6,43.52613807834432,0.0,0.0,0.0
1886347,skillcorner,Auckland FC,Newcastle,98,55.0,2,team,23.0,2,0,2,47.83194004228365,0.0,0.0,0.0
1886347,skillcorner,Auckland FC,Newcastle,99,56.0,2,individual,2.75,21,1,21,39.924703573583905,3.8489551544189453,3.8489551544189453,3.8489551544189453
1886347,skillcorner,Auckland FC,Newcastle,99,56.0,2,tactical,11.75,6,0,6,45.954799310656746,0.0,0.0,0.0
1886347,skillcorner,Auckland FC,Newcastle,99,56.0,2,team,23.0,2,0,2,48.96878932896617,0.0,0.0,0.0
1886347,skillcorner,Auckland FC,Newcastle,100,56.0,2,individual,2.75,21,2,21,31.519040409420736,1.630664348602295,2.8691205978393555,3.26132869720459
1886347,skillcorner,Auckland FC,Newcastle,100,56.0,2,tactical,11.75,5,0,5,59.80187700415224,0.0,0.0,0.0
1886347,skillcorner,Auckland FC,Newcastle,100,56.0,2,team,23.0,2,0,2,53.56583468149,0.0,0.0,0.0
1886347,skillcorner,Auckland FC,Newcastle,101,57.0,2,individual,2.75,22,4,22,40.04008184324809,2.6170217990875244,4.761004447937012,10.468087196350098
1886347,skillcorner,Auckland FC,Newcastle,101,57.0,2,tactical,11.75,8,0,8,58.01622519680221,0.0,0.0,0.0
1886347,skillcorner,Auckland FC,Newcastle,101,57.0,2,team,23.0,2,0,2,54.83958640399699,0.0,0.0,0.0
1886347,skillcorner,Auckland FC,Newcastle,102,57.0,2,individual,2.75,22,4,22,34.190456009724684,1.1452662944793701,2.6567134857177734,4.5810651779174805
1886347,skillcorner,Auckland FC,Newcastle,102,57.0,2,tactical,11.75,6,0,6,52.56585283524463,0.0,0.0,0.0
1886347,skillcorner,Auckland FC,Newcastle,102,57.0,2,team,23.0,2,0,2,46.0,0.0,0.0,0.0
1886347,skillcorner,Auckland FC,Newcastle,103,58.0,2,individual,2.75,20,2,20,39.52870371218374,1.259312629699707,1.6038799285888672,2.518625259399414
1886347,skillcorner,Auckland FC,Newcastle,103,58.0,2,tactical,11.75,4,0,4,52.10082644273755,0.0,0.0,0.0
1886347,skillcorner,Auckland FC,Newcastle,103,58.0,2,team,23.0,2,0,2,46.95584118660797,0.0,0.0,0.0
1886347,skillcorner,Auckland FC,Newcastle,104,59.0,2,individual,2.75,21,4,21,35.135347061620635,0.7098076343536377,0.9902858734130859,2.839230537414551
1886347,skillcorner,Auckland FC,Newcastle,104,59.0,2,tactical,11.75,5,0,5,46.89118867316782,0.0,0.0,0.0
1886347,skillcorner,Auckland FC,Newcastle,104,59.0,2,team,23.0,1,0,1,46.0,0.0,0.0,0.0
1886347,skillcorner,Auckland FC,Newcastle,105,59.0,2,individual,2.75,17,4,17,34.0105844300535,1.3382360935211182,2.0835371017456055,5.352944374084473
1886347,skillcorner,Auckland FC,Newcastle,105,59.0,2,tactical,11.75,5,0,5,54.04300043487242,0.0,0.0,0.0
1886347,skillcorner,Auckland FC,Newcastle,105,59.0,2,team,23.0,2,0,2,62.93536326607725,0.0,0.0,0.0
1886347,skillcorner,Auckland FC,Newcastle,106,60.0,2,individual,2.75,20,5,20,37.72952874732816,2.8011621475219726,7.358991622924805,14.005810737609863
1886347,skillcorner,Auckland FC,Newcastle,106,60.0,2,tactical,11.75,6,0,6,50.609574178896466,0.0,0.0,0.0
1886347,skillcorner,Auckland FC,Newcastle,106,60.0,2,team,23.0,2,0,2,50.4197661497364,0.0,0.0,0.0
1886347,skillcorner,Auckland FC,Newcastle,107,61.0,2,individual,2.75,20,2,20,37.576127172341856,1.7805767059326172,2.4559402465820312,3.5611534118652344
1886347,skillcorner,Auckland FC,Newcastle,107,61.0,2,tactical,11.75,5,0,5,40.49302016952103,0.0,0.0,0.0
1886347,skillcorner,Auckland FC,Newcastle,107,61.0,2,team,23.0,2,0,2,58.384336932887834,0.0,0.0,0.0
1886347,skillcorner,Auckland FC,Newcastle,108,62.0,2,individual,2.75,21,4,21,38.12860903306575,1.6088759899139404,2.6625185012817383,6.435503959655762
1886347,skillcorner,Auckland FC,Newcastle,108,62.0,2,tactical,11.75,7,1,7,44.40883752137631,1.2260169982910156,1.2260169982910156,1.2260169982910156
1886347,skillcorner,Auckland FC,Newcastle,108,62.0,2,team,23.0,2,0,2,54.74428452342637,0.0,0.0,0.0
1886347,skillcorner,Auckland FC,Newcastle,109,65.0,2,individual,2.75,16,2,16,28.61478799753895,1.6491761207580566,2.2467899322509766,3.2983522415161133
1886347,skillcorner,Auckland FC,Newcastle,109,65.0,2,tactical,11.75,2,0,2,59.491196042573925,0.0,0.0,0.0
1886347,skillcorner,Auckland FC,Newcastle,109,65.0,2,team,23.0,2,0,2,59.491196042573925,0.0,0.0,0.0
1886347,skillcorner,Auckland FC,Newcastle,110,65.0,2,individual,2.75,19,2,19,33.10925559710377,0.5422835350036621,0.9626026153564453,1.0845670700073242
1886347,skillcorner,Auckland FC,Newcastle,110,65.0,2,tactical,11.75,4,0,4,44.82893124487045,0.0,0.0,0.0
1886347,skillcorner,Auckland FC,Newcastle,110,65.0,2,team,23.0,2,0,2,59.4970616626171,0.0,0.0,0.0
1886347,skillcorner,Auckland FC,Newcastle,111,66.0,2,individual,2.75,14,1,14,33.14363953165599,0.049652099609375,0.049652099609375,0.049652099609375
1886347,skillcorner,Auckland FC,Newcastle,111,66.0,2,tactical,11.75,5,0,5,46.866189239979015,0.0,0.0,0.0
1886347,skillcorner,Auckland FC,Newcastle,111,66.0,2,team,23.0,2,0,2,54.94553217410577,0.0,0.0,0.0
1886347,skillcorner,Auckland FC,Newcastle,112,67.0,2,individual,2.75,21,3,21,37.91069135728068,0.891259511311849,1.70489501953125,2.673778533935547
1886347,skillcorner,Auckland FC,Newcastle,112,67.0,2,tactical,11.75,6,0,6,40.982883759994316,0.0,0.0,0.0
1886347,skillcorner,Auckland FC,Newcastle,112,67.0,2,team,23.0,2,0,2,48.22567258129602,0.0,0.0,0.0
1886347,skillcorner,Auckland FC,Newcastle,113,67.0,2,individual,2.75,18,2,18,32.756608493554396,1.220777988433838,2.3140697479248047,2.441555976867676
1886347,skillcorner,Auckland FC,Newcastle,113,67.0,2,tactical,11.75,4,0,4,46.23081137294893,0.0,0.0,0.0
1886347,skillcorner,Auckland FC,Newcastle,113,67.0,2,team,23.0,2,0,2,46.0,0.0,0.0,0.0
1886347,skillcorner,Auckland FC,Newcastle,114,69.0,2,individual,2.75,14,0,14,40.42411744283598,0.0,0.0,0.0
1886347,skillcorner,Auckland FC,Newcastle,114,69.0,2,tactical,11.75,4,0,4,59.23411358754113,0.0,0.0,0.0
1886347,skillcorner,Auckland FC,Newcastle,114,69.0,2,team,23.0,2,0,2,60.680980190798664,0.0,0.0,0.0
1886347,skillcorner,Auckland FC,Newcastle,115,69.0,2,individual,2.75,18,0,18,31.485275923834617,0.0,0.0,0.0
1886347,skillcorner,Auckland FC,Newcastle,115,69.0,2,tactical,11.75,4,0,4,48.41458204318982,0.0,0.0,0.0
1886347,skillcorner,Auckland FC,Newcastle,115,69.0,2,team,23.0,2,0,2,46.0,0.0,0.0,0.0
1886347,skillcorner,Auckland FC,Newcastle,116,70.0,2,individual,2.75,22,2,22,36.103281274336624,3.0826034545898438,4.687115669250488,6.1652069091796875
1886347,skillcorner,Auckland FC,Newcastle,116,70.0,2,tactical,11.75,7,1,7,44.30290986179376,3.7592201232910156,3.7592201232910156,3.7592201232910156
1886347,skillcorner,Auckland FC,Newcastle,116,70.0,2,team,23.0,2,0,2,52.028964587132336,0.0,0.0,0.0
1886347,skillcorner,Auckland FC,Newcastle,117,71.0,2,individual,2.75,10,1,10,41.92495438280166,3.912830352783203,3.912830352783203,3.912830352783203
1886347,skillcorner,Auckland FC,Newcastle,117,71.0,2,tactical,11.75,5,0,5,47.3451510876658,0.0,0.0,0.0
1886347,skillcorner,Auckland FC,Newcastle,117,71.0,2,team,23.0,2,0,2,58.96353438033811,0.0,0.0,0.0
1886347,skillcorner,Auckland FC,Newcastle,118,71.0,2,individual,2.75,20,3,20,38.515950173189545,1.8441648483276367,2.8985652923583984,5.53249454498291
1886347,skillcorner,Auckland FC,Newcastle,118,71.0,2,tactical,11.75,8,1,8,45.89508640848968,4.2873077392578125,4.2873077392578125,4.2873077392578125
1886347,skillcorner,Auckland FC,Newcastle,118,71.0,2,team,23.0,2,0,2,46.0,0.0,0.0,0.0
1886347,skillcorner,Auckland FC,Newcastle,119,72.0,2,individual,2.75,17,4,17,34.84542048213943,1.8816843032836914,3.8428173065185547,7.526737213134766
1886347,skillcorner,Auckland FC,Newcastle,119,72.0,2,tactical,11.75,5,0,5,51.65450845291938,0.0,0.0,0.0
1886347,skillcorner,Auckland FC,Newcastle,119,72.0,2,team,23.0,2,0,2,46.0,0.0,0.0,0.0
1886347,skillcorner,Auckland FC,Newcastle,120,73.0,2,individual,2.75,20,1,20,34.773932633749574,0.27257633209228516,0.27257633209228516,0.27257633209228516
1886347,skillcorner,Auckland FC,Newcastle,120,73.0,2,tactical,11.75,4,0,4,59.04396994369237,0.0,0.0,0.0
1886347,skillcorner,Auckland FC,Newcastle,120,73.0,2,team,23.0,2,0,2,47.93834530484854,0.0,0.0,0.0
1886347,skillcorner,Auckland FC,Newcastle,121,73.0,2,individual,2.75,22,1,22,37.004271288862505,5.991174697875977,5.991174697875977,5.991174697875977
1886347,skillcorner,Auckland FC,Newcastle,121,73.0,2,tactical,11.75,4,0,4,42.775390744087666,0.0,0.0,0.0
1886347,skillcorner,Auckland FC,Newcastle,121,73.0,2,team,23.0,2,0,2,53.56201001225857,0.0,0.0,0.0
1886347,skillcorner,Auckland FC,Newcastle,122,74.0,2,individual,2.75,22,4,22,37.28127396330663,3.081677198410034,8.697701454162598,12.326708793640137
1886347,skillcorner,Auckland FC,Newcastle,122,74.0,2,tactical,11.75,7,0,7,44.056827223484895,0.0,0.0,0.0
1886347,skillcorner,Auckland FC,Newcastle,122,74.0,2,team,23.0,2,0,2,46.0,0.0,0.0,0.0
1886347,skillcorner,Auckland FC,Newcastle,123,76.0,2,individual,2.75,11,1,11,35.309153713112394,3.0283803939819336,3.0283803939819336,3.0283803939819336
1886347,skillcorner,Auckland FC,Newcastle,123,76.0,2,tactical,11.75,3,0,3,63.64093181790015,0.0,0.0,0.0
1886347,skillcorner,Auckland FC,Newcastle,123,76.0,2,team,23.0,2,0,2,58.74581788752606,0.0,0.0,0.0
1886347,skillcorner,Auckland FC,Newcastle,124,76.0,2,individual,2.75,21,2,21,36.0856510267026,3.4480018615722656,4.775674819946289,6.896003723144531
1886347,skillcorner,Auckland FC,Newcastle,124,76.0,2,tactical,11.75,4,0,4,57.88675648110272,0.0,0.0,0.0
1886347,skillcorner,Auckland FC,Newcastle,124,76.0,2,team,23.0,2,0,2,48.28834943969382,0.0,0.0,0.0
1886347,skillcorner,Auckland FC,Newcastle,125,77.0,2,individual,2.75,18,3,18,28.312797459806053,0.6365594863891602,1.0038442611694336,1.9096784591674805
1886347,skillcorner,Auckland FC,Newcastle,125,77.0,2,tactical,11.75,3,0,3,61.22508641849031,0.0,0.0,0.0
1886347,skillcorner,Auckland FC,Newcastle,125,77.0,2,team,23.0,2,0,2,52.13679778883115,0.0,0.0,0.0
1886347,skillcorner,Auckland FC,Newcastle,126,78.0,2,individual,2.75,21,3,21,32.475498749134715,2.0250031153361,2.7436017990112305,6.075009346008301
1886347,skillcorner,Auckland FC,Newcastle,126,78.0,2,tactical,11.75,4,0,4,51.83999878046699,0.0,0.0,0.0
1886347,skillcorner,Auckland FC,Newcastle,126,78.0,2,team,23.0,2,0,2,46.0,0.0,0.0,0.0
1886347,skillcorner,Auckland FC,Newcastle,127,78.0,2,individual,2.75,19,2,19,34.86346421744943,1.9453153610229492,3.5409107208251953,3.8906307220458984
1886347,skillcorner,Auckland FC,Newcastle,127,78.0,2,tactical,11.75,7,0,7,45.07302663209759,0.0,0.0,0.0
1886347,skillcorner,Auckland FC,Newcastle,127,78.0,2,team,23.0,2,0,2,46.0,0.0,0.0,0.0
1886347,skillcorner,Auckland FC,Newcastle,128,79.0,2,individual,2.75,21,3,21,36.02366466358952,3.0253734588623047,4.24345588684082,9.076120376586914
1886347,skillcorner,Auckland FC,Newcastle,128,79.0,2,tactical,11.75,6,0,6,49.94991902996974,0.0,0.0,0.0
1886347,skillcorner,Auckland FC,Newcastle,128,79.0,2,team,23.0,2,0,2,46.0,0.0,0.0,0.0
1886347,skillcorner,Auckland FC,Newcastle,129,79.0,2,individual,2.75,20,3,20,34.81504306597732,1.8403703371683757,3.0968894958496094,5.521111011505127
1886347,skillcorner,Auckland FC,Newcastle,129,79.0,2,tactical,11.75,5,0,5,48.77006744943442,0.0,0.0,0.0
1886347,skillcorner,Auckland FC,Newcastle,129,79.0,2,team,23.0,2,0,2,55.40026835278048,0.0,0.0,0.0
1886347,skillcorner,Auckland FC,Newcastle,130,80.0,2,individual,2.75,21,3,21,34.22162307792426,1.9810984929402669,4.458413124084473,5.943295478820801
1886347,skillcorner,Auckland FC,Newcastle,130,80.0,2,tactical,11.75,5,0,5,51.223132256077086,0.0,0.0,0.0
1886347,skillcorner,Auckland FC,Newcastle,130,80.0,2,team,23.0,2,0,2,46.07495626459758,0.0,0.0,0.0
1886347,skillcorner,Auckland FC,Newcastle,131,80.0,2,individual,2.75,21,2,21,35.110611249474736,2.782682418823242,3.5750770568847656,5.565364837646484
1886347,skillcorner,Auckland FC,Newcastle,131,80.0,2,tactical,11.75,5,0,5,47.530732509490846,0.0,0.0,0.0
1886347,skillcorner,Auckland FC,Newcastle,131,80.0,2,team,23.0,1,0,1,46.0,0.0,0.0,0.0
1886347,skillcorner,Auckland FC,Newcastle,132,81.0,2,individual,2.75,18,2,18,32.563295287792975,1.690873622894287,1.8998184204101562,3.381747245788574
1886347,skillcorner,Auckland FC,Newcastle,132,81.0,2,tactical,11.75,4,0,4,50.33135994389295,0.0,0.0,0.0
1886347,skillcorner,Auckland FC,Newcastle,132,81.0,2,team,23.0,2,0,2,52.70183124693149,0.0,0.0,0.0
1886347,skillcorner,Auckland FC,Newcastle,133,81.0,2,individual,2.75,20,2,20,29.43771107899562,1.9939231872558594,3.9044876098632812,3.9878463745117188
1886347,skillcorner,Auckland FC,Newcastle,133,81.0,2,tactical,11.75,5,0,5,48.10343536456823,0.0,0.0,0.0
1886347,skillcorner,Auckland FC,Newcastle,133,81.0,2,team,23.0,2,0,2,51.83389852481847,0.0,0.0,0.0
1886347,skillcorner,Auckland FC,Newcastle,134,82.0,2,individual,2.75,19,2,19,34.89312503460586,2.3540287017822266,2.5836915969848633,4.708057403564453
1886347,skillcorner,Auckland FC,Newcastle,134,82.0,2,tactical,11.75,6,0,6,50.76197639133694,0.0,0.0,0.0
1886347,skillcorner,Auckland FC,Newcastle,134,82.0,2,team,23.0,2,0,2,54.080413335846124,0.0,0.0,0.0
1886347,skillcorner,Auckland FC,Newcastle,135,82.0,2,individual,2.75,20,1,20,32.77779515778846,4.74131965637207,4.74131965637207,4.74131965637207
1886347,skillcorner,Auckland FC,Newcastle,135,82.0,2,tactical,11.75,6,0,6,48.42593107950531,0.0,0.0,0.0
1886347,skillcorner,Auckland FC,Newcastle,135,82.0,2,team,23.0,2,0,2,49.12278344632702,0.0,0.0,0.0
1886347,skillcorner,Auckland FC,Newcastle,136,85.0,2,individual,2.75,22,7,22,36.3660870015769,1.437917709350586,2.3180971145629883,10.065423965454102
1886347,skillcorner,Auckland FC,Newcastle,136,85.0,2,tactical,11.75,8,1,8,53.31577334384873,3.036458969116211,3.036458969116211,3.036458969116211
1886347,skillcorner,Auckland FC,Newcastle,136,85.0,2,team,23.0,2,0,2,46.0,0.0,0.0,0.0
1886347,skillcorner,Auckland FC,Newcastle,137,86.0,2,individual,2.75,19,1,19,34.61947247565819,3.448488235473633,3.448488235473633,3.448488235473633
1886347,skillcorner,Auckland FC,Newcastle,137,86.0,2,tactical,11.75,6,1,6,52.24481949965693,4.241569519042969,4.241569519042969,4.241569519042969
1886347,skillcorner,Auckland FC,Newcastle,137,86.0,2,team,23.0,2,0,2,51.390668329797194,0.0,0.0,0.0
1886347,skillcorner,Auckland FC,Newcastle,138,86.0,2,individual,2.75,20,3,20,31.343055842899563,1.7859859466552734,3.511453628540039,5.35795783996582
1886347,skillcorner,Auckland FC,Newcastle,138,86.0,2,tactical,11.75,2,0,2,55.91352417743889,0.0,0.0,0.0
1886347,skillcorner,Auckland FC,Newcastle,138,86.0,2,team,23.0,2,0,2,55.91352417743889,0.0,0.0,0.0
1886347,skillcorner,Auckland FC,Newcastle,139,88.0,2,individual,2.75,12,0,12,34.76443533981947,0.0,0.0,0.0
1886347,skillcorner,Auckland FC,Newcastle,139,88.0,2,tactical,11.75,4,0,4,58.402598520637724,0.0,0.0,0.0
1886347,skillcorner,Auckland FC,Newcastle,139,88.0,2,team,23.0,2,0,2,62.473836600909884,0.0,0.0,0.0
1886347,skillcorner,Auckland FC,Newcastle,140,90.0,2,individual,2.75,20,3,20,34.20111577369449,1.7513809204101562,3.141857147216797,5.254142761230469
1886347,skillcorner,Auckland FC,Newcastle,140,90.0,2,tactical,11.75,5,0,5,54.979167823307414,0.0,0.0,0.0
1886347,skillcorner,Auckland FC,Newcastle,140,90.0,2,team,23.0,3,0,3,64.64387444065942,0.0,0.0,0.0
1886347,skillcorner,Auckland FC,Newcastle,141,91.0,2,individual,2.75,22,3,22,35.69043400362017,2.5123400688171387,6.612429618835449,7.537020206451416
1886347,skillcorner,Auckland FC,Newcastle,141,91.0,2,tactical,11.75,5,0,5,51.59212263823553,0.0,0.0,0.0
1886347,skillcorner,Auckland FC,Newcastle,141,91.0,2,team,23.0,2,0,2,54.257794225718044,0.0,0.0,0.0
1886347,skillcorner,Auckland FC,Newcastle,142,91.0,2,individual,2.75,20,3,20,38.49545986764896,2.316865603129069,4.232647895812988,6.950596809387207
1886347,skillcorner,Auckland FC,Newcastle,142,91.0,2,tactical,11.75,6,0,6,49.597251699754956,0.0,0.0,0.0
1886347,skillcorner,Auckland FC,Newcastle,142,91.0,2,team,23.0,2,0,2,59.28037218234292,0.0,0.0,0.0
1886347,skillcorner,Auckland FC,Newcastle,143,93.0,2,individual,2.75,20,3,20,33.53828085107176,3.885493596394857,6.304712295532227,11.65648078918457
1886347,skillcorner,Auckland FC,Newcastle,143,93.0,2,tactical,11.75,5,1,5,59.582993367121944,1.2907524108886719,1.2907524108886719,1.2907524108886719
1886347,skillcorner,Auckland FC,Newcastle,143,93.0,2,team,23.0,2,0,2,49.14687977491528,0.0,0.0,0.0
1886347,skillcorner,Auckland FC,Newcastle,144,93.0,2,individual,2.75,19,2,19,40.077211698371855,3.889458656311035,4.085395812988281,7.77891731262207
1886347,skillcorner,Auckland FC,Newcastle,144,93.0,2,tactical,11.75,4,0,4,41.974350280806405,0.0,0.0,0.0
1886347,skillcorner,Auckland FC,Newcastle,144,93.0,2,team,23.0,2,0,2,55.263354021742344,0.0,0.0,0.0
1886347,skillcorner,Auckland FC,Newcastle,145,94.0,2,individual,2.75,19,2,19,36.8321927975545,5.510982990264893,8.45046329498291,11.021965980529785
1886347,skillcorner,Auckland FC,Newcastle,145,94.0,2,tactical,11.75,6,0,6,47.48375714546149,0.0,0.0,0.0
1886347,skillcorner,Auckland FC,Newcastle,145,94.0,2,team,23.0,2,0,2,46.0,0.0,0.0,0.0
1886347,skillcorner,Auckland FC,Newcastle,146,94.0,2,individual,2.75,20,1,20,36.80776344005888,0.9144096374511719,0.9144096374511719,0.9144096374511719
1886347,skillcorner,Auckland FC,Newcastle,146,94.0,2,tactical,11.75,5,0,5,45.41203782862498,0.0,0.0,0.0
1886347,skillcorner,Auckland FC,Newcastle,146,94.0,2,team,23.0,1,0,1,46.0,0.0,0.0,0.0
1886347,skillcorner,Auckland FC,Newcastle,147,95.0,2,individual,2.75,18,3,18,34.44020905859894,3.329157829284668,6.872097015380859,9.987473487854004
1886347,skillcorner,Auckland FC,Newcastle,147,95.0,2,tactical,11.75,6,0,6,46.79983580764769,0.0,0.0,0.0
1886347,skillcorner,Auckland FC,Newcastle,147,95.0,2,team,23.0,2,0,2,50.198084100812956,0.0,0.0,0.0
1886347,skillcorner,Auckland FC,Newcastle,148,95.0,2,individual,2.75,21,3,21,34.656706142121216,2.075389544169108,2.5763635635375977,6.226168632507324
1886347,skillcorner,Auckland FC,Newcastle,148,95.0,2,tactical,11.75,5,0,5,46.05127617432196,0.0,0.0,0.0
1886347,skillcorner,Auckland FC,Newcastle,148,95.0,2,team,23.0,2,0,2,46.0,0.0,0.0,0.0
1886347,skillcorner,Auckland FC,Newcastle,149,96.0,2,individual,2.75,21,2,21,29.930622485822624,2.6818108558654785,3.13114070892334,5.363621711730957
1886347,skillcorner,Auckland FC,Newcastle,149,96.0,2,tactical,11.75,4,0,4,59.66138830298672,0.0,0.0,0.0
1886347,skillcorner,Auckland FC,Newcastle,149,96.0,2,team,23.0,2,0,2,50.62750305673427,0.0,0.0,0.0
