match_id,delta,mean_h0,std_h0,p_k_ge_4,n_frames
1886347,0.25,21.976298955313176,0.1623619813328154,1.0,43458
1886347,0.5,21.89806249712366,0.3741176689795851,1.0,43458
1886347,0.75,21.759952137696168,0.6338188386920072,1.0,43458
1886347,1.0,21.553753048920797,0.9410560599613556,1.0,43458
1886347,1.25,21.301877674996547,1.237001046841522,1.0,43458
1886347,1.5,21.017350085139675,1.5423911408473678,1.0,43458
1886347,1.75,20.713700584472363,1.8093666663884824,1.0,43458
1886347,2.0,20.374706613281788,2.0330601522917005,1.0,43458
1886347,2.25,20.029384693267062,2.214114985587219,1.0,43458
1886347,2.5,19.664641723042937,2.3686056379148623,1.0,43458
1886347,2.75,19.281075981407337,2.5066800180454045,1.0,43458
1886347,3.0,18.883910902480554,2.619073675942168,1.0,43458
1886347,3.25,18.474826269041372,2.705727264163062,1.0,43458
1886347,3.5,18.049012839983433,2.7896286980160294,1.0,43458
1886347,3.75,17.61723963366929,2.8663904989787006,1.0,43458
1886347,4.0,17.18640986699802,2.944231215377655,1.0,43458
1886347,4.25,16.74515624280915,3.0109624950630467,1.0,43458
1886347,4.5,16.302936168254405,3.063235206507879,1.0,43458
1886347,4.75,15.85717244235814,3.098844394630384,0.9997468820470339,43458
1886347,5.0,15.398821850982557,3.1267036718408576,0.9996318284320493,43458
1886347,5.25,14.94424501817847,3.1541313652036105,0.9995627962630586,43458
1886347,5.5,14.491509043214137,3.1695873659137503,0.9993556997560863,43458
1886347,5.75,14.048253486124533,3.1797439918249886,0.999171613972111,43458
1886347,6.0,13.589350637397027,3.1737888003631434,0.9988264531271572,43458
1886347,6.25,13.136223480141746,3.1714968650166266,0.998366238667219,43458
1886347,6.5,12.688895025081688,3.1549554953917167,0.9979750563762714,43458
1886347,6.75,12.226241428505684,3.14217929270107,0.9973997883013485,43458
1886347,7.0,11.768466105205025,3.1115159176310914,0.9968475309494225,43458
1886347,7.25,11.328708178010952,3.0683337594222966,0.9959961341985365,43458
1886347,7.5,10.883450688020618,3.014178542496917,0.9939021584058171,43458
1886347,7.75,10.449399420129781,2.9627522116941383,0.9924985043030052,43458
1886347,8.0,10.015325141515946,2.9022463908434095,0.9907957108012334,43458
1886347,8.25,9.593216438860509,2.829390554560673,0.9883335634405633,43458
1886347,8.5,9.180795250586774,2.7537918543699815,0.9862625983708408,43458
1886347,8.75,8.769087394725942,2.6760913984034866,0.983708408118183,43458
1886347,9.0,8.366652860232868,2.600559437730167,0.9802798103916425,43458
1886347,9.25,7.973146486262598,2.5147179894072953,0.9763909982051636,43458
1886347,9.5,7.605849325785816,2.431724539770883,0.9703621887799715,43458
1886347,9.75,7.245018178471168,2.3455882930751417,0.9617791891021216,43458
1886347,10.0,6.906323346679553,2.259484067236134,0.9507570527865985,43458
1886347,10.25,6.588591283538129,2.169993405507835,0.9378480371853284,43458
1886347,10.5,6.280753831285379,2.077161249504719,0.9243177320631414,43458
1886347,10.75,5.993326890330894,1.9849171518104194,0.910649362602973,43458
1886347,11.0,5.724354549219936,1.888942242262582,0.8935063739702701,43458
1886347,11.25,5.464218325739795,1.7953289158572205,0.8722904873671131,43458
1886347,11.5,5.210893276266741,1.705105117681147,0.8464724561645727,43458
1886347,11.75,4.975677665792259,1.6212973470714502,0.8161673339776335,43458
1886347,12.0,4.7612867596299875,1.5447813658609553,0.7842974826269041,43458
1886347,12.25,4.5723457131023055,1.4728682373067492,0.7521745133232086,43458
1886347,12.5,4.396658843020847,1.405533746892165,0.7184638041327258,43458
1886347,12.75,4.226471535735652,1.341747697828562,0.680081918173869,43458
1886347,13.0,4.069285286943716,1.2821593774170497,0.6383174559344654,43458
1886347,13.25,3.920935155782595,1.215662916048003,0.5963228864650927,43458
1886347,13.5,3.7803396382714345,1.1557408817228885,0.5509227299921764,43458
1886347,13.75,3.645611855124488,1.1051768367568007,0.5053154770122877,43458
1886347,14.0,3.5226885728749595,1.0547753343656976,0.46217037139306916,43458
1886347,14.25,3.4107414054949605,1.0120686687949232,0.41925537300381976,43458
1886347,14.5,3.309241106355562,0.9737223114585559,0.3771687606424594,43458
1886347,14.75,3.214068756040315,0.9310084726694828,0.3354733305720466,43458
1886347,15.0,3.130171659993557,0.8942601909270796,0.2975976805191219,43458
1886347,15.25,3.048230475401537,0.8645382563830553,0.2635418104836854,43458
1886347,15.5,2.9761148695292006,0.8321829202699332,0.23236228082286345,43458
1886347,15.75,2.9074738828293984,0.8011852439526882,0.20092963320907542,43458
1886347,16.0,2.844723641216807,0.7723057393747914,0.17474343043858437,43458
1886347,16.25,2.784343504072898,0.7454499872916996,0.149201527912007,43458
1886347,16.5,2.731165723227024,0.7213107733542731,0.12736435178793318,43458
1886347,16.75,2.6816926687836533,0.7009186094691883,0.10943899857333518,43458
1886347,17.0,2.6355561691748353,0.6785674246923974,0.09310138524552442,43458
1886347,17.25,2.591743752588706,0.6569044992582279,0.08069860555018639,43458
1886347,17.5,2.554972617239634,0.6387616454042286,0.07034378020157393,43458
1886347,17.75,2.5205945970822405,0.6191308465652391,0.06047218003589673,43458
1886347,18.0,2.4875051774126744,0.6013254283506718,0.05152100879009618,43458
1886347,18.25,2.4510331814625617,0.5813743614487561,0.041925537300381975,43458
1886347,18.5,2.4207280592756226,0.5632224321848098,0.03371070919048277,43458
1886347,18.75,2.3932072345713102,0.5465401972091066,0.02719867458235538,43458
1886347,19.0,2.363155230337337,0.5280341642159119,0.021123843711169404,43458
1886347,19.25,2.336140641538957,0.5083842119372632,0.015187077177964931,43458
1886347,19.5,2.311081964195315,0.48984634588452447,0.010607943301578536,43458
1886347,19.75,2.284941782870818,0.47319394436027606,0.008076763771917714,43458
1886347,20.0,2.2611256845690093,0.45767409856098656,0.006166873763173639,43458
1886347,20.25,2.2381609830180866,0.4431724477918072,0.004671176768374062,43458
1886347,20.5,2.215679506650099,0.4310752793877961,0.00368171567950665,43458
1886347,20.75,2.193865341249022,0.4186794257103526,0.0029223618206084033,43458
1886347,21.0,2.170256339454186,0.4036693807641716,0.0023470937456854892,43458
1886347,21.25,2.1471305628422845,0.38737845257232095,0.0019329007317409914,43458
1886347,21.5,2.12432693635234,0.37303493505585583,0.0016567720557779926,43458
1886347,21.75,2.100855998895485,0.36327446941075625,0.001426664825808827,43458
1886347,22.0,2.0784895761424824,0.3550195632641258,0.0011275254268489116,43458
1886347,22.25,2.0550876708546184,0.34538832781643336,0.0008283860278889963,43458
1886347,22.5,2.030535229416908,0.33765186888067966,0.00048322518293524784,43458
1886347,22.75,2.0100556859496526,0.3361535168682838,0.0,43458
1886347,23.0,1.9869068986147544,0.337142748522121,0.0,43458
1886347,23.25,1.966611440931474,0.3413820623811776,0.0,43458
1886347,23.5,1.9447282433614064,0.3497946379776952,0.0,43458
1886347,23.75,1.9237424639882186,0.3553438387678952,0.0,43458
1886347,24.0,1.903470017027935,0.36463724739868725,0.0,43458
1886347,24.25,1.8834046665746238,0.3747873409036972,0.0,43458
1886347,24.5,1.8633853375673064,0.3859105550666988,0.0,43458
1886347,24.75,1.845529016521699,0.39405680671313903,0.0,43458
1886347,25.0,1.82567076257536,0.40389757513145175,0.0,43458
1886347,25.25,1.8046619724791753,0.4167262365755821,0.0,43458
1886347,25.5,1.7823185604491694,0.42966632194297694,0.0,43458
1886347,25.75,1.7616779419209352,0.4398279898073451,0.0,43458
1886347,26.0,1.7400248515808368,0.44889303147303206,0.0,43458
1886347,26.25,1.7173823001518709,0.45818021757422045,0.0,43458
1886347,26.5,1.6943255557089605,0.4672937570913705,0.0,43458
1886347,26.75,1.6697270928252566,0.47571661936286036,0.0,43458
1886347,27.0,1.6463021768143955,0.48276818072197236,0.0,43458
1886347,27.25,1.6244419899673248,0.48829448135695774,0.0,43458
1886347,27.5,1.6043766395140135,0.49250655540465854,0.0,43458
1886347,27.75,1.5841732247227207,0.4958486647511161,0.0,43458
1886347,28.0,1.5649362602972985,0.49827116427707707,0.0,43458
1886347,28.25,1.5463435961157899,0.4999289821719408,0.0,43458
1886347,28.5,1.5243453449307378,0.5009309194088734,0.0,43458
1886347,28.75,1.4992636568640987,0.501383970375583,0.0,43458
1886347,29.0,1.4745501403654102,0.5006002898406646,0.0,43458
1886347,29.25,1.4477886695199964,0.49833541382139696,0.0,43458
1886347,29.5,1.4245478392931106,0.4952101002142107,0.0,43458
1886347,29.75,1.4027796953380276,0.4910723370768825,0.0,43458
1886347,30.0,1.3826683234387225,0.4860912838180981,0.0,43458
1886347,30.25,1.3617055547885315,0.48049969733438685,0.0,43458
1886347,30.5,1.3423535367481245,0.47450265916249545,0.0,43458
1886347,30.75,1.3238299047356068,0.4679413811287393,0.0,43458
1886347,31.0,1.3056284228450459,0.46067838394607596,0.0,43458
1886347,31.25,1.2884854342123429,0.45306325362569405,0.0,43458
1886347,31.5,1.2731372819733997,0.4455758921549107,0.0,43458
1886347,31.75,1.2563394541856505,0.4366164507183578,0.0,43458
1886347,32.0,1.2386672189240187,0.4262738073102949,0.0,43458
1886347,32.25,1.2247227207878872,0.41740439459313833,0.0,43458
1886347,32.5,1.2071885498642367,0.4052964773239477,0.0,43458
1886347,32.75,1.191932440517281,0.39382476777149705,0.0,43458
1886347,33.0,1.1793225643149707,0.3836266006366752,0.0,43458
1886347,33.25,1.1666436559436697,0.3726617011871138,0.0,43458
1886347,33.5,1.1558516268581158,0.3627187955811391,0.0,43458
1886347,33.75,1.1453817478945187,0.35248936767982375,0.0,43458
1886347,34.0,1.1344746651939803,0.3411655139707427,0.0,43458
1886347,34.25,1.1251783331032261,0.3309248222141784,0.0,43458
1886347,34.5,1.1173546872842746,0.3218461561386663,0.0,43458
1886347,34.75,1.111671038704036,0.31496491955337313,0.0,43458
1886347,35.0,1.104491693128998,0.30590085392507055,0.0,43458
1886347,35.25,1.0982787979198307,0.29769466750045215,0.0,43458
1886347,35.5,1.0920428919876664,0.28908981492876984,0.0,43458
1886347,35.75,1.086888490036357,0.28167482319612364,0.0,43458
1886347,36.0,1.0822863454369736,0.27480363988364676,0.0,43458
1886347,36.25,1.0762115145657876,0.26533929162855063,0.0,43458
1886347,36.5,1.072230659487321,0.2588724268426756,0.0,43458
1886347,36.75,1.0687330295917898,0.253002516109205,0.0,43458
1886347,37.0,1.0644070136683694,0.2454794021664743,0.0,43458
1886347,37.25,1.059344654609048,0.2362713506383262,0.0,43458
1886347,37.5,1.0550416494086243,0.22806416444016778,0.0,43458
1886347,37.75,1.052119287588016,0.22227011556030404,0.0,43458
1886347,38.0,1.0491739150444106,0.21623347806036383,0.0,43458
1886347,38.25,1.0470339178056975,0.21171386299827827,0.0,43458
1886347,38.5,1.0455612315338947,0.20853394536300487,0.0,43458
1886347,38.75,1.0439965023701046,0.2050896828736752,0.0,43458
1886347,39.0,1.0416954300704129,0.19989457381444514,0.0,43458
1886347,39.25,1.0398545722306596,0.19561969700370904,0.0,43458
1886347,39.5,1.0389341433107828,0.1934402668443951,0.0,43458
1886347,39.75,1.037783607160937,0.19067470411169757,0.0,43458
1886347,40.0,1.037254360532008,0.18938663755880242,0.0,43458
1899585,0.25,21.97807330203289,0.15025718573050467,1.0,40681
1899585,0.5,21.903468449644798,0.3481910198112039,1.0,40681
1899585,0.75,21.7728669403407,0.5862923376864096,1.0,40681
1899585,1.0,21.58024630662963,0.8699660072588068,1.0,40681
1899585,1.25,21.34305941348541,1.162320844246735,1.0,40681
1899585,1.5,21.068484058897273,1.4292320019286844,1.0,40681
1899585,1.75,20.77139205034291,1.6909291958661004,1.0,40681
1899585,2.0,20.449841449325238,1.9167013045308516,1.0,40681
1899585,2.25,20.09697401735454,2.1143120802759454,1.0,40681
1899585,2.5,19.73538015289693,2.293809630096467,1.0,40681
1899585,2.75,19.3621346574568,2.4582503722132114,1.0,40681
1899585,3.0,18.976475504535287,2.606787558107344,1.0,40681
1899585,3.25,18.57378137213933,2.7283463896498796,1.0,40681
1899585,3.5,18.161475873257785,2.8278285279686175,1.0,40681
1899585,3.75,17.737936628893095,2.9175626200820495,1.0,40681
1899585,4.0,17.307489983038764,3.0034092714403817,1.0,40681
1899585,4.25,16.882942897175585,3.0747511673803043,1.0,40681
1899585,4.5,16.44300779233549,3.1444106643252816,1.0,40681
1899585,4.75,16.016395860475406,3.1962292802032963,1.0,40681
1899585,5.0,15.575821636636267,3.242965225731646,0.999803348000295,40681
1899585,5.25,15.130675253803988,3.2840281610254967,0.9996066960005899,40681
1899585,5.5,14.679752218480372,3.3190246428286865,0.9992625550011062,40681
1899585,5.75,14.224945306162581,3.3507895630365723,0.9986971805019542,40681
1899585,6.0,13.771244561343133,3.378023435032212,0.9982055505026917,40681
1899585,6.25,13.320911482018634,3.3987298100303813,0.9980334800029498,40681
1899585,6.5,12.882598756176101,3.4066541242123773,0.9966814975049778,40681
1899585,6.75,12.449276074826086,3.4058180208087134,0.9935842285096237,40681
1899585,7.0,12.005702907991445,3.390101694876769,0.9924043165113935,40681
1899585,7.25,11.555935203166097,3.355314579200901,0.9916422900125366,40681
1899585,7.5,11.106265824340602,3.312789245794918,0.9904132150143802,40681
1899585,7.75,10.653941643519088,3.268823374717552,0.9882254615176618,40681
1899585,8.0,10.219144072171284,3.2053656565281248,0.9851281925223078,40681
1899585,8.25,9.784321919323517,3.1510078631435596,0.9807281040289079,40681
1899585,8.5,9.360192718959711,3.088306585111834,0.9758363855362454,40681
1899585,8.75,8.950615766574076,3.007511846895944,0.9717312750424031,40681
1899585,9.0,8.562990093655515,2.927562194099343,0.9681177945478233,40681
1899585,9.25,8.189498783215752,2.84767390230845,0.9617757675573364,40681
1899585,9.5,7.825668002261498,2.769512155231564,0.9523610530714585,40681
1899585,9.75,7.4758240947862635,2.677359062323222,0.9415451930876823,40681
1899585,10.0,7.131117720803323,2.582391673828903,0.9285415796071876,40681
1899585,10.25,6.79951328630073,2.484310801091043,0.9136206091295691,40681
1899585,10.5,6.487770703768344,2.382850921354568,0.8983063346525405,40681
1899585,10.75,6.199208475701187,2.2859582403276892,0.8820333816769499,40681
1899585,11.0,5.914505543128242,2.1845790670226948,0.8628106487057841,40681
1899585,11.25,5.636218382045673,2.075252148709892,0.843194611735208,40681
1899585,11.5,5.375974041936039,1.9768726545594295,0.8197930237703105,40681
1899585,11.75,5.1404095277893855,1.8850964205265681,0.7927042108109437,40681
1899585,12.0,4.923625279614562,1.7953815417964678,0.7661316093508026,40681
1899585,12.25,4.719967552420049,1.7078817689192987,0.7386494923920257,40681
1899585,12.5,4.531009562203486,1.624701254115625,0.7086600624370099,40681
1899585,12.75,4.352007079471989,1.5461696465010202,0.6759175044861238,40681
1899585,13.0,4.171357636242964,1.4606647265563228,0.6378407610432388,40681
1899585,13.25,3.992871365010693,1.3800796285422565,0.5909638406135542,40681
1899585,13.5,3.832772055750842,1.3072424034803394,0.5437427791843858,40681
1899585,13.75,3.6940340699589487,1.2455095554918516,0.49954524225068214,40681
1899585,14.0,3.5635308866547035,1.1855411123996489,0.45630638381554045,40681
1899585,14.25,3.440230082839655,1.13031133891145,0.4172217988741673,40681
1899585,14.5,3.3218455790172317,1.075962853810906,0.37582655293626016,40681
1899585,14.75,3.207443278188835,1.0198905094723696,0.336152011995772,40681
1899585,15.0,3.0989897003515154,0.9677743688606907,0.29546962955679557,40681
1899585,15.25,3.0049162999926256,0.9175849080177078,0.25746663061380004,40681
1899585,15.5,2.9179223716231166,0.8740628187843023,0.22133182566800227,40681
1899585,15.75,2.8446203387330695,0.8345543438447734,0.19153904771269142,40681
1899585,16.0,2.775054693837418,0.794686841213253,0.16280327425579508,40681
1899585,16.25,2.7137730144293406,0.7583227653322958,0.13750891079373664,40681
1899585,16.5,2.652319264521521,0.726388469341401,0.11472186032791722,40681
1899585,16.75,2.593274501610088,0.6907223340561854,0.0925739288611391,40681
1899585,17.0,2.5430299156854552,0.6578496250054255,0.07477692288783462,40681
1899585,17.25,2.500036872249945,0.6296166746117473,0.0612079349081881,40681
1899585,17.5,2.460878542808682,0.6053674254414789,0.05068705292396942,40681
1899585,17.75,2.4255057643617413,0.5800793188841554,0.04085445293871832,40681
1899585,18.0,2.392935276910597,0.5565364162922252,0.03173471645239793,40681
1899585,18.25,2.3634128954548808,0.538153543901773,0.025859737961210393,40681
1899585,18.5,2.3361028489958455,0.5182857338472023,0.020402644969396033,40681
1899585,18.75,2.3085469875371794,0.49815584719367473,0.015388018976917972,40681
1899585,19.0,2.2822447825766328,0.48052703281281833,0.012241586981637619,40681
1899585,19.25,2.2573683046139474,0.46302184545444774,0.010397974484403038,40681
1899585,19.5,2.2350728841473906,0.44965293097103054,0.00919348098620978,40681
1899585,19.75,2.2127037191809444,0.43400432274510553,0.0077431724883852415,40681
1899585,20.0,2.1931614267102577,0.4198883563311418,0.006809075489786387,40681
1899585,20.25,2.1744057422383913,0.4054566134117882,0.005727489491408766,40681
1899585,20.5,2.1567316437649025,0.3919256044627666,0.004817973992773039,40681
1899585,20.75,2.1409749022885376,0.38143073227581575,0.004252599493621101,40681
1899585,21.0,2.1259310243111034,0.3697595275602623,0.0035888989946166517,40681
1899585,21.25,2.1115016838327474,0.3580863991771816,0.002851453995722819,40681
1899585,21.5,2.096556131855166,0.34751284838880786,0.002531894496202158,40681
1899585,21.75,2.079226174381161,0.3338364212376726,0.001868193997197709,40681
1899585,22.0,2.063272780905091,0.32501175615793154,0.001179911998230132,40681
1899585,22.25,2.0485484624271773,0.319056992513313,0.0007620264988569603,40681
1899585,22.5,2.034069958948895,0.3193520294353008,0.0007128634989307048,40681
1899585,22.75,2.018264054472604,0.32022261367511157,0.000294977999557533,40681
1899585,23.0,2.0035888989946167,0.3217560294636818,7.374449988938326e-05,40681
1899585,23.25,1.988618765517072,0.3251098629994607,0.0,40681
1899585,23.5,1.9733290725400063,0.32632989547552876,0.0,40681
1899585,23.75,1.9586047540620928,0.32985986736841577,0.0,40681
1899585,24.0,1.9439541800840687,0.3351798241511355,0.0,40681
1899585,24.25,1.9303114476045329,0.3423354112194642,0.0,40681
1899585,24.5,1.9175536491236695,0.3488805999728047,0.0,40681
1899585,24.75,1.9027801676458298,0.3569955326063152,0.0,40681
1899585,25.0,1.8875888006686168,0.36389889899356825,0.0,40681
1899585,25.25,1.871463336692805,0.37507396148917727,0.0,40681
1899585,25.5,1.8546987537179518,0.3864126776568713,0.0,40681
1899585,25.75,1.8372704702440943,0.3979028886251043,0.0,40681
1899585,26.0,1.8180477372729285,0.40936641188104006,0.0,40681
1899585,26.25,1.7990708193013938,0.41952133833434097,0.0,40681
1899585,26.5,1.777562006833657,0.43046927926313805,0.0,40681
1899585,26.75,1.7598141638602787,0.43811027656473867,0.0,40681
1899585,27.0,1.7432216513851675,0.4442822969129895,0.0,40681
1899585,27.25,1.7243922224134116,0.45164088459269586,0.0,40681
1899585,27.5,1.7066689609399965,0.4589511982038694,0.0,40681
1899585,27.75,1.688281998967577,0.4665324298323182,0.0,40681
1899585,28.0,1.6689117769966324,0.4737342169071434,0.0,40681
1899585,28.25,1.6489515990265726,0.48033291536142797,0.0,40681
1899585,28.5,1.6243455175634818,0.4872324720240017,0.0,40681
1899585,28.75,1.6019517710970723,0.4923057201164365,0.0,40681
1899585,29.0,1.5783781126324328,0.4965055218543353,0.0,40681
1899585,29.25,1.5552960841670558,0.49945549158005476,0.0,40681
1899585,29.5,1.5352375801971436,0.5009758650126344,0.0,40681
1899585,29.75,1.5142941422285587,0.5017162765260096,0.0,40681
1899585,30.0,1.4919495587620757,0.5013652325141885,0.0,40681
1899585,30.25,1.4711044467933434,0.5001544323258185,0.0,40681
1899585,30.5,1.4500381013249428,0.49814558871391845,0.0,40681
1899585,30.75,1.4301762493547356,0.49555337492693763,0.0,40681
1899585,31.0,1.4110764238833853,0.4920351092717877,0.0,40681
1899585,31.25,1.3931565104102652,0.4884570949843659,0.0,40681
1899585,31.5,1.373294658440058,0.4836853391401754,0.0,40681
1899585,31.75,1.3552272559671592,0.4785880095565625,0.0,40681
1899585,32.0,1.3399129814901305,0.4736851929753684,0.0,40681
1899585,32.25,1.3247707775128439,0.4682948967394373,0.0,40681
1899585,32.5,1.3107347410338979,0.4628000936805014,0.0,40681
1899585,32.75,1.2973869865539196,0.45711388423782984,0.0,40681
1899585,33.0,1.28497332907254,0.4514072880738697,0.0,40681
1899585,33.25,1.2734446055898332,0.4457325846912289,0.0,40681
1899585,33.5,1.26226002310661,0.4398686844104329,0.0,40681
1899585,33.75,1.2510508591234237,0.43362304746216557,0.0,40681
1899585,34.0,1.2417590521373614,0.4281543168440314,0.0,40681
1899585,34.25,1.2329342936505985,0.42270592700114923,0.0,40681
1899585,34.5,1.221651385167523,0.4153628408702711,0.0,40681
1899585,34.75,1.2116712961824931,0.40849805444585774,0.0,40681
1899585,35.0,1.2036577271945135,0.40272229154226186,0.0,40681
1899585,35.25,1.1948329687077506,0.3960769360651444,0.0,40681
1899585,35.5,1.1872127037191809,0.39008697465985737,0.0,40681
1899585,35.75,1.1801332317298001,0.38430311080005636,0.0,40681
1899585,36.0,1.17298001524053,0.3782346444111793,0.0,40681
1899585,36.25,1.1666871512499692,0.3727008980066649,0.0,40681
1899585,36.5,1.1609596617585605,0.3674982570010957,0.0,40681
1899585,36.75,1.153560630269659,0.36053149415401736,0.0,40681
1899585,37.0,1.1469727882795409,0.35408313951278825,0.0,40681
1899585,37.25,1.1419827437870258,0.3490367300661266,0.0,40681
1899585,37.5,1.137189351294216,0.34405136670394154,0.0,40681
1899585,37.75,1.131412698802881,0.33785530524355295,0.0,40681
1899585,38.0,1.1261276763108086,0.3319972816246044,0.0,40681
1899585,38.25,1.1212359578181461,0.32640529908899335,0.0,40681
1899585,38.5,1.1178437108232344,0.32242693143392825,0.0,40681
1899585,38.75,1.1133207148300188,0.31698832850578146,0.0,40681
1899585,39.0,1.1085764853371354,0.31111093104009074,0.0,40681
1899585,39.25,1.1049384233425923,0.3064778288168732,0.0,40681
1899585,39.5,1.1002925198495612,0.3003933229145855,0.0,40681
1899585,39.75,1.0951549863572676,0.2934324989847713,0.0,40681
1899585,40.0,1.0911973648632038,0.28789311016413405,0.0,40681
1925299,0.25,21.983417462767513,0.1320389388195677,1.0,47942
1925299,0.5,21.928225772808812,0.28323864009812727,1.0,47942
1925299,0.75,21.81790496850361,0.4879027240405259,1.0,47942
1925299,1.0,21.642130073839223,0.7279006084181974,1.0,47942
1925299,1.25,21.4285386508698,0.9565198889884593,1.0,47942
1925299,1.5,21.161820533144216,1.1842485357719237,1.0,47942
1925299,1.75,20.860101789662508,1.403202232968371,1.0,47942
1925299,2.0,20.53958950398398,1.600504441151165,1.0,47942
1925299,2.25,20.19513161737099,1.7683327644792772,1.0,47942
1925299,2.5,19.832339076383963,1.9361016587479856,1.0,47942
1925299,2.75,19.444078261232324,2.1114302219097323,1.0,47942
1925299,3.0,19.03735764048225,2.2581193296700235,1.0,47942
1925299,3.25,18.611906053147553,2.400673320202293,1.0,47942
1925299,3.5,18.183221392515957,2.520256820826469,1.0,47942
1925299,3.75,17.73563889700054,2.624253079965563,1.0,47942
1925299,4.0,17.2889741771307,2.7085643286336896,1.0,47942
1925299,4.25,16.83473780818489,2.7906357507443365,1.0,47942
1925299,4.5,16.372429185265528,2.8717802880517036,1.0,47942
1925299,4.75,15.891681615285137,2.946667576711398,1.0,47942
1925299,5.0,15.407763547620041,3.015695750424852,1.0,47942
1925299,5.25,14.93147970464311,3.077101434625789,1.0,47942
1925299,5.5,14.447624212590213,3.128696214272958,0.9999165658504026,47942
1925299,5.75,13.972445872095449,3.16608335178193,0.9995828292520128,47942
1925299,6.0,13.499541112177214,3.2017388070664032,0.9994368194902173,47942
1925299,6.25,13.028367610863127,3.2168176143365943,0.9991656585040257,47942
1925299,6.5,12.564703183012806,3.222147778359969,0.9984981853072462,47942
1925299,6.75,12.113011555629718,3.21521649997762,0.9977472779608694,47942
1925299,7.0,11.674398231196028,3.2004025410812345,0.9973301072128822,47942
1925299,7.25,11.222644028200742,3.179340477302091,0.9964957657169079,47942
1925299,7.5,10.771828459388427,3.1418261168427524,0.9958700095949272,47942
1925299,7.75,10.330732969004213,3.0801300124622575,0.9946393558883652,47942
1925299,8.0,9.909557381836386,3.015053146957302,0.9930541070460139,47942
1925299,8.25,9.499958282925201,2.94966393014142,0.9900921947353052,47942
1925299,8.5,9.081348295857495,2.88531453731988,0.9865045263026156,47942
1925299,8.75,8.673751616536649,2.8114590772285637,0.9812898919527763,47942
1925299,9.0,8.282800050060489,2.731116521418179,0.9741354136247966,47942
1925299,9.25,7.905635976805306,2.6452549586202356,0.966751491385424,47942
1925299,9.5,7.545972216428184,2.5640221316444176,0.9568228275833298,47942
1925299,9.75,7.192607734345668,2.463752196850931,0.9462892661966543,47942
1925299,10.0,6.8552834675232575,2.3630021497561358,0.9341704559676276,47942
1925299,10.25,6.525489132702015,2.259339526325743,0.9193817529514831,47942
1925299,10.5,6.215468691335364,2.1687828861663117,0.9025697718076009,47942
1925299,10.75,5.913478786867465,2.0783404861176913,0.8825455759042176,47942
1925299,11.0,5.630574444119978,1.9844523225881587,0.8591631554795378,47942
1925299,11.25,5.370343331525594,1.9044988075143103,0.8305035250928204,47942
1925299,11.5,5.128300863543449,1.8322338890953855,0.7940845187935422,47942
1925299,11.75,4.905594259730508,1.7620886757216179,0.7576237954194652,47942
1925299,12.0,4.697676358933712,1.6906036363100978,0.7209544866713946,47942
1925299,12.25,4.504651453840057,1.6149195844038633,0.6850360852697008,47942
1925299,12.5,4.317383505068625,1.5421373537529577,0.647302991114263,47942
1925299,12.75,4.139439322514705,1.4736928006057892,0.6048975845813691,47942
1925299,13.0,3.973238496516624,1.4036329792268294,0.5633265195444496,47942
1925299,13.25,3.822931876016854,1.3422009085590567,0.5215051520587376,47942
1925299,13.5,3.6849526511201036,1.2857152321953405,0.4797463601852238,47942
1925299,13.75,3.559655416962163,1.2338008611334876,0.43686120729214467,47942
1925299,14.0,3.4458303783738686,1.1754284483294835,0.3982729131033332,47942
1925299,14.25,3.3338826081515163,1.1213526947714465,0.3574527554127905,47942
1925299,14.5,3.234262233532185,1.0716786099263416,0.32266071503066207,47942
1925299,14.75,3.1426515372742063,1.022854806227653,0.29076801134704433,47942
1925299,15.0,3.0571523924742396,0.9774944231523665,0.2588544491260273,47942
1925299,15.25,2.976012681990739,0.9365958983314128,0.2277335113261858,47942
1925299,15.5,2.9026740644945974,0.897954274260073,0.2009928663802094,47942
1925299,15.75,2.8363230570272413,0.8566397908475166,0.17736014350673732,47942
1925299,16.0,2.7734971423803763,0.8172975796003983,0.15537524508781445,47942
1925299,16.25,2.7145300571523925,0.7823198381204339,0.13453756622585625,47942
1925299,16.5,2.6624880063409955,0.7516239336197527,0.11620291185182095,47942
1925299,16.75,2.614784531308665,0.7198149444462134,0.09790997455258438,47942
1925299,17.0,2.5709816027700136,0.6909854043726241,0.08270410078845271,47942
1925299,17.25,2.5313503817112344,0.6653084475887788,0.0707730173960202,47942
1925299,17.5,2.494743648575362,0.6413274344288425,0.059571982812565184,47942
1925299,17.75,2.460264486254224,0.6193483773062441,0.049100997038087686,47942
1925299,18.0,2.4292686996787785,0.6024094172893519,0.04188394309790997,47942
1925299,18.25,2.4007967961286556,0.5853400777856435,0.03550123065370656,47942
1925299,18.5,2.3690083851320347,0.5628714568132983,0.029932001168078093,47942
1925299,18.75,2.3387843644403654,0.5442299479673702,0.024633932668641275,47942
1925299,19.0,2.3092278169454756,0.5236665005717053,0.01956530808059739,47942
1925299,19.25,2.2823828793125025,0.5052673176262895,0.015935922573109173,47942
1925299,19.5,2.2564765758625005,0.48892884743180987,0.01255683951441325,47942
1925299,19.75,2.2309665846230864,0.4716246381442985,0.009740936965499979,47942
1925299,20.0,2.2034541737933337,0.45404825868401755,0.007634224688164866,47942
1925299,20.25,2.178090192315715,0.4419414875116643,0.00615326853281048,47942
1925299,20.5,2.1542071669934506,0.43006440366783655,0.004547161153059948,47942
1925299,20.75,2.1324725710233197,0.42348375786761244,0.003900546493679863,47942
1925299,21.0,2.109152726210838,0.41553156483944304,0.003003629385507488,47942
1925299,21.25,2.0838513203454174,0.4100009053855354,0.0021901464269325436,47942
1925299,21.5,2.0608026365191274,0.4052635559367304,0.0012932293187601686,47942
1925299,21.75,2.0389428893246007,0.4017102636086215,0.0009177756455717325,47942
1925299,22.0,2.018355512911435,0.39799478482015094,0.0006257561219807267,47942
1925299,22.25,1.9922823411622377,0.3971368836955843,4.1717074798715115e-05,47942
1925299,22.5,1.9662508864878394,0.3960915918576737,0.0,47942
1925299,22.75,1.9433273538859455,0.3988631458398764,0.0,47942
1925299,23.0,1.9228651286971759,0.403121754967107,0.0,47942
1925299,23.25,1.9019022986108214,0.41001944443502636,0.0,47942
1925299,23.5,1.8824830002920194,0.415835290007799,0.0,47942
1925299,23.75,1.8622502190146426,0.42335157801885814,0.0,47942
1925299,24.0,1.8442284427015978,0.4303492970984152,0.0,47942
1925299,24.25,1.8283968128154853,0.4369994212474491,0.0,47942
1925299,24.5,1.8084143339869008,0.44316270656579576,0.0,47942
1925299,24.75,1.7905594259730508,0.4492566837450521,0.0,47942
1925299,25.0,1.7738934545909641,0.4555502415371199,0.0,47942
1925299,25.25,1.7587918735138293,0.46095927488786725,0.0,47942
1925299,25.5,1.7427725167911226,0.4660267417126675,0.0,47942
1925299,25.75,1.7257102331984482,0.47157117591141245,0.0,47942
1925299,26.0,1.708606232530975,0.47707130173432255,0.0,47942
1925299,26.25,1.690229861082141,0.4819731418733877,0.0,47942
1925299,26.5,1.6688707187851988,0.4852451048742337,0.0,47942
1925299,26.75,1.6491385424054066,0.4876215261393362,0.0,47942
1925299,27.0,1.6313879270785532,0.4905797354377586,0.0,47942
1925299,27.25,1.613053272704518,0.49407222811570933,0.0,47942
1925299,27.5,1.592820491427141,0.4969284436238466,0.0,47942
1925299,27.75,1.5736097784823329,0.4995509360261148,0.0,47942
1925299,28.0,1.5536898752659463,0.5008763988815815,0.0,47942
1925299,28.25,1.5346877476951317,0.5016360932616871,0.0,47942
1925299,28.5,1.5136206249217805,0.5024004399266243,0.0,47942
1925299,28.75,1.4911768386800717,0.5020507744613955,0.0,47942
1925299,29.0,1.4747820282841768,0.5013698402768489,0.0,47942
1925299,29.25,1.4566142422093362,0.5000835879275453,0.0,47942
1925299,29.5,1.4358182804221769,0.4977581171761689,0.0,47942
1925299,29.75,1.4149597430228193,0.49453724856819214,0.0,47942
1925299,30.0,1.3948938300446372,0.49057936471981717,0.0,47942
1925299,30.25,1.3760168536982187,0.4854647486277468,0.0,47942
1925299,30.5,1.357014726127404,0.4797767907225496,0.0,47942
1925299,30.75,1.3395561303241417,0.47413581994470955,0.0,47942
1925299,31.0,1.323766217512828,0.4684070005912739,0.0,47942
1925299,31.25,1.3082266071503066,0.46221704085487214,0.0,47942
1925299,31.5,1.293145884610571,0.4555759439683115,0.0,47942
1925299,31.75,1.2802135914229695,0.449386748138936,0.0,47942
1925299,32.0,1.2667806933377832,0.44251714647288387,0.0,47942
1925299,32.25,1.2509907805264695,0.4337320414983222,0.0,47942
1925299,32.5,1.234804555504568,0.42388102573618874,0.0,47942
1925299,32.75,1.219932418338826,0.4142049351620791,0.0,47942
1925299,33.0,1.2023903883859663,0.401785871214982,0.0,47942
1925299,33.25,1.1907930415919237,0.3929303720900608,0.0,47942
1925299,33.5,1.1787993825872929,0.3831882384677717,0.0,47942
1925299,33.75,1.167660923616036,0.373568801150825,0.0,47942
1925299,34.0,1.1566476158691752,0.3634720016350662,0.0,47942
1925299,34.25,1.1456343081223144,0.35274289758518446,0.0,47942
1925299,34.5,1.1342455467022652,0.3409194981215014,0.0,47942
1925299,34.75,1.1247131951107587,0.330396868988771,0.0,47942
1925299,35.0,1.1160986191648241,0.3203464848175576,0.0,47942
1925299,35.25,1.1060865212131326,0.30795153731014024,0.0,47942
1925299,35.5,1.097430228192399,0.2965458027258412,0.0,47942
1925299,35.75,1.0905677693880105,0.28699645745295144,0.0,47942
1925299,36.0,1.0852488423511744,0.2792545502627432,0.0,47942
1925299,36.25,1.0795544616411497,0.27060501969448797,0.0,47942
1925299,36.5,1.0726502857619624,0.25956430235297623,0.0,47942
1925299,36.75,1.0659129781819698,0.24813250843836215,0.0,47942
1925299,37.0,1.0594676901255684,0.23650042415566824,0.0,47942
1925299,37.25,1.0523132117975889,0.2226602204810871,0.0,47942
1925299,37.5,1.0479746360185225,0.21371481701260173,0.0,47942
1925299,37.75,1.0447207041842226,0.20669217187089053,0.0,47942
1925299,38.0,1.0401735430311627,0.19636810786310552,0.0,47942
1925299,38.25,1.0371907721830544,0.18923098466587032,0.0,47942
1925299,38.5,1.0341454257227483,0.18160452511919864,0.0,47942
1925299,38.75,1.0311626548746402,0.17375895251867182,0.0,47942
1925299,39.0,1.0284510450127238,0.16625931440201486,0.0,47942
1925299,39.25,1.0251553961036253,0.15659857491937307,0.0,47942
1925299,39.5,1.0232989862750823,0.15085296875901175,0.0,47942
1925299,39.75,1.0219431813441242,0.1464995761262701,0.0,47942
1925299,40.0,1.0206916691001626,0.14235148965255057,0.0,47942
1953632,0.25,21.975701402805612,0.16302808267949076,1.0,43912
1953632,0.5,21.897567862998724,0.3745830426298493,1.0,43912
1953632,0.75,21.75956458371288,0.6418749379151566,1.0,43912
1953632,1.0,21.558799417015848,0.9833180759121368,1.0,43912
1953632,1.25,21.321802696301695,1.299965104635521,1.0,43912
1953632,1.5,21.051079431590452,1.595783289415676,1.0,43912
1953632,1.75,20.75986063035161,1.8708422681896844,1.0,43912
1953632,2.0,20.451493896884678,2.121766794849218,1.0,43912
1953632,2.25,20.135566587720895,2.330027094265207,1.0,43912
1953632,2.5,19.804768628165423,2.515834400136894,1.0,43912
1953632,2.75,19.462083257423938,2.67945823818444,1.0,43912
1953632,3.0,19.116141373656404,2.816718740968428,1.0,43912
1953632,3.25,18.761409182000364,2.939342150319753,1.0,43912
1953632,3.5,18.39879759519038,3.0386451299323505,1.0,43912
1953632,3.75,18.03796228821279,3.1155899449685105,1.0,43912
1953632,4.0,17.67154764073602,3.181618554726108,1.0,43912
1953632,4.25,17.29768628165422,3.2344795502548735,1.0,43912
1953632,4.5,16.920340681362724,3.2837514605619447,1.0,43912
1953632,4.75,16.532086901074877,3.323270969174528,1.0,43912
1953632,5.0,16.138709236655128,3.3497584054059777,1.0,43912
1953632,5.25,15.747472217161596,3.372201886450758,0.999977227181636,43912
1953632,5.5,15.350382583348516,3.386059099241585,0.999931681544908,43912
1953632,5.75,14.953793951539442,3.3913353859000437,0.99988613590818,43912
1953632,6.0,14.554153762069594,3.386759193136199,0.999840590271452,43912
1953632,6.25,14.140508289305885,3.3805465005951256,0.999795044634724,43912
1953632,6.5,13.718118054290398,3.3614407813373295,0.999681180542904,43912
1953632,6.75,13.302104208416834,3.344887693211428,0.999498997995992,43912
1953632,7.0,12.88672800145746,3.325866423559446,0.9992712698123519,43912
1953632,7.25,12.460671342685371,3.3017430436025674,0.99874749498998,43912
1953632,7.5,12.031859172891236,3.272828023383017,0.9976543997085079,43912
1953632,7.75,11.594575514665696,3.2337633612015484,0.9962197121515759,43912
1953632,8.0,11.166697030424485,3.1853457418464033,0.9936236108580798,43912
1953632,8.25,10.757492257241756,3.1271205737493837,0.9908908726543997,43912
1953632,8.5,10.346010202222628,3.065099959619768,0.9877937693568956,43912
1953632,8.75,9.937306431043906,2.9953863873916524,0.9837402076881034,43912
1953632,9.0,9.534455274184733,2.9165317087630354,0.9791856440153033,43912
1953632,9.25,9.141829112770997,2.848487732016176,0.9728092548733831,43912
1953632,9.5,8.746037529604664,2.7728148120577685,0.9665922754600109,43912
1953632,9.75,8.360493714702132,2.7000008202459846,0.9597604299508107,43912
1953632,10.0,7.982624339588267,2.6102077407186375,0.9520404445254145,43912
1953632,10.25,7.609468937875752,2.5083395000153725,0.9424075423574422,43912
1953632,10.5,7.24738112588814,2.4058112618016705,0.9326152304609219,43912
1953632,10.75,6.896884678447805,2.304776963888622,0.9209555474585535,43912
1953632,11.0,6.55823009655675,2.1993159981603756,0.906153215521953,43912
1953632,11.25,6.2344461650573875,2.0981549109734243,0.8906676990344325,43912
1953632,11.5,5.936122244488978,1.9995548620785502,0.874977227181636,43912
1953632,11.75,5.649093641829113,1.9008099224774757,0.8579203862269994,43912
1953632,12.0,5.366938422299143,1.8051727500562946,0.8344416104937147,43912
1953632,12.25,5.093619056294407,1.7049048788252463,0.8097786482055019,43912
1953632,12.5,4.845645837128803,1.6182823669921418,0.7789670249590089,43912
1953632,12.75,4.62078702860266,1.535127211079197,0.7462197121515759,43912
1953632,13.0,4.413303880488249,1.4544463155078868,0.7076197850245947,43912
1953632,13.25,4.223264711240663,1.3818223500197517,0.6672435780652214,43912
1953632,13.5,4.050555656768082,1.31113035055836,0.6243851339041719,43912
1953632,13.75,3.8831071233375845,1.2458031283964255,0.5774275824376025,43912
1953632,14.0,3.7292084168336674,1.1799550399885064,0.530470030971033,43912
1953632,14.25,3.591068500637639,1.1238552617678756,0.48232829294953544,43912
1953632,14.5,3.4596237930406266,1.0691558732359259,0.43190927309163785,43912
1953632,14.75,3.340430861723447,1.024176548331387,0.3816496629622882,43912
1953632,15.0,3.2349471670613954,0.9804521750545098,0.3381763527054108,43912
1953632,15.25,3.1415558389506284,0.9441859318850744,0.2969120058298415,43912
1953632,15.5,3.0518081617781014,0.9036770427932402,0.26033885953725633,43912
1953632,15.75,2.9653169976316267,0.8668261238758135,0.22542812898524323,43912
1953632,16.0,2.8926489342321005,0.8349468164411528,0.19664328657314628,43912
1953632,16.25,2.822873018764802,0.8051821740737443,0.17043177263618145,43912
1953632,16.5,2.753279285844416,0.7735732728412592,0.14588267443978867,43912
1953632,16.75,2.6917926762616142,0.7449238705843261,0.125022772818364,43912
1953632,17.0,2.6357259974494442,0.7155201271048679,0.10527873929677536,43912
1953632,17.25,2.585785206777191,0.6884936657138824,0.0875387137912188,43912
1953632,17.5,2.538372198943341,0.6606158219504407,0.07225815266897431,43912
1953632,17.75,2.4935780652213517,0.6385437570956779,0.05986973947895791,43912
1953632,18.0,2.4482829294953543,0.6148206117366637,0.047549644744033524,43912
1953632,18.25,2.408612679905265,0.5942660336121391,0.03807615230460922,43912
1953632,18.5,2.3709692111495717,0.5744222011443996,0.029809619238476952,43912
1953632,18.75,2.337106030242303,0.5527619289877939,0.022590635817088724,43912
1953632,19.0,2.3044042630715977,0.536818822946251,0.018263800327928584,43912
1953632,19.25,2.2728183640007287,0.5224053797788827,0.014916196028420477,43912
1953632,19.5,2.241642375660412,0.5089648088520017,0.011682455820732374,43912
1953632,19.75,2.210466387320095,0.49627680871242574,0.009131900163964292,43912
1953632,20.0,2.17981417380215,0.48243939409990794,0.006148660958280197,43912
1953632,20.25,2.1503689196574967,0.4711173302629839,0.004440699580980142,43912
1953632,20.5,2.120058298415012,0.45595941957268166,0.0028921479322280928,43912
1953632,20.75,2.091000182182547,0.4437928470506422,0.002026780834396065,43912
1953632,21.0,2.062169794133722,0.4345604747057297,0.0012069593732920386,43912
1953632,21.25,2.036072144288577,0.4261087498510413,0.000842594279468027,43912
1953632,21.5,2.0126844598287486,0.421354303700319,0.0006604117325560211,43912
1953632,21.75,1.9882719985425397,0.4173635650232082,0.00040991073055201313,43912
1953632,22.0,1.9638595372563308,0.41683627307419086,0.0003415922754600109,43912
1953632,22.25,1.938149025323374,0.4176649993327815,0.0002277281836400073,43912
1953632,22.5,1.910548369466205,0.4226144185447691,0.00011386409182000365,43912
1953632,22.75,1.8850655857168883,0.42856187154971487,4.554563672800146e-05,43912
1953632,23.0,1.8597649845144835,0.43119760992321504,0.0,43912
1953632,23.25,1.8374248496993988,0.43717548734105593,0.0,43912
1953632,23.5,1.814925305155766,0.4439091809789608,0.0,43912
1953632,23.75,1.7905583895062853,0.4525934444399012,0.0,43912
1953632,24.0,1.7646201493896885,0.4613729226883391,0.0,43912
1953632,24.25,1.7392512297321916,0.46806967043309805,0.0,43912
1953632,24.5,1.7138595372563308,0.47801629746615437,0.0,43912
1953632,24.75,1.691359992712698,0.4853529054308013,0.0,43912
1953632,25.0,1.6693386773547094,0.49101599683032293,0.0,43912
1953632,25.25,1.6494352341045728,0.49532454521020397,0.0,43912
1953632,25.5,1.6301694297686282,0.4992297029108128,0.0,43912
1953632,25.75,1.6102887593368556,0.5026828240563128,0.0,43912
1953632,26.0,1.5898843140827108,0.5051538394852241,0.0,43912
1953632,26.25,1.5707323738385863,0.5059439288219393,0.0,43912
1953632,26.5,1.5507150664966296,0.5063208122189579,0.0,43912
1953632,26.75,1.533088905082893,0.5062952701884659,0.0,43912
1953632,27.0,1.5134359628347605,0.5063436433640534,0.0,43912
1953632,27.25,1.4956276188741118,0.5059631766681305,0.0,43912
1953632,27.5,1.4787529604663874,0.5051752507149317,0.0,43912
1953632,27.75,1.4618555292402988,0.5040002583570593,0.0,43912
1953632,28.0,1.4458006922936784,0.50189242763702,0.0,43912
1953632,28.25,1.4287666241574057,0.4988014146231819,0.0,43912
1953632,28.5,1.411345418108945,0.49558796058254573,0.0,43912
1953632,28.75,1.3932638003279285,0.4915937801893393,0.0,43912
1953632,29.0,1.375728730187648,0.48731609892343497,0.0,43912
1953632,29.25,1.3587402076881034,0.48261822431679663,0.0,43912
1953632,29.5,1.343619056294407,0.47788495544765075,0.0,43912
1953632,29.75,1.3299553652760066,0.4731471273842232,0.0,43912
1953632,30.0,1.3171798141738023,0.4683588997143763,0.0,43912
1953632,30.25,1.3042448533430497,0.46305241998371155,0.0,43912
1953632,30.5,1.2911049371470213,0.4571254890091125,0.0,43912
1953632,30.75,1.278374931681545,0.45098998982382166,0.0,43912
1953632,31.0,1.2654399708507924,0.4443484595456157,0.0,43912
1953632,31.25,1.2543951539442522,0.43823624478866463,0.0,43912
1953632,31.5,1.2445572964110039,0.43247030676412646,0.0,43912
1953632,31.75,1.2347194388777556,0.4263995250102797,0.0,43912
1953632,32.0,1.2234241209692112,0.41910670254704546,0.0,43912
1953632,32.25,1.215089269447987,0.41337552016636164,0.0,43912
1953632,32.5,1.2060940061942067,0.4068051211499768,0.0,43912
1953632,32.75,1.1959601020222264,0.3991166523824646,0.0,43912
1953632,33.0,1.186554928037894,0.3915989994302249,0.0,43912
1953632,33.25,1.1785616687921296,0.3848281258649337,0.0,43912
1953632,33.5,1.1699763162689014,0.3771893352962435,0.0,43912
1953632,33.75,1.1625751503006012,0.3703371411244629,0.0,43912
1953632,34.0,1.156654217525961,0.36460461113056947,0.0,43912
1953632,34.25,1.1508699216615048,0.35881577346273125,0.0,43912
1953632,34.5,1.1454272180725087,0.3531804627718737,0.0,43912
1953632,34.75,1.1398934232100564,0.34733963239501225,0.0,43912
1953632,35.0,1.1355438149025323,0.34244043406477237,0.0,43912
1953632,35.25,1.1298506103115322,0.3361428304450407,0.0,43912
1953632,35.5,1.124521770814356,0.33017962091561726,0.0,43912
1953632,35.75,1.1196028420477317,0.3245002314463346,0.0,43912
1953632,36.0,1.1151621424667517,0.3192211521942675,0.0,43912
1953632,36.25,1.1099243942430315,0.31279905683984016,0.0,43912
1953632,36.5,1.1048688285662234,0.3063878181740017,0.0,43912
1953632,36.75,1.1005875387137911,0.30078521583670464,0.0,43912
1953632,37.0,1.097353798506103,0.2964423007148707,0.0,43912
1953632,37.25,1.094484423392239,0.2925048128655908,0.0,43912
1953632,37.5,1.0902031335398068,0.28647582300799623,0.0,43912
1953632,37.75,1.0862634359628347,0.28075585589610347,0.0,43912
1953632,38.0,1.0825059209327745,0.2751370892040463,0.0,43912
1953632,38.25,1.0787256330843504,0.26931312534353546,0.0,43912
1953632,38.5,1.0742621606850065,0.26220003390665614,0.0,43912
1953632,38.75,1.0697303698305702,0.25469495993387464,0.0,43912
1953632,39.0,1.065357988704682,0.24715928701255946,0.0,43912
1953632,39.25,1.060188558936054,0.2378385681580537,0.0,43912
1953632,39.5,1.0562260885407178,0.23036042188009861,0.0,43912
1953632,39.75,1.0516487520495537,0.22131939346949364,0.0,43912
1953632,40.0,1.0487793769356895,0.21540892739888262,0.0,43912
1996435,0.25,21.982793871034435,0.13335451899843076,1.0,43531
1996435,0.5,21.92219337943075,0.29776211703272554,1.0,43531
1996435,0.75,21.803542303186234,0.4985136136938532,1.0,43531
1996435,1.0,21.621855689049184,0.7330027630989819,1.0,43531
1996435,1.25,21.388596632285036,0.9821576103253571,1.0,43531
1996435,1.5,21.107808228618687,1.233343478358625,1.0,43531
1996435,1.75,20.797431715329306,1.4665874573908944,1.0,43531
1996435,2.0,20.459741333762146,1.6870624084846928,1.0,43531
1996435,2.25,20.118467299166113,1.8860732544406857,1.0,43531
1996435,2.5,19.76040063403092,2.0708281908734723,1.0,43531
1996435,2.75,19.383336013415725,2.237928138059219,1.0,43531
1996435,3.0,18.991684087202223,2.398966915449014,1.0,43531
1996435,3.25,18.58257333854035,2.5444359648819455,1.0,43531
1996435,3.5,18.163056212813856,2.671288610287989,1.0,43531
1996435,3.75,17.735223174289587,2.7740808421674292,1.0,43531
1996435,4.0,17.29992419195516,2.865177022348983,1.0,43531
1996435,4.25,16.853943166938503,2.9420912635199907,1.0,43531
1996435,4.5,16.411040407985116,3.005822720482384,1.0,43531
1996435,4.75,15.968711952401737,3.063593478363299,1.0,43531
1996435,5.0,15.5235808963727,3.1130271923402457,1.0,43531
1996435,5.25,15.075693184167605,3.1572960037905458,1.0,43531
1996435,5.5,14.622062438262388,3.1875741230798824,1.0,43531
1996435,5.75,14.163814293262273,3.202452971914616,1.0,43531
1996435,6.0,13.703866210286922,3.2018959009979095,1.0,43531
1996435,6.25,13.243022214054353,3.2001538700569396,0.9997473065171947,43531
1996435,6.5,12.79051710275436,3.1900903499142554,0.9990351703383795,43531
1996435,6.75,12.338333601341573,3.170139158086283,0.9986446440467712,43531
1996435,7.0,11.882865084652316,3.1320128445182784,0.998254117755163,43531
1996435,7.25,11.434747651099217,3.100030015131318,0.9975419815763479,43531
1996435,7.5,10.981943902046817,3.055064780179955,0.9966230961843284,43531
1996435,7.75,10.546116560611978,2.9994416013152683,0.995704210792309,43531
1996435,8.0,10.121660425903379,2.9404835519101087,0.9942799384346788,43531
1996435,8.25,9.697456984677586,2.871733438226782,0.992074613493832,43531
1996435,8.5,9.280604626587948,2.8006735696926404,0.9892030966437712,43531
1996435,8.75,8.874273506236934,2.7331712545712334,0.9854816108060922,43531
1996435,9.0,8.469022076221544,2.6651427543347244,0.9803588247455836,43531
1996435,9.25,8.069927178332682,2.5868384363941876,0.9751211780110726,43531
1996435,9.5,7.691484229629459,2.4966167468046705,0.969102478693345,43531
1996435,9.75,7.327054283154533,2.4026400603519105,0.9599825411775517,43531
1996435,10.0,6.980634490363189,2.317923623832719,0.9491167214169213,43531
1996435,10.25,6.638441570375135,2.2183912265843477,0.9372860719946705,43531
1996435,10.5,6.325790815740507,2.1340965065284294,0.9236406239231811,43531
1996435,10.75,6.025200431876134,2.048287710180471,0.9067561048448233,43531
1996435,11.0,5.73444212170637,1.9617064010281269,0.887551400151616,43531
1996435,11.25,5.460499414210562,1.8777893945809072,0.8630860765890974,43531
1996435,11.5,5.205324940846753,1.7965610618479186,0.833911465392479,43531
1996435,11.75,4.971330775768992,1.7174675955042529,0.8015207553237922,43531
1996435,12.0,4.76035468976132,1.6501503257238603,0.7669247203142588,43531
1996435,12.25,4.561347085984701,1.5825905201852561,0.7273207599182192,43531
1996435,12.5,4.373457995451517,1.5048714324516757,0.6877857159265811,43531
1996435,12.75,4.1978130527669935,1.4332184531502317,0.6471709815993201,43531
1996435,13.0,4.034251452987526,1.3625722209426296,0.6064643587328571,43531
1996435,13.25,3.8864487376811927,1.2989748039296825,0.5653442374399853,43531
1996435,13.5,3.747030851577037,1.243742007768323,0.52169718131906,43531
1996435,13.75,3.6153545749006457,1.1829198049419403,0.47844065148974296,43531
1996435,14.0,3.493717121132067,1.1322094632226116,0.43679217109646,43531
1996435,14.25,3.3817739082492935,1.089265327125852,0.39636121384760287,43531
1996435,14.5,3.276308837380258,1.0415286493889897,0.358112609404792,43531
1996435,14.75,3.175185499988514,0.9913250579311212,0.3189910638395626,43531
1996435,15.0,3.0812983850589237,0.9462864050479157,0.2833383106292068,43531
1996435,15.25,2.999195975281983,0.9006592253356899,0.25177459741333763,43531
1996435,15.5,2.9279593852656727,0.8624179812937787,0.22331212239553422,43531
1996435,15.75,2.8578254577197857,0.8232365368102575,0.19544692288254348,43531
1996435,16.0,2.7934805081436216,0.7882287816239408,0.17226803886885209,43531
1996435,16.25,2.7373366106912314,0.7595431118269194,0.15276469642323862,43531
1996435,16.5,2.68300751188808,0.7307499028737866,0.13142358319358619,43531
1996435,16.75,2.6319634283613977,0.7023096366776027,0.11185132434357124,43531
1996435,17.0,2.587075876961246,0.6778414831153277,0.09572488571362937,43531
1996435,17.25,2.546598975442788,0.6554692060226603,0.08224024258574349,43531
1996435,17.5,2.507592290551561,0.6375248043258996,0.07061634237669706,43531
1996435,17.75,2.4687234384691368,0.6184276201589843,0.059566745537662814,43531
1996435,18.0,2.4330017688543797,0.5973244130061681,0.04860903723783051,43531
1996435,18.25,2.399186786428063,0.5793825625081936,0.040591762192460544,43531
1996435,18.5,2.3690243734350234,0.5635777311657431,0.03464197927913441,43531
1996435,18.75,2.3401483999908113,0.5474587332245916,0.029404332544623372,43531
1996435,19.0,2.311180538007397,0.5303720142654657,0.02412074154051136,43531
1996435,19.25,2.284670694447635,0.5132376019704539,0.019319565367209576,43531
1996435,19.5,2.2587581263926855,0.49586733329454363,0.015069720429119478,43531
1996435,19.75,2.2332590567641453,0.4784702521206646,0.011164457513036687,43531
1996435,20.0,2.2082424019664146,0.46205134517905055,0.00822402425857435,43531
1996435,20.25,2.185086490087524,0.4500748629400589,0.0062254485309319796,43531
1996435,20.5,2.159610392593784,0.4364252113861368,0.004847120442902759,43531
1996435,20.75,2.1362477315016886,0.42527851185501,0.0038133743768808434,43531
1996435,21.0,2.112586432657187,0.41250869696982606,0.002756656176058441,43531
1996435,21.25,2.0919115113367486,0.40196113669522404,0.0018837150536399347,43531
1996435,21.5,2.0692150421538673,0.39210140526971066,0.0012634674140267856,43531
1996435,21.75,2.0491373963382418,0.3842133779656511,0.0007810525832165583,43531
1996435,22.0,2.031885323103076,0.3805440376164427,0.00041349842640876614,43531
1996435,22.25,2.013737336610691,0.3759293583137002,4.594426960097402e-05,43531
1996435,22.5,1.996646068319129,0.3763484928276342,2.297213480048701e-05,43531
1996435,22.75,1.9796926328363695,0.3795861545010425,0.0,43531
1996435,23.0,1.9632675564540212,0.38326660161184845,0.0,43531
1996435,23.25,1.9473478670372837,0.3890684448725324,0.0,43531
1996435,23.5,1.9282809951528797,0.3954163423257207,0.0,43531
1996435,23.75,1.9100181479864924,0.4033668630750932,0.0,43531
1996435,24.0,1.8925363534033217,0.41005300350553847,0.0,43531
1996435,24.25,1.872872206014105,0.4178554084685843,0.0,43531
1996435,24.5,1.8552296064873308,0.4249743436285878,0.0,43531
1996435,24.75,1.8387815579701823,0.43191560587733396,0.0,43531
1996435,25.0,1.8193471319289702,0.43617033761569796,0.0,43531
1996435,25.25,1.8007167306057752,0.44137645835760936,0.0,43531
1996435,25.5,1.7834646573706094,0.4465694301271458,0.0,43531
1996435,25.75,1.7646964232386115,0.452188833025444,0.0,43531
1996435,26.0,1.7419769819209299,0.4610210868007885,0.0,43531
1996435,26.25,1.720704785095679,0.46834873197127963,0.0,43531
1996435,26.5,1.7017757460200778,0.4738135274379563,0.0,43531
1996435,26.75,1.6807792148124325,0.4796839253639332,0.0,43531
1996435,27.0,1.6595989065263834,0.48439789281106155,0.0,43531
1996435,27.25,1.6388550688015437,0.48863585827290684,0.0,43531
1996435,27.5,1.6182720360203073,0.4913641171990371,0.0,43531
1996435,27.75,1.595001263467414,0.4955087112783064,0.0,43531
1996435,28.0,1.5752222554041948,0.4983417188534429,0.0,43531
1996435,28.25,1.5538811421745422,0.50041039397122,0.0,43531
1996435,28.5,1.5324711125404884,0.5018425064432439,0.0,43531
1996435,28.75,1.5111989157152375,0.5025387083847047,0.0,43531
1996435,29.0,1.4904321058555972,0.5020693445553318,0.0,43531
1996435,29.25,1.4640371229698377,0.49999885403060224,0.0,43531
1996435,29.5,1.4399163814293263,0.49753819163900104,0.0,43531
1996435,29.75,1.4161631940456227,0.4939976863747114,0.0,43531
1996435,30.0,1.39245595093152,0.4892429472985922,0.0,43531
1996435,30.25,1.3661528565849625,0.48256745055459777,0.0,43531
1996435,30.5,1.3395511244859986,0.47424101958626824,0.0,43531
1996435,30.75,1.3141669155314604,0.46473262541142435,0.0,43531
1996435,31.0,1.2895178148905377,0.45394882725429936,0.0,43531
1996435,31.25,1.2662929866072454,0.4422321806628304,0.0,43531
1996435,31.5,1.2424479106843398,0.42856871165233146,0.0,43531
1996435,31.75,1.2210149089154856,0.4149352649441626,0.0,43531
1996435,32.0,1.2011669844478647,0.4008771887947491,0.0,43531
1996435,32.25,1.1856837655923365,0.3888557295144648,0.0,43531
1996435,32.5,1.1725207323516575,0.3778367488432726,0.0,43531
1996435,32.75,1.1602306402333968,0.36682403586916246,0.0,43531
1996435,33.0,1.1492040155291632,0.3562935495892902,0.0,43531
1996435,33.25,1.1374193103765133,0.34429343093109416,0.0,43531
1996435,33.5,1.1269899611770922,0.33296555042129605,0.0,43531
1996435,33.75,1.1203510142197515,0.32537529044904007,0.0,43531
1996435,34.0,1.113528290184007,0.31724112197486815,0.0,43531
1996435,34.25,1.1061542349130504,0.3080384604167994,0.0,43531
1996435,34.5,1.0985504582940893,0.29806091041196026,0.0,43531
1996435,34.75,1.0898899634743056,0.2860273366810498,0.0,43531
1996435,35.0,1.079437642140084,0.27042371027734446,0.0,43531
1996435,35.25,1.0702258160850888,0.25553013681514086,0.0,43531
1996435,35.5,1.064758448002573,0.24610197632157574,0.0,43531
1996435,35.75,1.0597734947508672,0.23706943108318754,0.0,43531
1996435,36.0,1.055753371160782,0.22944747145973185,0.0,43531
1996435,36.25,1.0518710803794997,0.22176925216570434,0.0,43531
1996435,36.5,1.0486549815074315,0.21514817599288086,0.0,43531
1996435,36.75,1.0447956628609496,0.20685742536181265,0.0,43531
1996435,37.0,1.0428660035377089,0.20255728032463244,0.0,43531
1996435,37.25,1.0408214835404654,0.19787872426991843,0.0,43531
1996435,37.5,1.0394201833176357,0.19459471306543621,0.0,43531
1996435,37.75,1.0373297190507913,0.1895706640723486,0.0,43531
1996435,38.0,1.0346419792791344,0.1828734010197488,0.0,43531
1996435,38.25,1.0331028462475018,0.17890719131696242,0.0,43531
1996435,38.5,1.031931267372677,0.17581914474772176,0.0,43531
1996435,38.75,1.0304610507454457,0.1718541637220203,0.0,43531
1996435,39.0,1.029289471870621,0.16861865809477727,0.0,43531
1996435,39.25,1.028026004456594,0.16504900278007958,0.0,43531
1996435,39.5,1.0267855091773679,0.16145787230077432,0.0,43531
1996435,39.75,1.0254990696285406,0.1576370448887477,0.0,43531
1996435,40.0,1.0246031563713216,0.15491414513269672,0.0,43531
2006229,0.25,21.980462294265468,0.14211913422276304,1.0,44171
2006229,0.5,21.91125399017455,0.31633927594036276,1.0,44171
2006229,0.75,21.78791514794775,0.5260518663879835,1.0,44171
2006229,1.0,21.603359670371965,0.7541727769060846,1.0,44171
2006229,1.25,21.367209254941024,1.0007000706043732,1.0,44171
2006229,1.5,21.09983926105363,1.2392321713198395,1.0,44171
2006229,1.75,20.804894614113334,1.4579967849617386,1.0,44171
2006229,2.0,20.484707160806863,1.6726056566780176,1.0,44171
2006229,2.25,20.148853320051618,1.8907463217399652,1.0,44171
2006229,2.5,19.80892440741663,2.0859791654108943,1.0,44171
2006229,2.75,19.46041520454597,2.2564251128513027,1.0,44171
2006229,3.0,19.102805007810556,2.405243698328306,1.0,44171
2006229,3.25,18.744153403816984,2.5432891341775736,1.0,44171
2006229,3.5,18.37463494147744,2.654424804629602,1.0,44171
2006229,3.75,18.001086685834597,2.7564317436527146,1.0,44171
2006229,4.0,17.611962599895858,2.8409384678145395,1.0,44171
2006229,4.25,17.208915351701343,2.911268455389456,1.0,44171
2006229,4.5,16.7958162595368,2.975933452713983,1.0,44171
2006229,4.75,16.39265581490118,3.034380677823366,1.0,44171
2006229,5.0,15.98926897738335,3.0835799530802266,1.0,44171
2006229,5.25,15.579180910552171,3.1228698957694645,1.0,44171
2006229,5.5,15.155984695841163,3.163112562526994,1.0,44171
2006229,5.75,14.730569830884518,3.195822038976469,1.0,44171
2006229,6.0,14.305607751692287,3.220981985071125,0.9999547214235585,44171
2006229,6.25,13.871363564329538,3.22974027940543,0.9996604106766883,44171
2006229,6.5,13.432863190781282,3.229567020860406,0.9992755427769351,44171
2006229,6.75,12.985058069774286,3.2124465687926653,0.9988453963007403,44171
2006229,7.0,12.541192184917707,3.198651943313151,0.9983246926716624,44171
2006229,7.25,12.098412985895724,3.1726245795706567,0.9978039890425845,44171
2006229,7.5,11.657195897760975,3.1340414064480218,0.9968757782255326,44171
2006229,7.75,11.231464082769238,3.1007368423913944,0.9957890923909353,44171
2006229,8.0,10.813972968689864,3.0570250597710227,0.9935930814335198,44171
2006229,8.25,10.397183672545335,3.0062940903666937,0.9917366597994159,44171
2006229,8.5,9.977156958185235,2.9411323086106913,0.9899707953181952,44171
2006229,8.75,9.566344434130992,2.868668339178178,0.9873446378845849,44171
2006229,9.0,9.167326979239773,2.792305991182053,0.9848543161802993,44171
2006229,9.25,8.78329673315071,2.7189443323304623,0.9813452265060787,44171
2006229,9.5,8.407348712956464,2.629389177864407,0.977632383237871,44171
2006229,9.75,8.044259808471622,2.5395511756504825,0.9728102148468453,44171
2006229,10.0,7.684906386543207,2.4467455714699886,0.9663580177039234,44171
2006229,10.25,7.347965859953363,2.3587647174653616,0.9592945597790405,44171
2006229,10.5,7.020126327228272,2.2727386350429697,0.9507821874080279,44171
2006229,10.75,6.70476104231283,2.1817091581236814,0.9387833646510154,44171
2006229,11.0,6.395598922369881,2.0863154959013395,0.9250639559892238,44171
2006229,11.25,6.100292046818048,1.9929562756388985,0.9108238436983541,44171
2006229,11.5,5.833601231577279,1.9060986037125096,0.8956555205904326,44171
2006229,11.75,5.567815987865342,1.8181511755815285,0.8762989291616672,44171
2006229,12.0,5.318263113807702,1.7349361826177354,0.8525050372416291,44171
2006229,12.25,5.083335219940685,1.6544493631992787,0.8255416449706822,44171
2006229,12.5,4.861424916800615,1.5854841725743387,0.794095673632021,44171
2006229,12.75,4.6527133186932605,1.521267407009825,0.7582350410903081,44171
2006229,13.0,4.455819429037151,1.4560385500927713,0.7182540580924136,44171
2006229,13.25,4.272214801566639,1.3968405212612882,0.6757374748137919,44171
2006229,13.5,4.103869054356931,1.3359541812278912,0.6340132666228974,44171
2006229,13.75,3.9407077041497813,1.2693752059832626,0.5886214937402368,44171
2006229,14.0,3.792782594915216,1.2109636049101564,0.5441579316746281,44171
2006229,14.25,3.6503361934300784,1.1551818710718489,0.498313373027552,44171
2006229,14.5,3.5194131896493173,1.102635441628608,0.45027280342306036,44171
2006229,14.75,3.4063525842747504,1.0583323718053133,0.4053564555930362,44171
2006229,15.0,3.2900092821081706,1.0150662760893225,0.35656878947725884,44171
2006229,15.25,3.184555477575785,0.9731917541411491,0.3104525593715334,44171
2006229,15.5,3.0937945710986847,0.9331566208125112,0.27180729437866474,44171
2006229,15.75,3.011953544180571,0.8942460461978161,0.23791627991215955,44171
2006229,16.0,2.931402956691042,0.8559365458874735,0.20556473704466732,44171
2006229,16.25,2.8641189920988883,0.8197312351941052,0.17885037694414888,44171
2006229,16.5,2.8012044101333453,0.7871416254661956,0.1517511489438772,44171
2006229,16.75,2.7415272463833738,0.7544602349620457,0.12818364990604694,44171
2006229,17.0,2.687781576147246,0.7208087255652187,0.10835163342464513,44171
2006229,17.25,2.6350093953046114,0.691315864443042,0.09030812071268479,44171
2006229,17.5,2.5859047791537435,0.6584602808730836,0.07455117611102306,44171
2006229,17.75,2.5435466708926673,0.6312191232712943,0.06139774965475085,44171
2006229,18.0,2.4998075660501233,0.6049892247492881,0.0488103054039981,44171
2006229,18.25,2.4585361436236446,0.5826486824336348,0.038803740010414076,44171
2006229,18.5,2.421724660976659,0.5621466870743775,0.030676235539154648,44171
2006229,18.75,2.3877430893572704,0.5401289498930051,0.023250549002739353,44171
2006229,19.0,2.3512711960335966,0.5204375504166594,0.016707794706934415,44171
2006229,19.25,2.3205496819180005,0.5036955809365343,0.010798940481311267,44171
2006229,19.5,2.2917298680129496,0.4898510148721015,0.007403047248194516,44171
2006229,19.75,2.2641778542482625,0.47681848369949703,0.004935364832129678,44171
2006229,20.0,2.237893640623939,0.4652325566541618,0.003463811097779086,44171
2006229,20.25,2.211903737746485,0.4524123705376111,0.0020375359398700503,44171
2006229,20.5,2.1882683208439926,0.43951216714978947,0.0007244572230649068,44171
2006229,20.75,2.1657195897760975,0.4284149145187305,0.0001811143057662267,44171
2006229,21.0,2.1437594802019424,0.41641459647618717,4.5278576441556674e-05,44171
2006229,21.25,2.120848520522515,0.4054449029563405,0.0,44171
2006229,21.5,2.098367707319282,0.39865043762891805,0.0,44171
2006229,21.75,2.078920558737633,0.3934856376967184,0.0,44171
2006229,22.0,2.0579565778451925,0.3880029956984354,0.0,44171
2006229,22.25,2.033891014466505,0.384681349696994,0.0,44171
2006229,22.5,2.0129270335740643,0.3817674737071484,0.0,44171
2006229,22.75,1.9897444024359874,0.3832098212910005,0.0,44171
2006229,23.0,1.9653392497339883,0.3893515385706577,0.0,44171
2006229,23.25,1.9403681148264698,0.3980063975254674,0.0,44171
2006229,23.5,1.914921554866315,0.4065424653889644,0.0,44171
2006229,23.75,1.8859659052319395,0.41465704300743894,0.0,44171
2006229,24.0,1.860496705983564,0.4230290821062912,0.0,44171
2006229,24.25,1.835865160399357,0.4302365843544544,0.0,44171
2006229,24.5,1.812886282855267,0.437398848303402,0.0,44171
2006229,24.75,1.7904960268049173,0.44597793103033867,0.0,44171
2006229,25.0,1.7664531027144506,0.4537652255900312,0.0,44171
2006229,25.25,1.7429761608295036,0.4599172183364917,0.0,44171
2006229,25.5,1.7170315365284916,0.4682874346639115,0.0,44171
2006229,25.75,1.691041633651038,0.47559038710903423,0.0,44171
2006229,26.0,1.6678363632247402,0.4816885796181095,0.0,44171
2006229,26.25,1.6447216499513255,0.48620584659063104,0.0,44171
2006229,26.5,1.6226257046478458,0.49058484064193125,0.0,44171
2006229,26.75,1.603631341830613,0.49370906650968893,0.0,44171
2006229,27.0,1.5837314074845488,0.497106624744093,0.0,44171
2006229,27.25,1.5647823232437572,0.49947618887837225,0.0,44171
2006229,27.5,1.546308664055602,0.5012555128356804,0.0,44171
2006229,27.75,1.5233977043761744,0.5026208979874055,0.0,44171
2006229,28.0,1.5023431663308506,0.5028897134521292,0.0,44171
2006229,28.25,1.4824432319847864,0.50231825544952,0.0,44171
2006229,28.5,1.4607547938692806,0.5007288876761717,0.0,44171
2006229,28.75,1.4410359738289829,0.49865515752590084,0.0,44171
2006229,29.0,1.4229471825405808,0.49604504969196556,0.0,44171
2006229,29.25,1.4055375698988024,0.4928881930969075,0.0,44171
2006229,29.5,1.3856829141291798,0.4884795934522476,0.0,44171
2006229,29.75,1.3655113083244663,0.48270565845839625,0.0,44171
2006229,30.0,1.346449027642571,0.4768417941745735,0.0,44171
2006229,30.25,1.329673315070974,0.4709658760161564,0.0,44171
2006229,30.5,1.3110185415770528,0.4634044192498257,0.0,44171
2006229,30.75,1.2940843539879106,0.4557345783729482,0.0,44171
2006229,31.0,1.2767652984990152,0.4474045146958126,0.0,44171
2006229,31.25,1.2586765072106132,0.4379124493587822,0.0,44171
2006229,31.5,1.2427384483031854,0.4287431114167899,0.0,44171
2006229,31.75,1.225509949967173,0.41792244088130637,0.0,44171
2006229,32.0,1.2115415091349528,0.4084060175593596,0.0,44171
2006229,32.25,1.1976183468791741,0.398207139242291,0.0,44171
2006229,32.5,1.1849856240519798,0.388290298947824,0.0,44171
2006229,32.75,1.1737791763826946,0.3789237718334099,0.0,44171
2006229,33.0,1.1649272146883702,0.3711190464498979,0.0,44171
2006229,33.25,1.1559394172647213,0.3628020056599165,0.0,44171
2006229,33.5,1.148423173575423,0.3555229903258078,0.0,44171
2006229,33.75,1.1417898621267348,0.34883843260201103,0.0,44171
2006229,34.0,1.1343641755903195,0.34104703070622205,0.0,44171
2006229,34.25,1.1250367888433588,0.3307643679901868,0.0,44171
2006229,34.5,1.1175431844422812,0.3220700740323113,0.0,44171
2006229,34.75,1.10907609064771,0.3117381869430435,0.0,44171
2006229,35.0,1.1047746258857623,0.3062662684649949,0.0,44171
2006229,35.25,1.0996355074596456,0.299516784321572,0.0,44171
2006229,35.5,1.0939530461162301,0.29176668499757974,0.0,44171
2006229,35.75,1.0881573883317108,0.2835268649169646,0.0,44171
2006229,36.0,1.082837155599828,0.2756390417093922,0.0,44171
2006229,36.25,1.0785130515496593,0.2689802785472525,0.0,44171
2006229,36.5,1.0737814403115167,0.2614178389664318,0.0,44171
2006229,36.75,1.0687781576147246,0.25307938019034515,0.0,44171
2006229,37.0,1.0635032034592833,0.24386859783707088,0.0,44171
2006229,37.25,1.0586583957800366,0.23498689005931644,0.0,44171
2006229,37.5,1.0534739987774784,0.22497927934613265,0.0,44171
2006229,37.75,1.0490366982862058,0.21594711447217452,0.0,44171
2006229,38.0,1.0443956442009463,0.20597483211069245,0.0,44171
2006229,38.25,1.040546965203414,0.197240435941295,0.0,44171
2006229,38.5,1.0362228611532454,0.18684634290211113,0.0,44171
2006229,38.75,1.0331439179552195,0.17901431272174403,0.0,44171
2006229,39.0,1.0305856783862715,0.17219426801848856,0.0,44171
2006229,39.25,1.0284349460052975,0.16621379397379152,0.0,44171
2006229,39.5,1.026555885082973,0.1607832556718909,0.0,44171
2006229,39.75,1.0251522492132847,0.15658917169448144,0.0,44171
2006229,40.0,1.023069434696973,0.15012576766919608,0.0,44171
2011166,0.25,21.978828655645266,0.146428620117574,1.0,39015
2011166,0.5,21.904882737408688,0.3306748731012211,1.0,39015
2011166,0.75,21.762040240932976,0.5615538606604553,1.0,39015
2011166,1.0,21.549122132513137,0.7929627076796943,1.0,39015
2011166,1.25,21.26956298859413,1.0428361346815216,1.0,39015
2011166,1.5,20.943021914648213,1.3009330354037376,1.0,39015
2011166,1.75,20.56952454184288,1.5452635235325656,1.0,39015
2011166,2.0,20.16937075483788,1.777844761214253,1.0,39015
2011166,2.25,19.74717416378316,1.994083921554921,1.0,39015
2011166,2.5,19.294604639241317,2.188037343073929,1.0,39015
2011166,2.75,18.830475458157117,2.363268999062062,1.0,39015
2011166,3.0,18.358913238498012,2.5193623394949083,1.0,39015
2011166,3.25,17.889119569396385,2.65717935483878,1.0,39015
2011166,3.5,17.408330129437395,2.7713755049927427,1.0,39015
2011166,3.75,16.91336665385108,2.8641924127616476,1.0,39015
2011166,4.0,16.402229911572473,2.947242077602326,1.0,39015
2011166,4.25,15.89432269639882,3.006355481869416,1.0,39015
2011166,4.5,15.384288094322697,3.0454906489284803,1.0,39015
2011166,4.75,14.880199923106497,3.071273002546269,1.0,39015
2011166,5.0,14.36637190824042,3.0813090684016737,1.0,39015
2011166,5.25,13.877175445341535,3.0829404937196885,1.0,39015
2011166,5.5,13.381135460720236,3.0829949129270395,1.0,39015
2011166,5.75,12.895629885941304,3.07882052422039,0.9999743688325003,39015
2011166,6.0,12.410688196847367,3.0704821010307417,0.9993079584775086,39015
2011166,6.25,11.943329488658208,3.0486381271298435,0.9989234909650134,39015
2011166,6.5,11.490144816096374,3.0164445684728447,0.9983852364475202,39015
2011166,6.75,11.04159938485198,2.969649986730171,0.9971036780725362,39015
2011166,7.0,10.596180956042549,2.9308551836471572,0.9953351275150583,39015
2011166,7.25,10.166782006920416,2.881699510981131,0.9938997821350762,39015
2011166,7.5,9.743688325003204,2.81974525928637,0.9923619120850955,39015
2011166,7.75,9.32159425861848,2.745422456000903,0.9909265667051134,39015
2011166,8.0,8.909393822888633,2.671323515208791,0.9882352941176471,39015
2011166,8.25,8.518774830193514,2.6014456147169636,0.9850826605151864,39015
2011166,8.5,8.13915160835576,2.5209917174005647,0.9797770088427528,39015
2011166,8.75,7.7906189926951175,2.4405819839004796,0.9734204793028323,39015
2011166,9.0,7.461181596821735,2.3582756577053496,0.9665513264129181,39015
2011166,9.25,7.153120594643086,2.277732929491059,0.95840061514802,39015
2011166,9.5,6.846546200179418,2.194251614363956,0.9494553376906318,39015
2011166,9.75,6.5484557221581445,2.105828670897502,0.939843649878252,39015
2011166,10.0,6.2671023965141615,2.024783175914522,0.9290785595283865,39015
2011166,10.25,6.0011021402024864,1.9342564577883954,0.916955017301038,39015
2011166,10.5,5.75278738946559,1.853178520899251,0.9020120466487248,39015
2011166,10.75,5.518005895168525,1.7665511163381806,0.8837370242214533,39015
2011166,11.0,5.2881455850313985,1.6721820584950922,0.8633346148917083,39015
2011166,11.25,5.0689734717416375,1.5810771654200968,0.8391387927720108,39015
2011166,11.5,4.857516339869281,1.5006101981066036,0.8080738177623991,39015
2011166,11.75,4.659746251441753,1.433387301605032,0.772728437780341,39015
2011166,12.0,4.475048058439062,1.3670415000397924,0.7377931564782776,39015
2011166,12.25,4.314007433038575,1.306749624005741,0.7033961296937076,39015
2011166,12.5,4.166038703062925,1.251526993512648,0.6700243496091247,39015
2011166,12.75,4.024964757144688,1.2034502560350104,0.6368832500320389,39015
2011166,13.0,3.8927591951813407,1.1631782576245908,0.6005895168524926,39015
2011166,13.25,3.7758041778803024,1.127717852944463,0.5626041266179674,39015
2011166,13.5,3.6664616173266693,1.0937341057149115,0.5250800973984365,39015
2011166,13.75,3.5701653210303728,1.059921917190514,0.49058054594386774,39015
2011166,14.0,3.473689606561579,1.0278924230535904,0.4545174932718185,39015
2011166,14.25,3.387517621427656,0.9991809980063338,0.42219659105472257,39015
2011166,14.5,3.303498654363706,0.9649264256738115,0.38928617198513393,39015
2011166,14.75,3.225759323337178,0.9317939207799294,0.35658080225554273,39015
2011166,15.0,3.15119825708061,0.9041731748364638,0.32346533384595666,39015
2011166,15.25,3.077457388184032,0.8751732543163604,0.29158016147635524,39015
2011166,15.5,3.010226835832372,0.8481480355976637,0.26402665641419965,39015
2011166,15.75,2.9475586312956557,0.8236754212430556,0.2374727668845316,39015
2011166,16.0,2.8879917980264,0.7974578360587922,0.21202101755734973,39015
2011166,16.25,2.8366782006920417,0.7792305983411673,0.1909265667051134,39015
2011166,16.5,2.7891836473151352,0.7611887427744811,0.17062668204536716,39015
2011166,16.75,2.7425092912982185,0.7409204749236025,0.15150583109060617,39015
2011166,17.0,2.70321671152121,0.7211683030316763,0.13458926054081763,39015
2011166,17.25,2.6637447135717034,0.7012586158581959,0.11951813405100602,39015
2011166,17.5,2.6256055363321797,0.681584057566406,0.10493399974368832,39015
2011166,17.75,2.587773933102653,0.6639623931514513,0.09119569396386006,39015
2011166,18.0,2.551352044085608,0.6457162369396665,0.0793284634115084,39015
2011166,18.25,2.5200051262335,0.6333978232970248,0.07071639113161604,39015
2011166,18.5,2.489375881071383,0.620090215447389,0.06274509803921569,39015
2011166,18.75,2.4603357682942457,0.606571250594995,0.05574778931180315,39015
2011166,19.0,2.430501089324619,0.5929150505180895,0.04908368576188645,39015
2011166,19.25,2.404075355632449,0.5798771844497147,0.043675509419454056,39015
2011166,19.5,2.3802896321927465,0.5667303017482616,0.03824170190952198,39015
2011166,19.75,2.3561194412405486,0.553167859669225,0.0331923619120851,39015
2011166,20.0,2.3345123670383185,0.5396390568020047,0.028681276432141484,39015
2011166,20.25,2.311905677303601,0.5258826055427567,0.024529027297193386,39015
2011166,20.5,2.287453543508907,0.5104437679616378,0.020274253492246572,39015
2011166,20.75,2.263052672049212,0.4935969365647449,0.01650647186979367,39015
2011166,21.0,2.2402153018069972,0.47876692961013667,0.01378956811482763,39015
2011166,21.25,2.2186594899397667,0.4636700316772581,0.011405869537357427,39015
2011166,21.5,2.1952326028450595,0.4463850134766551,0.008817121619889786,39015
2011166,21.75,2.1737793156478276,0.43226180149384,0.007151095732410611,39015
2011166,22.0,2.1515570934256054,0.418617674414983,0.00592079969242599,39015
2011166,22.25,2.130001281558375,0.40523290258184047,0.004869921824939126,39015
2011166,22.5,2.110880430603614,0.39685062717649433,0.004152249134948097,39015
2011166,22.75,2.092400358836345,0.39078352397224436,0.0036139946174548253,39015
2011166,23.0,2.07520184544406,0.3836831226992649,0.0031013712674612328,39015
2011166,23.25,2.0534922465718313,0.38361644236828246,0.00261437908496732,39015
2011166,23.5,2.0359861591695503,0.38335288691789987,0.0021530180699730873,39015
2011166,23.75,2.0193002691272586,0.3813750640670692,0.001845444059976932,39015
2011166,24.0,2.0026143790849673,0.38549511429174227,0.0016403947199794952,39015
2011166,24.25,1.9874150967576574,0.3900917186963058,0.0014609765474817378,39015
2011166,24.5,1.970882993720364,0.396158667293895,0.001384083044982699,39015
2011166,24.75,1.953838267333077,0.402861258765585,0.00130718954248366,39015
2011166,25.0,1.9372292707932846,0.4094063211051133,0.001255927207484301,39015
2011166,25.25,1.918236575676022,0.41598668764037405,0.0011790337049852621,39015
2011166,25.5,1.897757272843778,0.41972785324457806,0.0011277713699859029,39015
2011166,25.75,1.87758554402153,0.42747890106263114,0.001050877867486864,39015
2011166,26.0,1.859284890426759,0.43526654524370406,0.0009996155324875047,39015
2011166,26.25,1.8403434576444957,0.44294332029249,0.000922722029988466,39015
2011166,26.5,1.8180443419197745,0.4528096410842107,0.0008458285274894271,39015
2011166,26.75,1.7946174548250673,0.4610549125385147,0.0007689350249903883,39015
2011166,27.0,1.7733692169678328,0.4669891974724292,0.0006920415224913495,39015
2011166,27.25,1.7529924388055875,0.47359638834876167,0.0006151480199923107,39015
2011166,27.5,1.730565167243368,0.479489105804589,0.0005638856849929514,39015
2011166,27.75,1.7098295527361271,0.48269325789803696,0.0004869921824939126,39015
2011166,28.0,1.6889145200563886,0.4861161411634634,0.0004100986799948738,39015
2011166,28.25,1.6681789055491478,0.4907052232433416,0.00035883634499551454,39015
2011166,28.5,1.645931052159426,0.49534904464158547,0.0002819428424964757,39015
2011166,28.75,1.6244265026271947,0.49918479560985185,0.0002050493399974369,39015
2011166,29.0,1.602793797257465,0.5023524777441656,0.00015378700499807767,39015
2011166,29.25,1.5819556580802256,0.504394406912003,7.689350249903884e-05,39015
2011166,29.5,1.5598872228630014,0.5062237224425556,2.5631167499679612e-05,39015
2011166,29.75,1.5386902473407664,0.5077789070608547,0.0,39015
2011166,30.0,1.5137767525310777,0.5084094421358512,0.0,39015
2011166,30.25,1.4919902601563502,0.5077258991504582,0.0,39015
2011166,30.5,1.4737921312315776,0.5063535538732566,0.0,39015
2011166,30.75,1.4545174932718186,0.5042761039189937,0.0,39015
2011166,31.0,1.434960912469563,0.5015154487217672,0.0,39015
2011166,31.25,1.4145841343073178,0.49762602538100137,0.0,39015
2011166,31.5,1.3960015378700499,0.49293403273374464,0.0,39015
2011166,31.75,1.3764962194027939,0.4883070917891071,0.0,39015
2011166,32.0,1.3562732282455465,0.4825291925666897,0.0,39015
2011166,32.25,1.3327438164808407,0.4746703419453043,0.0,39015
2011166,32.5,1.3117006279636036,0.466447640058285,0.0,39015
2011166,32.75,1.2901960784313726,0.4543101400899249,0.0,39015
2011166,33.0,1.2727412533640907,0.44566227626234184,0.0,39015
2011166,33.25,1.2502883506343714,0.43324377142721615,0.0,39015
2011166,33.5,1.234320133282071,0.42357857256268494,0.0,39015
2011166,33.75,1.2207356145072408,0.41474788964073167,0.0,39015
2011166,34.0,1.2061002178649238,0.40450848200608874,0.0,39015
2011166,34.25,1.1969242599000385,0.3976797069378779,0.0,39015
2011166,34.5,1.1862873253876713,0.38934334869268145,0.0,39015
2011166,34.75,1.1777265154427785,0.38228725715236433,0.0,39015
2011166,35.0,1.1668332692554146,0.3728317212185147,0.0,39015
2011166,35.25,1.1575804177880302,0.3643517974602053,0.0,39015
2011166,35.5,1.1461489170831731,0.3532599746629539,0.0,39015
2011166,35.75,1.1363834422657952,0.3431996764781146,0.0,39015
2011166,36.0,1.1268230167884148,0.33277887198882106,0.0,39015
2011166,36.25,1.1192618223760091,0.3241004974177331,0.0,39015
2011166,36.5,1.1134179161860822,0.3171070321895493,0.0,39015
2011166,36.75,1.1083429450211457,0.3108170320965679,0.0,39015
2011166,37.0,1.1020376778162246,0.30270173217772123,0.0,39015
2011166,37.25,1.098551839036268,0.29806316641624775,0.0,39015
2011166,37.5,1.0952197872613099,0.29352203943361027,0.0,39015
2011166,37.75,1.0921953094963475,0.28930516702496156,0.0,39015
2011166,38.0,1.0889657823913879,0.28469799689600817,0.0,39015
2011166,38.25,1.0867615019864154,0.2814888535448881,0.0,39015
2011166,38.5,1.0839420735614507,0.2773044767531718,0.0,39015
2011166,38.75,1.0813020633089838,0.27330194346891945,0.0,39015
2011166,39.0,1.0790977829040114,0.26989477708859655,0.0,39015
2011166,39.25,1.077124183006536,0.26679180604726505,0.0,39015
2011166,39.5,1.0751249519415609,0.26359623378776875,0.0,39015
2011166,39.75,1.0725362040240933,0.25937699879374526,0.0,39015
2011166,40.0,1.0704600794566193,0.25592408137499495,0.0,39015
2013725,0.25,21.971283783783782,0.1731517306580893,1.0,44992
2013725,0.5,21.89444790184922,0.3551171343371972,1.0,44992
2013725,0.75,21.757423541963014,0.5798380319110886,1.0,44992
2013725,1.0,21.56332236842105,0.8255870492921594,1.0,44992
2013725,1.25,21.322146159317214,1.0914367154636242,1.0,44992
2013725,1.5,21.047408428165006,1.3505414015737895,1.0,44992
2013725,1.75,20.738909139402562,1.6166184649715485,1.0,44992
2013725,2.0,20.397892958748223,1.87056979753227,1.0,44992
2013725,2.25,20.029716394025606,2.1025014403057356,1.0,44992
2013725,2.5,19.646025960170697,2.301652970749782,1.0,44992
2013725,2.75,19.2379756401138,2.5128550596494326,1.0,44992
2013725,3.0,18.814900426742533,2.701407736667637,1.0,44992
2013725,3.25,18.393692211948792,2.8442469712942944,1.0,44992
2013725,3.5,17.957814722617353,2.970893499034222,1.0,44992
2013725,3.75,17.514913762446657,3.09516545351352,1.0,44992
2013725,4.0,17.073879800853486,3.1933479497999495,1.0,44992
2013725,4.25,16.61775426742532,3.269000238449437,1.0,44992
2013725,4.5,16.14733730440967,3.333267656247918,1.0,44992
2013725,4.75,15.678387268847795,3.3926713688032453,0.999977773826458,44992
2013725,5.0,15.206281116642959,3.443032239806056,0.9998444167852063,44992
2013725,5.25,14.732708036984352,3.4860321877665545,0.9997777382645804,44992
2013725,5.5,14.257334637268848,3.5163802851559027,0.9997110597439545,44992
2013725,5.75,13.787162162162161,3.5444947480471907,0.999399893314367,44992
2013725,6.0,13.32665807254623,3.5567774500092635,0.9987108819345661,44992
2013725,6.25,12.86175320056899,3.5427580753499046,0.9981107752489331,44992
2013725,6.5,12.385557432432432,3.5302593540215663,0.9967549786628734,44992
2013725,6.75,11.918896692745378,3.501089902385539,0.9950657894736842,44992
2013725,7.0,11.461304231863442,3.463956060768261,0.9942211948790897,44992
2013725,7.25,11.010224039829303,3.425190616978021,0.9932210170697012,44992
2013725,7.5,10.569834637268848,3.37354744699633,0.9921541607396871,44992
2013725,7.75,10.150182254623044,3.312337082611852,0.9901538051209103,44992
2013725,8.0,9.726640291607398,3.250613779156691,0.9869976884779517,44992
2013725,8.25,9.325324502133713,3.1738020747598847,0.9834859530583214,44992
2013725,8.5,8.944567923186344,3.0985665590287725,0.9779294096728307,44992
2013725,8.75,8.556121088193457,3.0193904635842417,0.9711059743954481,44992
2013725,9.0,8.180232041251777,2.923583890677794,0.9628156116642959,44992
2013725,9.25,7.808343705547653,2.8196370962437625,0.9550586770981507,44992
2013725,9.5,7.453902916073969,2.718508198869304,0.9454347439544808,44992
2013725,9.75,7.107552453769559,2.6065289802346228,0.9337437766714083,44992
2013725,10.0,6.771492709815078,2.496512276986753,0.9187633357041252,44992
2013725,10.25,6.466794096728307,2.387000304029097,0.9048052987197724,44992
2013725,10.5,6.173764224751067,2.2724631183342003,0.8890024893314367,44992
2013725,10.75,5.892825391180654,2.1614771280906258,0.8698435277382646,44992
2013725,11.0,5.627400426742532,2.0466527678240345,0.848528627311522,44992
2013725,11.25,5.382267958748222,1.9348963095447635,0.8265913940256046,44992
2013725,11.5,5.147581792318634,1.8266793656282891,0.8042096372688478,44992
2013725,11.75,4.924519914651493,1.729782253155623,0.7768492176386913,44992
2013725,12.0,4.709615042674253,1.6364543132911507,0.7453547297297297,44992
2013725,12.25,4.523648648648648,1.5552820963087173,0.7120154694167852,44992
2013725,12.5,4.341527382645804,1.4698263974966839,0.6758757112375533,44992
2013725,12.75,4.172830725462305,1.3910626136204112,0.6370910384068279,44992
2013725,13.0,4.015224928876244,1.3154986021604158,0.5961948790896159,44992
2013725,13.25,3.874399893314367,1.2550467904436897,0.557121266002845,44992
2013725,13.5,3.742109708392603,1.194966763429666,0.5166696301564723,44992
2013725,13.75,3.6181543385490755,1.1357180815709151,0.4787073257467994,44992
2013725,14.0,3.4989775960170695,1.0730881358929918,0.4405672119487909,44992
2013725,14.25,3.388180120910384,1.0208581744026317,0.4005823257467994,44992
2013725,14.5,3.286539829302987,0.9734755308470586,0.359397226173542,44992
2013725,14.75,3.196012624466572,0.9322396723552935,0.3214349217638691,44992
2013725,15.0,3.1136868776671407,0.8946097170106514,0.2866954125177809,44992
2013725,15.25,3.0341394025604553,0.8598735865867639,0.25277827169274536,44992
2013725,15.5,2.961459815078236,0.8271145075236314,0.22130600995732574,44992
2013725,15.75,2.894803520625889,0.792671432774084,0.1930343172119488,44992
2013725,16.0,2.8265024893314368,0.7595154918435005,0.16527382645803698,44992
2013725,16.25,2.765825035561878,0.733387472082464,0.14095839260312945,44992
2013725,16.5,2.709837304409673,0.7122966346423968,0.12039918207681366,44992
2013725,16.75,2.660450746799431,0.6921145900998278,0.10346283783783784,44992
2013725,17.0,2.6095972617354195,0.668657025891735,0.08774893314366998,44992
2013725,17.25,2.5635224039829305,0.647872254478542,0.07247955192034139,44992
2013725,17.5,2.5213593527738265,0.6289856784951136,0.06098862019914651,44992
2013725,17.75,2.4834415007112374,0.6110650906033653,0.05094238975817923,44992
2013725,18.0,2.4457681365576103,0.5917361577656085,0.04171852773826458,44992
2013725,18.25,2.4114731507823612,0.5735340352425552,0.03516180654338549,44992
2013725,18.5,2.380023115220484,0.5569192282788433,0.029938655761024183,44992
2013725,18.75,2.3463504623044096,0.5368305014681831,0.02380423186344239,44992
2013725,19.0,2.317900960170697,0.5168379642920663,0.01835881934566145,44992
2013725,19.25,2.2906294452347082,0.49879785635787516,0.014135846372688478,44992
2013725,19.5,2.264513691322902,0.4816894061927017,0.010846372688477952,44992
2013725,19.75,2.242732041251778,0.4675251768766268,0.008601529160739687,44992
2013725,20.0,2.2206836770981506,0.45528250837753653,0.00700124466571835,44992
2013725,20.25,2.2004356330014225,0.44467843842028226,0.005978840682788051,44992
2013725,20.5,2.1818767780938835,0.43447033411317876,0.005400960170697013,44992
2013725,20.75,2.161739864864865,0.4218377920871659,0.004311877667140825,44992
2013725,21.0,2.1426698079658606,0.41022262373486795,0.0031338904694167852,44992
2013725,21.25,2.127422652916074,0.4025459068284728,0.0023559743954480795,44992
2013725,21.5,2.1126422475106685,0.3947581987308495,0.001466927453769559,44992
2013725,21.75,2.0973061877667143,0.39013853330533904,0.0007112375533428165,44992
2013725,22.0,2.0814366998577527,0.3846772881625858,0.00011113086770981508,44992
2013725,22.25,2.066278449502134,0.3818571576325412,0.0,44992
2013725,22.5,2.0489420341394027,0.379225056181511,0.0,44992
2013725,22.75,2.031716749644381,0.37973786297212503,0.0,44992
2013725,23.0,2.0141580725462305,0.383414610764952,0.0,44992
2013725,23.25,1.9949102062588904,0.38595264741927826,0.0,44992
2013725,23.5,1.9766402916073968,0.3896384452153127,0.0,44992
2013725,23.75,1.9594816856330015,0.3941385323166596,0.0,44992
2013725,24.0,1.9406338904694167,0.40071819682784654,0.0,44992
2013725,24.25,1.922497332859175,0.4083094863624303,0.0,44992
2013725,24.5,1.9041385135135136,0.41636281269291314,0.0,44992
2013725,24.75,1.8855129800853485,0.4254385016711311,0.0,44992
2013725,25.0,1.8647092816500712,0.43607330772019254,0.0,44992
2013725,25.25,1.8434166073968705,0.44630987570066116,0.0,44992
2013725,25.5,1.8199013157894737,0.4540072310959887,0.0,44992
2013725,25.75,1.7988975817923187,0.4610215272798353,0.0,44992
2013725,26.0,1.7792496443812233,0.4677481887442091,0.0,44992
2013725,26.25,1.7582903627311521,0.47512429677992435,0.0,44992
2013725,26.5,1.7389980440967283,0.48143627846129683,0.0,44992
2013725,26.75,1.7199057610241821,0.48667543547447606,0.0,44992
2013725,27.0,1.69701280227596,0.49071027183424737,0.0,44992
2013725,27.25,1.678476173541963,0.49421170752274685,0.0,44992
2013725,27.5,1.6542718705547652,0.49847400987694607,0.0,44992
2013725,27.75,1.6329347439544808,0.5010472750317767,0.0,44992
2013725,28.0,1.6112419985775248,0.5017635498266512,0.0,44992
2013725,28.25,1.5900382290184922,0.5034886436228815,0.0,44992
2013725,28.5,1.5669674608819346,0.5047005612631796,0.0,44992
2013725,28.75,1.5448079658605975,0.5056561926951275,0.0,44992
2013725,29.0,1.5213371266002844,0.5057407838920417,0.0,44992
2013725,29.25,1.4968661095305833,0.5043774532581287,0.0,44992
2013725,29.5,1.470505867709815,0.5021538213335176,0.0,44992
2013725,29.75,1.4445234708392602,0.4990161818254062,0.0,44992
2013725,30.0,1.4197857396870555,0.49510297194076497,0.0,44992
2013725,30.25,1.3957814722617354,0.490022231230815,0.0,44992
2013725,30.5,1.3739553698435278,0.48385737026009,0.0,44992
2013725,30.75,1.353351706970128,0.4780160633470215,0.0,44992
2013725,31.0,1.334770625889047,0.4719154625493689,0.0,44992
2013725,31.25,1.3156116642958748,0.4647641795979815,0.0,44992
2013725,31.5,1.2963860241820768,0.45666835234210257,0.0,44992
2013725,31.75,1.2792051920341394,0.44861355963060984,0.0,44992
2013725,32.0,1.2639802631578947,0.44079360515362354,0.0,44992
2013725,32.25,1.247577347083926,0.43160971344580934,0.0,44992
2013725,32.5,1.2340416073968705,0.4234030206466539,0.0,44992
2013725,32.75,1.2221283783783783,0.4156816117951587,0.0,44992
2013725,33.0,1.2103929587482218,0.40759226455358677,0.0,44992
2013725,33.25,1.1999022048364154,0.39993107943788914,0.0,44992
2013725,33.5,1.190478307254623,0.3926827587129561,0.0,44992
2013725,33.75,1.1826102418207682,0.3863509531999203,0.0,44992
2013725,34.0,1.1752756045519204,0.3802068909897218,0.0,44992
2013725,34.25,1.1680076458036985,0.37387723068237394,0.0,44992
2013725,34.5,1.16111753200569,0.3676434101313049,0.0,44992
2013725,34.75,1.1540273826458036,0.36097900803425476,0.0,44992
2013725,35.0,1.146603840682788,0.35371448285853957,0.0,44992
2013725,35.25,1.1392692034139402,0.34623107425273897,0.0,44992
2013725,35.5,1.1328902916073968,0.3394598992415292,0.0,44992
2013725,35.75,1.126889224751067,0.33285253769342227,0.0,44992
2013725,36.0,1.120777027027027,0.3258715959054458,0.0,44992
2013725,36.25,1.1139535917496444,0.3177584221747129,0.0,44992
2013725,36.5,1.1091971906116642,0.31188992646840386,0.0,44992
2013725,36.75,1.1058854907539117,0.30769442289999765,0.0,44992
2013725,37.0,1.1025737908961593,0.30340476979709413,0.0,44992
2013725,37.25,1.0989064722617354,0.29853971751777564,0.0,44992
2013725,37.5,1.094416785206259,0.2924109373942615,0.0,44992
2013725,37.75,1.0901271337126601,0.28636699558824175,0.0,44992
2013725,38.0,1.087104374110953,0.28199108057544786,0.0,44992
2013725,38.25,1.084081614509246,0.27751325793300113,0.0,44992
2013725,38.5,1.0801031294452348,0.2714558083855979,0.0,44992
2013725,38.75,1.0767914295874823,0.26626318122866294,0.0,44992
2013725,39.0,1.0742798719772404,0.26222871878320503,0.0,44992
2013725,39.25,1.0718572190611664,0.25825421876510396,0.0,44992
2013725,39.5,1.0687677809388336,0.25306164587330443,0.0,44992
2013725,39.75,1.0656116642958748,0.24760479892255824,0.0,44992
2013725,40.0,1.0628778449502134,0.2427458161404929,0.0,44992
2015213,0.25,21.98026451320506,0.14129554184272491,1.0,48542
2015213,0.5,21.9192245890157,0.2952093969888297,1.0,48542
2015213,0.75,21.80740389765564,0.48733827022821247,1.0,48542
2015213,1.0,21.65219809649376,0.6888449268494373,1.0,48542
2015213,1.25,21.452185736063615,0.894447034592148,1.0,48542
2015213,1.5,21.202896460796836,1.1042996956795366,1.0,48542
2015213,1.75,20.915495859255902,1.3242501464120364,1.0,48542
2015213,2.0,20.60974001895266,1.5376510115970077,1.0,48542
2015213,2.25,20.282580033785177,1.7362909082455786,1.0,48542
2015213,2.5,19.933068270775824,1.9293229678382497,1.0,48542
2015213,2.75,19.562131762185324,2.1124917769543288,1.0,48542
2015213,3.0,19.17722796753327,2.265136682266989,1.0,48542
2015213,3.25,18.78426929257138,2.406449397511481,1.0,48542
2015213,3.5,18.365806930081167,2.523131552999069,1.0,48542
2015213,3.75,17.943100819908533,2.643195499220228,1.0,48542
2015213,4.0,17.513596473157264,2.7583372435327576,0.9999381978492852,48542
2015213,4.25,17.069671624572536,2.8703266123876348,0.9998145935478555,48542
2015213,4.5,16.627745045527583,2.9602175824151797,0.9997115899633308,48542
2015213,4.75,16.17677475176136,3.032670950428546,0.999587985661901,48542
2015213,5.0,15.719129825717935,3.1009621434373207,0.9995467842280912,48542
2015213,5.25,15.262556136953567,3.1580491752541984,0.9995261835111862,48542
2015213,5.5,14.796650323431255,3.2152404047851584,0.9994849820773762,48542
2015213,5.75,14.33838737588068,3.248945482996595,0.9992377734745169,48542
2015213,6.0,13.885357010423963,3.2799607990693302,0.9990935684561822,48542
2015213,6.25,13.422891516624778,3.3149220448050967,0.9990111655885625,48542
2015213,6.5,12.966214824275886,3.3330185779462322,0.9987639569857031,48542
2015213,6.75,12.51174240863582,3.3373924666241135,0.9983107412137943,48542
2015213,7.0,12.05623995715051,3.3339946276362804,0.9974661118206913,48542
2015213,7.25,11.610625849779572,3.325329434844582,0.9961270652218697,48542
2015213,7.5,11.170862346009642,3.3022134985915583,0.9944996085863788,48542
2015213,7.75,10.723950393473693,3.2568912958987553,0.9928721519508878,48542
2015213,8.0,10.288204029500227,3.19893173500489,0.9897408429813358,48542
2015213,8.25,9.854970952989165,3.1332420877898395,0.9854764945820115,48542
2015213,8.5,9.429524947468172,3.0457408721012738,0.9825305920646038,48542
2015213,8.75,9.018087429442545,2.953099251351805,0.9796258909810062,48542
2015213,9.0,8.608400972353838,2.8534705222252326,0.9751967368464423,48542
2015213,9.25,8.214082650076223,2.750666424605605,0.9700671583371101,48542
2015213,9.5,7.838572782332825,2.6439911959830424,0.9627951052696634,48542
2015213,9.75,7.4878249763091755,2.5424611669764587,0.9532363726257673,48542
2015213,10.0,7.1486753739030116,2.4372557704057263,0.9433892299452021,48542
2015213,10.25,6.820959169379094,2.340932396832226,0.9322236413827201,48542
2015213,10.5,6.505356186395287,2.2379609651340795,0.917926743850686,48542
2015213,10.75,6.21290840921264,2.14924202749198,0.9007045445181492,48542
2015213,11.0,5.917844340983066,2.0495417529294953,0.878888385315809,48542
2015213,11.25,5.643669399695109,1.9476976365030207,0.856206996003461,48542
2015213,11.5,5.3796094104074825,1.8432414204281602,0.8321247579415764,48542
2015213,11.75,5.13351324626097,1.7573356313665074,0.801594495488443,48542
2015213,12.0,4.897738041283836,1.663339932450944,0.7684891434221911,48542
2015213,12.25,4.677330971117795,1.5779991354608447,0.730274813563512,48542
2015213,12.5,4.473033661571423,1.4963075148384615,0.6889085740183758,48542
2015213,12.75,4.2838984796670925,1.424479649748314,0.6457706728194141,48542
2015213,13.0,4.114931399612707,1.358183797358424,0.604775246178567,48542
2015213,13.25,3.961373655803222,1.2973372346092116,0.564521445346298,48542
2015213,13.5,3.8201763421367065,1.2362452205484655,0.5235466194223559,48542
2015213,13.75,3.686910304478596,1.1773010831262103,0.48061472539244365,48542
2015213,14.0,3.5598244818919698,1.1198522810372546,0.43821845000206006,48542
2015213,14.25,3.445325697334267,1.0691698900261806,0.3960693832145359,48542
2015213,14.5,3.3365539120761403,1.0194814297374182,0.3547031436693997,48542
2015213,14.75,3.2310576408059,0.9716364167726195,0.31288368835235464,48542
2015213,15.0,3.140167277821268,0.9269290250477824,0.275307980717729,48542
2015213,15.25,3.057352395863376,0.8868812730524989,0.24078117918503564,48542
2015213,15.5,2.9799761031683905,0.8449396480481025,0.21074533393762102,48542
2015213,15.75,2.907688187548927,0.8086458138983211,0.1822751431749825,48542
2015213,16.0,2.843022537184294,0.7737082767452179,0.15755428288904455,48542
2015213,16.25,2.7831156524247045,0.7420238001102838,0.13507890074574594,48542
2015213,16.5,2.7313460508425695,0.7141078479622022,0.11639405051295786,48542
2015213,16.75,2.6833463804540396,0.6893031969332994,0.10110831856948622,48542
2015213,17.0,2.6381690082814884,0.6685031395357768,0.08642000741625809,48542
2015213,17.25,2.598121214618269,0.6481841853948797,0.07379176795352478,48542
2015213,17.5,2.5626467801079476,0.6329861094172801,0.06466565036463269,48542
2015213,17.75,2.522681389312348,0.6137443610104744,0.054694903382637716,48542
2015213,18.0,2.487186354085122,0.5941823586327482,0.04499196572040707,48542
2015213,18.25,2.454987433562688,0.5782561405062445,0.038399736310823614,48542
2015213,18.5,2.426311235631,0.5651533859400676,0.03269333772815294,48542
2015213,18.75,2.39845906637551,0.5527527695812856,0.02801697499072968,48542
2015213,19.0,2.371039512175024,0.5398407324796392,0.023340612253306414,48542
2015213,19.25,2.343578756540728,0.5253663835955757,0.01893205883564748,48542
2015213,19.5,2.317086234600964,0.5118123981339484,0.015574141980140909,48542
2015213,19.75,2.292859791520745,0.49920530166031496,0.012772444481067942,48542
2015213,20.0,2.267829920481233,0.48582518033241934,0.010156153434139508,48542
2015213,20.25,2.245787153392938,0.4751398578607159,0.008302088912694162,48542
2015213,20.5,2.2232087676651147,0.4613696700062216,0.006077211486959746,48542
2015213,20.75,2.2020930328375425,0.44825501562142345,0.004449754851468831,48542
2015213,21.0,2.177701784022084,0.43210082002132244,0.0025338881793086398,48542
2015213,21.25,2.1542581681842528,0.41868049499192056,0.0014832516171562771,48542
2015213,21.5,2.1319887932100037,0.4094369938104366,0.0010300358452474147,48542
2015213,21.75,2.1108524576655268,0.4026677822866057,0.0008652301100078283,48542
2015213,22.0,2.0889126941617566,0.39423371013555464,0.0007004243747682419,48542
2015213,22.25,2.0663549091508386,0.38751425589701377,0.0005356186395286556,48542
2015213,22.5,2.0444563470808785,0.3839571189857323,0.0003708129042890693,48542
2015213,22.75,2.0212187384120965,0.38099688003455345,0.00020600716904948293,48542
2015213,23.0,1.9995467842280912,0.3812629638803259,8.240286761979316e-05,48542
2015213,23.25,1.9790078694738578,0.3834079937675819,0.0,48542
2015213,23.5,1.9592311812451073,0.38802023435099015,0.0,48542
2015213,23.75,1.938630464340159,0.39522343645592933,0.0,48542
2015213,24.0,1.9178649416999711,0.40182335915194495,0.0,48542
2015213,24.25,1.8965431997033497,0.4106701914649902,0.0,48542
2015213,24.5,1.8774669358493676,0.42079731509168816,0.0,48542
2015213,24.75,1.8588850892011042,0.4297156092721518,0.0,48542
2015213,25.0,1.8396852210456924,0.43687279563045567,0.0,48542
2015213,25.25,1.821948003790532,0.44429959033412025,0.0,48542
2015213,25.5,1.8033455564253635,0.45112442881734705,0.0,48542
2015213,25.75,1.7859173499237773,0.45694395856109615,0.0,48542
2015213,26.0,1.7632565613283342,0.46379263840368257,0.0,48542
2015213,26.25,1.7385975031931111,0.4693279402272953,0.0,48542
2015213,26.5,1.713938445057888,0.4768545186208996,0.0,48542
2015213,26.75,1.6914424621976845,0.48343366300281365,0.0,48542
2015213,27.0,1.6672160191174652,0.4876718686181669,0.0,48542
2015213,27.25,1.640620493593177,0.49278648335258357,0.0,48542
2015213,27.5,1.613509950146265,0.4971242608653304,0.0,48542
2015213,27.75,1.5909315644184419,0.4992759239670659,0.0,48542
2015213,28.0,1.570145441061349,0.5013456023286855,0.0,48542
2015213,28.25,1.546598821638993,0.5031388971537224,0.0,48542
2015213,28.5,1.5214453462980513,0.504224452154092,0.0,48542
2015213,28.75,1.4989081620040376,0.5039029420415908,0.0,48542
2015213,29.0,1.4741873017180998,0.5017255958763339,0.0,48542
2015213,29.25,1.450990894483128,0.4991682032332208,0.0,48542
2015213,29.5,1.4228503151909686,0.4952250195570347,0.0,48542
2015213,29.75,1.394771538049524,0.48973293046431526,0.0,48542
2015213,30.0,1.3648798978204442,0.48191468076771327,0.0,48542
2015213,30.25,1.337810555807342,0.47305559622673027,0.0,48542
2015213,30.5,1.3153969758147583,0.46467856814748687,0.0,48542
2015213,30.75,1.29479625890981,0.4559558174244574,0.0,48542
2015213,31.0,1.2751225742655845,0.44658062193026987,0.0,48542
2015213,31.25,1.257838572782333,0.43744918031454705,0.0,48542
2015213,31.5,1.2423880351036216,0.42853221425578697,0.0,48542
2015213,31.75,1.2245066128301265,0.4172612854726444,0.0,48542
2015213,32.0,1.2080672407399777,0.405929376405956,0.0,48542
2015213,32.25,1.1939351489431833,0.39538276063417976,0.0,48542
2015213,32.5,1.1810391001606857,0.3850545400072086,0.0,48542
2015213,32.75,1.169729306579869,0.3753986843434091,0.0,48542
2015213,33.0,1.1594495488442997,0.3660985540720574,0.0,48542
2015213,33.25,1.150199826953978,0.357270861480937,0.0,48542
2015213,33.5,1.1401466771043631,0.34714272072675467,0.0,48542
2015213,33.75,1.1288986856742615,0.3350912229236065,0.0,48542
2015213,34.0,1.1210086110996662,0.3261406420405933,0.0,48542
2015213,34.25,1.113880763050554,0.31766966137578656,0.0,48542
2015213,34.5,1.1080713608833588,0.3104737148684119,0.0,48542
2015213,34.75,1.1011495200032961,0.30152971267693196,0.0,48542
2015213,35.0,1.0945160891599028,0.29254839113065695,0.0,48542
2015213,35.25,1.0890981006139013,0.28488822555852195,0.0,48542
2015213,35.5,1.0848131514976722,0.27860631702967176,0.0,48542
2015213,35.75,1.0808990152857318,0.2726827761269544,0.0,48542
2015213,36.0,1.0766964690371226,0.2661119680248644,0.0,48542
2015213,36.25,1.0724321206377982,0.25920473112963194,0.0,48542
2015213,36.5,1.066993531374892,0.25001337126512313,0.0,48542
2015213,36.75,1.0632236001812863,0.24336720545783402,0.0,48542
2015213,37.0,1.059803881175065,0.2371255686753365,0.0,48542
2015213,37.25,1.0570639858267068,0.23196723011676978,0.0,48542
2015213,37.5,1.0549215112685921,0.22782934001937996,0.0,48542
2015213,37.75,1.0530880474640518,0.22421137860027743,0.0,48542
2015213,38.0,1.0511309793580816,0.22026711467067617,0.0,48542
2015213,38.25,1.0491739112521117,0.21623320958608627,0.0,48542
2015213,38.5,1.0477730625025752,0.21328791377862266,0.0,48542
2015213,38.75,1.0464134151868485,0.21038089710756175,0.0,48542
2015213,39.0,1.0445387499484982,0.20629087809235636,0.0,48542
2015213,39.25,1.0433439083680112,0.2036321885315014,0.0,48542
2015213,39.5,1.041448642412756,0.19932754689626006,0.0,48542
2015213,39.75,1.0386881463474928,0.19285263769114566,0.0,48542
2015213,40.0,1.0365250710724734,0.18759455010790416,0.0,48542
2017461,0.25,21.975695475695474,0.15717641944016766,1.0,40404
2017461,0.5,21.896965646965647,0.3400539080129419,1.0,40404
2017461,0.75,21.756756756756758,0.5525478671520507,1.0,40404
2017461,1.0,21.54130779130779,0.7922922958453961,1.0,40404
2017461,1.25,21.264825264825266,1.0453940836349678,1.0,40404
2017461,1.5,20.953915453915453,1.2859217693164637,1.0,40404
2017461,1.75,20.60090585090585,1.5315216836762864,1.0,40404
2017461,2.0,20.210845460845462,1.7706448591020485,1.0,40404
2017461,2.25,19.792718542718543,1.9984587891045742,1.0,40404
2017461,2.5,19.35313335313335,2.1974163913689604,1.0,40404
2017461,2.75,18.90812790812791,2.380063527148415,1.0,40404
2017461,3.0,18.45980595980596,2.5402617687341147,1.0,40404
2017461,3.25,18.00076725076725,2.681156330346665,1.0,40404
2017461,3.5,17.52878427878428,2.790188646633953,1.0,40404
2017461,3.75,17.046282546282548,2.889886758641717,1.0,40404
2017461,4.0,16.564201564201564,2.986602517575249,1.0,40404
2017461,4.25,16.076527076527075,3.052694887353803,1.0,40404
2017461,4.5,15.587738837738838,3.1183693740334593,1.0,40404
2017461,4.75,15.103133353133353,3.1670142159561494,1.0,40404
2017461,5.0,14.612736362736364,3.202160178901753,1.0,40404
2017461,5.25,14.124938124938124,3.2256555776360485,1.0,40404
2017461,5.5,13.637931887931888,3.238990615626589,1.0,40404
2017461,5.75,13.141421641421642,3.2591913052600594,0.99997524997525,40404
2017461,6.0,12.656568656568657,3.2669607987991225,0.9998514998514999,40404
2017461,6.25,12.19010494010494,3.266673871112745,0.9996534996534997,40404
2017461,6.5,11.722156222156222,3.2670228424891192,0.9983169983169983,40404
2017461,6.75,11.257697257697258,3.244138975761336,0.9973269973269974,40404
2017461,7.0,10.804326304326304,3.2026993252795406,0.9966339966339967,40404
2017461,7.25,10.368008118008119,3.148335059179924,0.9955449955449955,40404
2017461,7.5,9.932828432828433,3.0966882978667547,0.9938619938619938,40404
2017461,7.75,9.51942876942877,3.025315182091562,0.9911147411147411,40404
2017461,8.0,9.104964854964855,2.9453597446149895,0.9870804870804871,40404
2017461,8.25,8.701984951984953,2.8635123558878046,0.9826997326997327,40404
2017461,8.5,8.31009306009306,2.7750958442964024,0.9758934758934759,40404
2017461,8.75,7.929388179388179,2.676104657021358,0.9662904662904663,40404
2017461,9.0,7.568582318582319,2.5697071346160087,0.9566379566379566,40404
2017461,9.25,7.228640728640729,2.4658839276230116,0.9467131967131968,40404
2017461,9.5,6.8944658944658945,2.368779865246315,0.9342391842391843,40404
2017461,9.75,6.585684585684586,2.2645512712397915,0.9237204237204237,40404
2017461,10.0,6.285640035640036,2.1587861417560887,0.9126819126819127,40404
2017461,10.25,6.004702504702505,2.0592485472775155,0.8983021483021483,40404
2017461,10.5,5.734852984852985,1.9511678329532063,0.88006138006138,40404
2017461,10.75,5.480917730917731,1.8442852824650082,0.8599148599148599,40404
2017461,11.0,5.2464607464607464,1.749204661813004,0.8344718344718345,40404
2017461,11.25,5.027423027423027,1.6592029311973644,0.8072468072468072,40404
2017461,11.5,4.822987822987823,1.579890025879788,0.7774230274230274,40404
2017461,11.75,4.6364716364716365,1.5034096122664522,0.7453717453717453,40404
2017461,12.0,4.454360954360954,1.4290195637539762,0.7091377091377091,40404
2017461,12.25,4.281506781506781,1.360352587791199,0.6705276705276705,40404
2017461,12.5,4.125903375903376,1.2966205679877594,0.6324868824868825,40404
2017461,12.75,3.9771309771309773,1.2316205049484663,0.5935303435303435,40404
2017461,13.0,3.8405355905355907,1.1804030059000679,0.5516533016533016,40404
2017461,13.25,3.7127759627759627,1.1287417738046488,0.5108157608157609,40404
2017461,13.5,3.596822096822097,1.0769726587043709,0.4693347193347193,40404
2017461,13.75,3.4845064845064844,1.0298288742874186,0.4244134244134244,40404
2017461,14.0,3.382932382932383,0.9846892424878123,0.3836253836253836,40404
2017461,14.25,3.2905652905652905,0.9424281228529525,0.34523809523809523,40404
2017461,14.5,3.207875457875458,0.9028640970198119,0.3090535590535591,40404
2017461,14.75,3.128898128898129,0.8676307815816572,0.27403227403227404,40404
2017461,15.0,3.0571478071478073,0.8367923351139341,0.24054549054549054,40404
2017461,15.25,2.998366498366498,0.8114880087711601,0.21502821502821504,40404
2017461,15.5,2.9435204435204434,0.7871061020867666,0.19146619146619145,40404
2017461,15.75,2.890901890901891,0.7562835728668917,0.1698099198099198,40404
2017461,16.0,2.841129591129591,0.7276984981512531,0.14793089793089792,40404
2017461,16.25,2.788931788931789,0.7021278011516638,0.12726462726462726,40404
2017461,16.5,2.7404464904464905,0.6775700073794511,0.10813285813285814,40404
2017461,16.75,2.6942629442629444,0.6548173313658727,0.09100584100584101,40404
2017461,17.0,2.651346401346401,0.6312082058386554,0.07444807444807444,40404
2017461,17.25,2.6144193644193643,0.6100016834120575,0.05996930996930997,40404
2017461,17.5,2.5825908325908324,0.5922841752969724,0.04873279873279873,40404
2017461,17.75,2.5496732996733,0.5751520093529406,0.038684288684288685,40404
2017461,18.0,2.5191812691812694,0.5596850859197057,0.03054153054153054,40404
2017461,18.25,2.490842490842491,0.5497232682436091,0.025443025443025444,40404
2017461,18.5,2.460870210870211,0.5387063986085873,0.02036927036927037,40404
2017461,18.75,2.433001683001683,0.530150183705535,0.01697851697851698,40404
2017461,19.0,2.407830907830908,0.520304322388355,0.013538263538263538,40404
2017461,19.25,2.3853083853083854,0.5116642825450112,0.011236511236511237,40404
2017461,19.5,2.362043362043362,0.50264822783751,0.009281259281259282,40404
2017461,19.75,2.33996633996634,0.4945617266762731,0.007895257895257895,40404
2017461,20.0,2.3174190674190673,0.4847525526063615,0.006237006237006237,40404
2017461,20.25,2.293213543213543,0.47409697512728716,0.005172755172755172,40404
2017461,20.5,2.267721017721018,0.46182006262997033,0.004281754281754282,40404
2017461,20.75,2.2439114939114937,0.45163729365386707,0.0035392535392535394,40404
2017461,21.0,2.2207702207702207,0.439738601488461,0.0030195030195030196,40404
2017461,21.25,2.1976289476289477,0.42793492924753773,0.002079002079002079,40404
2017461,21.5,2.1747846747846746,0.4165258881220308,0.0015097515097515098,40404
2017461,21.75,2.151965151965152,0.40548347613125757,0.0009405009405009405,40404
2017461,22.0,2.12981387981388,0.39812837752927077,0.0008167508167508167,40404
2017461,22.25,2.108058608058608,0.3881845296985032,0.000594000594000594,40404
2017461,22.5,2.0870210870210872,0.38181421120121206,0.00047025047025047026,40404
2017461,22.75,2.0676170676170678,0.3769616635898191,0.000396000396000396,40404
2017461,23.0,2.0464805464805464,0.3746380587533038,0.00032175032175032174,40404
2017461,23.25,2.0275467775467777,0.37469192805846224,0.00027225027225027227,40404
2017461,23.5,2.00987525987526,0.3752437276520245,0.000198000198000198,40404
2017461,23.75,1.991139491139491,0.37806173031139184,0.0001485001485001485,40404
2017461,24.0,1.9725274725274726,0.37854187457696714,7.425007425007424e-05,40404
2017461,24.25,1.9555984555984556,0.3826013254138578,2.475002475002475e-05,40404
2017461,24.5,1.9364171864171864,0.38893106715017445,0.0,40404
2017461,24.75,1.9176071676071675,0.3973376942826849,0.0,40404
2017461,25.0,1.8996633996633996,0.4056147349094224,0.0,40404
2017461,25.25,1.8832046332046333,0.41366896466632697,0.0,40404
2017461,25.5,1.8647658647658647,0.4225261460082755,0.0,40404
2017461,25.75,1.8446440946440947,0.4304980708640534,0.0,40404
2017461,26.0,1.8242253242253241,0.4384116142681327,0.0,40404
2017461,26.25,1.8056133056133057,0.4469004292025647,0.0,40404
2017461,26.5,1.7872487872487872,0.4561615118371808,0.0,40404
2017461,26.75,1.7667557667557667,0.46642875567724507,0.0,40404
2017461,27.0,1.7440599940599941,0.4759473310206292,0.0,40404
2017461,27.25,1.7207949707949708,0.4834536152544195,0.0,40404
2017461,27.5,1.6992871992871992,0.49069603836555997,0.0,40404
2017461,27.75,1.678150678150678,0.4966205476873702,0.0,40404
2017461,28.0,1.6544401544401544,0.5012000408882644,0.0,40404
2017461,28.25,1.6302841302841302,0.5049855234433149,0.0,40404
2017461,28.5,1.608850608850609,0.5060404141780595,0.0,40404
2017461,28.75,1.5902633402633402,0.5072015495119564,0.0,40404
2017461,29.0,1.5722205722205722,0.5080901412844278,0.0,40404
2017461,29.25,1.5516285516285517,0.5077744426125866,0.0,40404
2017461,29.5,1.5333630333630333,0.5068651444013292,0.0,40404
2017461,29.75,1.5164092664092663,0.5057430894031476,0.0,40404
2017461,30.0,1.4997029997029998,0.5051769326553261,0.0,40404
2017461,30.25,1.4778487278487278,0.5036602066155863,0.0,40404
2017461,30.5,1.4542124542124542,0.5018169358624303,0.0,40404
2017461,30.75,1.433026433026433,0.49923262470269825,0.0,40404
2017461,31.0,1.413152163152163,0.4959617371451649,0.0,40404
2017461,31.25,1.39003564003564,0.4911016310660137,0.0,40404
2017461,31.5,1.3682308682308681,0.4855015271376953,0.0,40404
2017461,31.75,1.3496930996930996,0.479828132631357,0.0,40404
2017461,32.0,1.3304623304623304,0.47311364505917264,0.0,40404
2017461,32.25,1.31009306009306,0.46499215890787315,0.0,40404
2017461,32.5,1.292000792000792,0.45680630034979897,0.0,40404
2017461,32.75,1.2753440253440254,0.4484625651350327,0.0,40404
2017461,33.0,1.257994257994258,0.438778972801733,0.0,40404
2017461,33.25,1.2425502425502426,0.4290922741836161,0.0,40404
2017461,33.5,1.2272299772299773,0.41904756389184783,0.0,40404
2017461,33.75,1.2131472131472132,0.4095358711270317,0.0,40404
2017461,34.0,1.2013909513909513,0.40104440751498494,0.0,40404
2017461,34.25,1.1877041877041876,0.39048060052322997,0.0,40404
2017461,34.5,1.1765171765171765,0.3812642923695831,0.0,40404
2017461,34.75,1.1638204138204138,0.37011711154680493,0.0,40404
2017461,35.0,1.1543659043659045,0.36130361582874626,0.0,40404
2017461,35.25,1.144985644985645,0.35209072118097534,0.0,40404
2017461,35.5,1.135036135036135,0.34176639416298094,0.0,40404
2017461,35.75,1.1261756261756262,0.3320513008929309,0.0,40404
2017461,36.0,1.1164983664983665,0.3208255672448505,0.0,40404
2017461,36.25,1.1085536085536085,0.3110821719994696,0.0,40404
2017461,36.5,1.1015988515988515,0.3021237893725217,0.0,40404
2017461,36.75,1.093975843975844,0.29179871847329747,0.0,40404
2017461,37.0,1.086204336204336,0.28066901914806847,0.0,40404
2017461,37.25,1.07999207999208,0.2712842948142507,0.0,40404
2017461,37.5,1.0738540738540738,0.2615365033110144,0.0,40404
2017461,37.75,1.0679388179388178,0.25164399902211443,0.0,40404
2017461,38.0,1.0636818136818136,0.24418827998167159,0.0,40404
2017461,38.25,1.0591525591525592,0.23591293173265368,0.0,40404
2017461,38.5,1.0542520542520541,0.22651719313600965,0.0,40404
2017461,38.75,1.04984654984655,0.2176305207259437,0.0,40404
2017461,39.0,1.0463072963072964,0.21015238203904238,0.0,40404
2017461,39.25,1.0435352935352935,0.20406127111220443,0.0,40404
2017461,39.5,1.0409117909117909,0.1980883324229147,0.0,40404
2017461,39.75,1.0388822888822888,0.19331679036280994,0.0,40404
2017461,40.0,1.0370755370755371,0.18894926633135162,0.0,40404
