cutoff,epoch,win_idx,n_clusters,ch_score,sil_score,info_content,h0_in_individual,h0_in_tactical,h0_in_team
0.5,1min,0,22,0.0,0.0,4.459431618605558,True,False,False
0.798,1min,0,22,0.0,0.0,4.459431618605558,True,False,False
1.096,1min,0,22,0.0,0.0,4.459431618605558,True,False,False
1.3939,1min,0,22,0.0,0.0,4.459431618605558,True,False,False
1.6919,1min,0,22,0.0,0.0,4.459431618605558,True,False,False
1.9899,1min,0,22,0.0,0.0,4.459431618605558,True,False,False
2.2879,1min,0,21,133.56711540273193,0.05352907540225162,4.368522527697911,True,False,False
2.5859,1min,0,21,133.56711540273193,0.05352907540225162,4.368522527697911,True,False,False
2.8838,1min,0,21,133.56711540273193,0.05352907540225162,4.368522527697911,True,False,False
3.1818,1min,0,21,133.56711540273193,0.05352907540225162,4.368522527697911,True,False,False
3.4798,1min,0,21,133.56711540273193,0.05352907540225162,4.368522527697911,True,False,False
3.7778,1min,0,20,73.45544321582133,0.10362574500329225,4.277613436790262,True,False,False
4.0758,1min,0,19,61.4440335491354,0.14067458972336822,4.186704345882614,True,False,False
4.3737,1min,0,19,61.4440335491354,0.14067458972336822,4.186704345882614,True,False,False
4.6717,1min,0,16,34.75622925526841,0.16498938326652962,3.879664004879511,True,False,False
4.9697,1min,0,14,34.86492649184201,0.1697352701047857,3.6635327547840575,False,False,False
5.2677,1min,0,11,20.35303322913992,0.13211062175972033,3.1403611636826154,False,True,False
5.5657,1min,0,9,13.187491669811253,0.07433373768572374,2.6793743705002147,False,True,False
5.8636,1min,0,7,12.47059568392934,0.11548330848831366,1.8547512136814506,False,True,False
6.1616,1min,0,6,10.208469670339602,0.08526862535835289,1.4594316186286413,False,True,False
6.4596,1min,0,5,10.521839255423068,0.21957220189270069,1.2100285140275489,False,True,False
6.7576,1min,0,5,10.521839255423068,0.21957220189270069,1.2100285140275489,False,True,False
7.0556,1min,0,4,14.30415924317895,0.29569034543422085,1.0848063548397429,False,True,False
7.3535,1min,0,4,14.30415924317895,0.29569034543422085,1.0848063548397429,False,True,False
7.6515,1min,0,4,14.30415924317895,0.29569034543422085,1.0848063548397429,False,True,False
7.9495,1min,0,4,14.30415924317895,0.29569034543422085,1.0848063548397429,False,True,False
8.2475,1min,0,4,14.30415924317895,0.29569034543422085,1.0848063548397429,False,True,False
8.5455,1min,0,3,12.273279821394137,0.43154673884787526,0.5304060778262762,False,True,True
8.8434,1min,0,3,12.273279821394137,0.43154673884787526,0.5304060778262762,False,True,True
9.1414,1min,0,3,12.273279821394137,0.43154673884787526,0.5304060778262762,False,True,True
9.4394,1min,0,3,12.273279821394137,0.43154673884787526,0.5304060778262762,False,True,True
9.7374,1min,0,3,12.273279821394137,0.43154673884787526,0.5304060778262762,False,True,True
10.0354,1min,0,3,12.273279821394137,0.43154673884787526,0.5304060778262762,False,True,True
10.3333,1min,0,3,12.273279821394137,0.43154673884787526,0.5304060778262762,False,True,True
10.6313,1min,0,3,12.273279821394137,0.43154673884787526,0.5304060778262762,False,True,True
10.9293,1min,0,3,12.273279821394137,0.43154673884787526,0.5304060778262762,False,True,True
11.2273,1min,0,3,12.273279821394137,0.43154673884787526,0.5304060778262762,False,True,True
11.5253,1min,0,3,12.273279821394137,0.43154673884787526,0.5304060778262762,False,True,True
11.8232,1min,0,3,12.273279821394137,0.43154673884787526,0.5304060778262762,False,True,True
12.1212,1min,0,3,12.273279821394137,0.43154673884787526,0.5304060778262762,False,True,True
12.4192,1min,0,3,12.273279821394137,0.43154673884787526,0.5304060778262762,False,True,True
12.7172,1min,0,3,12.273279821394137,0.43154673884787526,0.5304060778262762,False,True,True
13.0152,1min,0,3,12.273279821394137,0.43154673884787526,0.5304060778262762,False,True,True
13.3131,1min,0,3,12.273279821394137,0.43154673884787526,0.5304060778262762,False,True,True
13.6111,1min,0,3,12.273279821394137,0.43154673884787526,0.5304060778262762,False,True,True
13.9091,1min,0,3,12.273279821394137,0.43154673884787526,0.5304060778262762,False,True,True
14.2071,1min,0,3,12.273279821394137,0.43154673884787526,0.5304060778262762,False,True,True
14.5051,1min,0,3,12.273279821394137,0.43154673884787526,0.5304060778262762,False,True,True
14.803,1min,0,3,12.273279821394137,0.43154673884787526,0.5304060778262762,False,True,True
15.101,1min,0,3,12.273279821394137,0.43154673884787526,0.5304060778262762,False,True,True
15.399,1min,0,3,12.273279821394137,0.43154673884787526,0.5304060778262762,False,True,True
15.697,1min,0,3,12.273279821394137,0.43154673884787526,0.5304060778262762,False,True,True
15.9949,1min,0,3,12.273279821394137,0.43154673884787526,0.5304060778262762,False,True,True
16.2929,1min,0,3,12.273279821394137,0.43154673884787526,0.5304060778262762,False,True,True
16.5909,1min,0,3,12.273279821394137,0.43154673884787526,0.5304060778262762,False,True,True
16.8889,1min,0,3,12.273279821394137,0.43154673884787526,0.5304060778262762,False,True,True
17.1869,1min,0,3,12.273279821394137,0.43154673884787526,0.5304060778262762,False,True,True
17.4848,1min,0,3,12.273279821394137,0.43154673884787526,0.5304060778262762,False,True,True
17.7828,1min,0,2,13.914444437669443,0.6301248741236131,0.2667649878001407,False,True,True
18.0808,1min,0,2,13.914444437669443,0.6301248741236131,0.2667649878001407,False,True,True
18.3788,1min,0,2,13.914444437669443,0.6301248741236131,0.2667649878001407,False,True,True
18.6768,1min,0,2,13.914444437669443,0.6301248741236131,0.2667649878001407,False,True,True
18.9747,1min,0,2,13.914444437669443,0.6301248741236131,0.2667649878001407,False,True,True
19.2727,1min,0,2,13.914444437669443,0.6301248741236131,0.2667649878001407,False,True,True
19.5707,1min,0,2,13.914444437669443,0.6301248741236131,0.2667649878001407,False,True,True
19.8687,1min,0,2,13.914444437669443,0.6301248741236131,0.2667649878001407,False,True,True
20.1667,1min,0,2,13.914444437669443,0.6301248741236131,0.2667649878001407,False,True,True
20.4646,1min,0,2,13.914444437669443,0.6301248741236131,0.2667649878001407,False,True,True
20.7626,1min,0,2,13.914444437669443,0.6301248741236131,0.2667649878001407,False,True,True
21.0606,1min,0,2,13.914444437669443,0.6301248741236131,0.2667649878001407,False,True,True
21.3586,1min,0,2,13.914444437669443,0.6301248741236131,0.2667649878001407,False,True,True
21.6566,1min,0,2,13.914444437669443,0.6301248741236131,0.2667649878001407,False,True,True
21.9545,1min,0,2,13.914444437669443,0.6301248741236131,0.2667649878001407,False,True,True
22.2525,1min,0,2,13.914444437669443,0.6301248741236131,0.2667649878001407,False,True,True
22.5505,1min,0,2,13.914444437669443,0.6301248741236131,0.2667649878001407,False,True,True
22.8485,1min,0,2,13.914444437669443,0.6301248741236131,0.2667649878001407,False,True,True
23.1465,1min,0,2,13.914444437669443,0.6301248741236131,0.2667649878001407,False,True,True
23.4444,1min,0,2,13.914444437669443,0.6301248741236131,0.2667649878001407,False,True,True
23.7424,1min,0,2,13.914444437669443,0.6301248741236131,0.2667649878001407,False,True,True
24.0404,1min,0,2,13.914444437669443,0.6301248741236131,0.2667649878001407,False,True,True
24.3384,1min,0,2,13.914444437669443,0.6301248741236131,0.2667649878001407,False,True,True
24.6364,1min,0,2,13.914444437669443,0.6301248741236131,0.2667649878001407,False,True,True
24.9343,1min,0,2,13.914444437669443,0.6301248741236131,0.2667649878001407,False,True,True
25.2323,1min,0,2,13.914444437669443,0.6301248741236131,0.2667649878001407,False,True,True
25.5303,1min,0,2,13.914444437669443,0.6301248741236131,0.2667649878001407,False,True,True
25.8283,1min,0,2,13.914444437669443,0.6301248741236131,0.2667649878001407,False,True,True
26.1263,1min,0,2,13.914444437669443,0.6301248741236131,0.2667649878001407,False,True,True
26.4242,1min,0,2,13.914444437669443,0.6301248741236131,0.2667649878001407,False,True,True
26.7222,1min,0,2,13.914444437669443,0.6301248741236131,0.2667649878001407,False,True,True
27.0202,1min,0,2,13.914444437669443,0.6301248741236131,0.2667649878001407,False,True,True
27.3182,1min,0,2,13.914444437669443,0.6301248741236131,0.2667649878001407,False,True,True
27.6162,1min,0,2,13.914444437669443,0.6301248741236131,0.2667649878001407,False,True,True
27.9141,1min,0,2,13.914444437669443,0.6301248741236131,0.2667649878001407,False,True,True
28.2121,1min,0,2,13.914444437669443,0.6301248741236131,0.2667649878001407,False,True,True
28.5101,1min,0,2,13.914444437669443,0.6301248741236131,0.2667649878001407,False,True,True
28.8081,1min,0,2,13.914444437669443,0.6301248741236131,0.2667649878001407,False,True,True
29.1061,1min,0,2,13.914444437669443,0.6301248741236131,0.2667649878001407,False,True,True
29.404,1min,0,2,13.914444437669443,0.6301248741236131,0.2667649878001407,False,True,True
29.702,1min,0,2,13.914444437669443,0.6301248741236131,0.2667649878001407,False,True,True
30.0,1min,0,2,13.914444437669443,0.6301248741236131,0.2667649878001407,False,True,True
0.5,1min,1,21,2076.6225548589614,0.07075220670121327,4.368522527697911,True,False,False
0.798,1min,1,21,2076.6225548589614,0.07075220670121327,4.368522527697911,True,False,False
1.096,1min,1,20,1163.472338328069,0.14253661027006903,4.277613436790262,True,False,False
1.3939,1min,1,20,1163.472338328069,0.14253661027006903,4.277613436790262,True,False,False
1.6919,1min,1,19,492.30806779850104,0.198962738703322,4.186704345882614,True,False,False
1.9899,1min,1,18,234.2337811075778,0.2234608161714566,4.061482186694808,True,False,False
2.2879,1min,1,17,202.3637935177055,0.2614925136228768,3.9705730957871594,True,False,False
2.5859,1min,1,17,202.3637935177055,0.2614925136228768,3.9705730957871594,True,False,False
2.8838,1min,1,17,202.3637935177055,0.2614925136228768,3.9705730957871594,True,False,False
3.1818,1min,1,17,202.3637935177055,0.2614925136228768,3.9705730957871594,True,False,False
3.4798,1min,1,15,80.50658808196235,0.2607958145122603,3.720128777411548,True,False,False
3.7778,1min,1,15,80.50658808196235,0.2607958145122603,3.720128777411548,True,False,False
4.0758,1min,1,14,48.46694332895686,0.18347227595733057,3.499458187764202,False,False,False
4.3737,1min,1,13,31.607096347811186,0.14973255113114847,3.3221793454979123,False,False,False
4.6717,1min,1,12,24.74449214396294,0.12275245440141556,3.133919825041341,False,True,False
4.9697,1min,1,10,29.017035274762453,0.18962057562878523,2.838909597968178,False,True,False
5.2677,1min,1,10,29.017035274762453,0.18962057562878523,2.838909597968178,False,True,False
5.5657,1min,1,9,16.76431868204429,0.05431425684042523,2.4752732343332573,False,True,False
5.8636,1min,1,7,8.716018733294812,-0.05816277414858274,1.5503407095362896,False,True,False
6.1616,1min,1,7,8.716018733294812,-0.05816277414858274,1.5503407095362896,False,True,False
6.4596,1min,1,7,8.716018733294812,-0.05816277414858274,1.5503407095362896,False,True,False
6.7576,1min,1,7,8.716018733294812,-0.05816277414858274,1.5503407095362896,False,True,False
7.0556,1min,1,7,8.716018733294812,-0.05816277414858274,1.5503407095362896,False,True,False
7.3535,1min,1,6,8.723425010316545,-0.08088857016904981,1.3009376049351973,False,True,False
7.6515,1min,1,4,11.5884950079892,0.16860489424281602,0.7907669479302482,False,True,False
7.9495,1min,1,4,11.5884950079892,0.16860489424281602,0.7907669479302482,False,True,False
8.2475,1min,1,4,11.5884950079892,0.16860489424281602,0.7907669479302482,False,True,False
8.5455,1min,1,4,11.5884950079892,0.16860489424281602,0.7907669479302482,False,True,False
8.8434,1min,1,4,11.5884950079892,0.16860489424281602,0.7907669479302482,False,True,False
9.1414,1min,1,4,11.5884950079892,0.16860489424281602,0.7907669479302482,False,True,False
9.4394,1min,1,3,13.462351994589213,0.30234735061731294,0.5304060778262762,False,True,True
9.7374,1min,1,3,13.462351994589213,0.30234735061731294,0.5304060778262762,False,True,True
10.0354,1min,1,3,13.462351994589213,0.30234735061731294,0.5304060778262762,False,True,True
10.3333,1min,1,3,13.462351994589213,0.30234735061731294,0.5304060778262762,False,True,True
10.6313,1min,1,3,13.462351994589213,0.30234735061731294,0.5304060778262762,False,True,True
10.9293,1min,1,2,19.807342154291252,0.6820217791761288,0.2667649878001407,False,True,True
11.2273,1min,1,2,19.807342154291252,0.6820217791761288,0.2667649878001407,False,True,True
11.5253,1min,1,2,19.807342154291252,0.6820217791761288,0.2667649878001407,False,True,True
11.8232,1min,1,2,19.807342154291252,0.6820217791761288,0.2667649878001407,False,True,True
12.1212,1min,1,2,19.807342154291252,0.6820217791761288,0.2667649878001407,False,True,True
12.4192,1min,1,2,19.807342154291252,0.6820217791761288,0.2667649878001407,False,True,True
12.7172,1min,1,2,19.807342154291252,0.6820217791761288,0.2667649878001407,False,True,True
13.0152,1min,1,2,19.807342154291252,0.6820217791761288,0.2667649878001407,False,True,True
13.3131,1min,1,2,19.807342154291252,0.6820217791761288,0.2667649878001407,False,True,True
13.6111,1min,1,2,19.807342154291252,0.6820217791761288,0.2667649878001407,False,True,True
13.9091,1min,1,2,19.807342154291252,0.6820217791761288,0.2667649878001407,False,True,True
14.2071,1min,1,2,19.807342154291252,0.6820217791761288,0.2667649878001407,False,True,True
14.5051,1min,1,2,19.807342154291252,0.6820217791761288,0.2667649878001407,False,True,True
14.803,1min,1,2,19.807342154291252,0.6820217791761288,0.2667649878001407,False,True,True
15.101,1min,1,2,19.807342154291252,0.6820217791761288,0.2667649878001407,False,True,True
15.399,1min,1,2,19.807342154291252,0.6820217791761288,0.2667649878001407,False,True,True
15.697,1min,1,2,19.807342154291252,0.6820217791761288,0.2667649878001407,False,True,True
15.9949,1min,1,2,19.807342154291252,0.6820217791761288,0.2667649878001407,False,True,True
16.2929,1min,1,2,19.807342154291252,0.6820217791761288,0.2667649878001407,False,True,True
16.5909,1min,1,2,19.807342154291252,0.6820217791761288,0.2667649878001407,False,True,True
16.8889,1min,1,2,19.807342154291252,0.6820217791761288,0.2667649878001407,False,True,True
17.1869,1min,1,2,19.807342154291252,0.6820217791761288,0.2667649878001407,False,True,True
17.4848,1min,1,2,19.807342154291252,0.6820217791761288,0.2667649878001407,False,True,True
17.7828,1min,1,2,19.807342154291252,0.6820217791761288,0.2667649878001407,False,True,True
18.0808,1min,1,2,19.807342154291252,0.6820217791761288,0.2667649878001407,False,True,True
18.3788,1min,1,2,19.807342154291252,0.6820217791761288,0.2667649878001407,False,True,True
18.6768,1min,1,2,19.807342154291252,0.6820217791761288,0.2667649878001407,False,True,True
18.9747,1min,1,2,19.807342154291252,0.6820217791761288,0.2667649878001407,False,True,True
19.2727,1min,1,2,19.807342154291252,0.6820217791761288,0.2667649878001407,False,True,True
19.5707,1min,1,2,19.807342154291252,0.6820217791761288,0.2667649878001407,False,True,True
19.8687,1min,1,2,19.807342154291252,0.6820217791761288,0.2667649878001407,False,True,True
20.1667,1min,1,2,19.807342154291252,0.6820217791761288,0.2667649878001407,False,True,True
20.4646,1min,1,2,19.807342154291252,0.6820217791761288,0.2667649878001407,False,True,True
20.7626,1min,1,2,19.807342154291252,0.6820217791761288,0.2667649878001407,False,True,True
21.0606,1min,1,2,19.807342154291252,0.6820217791761288,0.2667649878001407,False,True,True
21.3586,1min,1,2,19.807342154291252,0.6820217791761288,0.2667649878001407,False,True,True
21.6566,1min,1,2,19.807342154291252,0.6820217791761288,0.2667649878001407,False,True,True
21.9545,1min,1,2,19.807342154291252,0.6820217791761288,0.2667649878001407,False,True,True
22.2525,1min,1,2,19.807342154291252,0.6820217791761288,0.2667649878001407,False,True,True
22.5505,1min,1,2,19.807342154291252,0.6820217791761288,0.2667649878001407,False,True,True
22.8485,1min,1,2,19.807342154291252,0.6820217791761288,0.2667649878001407,False,True,True
23.1465,1min,1,2,19.807342154291252,0.6820217791761288,0.2667649878001407,False,True,True
23.4444,1min,1,2,19.807342154291252,0.6820217791761288,0.2667649878001407,False,True,True
23.7424,1min,1,2,19.807342154291252,0.6820217791761288,0.2667649878001407,False,True,True
24.0404,1min,1,2,19.807342154291252,0.6820217791761288,0.2667649878001407,False,True,True
24.3384,1min,1,2,19.807342154291252,0.6820217791761288,0.2667649878001407,False,True,True
24.6364,1min,1,2,19.807342154291252,0.6820217791761288,0.2667649878001407,False,True,True
24.9343,1min,1,2,19.807342154291252,0.6820217791761288,0.2667649878001407,False,True,True
25.2323,1min,1,2,19.807342154291252,0.6820217791761288,0.2667649878001407,False,True,True
25.5303,1min,1,2,19.807342154291252,0.6820217791761288,0.2667649878001407,False,True,True
25.8283,1min,1,2,19.807342154291252,0.6820217791761288,0.2667649878001407,False,True,True
26.1263,1min,1,2,19.807342154291252,0.6820217791761288,0.2667649878001407,False,True,True
26.4242,1min,1,2,19.807342154291252,0.6820217791761288,0.2667649878001407,False,True,True
26.7222,1min,1,2,19.807342154291252,0.6820217791761288,0.2667649878001407,False,True,True
27.0202,1min,1,2,19.807342154291252,0.6820217791761288,0.2667649878001407,False,True,True
27.3182,1min,1,2,19.807342154291252,0.6820217791761288,0.2667649878001407,False,True,True
27.6162,1min,1,2,19.807342154291252,0.6820217791761288,0.2667649878001407,False,True,True
27.9141,1min,1,2,19.807342154291252,0.6820217791761288,0.2667649878001407,False,True,True
28.2121,1min,1,2,19.807342154291252,0.6820217791761288,0.2667649878001407,False,True,True
28.5101,1min,1,2,19.807342154291252,0.6820217791761288,0.2667649878001407,False,True,True
28.8081,1min,1,2,19.807342154291252,0.6820217791761288,0.2667649878001407,False,True,True
29.1061,1min,1,2,19.807342154291252,0.6820217791761288,0.2667649878001407,False,True,True
29.404,1min,1,2,19.807342154291252,0.6820217791761288,0.2667649878001407,False,True,True
29.702,1min,1,2,19.807342154291252,0.6820217791761288,0.2667649878001407,False,True,True
30.0,1min,1,2,19.807342154291252,0.6820217791761288,0.2667649878001407,False,True,True
0.5,1min,2,22,0.0,0.0,4.459431618605558,True,False,False
0.798,1min,2,22,0.0,0.0,4.459431618605558,True,False,False
1.096,1min,2,22,0.0,0.0,4.459431618605558,True,False,False
1.3939,1min,2,21,895.4991415403595,0.08308469568486607,4.368522527697911,True,False,False
1.6919,1min,2,21,895.4991415403595,0.08308469568486607,4.368522527697911,True,False,False
1.9899,1min,2,21,895.4991415403595,0.08308469568486607,4.368522527697911,True,False,False
2.2879,1min,2,21,895.4991415403595,0.08308469568486607,4.368522527697911,True,False,False
2.5859,1min,2,21,895.4991415403595,0.08308469568486607,4.368522527697911,True,False,False
2.8838,1min,2,21,895.4991415403595,0.08308469568486607,4.368522527697911,True,False,False
3.1818,1min,2,21,895.4991415403595,0.08308469568486607,4.368522527697911,True,False,False
3.4798,1min,2,21,895.4991415403595,0.08308469568486607,4.368522527697911,True,False,False
3.7778,1min,2,20,192.26086458202835,0.12385917974853973,4.277613436790262,True,False,False
4.0758,1min,2,20,192.26086458202835,0.12385917974853973,4.277613436790262,True,False,False
4.3737,1min,2,19,130.50049306638417,0.1754936811941766,4.186704345882614,True,False,False
4.6717,1min,2,19,130.50049306638417,0.1754936811941766,4.186704345882614,True,False,False
4.9697,1min,2,19,130.50049306638417,0.1754936811941766,4.186704345882614,True,False,False
5.2677,1min,2,18,31.71508773069671,0.13440787400719323,4.004886164065875,True,False,False
5.5657,1min,2,18,31.71508773069671,0.13440787400719323,4.004886164065875,True,False,False
5.8636,1min,2,18,31.71508773069671,0.13440787400719323,4.004886164065875,True,False,False
6.1616,1min,2,18,31.71508773069671,0.13440787400719323,4.004886164065875,True,False,False
6.4596,1min,2,16,37.64698052085324,0.19413091518845516,3.8230679822505778,True,False,False
6.7576,1min,2,16,37.64698052085324,0.19413091518845516,3.8230679822505778,True,False,False
7.0556,1min,2,15,38.33601977427513,0.21030112404137055,3.6978458230627727,True,False,False
7.3535,1min,2,15,38.33601977427513,0.21030112404137055,3.6978458230627727,True,False,False
7.6515,1min,2,15,38.33601977427513,0.21030112404137055,3.6978458230627727,True,False,False
7.9495,1min,2,13,31.510852789377278,0.2813369872520608,3.4594316186185425,False,False,False
8.2475,1min,2,12,13.171470253776452,0.15888194004324172,3.0957952549836216,False,True,False
8.5455,1min,2,12,13.171470253776452,0.15888194004324172,3.0957952549836216,False,True,False
8.8434,1min,2,11,10.594381097135635,0.1611662375264686,2.8899168453041186,False,True,False
9.1414,1min,2,11,10.594381097135635,0.1611662375264686,2.8899168453041186,False,True,False
9.4394,1min,2,11,10.594381097135635,0.1611662375264686,2.8899168453041186,False,True,False
9.7374,1min,2,11,10.594381097135635,0.1611662375264686,2.8899168453041186,False,True,False
10.0354,1min,2,10,11.689569566192404,0.2806383036907701,2.676737030037706,False,True,False
10.3333,1min,2,10,11.689569566192404,0.2806383036907701,2.676737030037706,False,True,False
10.6313,1min,2,10,11.689569566192404,0.2806383036907701,2.676737030037706,False,True,False
10.9293,1min,2,10,11.689569566192404,0.2806383036907701,2.676737030037706,False,True,False
11.2273,1min,2,10,11.689569566192404,0.2806383036907701,2.676737030037706,False,True,False
11.5253,1min,2,10,11.689569566192404,0.2806383036907701,2.676737030037706,False,True,False
11.8232,1min,2,10,11.689569566192404,0.2806383036907701,2.676737030037706,False,True,False
12.1212,1min,2,10,11.689569566192404,0.2806383036907701,2.676737030037706,False,True,False
12.4192,1min,2,9,12.440781622993441,0.2529356291544369,2.4949188482209665,False,True,False
12.7172,1min,2,9,12.440781622993441,0.2529356291544369,2.4949188482209665,False,True,False
13.0152,1min,2,9,12.440781622993441,0.2529356291544369,2.4949188482209665,False,True,False
13.3131,1min,2,8,11.841370488952233,0.1762076204367333,2.244474529843912,False,True,False
13.6111,1min,2,7,13.993045075619037,0.22209666657424015,2.153565438936264,False,True,False
13.9091,1min,2,7,13.993045075619037,0.22209666657424015,2.153565438936264,False,True,False
14.2071,1min,2,7,13.993045075619037,0.22209666657424015,2.153565438936264,False,True,False
14.5051,1min,2,7,13.993045075619037,0.22209666657424015,2.153565438936264,False,True,False
14.803,1min,2,6,2.8685396000397705,-0.10714565503947703,1.4594316186286413,False,True,False
15.101,1min,2,6,2.8685396000397705,-0.10714565503947703,1.4594316186286413,False,True,False
15.399,1min,2,6,2.8685396000397705,-0.10714565503947703,1.4594316186286413,False,True,False
15.697,1min,2,5,3.4621481589708103,0.04343623233697325,1.2100285140275489,False,True,False
15.9949,1min,2,4,3.4626825212580172,0.07794540099829356,0.9567657083605435,False,True,False
16.2929,1min,2,4,3.4626825212580172,0.07794540099829356,0.9567657083605435,False,True,False
16.5909,1min,2,4,3.4626825212580172,0.07794540099829356,0.9567657083605435,False,True,False
16.8889,1min,2,3,3.5325633124182114,0.15960860947740854,0.5304060778262762,False,True,True
17.1869,1min,2,3,3.5325633124182114,0.15960860947740854,0.5304060778262762,False,True,True
17.4848,1min,2,3,3.5325633124182114,0.15960860947740854,0.5304060778262762,False,True,True
17.7828,1min,2,3,3.5325633124182114,0.15960860947740854,0.5304060778262762,False,True,True
18.0808,1min,2,3,3.5325633124182114,0.15960860947740854,0.5304060778262762,False,True,True
18.3788,1min,2,3,3.5325633124182114,0.15960860947740854,0.5304060778262762,False,True,True
18.6768,1min,2,3,3.5325633124182114,0.15960860947740854,0.5304060778262762,False,True,True
18.9747,1min,2,2,3.921078673497185,0.3171268772732454,0.2667649878001407,False,True,True
19.2727,1min,2,2,3.921078673497185,0.3171268772732454,0.2667649878001407,False,True,True
19.5707,1min,2,2,3.921078673497185,0.3171268772732454,0.2667649878001407,False,True,True
19.8687,1min,2,2,3.921078673497185,0.3171268772732454,0.2667649878001407,False,True,True
20.1667,1min,2,2,3.921078673497185,0.3171268772732454,0.2667649878001407,False,True,True
20.4646,1min,2,2,3.921078673497185,0.3171268772732454,0.2667649878001407,False,True,True
20.7626,1min,2,2,3.921078673497185,0.3171268772732454,0.2667649878001407,False,True,True
21.0606,1min,2,2,3.921078673497185,0.3171268772732454,0.2667649878001407,False,True,True
21.3586,1min,2,2,3.921078673497185,0.3171268772732454,0.2667649878001407,False,True,True
21.6566,1min,2,2,3.921078673497185,0.3171268772732454,0.2667649878001407,False,True,True
21.9545,1min,2,2,3.921078673497185,0.3171268772732454,0.2667649878001407,False,True,True
22.2525,1min,2,2,3.921078673497185,0.3171268772732454,0.2667649878001407,False,True,True
22.5505,1min,2,2,3.921078673497185,0.3171268772732454,0.2667649878001407,False,True,True
22.8485,1min,2,1,0.0,0.0,-1.4428232973175175e-12,False,False,True
23.1465,1min,2,1,0.0,0.0,-1.4428232973175175e-12,False,False,True
23.4444,1min,2,1,0.0,0.0,-1.4428232973175175e-12,False,False,True
23.7424,1min,2,1,0.0,0.0,-1.4428232973175175e-12,False,False,True
24.0404,1min,2,1,0.0,0.0,-1.4428232973175175e-12,False,False,True
24.3384,1min,2,1,0.0,0.0,-1.4428232973175175e-12,False,False,True
24.6364,1min,2,1,0.0,0.0,-1.4428232973175175e-12,False,False,True
24.9343,1min,2,1,0.0,0.0,-1.4428232973175175e-12,False,False,True
25.2323,1min,2,1,0.0,0.0,-1.4428232973175175e-12,False,False,True
25.5303,1min,2,1,0.0,0.0,-1.4428232973175175e-12,False,False,True
25.8283,1min,2,1,0.0,0.0,-1.4428232973175175e-12,False,False,True
26.1263,1min,2,1,0.0,0.0,-1.4428232973175175e-12,False,False,True
26.4242,1min,2,1,0.0,0.0,-1.4428232973175175e-12,False,False,True
26.7222,1min,2,1,0.0,0.0,-1.4428232973175175e-12,False,False,True
27.0202,1min,2,1,0.0,0.0,-1.4428232973175175e-12,False,False,True
27.3182,1min,2,1,0.0,0.0,-1.4428232973175175e-12,False,False,True
27.6162,1min,2,1,0.0,0.0,-1.4428232973175175e-12,False,False,True
27.9141,1min,2,1,0.0,0.0,-1.4428232973175175e-12,False,False,True
28.2121,1min,2,1,0.0,0.0,-1.4428232973175175e-12,False,False,True
28.5101,1min,2,1,0.0,0.0,-1.4428232973175175e-12,False,False,True
28.8081,1min,2,1,0.0,0.0,-1.4428232973175175e-12,False,False,True
29.1061,1min,2,1,0.0,0.0,-1.4428232973175175e-12,False,False,True
29.404,1min,2,1,0.0,0.0,-1.4428232973175175e-12,False,False,True
29.702,1min,2,1,0.0,0.0,-1.4428232973175175e-12,False,False,True
30.0,1min,2,1,0.0,0.0,-1.4428232973175175e-12,False,False,True
0.5,1min,3,22,0.0,0.0,4.459431618605558,True,False,False
0.798,1min,3,22,0.0,0.0,4.459431618605558,True,False,False
1.096,1min,3,20,733.7123257112893,0.09701724998883803,4.243300368510105,True,False,False
1.3939,1min,3,20,733.7123257112893,0.09701724998883803,4.243300368510105,True,False,False
1.6919,1min,3,19,538.5695591403376,0.1631831812264119,4.152391277602456,True,False,False
1.9899,1min,3,19,538.5695591403376,0.1631831812264119,4.152391277602456,True,False,False
2.2879,1min,3,19,538.5695591403376,0.1631831812264119,4.152391277602456,True,False,False
2.5859,1min,3,19,538.5695591403376,0.1631831812264119,4.152391277602456,True,False,False
2.8838,1min,3,19,538.5695591403376,0.1631831812264119,4.152391277602456,True,False,False
3.1818,1min,3,18,145.871313851786,0.17392222258738635,4.004886164065875,True,False,False
3.4798,1min,3,18,145.871313851786,0.17392222258738635,4.004886164065875,True,False,False
3.7778,1min,3,18,145.871313851786,0.17392222258738635,4.004886164065875,True,False,False
4.0758,1min,3,17,114.11332965125054,0.19889482714114234,3.913977073158226,True,False,False
4.3737,1min,3,15,69.2255561963204,0.29713970574586884,3.6978458230627727,True,False,False
4.6717,1min,3,15,69.2255561963204,0.29713970574586884,3.6978458230627727,True,False,False
4.9697,1min,3,13,36.62137338646091,0.21913842217510338,3.259141984229147,False,False,False
5.2677,1min,3,13,36.62137338646091,0.21913842217510338,3.259141984229147,False,False,False
5.5657,1min,3,13,36.62137338646091,0.21913842217510338,3.259141984229147,False,False,False
5.8636,1min,3,13,36.62137338646091,0.21913842217510338,3.259141984229147,False,False,False
6.1616,1min,3,12,31.430294652097032,0.3022192855283799,3.061482186703464,False,True,False
6.4596,1min,3,12,31.430294652097032,0.3022192855283799,3.061482186703464,False,True,False
6.7576,1min,3,11,20.5979275175201,0.28043786186347636,2.8556037770239606,False,True,False
7.0556,1min,3,11,20.5979275175201,0.28043786186347636,2.8556037770239606,False,True,False
7.3535,1min,3,11,20.5979275175201,0.28043786186347636,2.8556037770239606,False,True,False
7.6515,1min,3,10,23.099400695368796,0.3233644550233627,2.764694686116312,False,True,False
7.9495,1min,3,9,18.084047199835847,0.31090191152535307,2.5515148708499,False,True,False
8.2475,1min,3,9,18.084047199835847,0.31090191152535307,2.5515148708499,False,True,False
8.5455,1min,3,7,16.865754962828923,0.2908676800875125,2.1060480954082283,False,True,False
8.8434,1min,3,7,16.865754962828923,0.2908676800875125,2.1060480954082283,False,True,False
9.1414,1min,3,7,16.865754962828923,0.2908676800875125,2.1060480954082283,False,True,False
9.4394,1min,3,6,14.533752785404822,0.3217923098206265,1.8748587169014745,False,True,False
9.7374,1min,3,5,10.876170208009333,0.35293829871290483,1.368522527720993,False,True,False
10.0354,1min,3,5,10.876170208009333,0.35293829871290483,1.368522527720993,False,True,False
10.3333,1min,3,5,10.876170208009333,0.35293829871290483,1.368522527720993,False,True,False
10.6313,1min,3,5,10.876170208009333,0.35293829871290483,1.368522527720993,False,True,False
10.9293,1min,3,5,10.876170208009333,0.35293829871290483,1.368522527720993,False,True,False
11.2273,1min,3,5,10.876170208009333,0.35293829871290483,1.368522527720993,False,True,False
11.5253,1min,3,5,10.876170208009333,0.35293829871290483,1.368522527720993,False,True,False
11.8232,1min,3,5,10.876170208009333,0.35293829871290483,1.368522527720993,False,True,False
12.1212,1min,3,5,10.876170208009333,0.35293829871290483,1.368522527720993,False,True,False
12.4192,1min,3,5,10.876170208009333,0.35293829871290483,1.368522527720993,False,True,False
12.7172,1min,3,4,7.8575616676630275,0.29736885340844316,0.9567657083605435,False,True,False
13.0152,1min,3,3,7.318274759574314,0.3772762136228438,0.5304060778262762,False,True,True
13.3131,1min,3,3,7.318274759574314,0.3772762136228438,0.5304060778262762,False,True,True
13.6111,1min,3,3,7.318274759574314,0.3772762136228438,0.5304060778262762,False,True,True
13.9091,1min,3,3,7.318274759574314,0.3772762136228438,0.5304060778262762,False,True,True
14.2071,1min,3,3,7.318274759574314,0.3772762136228438,0.5304060778262762,False,True,True
14.5051,1min,3,3,7.318274759574314,0.3772762136228438,0.5304060778262762,False,True,True
14.803,1min,3,3,7.318274759574314,0.3772762136228438,0.5304060778262762,False,True,True
15.101,1min,3,3,7.318274759574314,0.3772762136228438,0.5304060778262762,False,True,True
15.399,1min,3,3,7.318274759574314,0.3772762136228438,0.5304060778262762,False,True,True
15.697,1min,3,3,7.318274759574314,0.3772762136228438,0.5304060778262762,False,True,True
15.9949,1min,3,3,7.318274759574314,0.3772762136228438,0.5304060778262762,False,True,True
16.2929,1min,3,3,7.318274759574314,0.3772762136228438,0.5304060778262762,False,True,True
16.5909,1min,3,3,7.318274759574314,0.3772762136228438,0.5304060778262762,False,True,True
16.8889,1min,3,3,7.318274759574314,0.3772762136228438,0.5304060778262762,False,True,True
17.1869,1min,3,3,7.318274759574314,0.3772762136228438,0.5304060778262762,False,True,True
17.4848,1min,3,3,7.318274759574314,0.3772762136228438,0.5304060778262762,False,True,True
17.7828,1min,3,3,7.318274759574314,0.3772762136228438,0.5304060778262762,False,True,True
18.0808,1min,3,3,7.318274759574314,0.3772762136228438,0.5304060778262762,False,True,True
18.3788,1min,3,3,7.318274759574314,0.3772762136228438,0.5304060778262762,False,True,True
18.6768,1min,3,3,7.318274759574314,0.3772762136228438,0.5304060778262762,False,True,True
18.9747,1min,3,3,7.318274759574314,0.3772762136228438,0.5304060778262762,False,True,True
19.2727,1min,3,3,7.318274759574314,0.3772762136228438,0.5304060778262762,False,True,True
19.5707,1min,3,2,6.538539408287752,0.49337627714760396,0.2667649878001407,False,True,True
19.8687,1min,3,2,6.538539408287752,0.49337627714760396,0.2667649878001407,False,True,True
20.1667,1min,3,2,6.538539408287752,0.49337627714760396,0.2667649878001407,False,True,True
20.4646,1min,3,2,6.538539408287752,0.49337627714760396,0.2667649878001407,False,True,True
20.7626,1min,3,2,6.538539408287752,0.49337627714760396,0.2667649878001407,False,True,True
21.0606,1min,3,2,6.538539408287752,0.49337627714760396,0.2667649878001407,False,True,True
21.3586,1min,3,2,6.538539408287752,0.49337627714760396,0.2667649878001407,False,True,True
21.6566,1min,3,2,6.538539408287752,0.49337627714760396,0.2667649878001407,False,True,True
21.9545,1min,3,2,6.538539408287752,0.49337627714760396,0.2667649878001407,False,True,True
22.2525,1min,3,2,6.538539408287752,0.49337627714760396,0.2667649878001407,False,True,True
22.5505,1min,3,2,6.538539408287752,0.49337627714760396,0.2667649878001407,False,True,True
22.8485,1min,3,2,6.538539408287752,0.49337627714760396,0.2667649878001407,False,True,True
23.1465,1min,3,2,6.538539408287752,0.49337627714760396,0.2667649878001407,False,True,True
23.4444,1min,3,2,6.538539408287752,0.49337627714760396,0.2667649878001407,False,True,True
23.7424,1min,3,2,6.538539408287752,0.49337627714760396,0.2667649878001407,False,True,True
24.0404,1min,3,2,6.538539408287752,0.49337627714760396,0.2667649878001407,False,True,True
24.3384,1min,3,2,6.538539408287752,0.49337627714760396,0.2667649878001407,False,True,True
24.6364,1min,3,2,6.538539408287752,0.49337627714760396,0.2667649878001407,False,True,True
24.9343,1min,3,2,6.538539408287752,0.49337627714760396,0.2667649878001407,False,True,True
25.2323,1min,3,2,6.538539408287752,0.49337627714760396,0.2667649878001407,False,True,True
25.5303,1min,3,2,6.538539408287752,0.49337627714760396,0.2667649878001407,False,True,True
25.8283,1min,3,2,6.538539408287752,0.49337627714760396,0.2667649878001407,False,True,True
26.1263,1min,3,2,6.538539408287752,0.49337627714760396,0.2667649878001407,False,True,True
26.4242,1min,3,2,6.538539408287752,0.49337627714760396,0.2667649878001407,False,True,True
26.7222,1min,3,2,6.538539408287752,0.49337627714760396,0.2667649878001407,False,True,True
27.0202,1min,3,2,6.538539408287752,0.49337627714760396,0.2667649878001407,False,True,True
27.3182,1min,3,2,6.538539408287752,0.49337627714760396,0.2667649878001407,False,True,True
27.6162,1min,3,1,0.0,0.0,-1.4428232973175175e-12,False,False,True
27.9141,1min,3,1,0.0,0.0,-1.4428232973175175e-12,False,False,True
28.2121,1min,3,1,0.0,0.0,-1.4428232973175175e-12,False,False,True
28.5101,1min,3,1,0.0,0.0,-1.4428232973175175e-12,False,False,True
28.8081,1min,3,1,0.0,0.0,-1.4428232973175175e-12,False,False,True
29.1061,1min,3,1,0.0,0.0,-1.4428232973175175e-12,False,False,True
29.404,1min,3,1,0.0,0.0,-1.4428232973175175e-12,False,False,True
29.702,1min,3,1,0.0,0.0,-1.4428232973175175e-12,False,False,True
30.0,1min,3,1,0.0,0.0,-1.4428232973175175e-12,False,False,True
0.5,1min,4,22,0.0,0.0,4.459431618605558,True,False,False
0.798,1min,4,22,0.0,0.0,4.459431618605558,True,False,False
1.096,1min,4,22,0.0,0.0,4.459431618605558,True,False,False
1.3939,1min,4,21,864.0378720637024,0.07883475676459771,4.368522527697911,True,False,False
1.6919,1min,4,21,864.0378720637024,0.07883475676459771,4.368522527697911,True,False,False
1.9899,1min,4,20,630.7065562882783,0.15468030384862438,4.277613436790262,True,False,False
2.2879,1min,4,19,547.3172504676928,0.23273298851344457,4.186704345882614,True,False,False
2.5859,1min,4,19,547.3172504676928,0.23273298851344457,4.186704345882614,True,False,False
2.8838,1min,4,18,403.7006005216814,0.29545755327894724,4.095795254974965,True,False,False
3.1818,1min,4,18,403.7006005216814,0.29545755327894724,4.095795254974965,True,False,False
3.4798,1min,4,18,403.7006005216814,0.29545755327894724,4.095795254974965,True,False,False
3.7778,1min,4,18,403.7006005216814,0.29545755327894724,4.095795254974965,True,False,False
4.0758,1min,4,17,279.0147214994946,0.3489913753128991,4.004886164067317,True,False,False
4.3737,1min,4,17,279.0147214994946,0.3489913753128991,4.004886164067317,True,False,False
4.6717,1min,4,16,218.45510323924537,0.4067595724431962,3.9139770731596686,True,False,False
4.9697,1min,4,16,218.45510323924537,0.4067595724431962,3.9139770731596686,True,False,False
5.2677,1min,4,16,218.45510323924537,0.4067595724431962,3.9139770731596686,True,False,False
5.5657,1min,4,16,218.45510323924537,0.4067595724431962,3.9139770731596686,True,False,False
5.8636,1min,4,16,218.45510323924537,0.4067595724431962,3.9139770731596686,True,False,False
6.1616,1min,4,16,218.45510323924537,0.4067595724431962,3.9139770731596686,True,False,False
6.4596,1min,4,16,218.45510323924537,0.4067595724431962,3.9139770731596686,True,False,False
6.7576,1min,4,16,218.45510323924537,0.4067595724431962,3.9139770731596686,True,False,False
7.0556,1min,4,16,218.45510323924537,0.4067595724431962,3.9139770731596686,True,False,False
7.3535,1min,4,16,218.45510323924537,0.4067595724431962,3.9139770731596686,True,False,False
7.6515,1min,4,15,91.67852598143642,0.40421073379978895,3.7887549139718635,True,False,False
7.9495,1min,4,15,91.67852598143642,0.40421073379978895,3.7887549139718635,True,False,False
8.2475,1min,4,15,91.67852598143642,0.40421073379978895,3.7887549139718635,True,False,False
8.5455,1min,4,15,91.67852598143642,0.40421073379978895,3.7887549139718635,True,False,False
8.8434,1min,4,14,40.31390984030801,0.35623916076252693,3.6069367321551242,False,False,False
9.1414,1min,4,14,40.31390984030801,0.35623916076252693,3.6069367321551242,False,False,False
9.4394,1min,4,14,40.31390984030801,0.35623916076252693,3.6069367321551242,False,False,False
9.7374,1min,4,14,40.31390984030801,0.35623916076252693,3.6069367321551242,False,False,False
10.0354,1min,4,13,16.532574670173947,0.2399259523397081,3.35649241377807,False,False,False
10.3333,1min,4,13,16.532574670173947,0.2399259523397081,3.35649241377807,False,False,False
10.6313,1min,4,12,16.234516400280473,0.17924135804493618,3.135821824130724,False,True,False
10.9293,1min,4,12,16.234516400280473,0.17924135804493618,3.135821824130724,False,True,False
11.2273,1min,4,12,16.234516400280473,0.17924135804493618,3.135821824130724,False,True,False
11.5253,1min,4,12,16.234516400280473,0.17924135804493618,3.135821824130724,False,True,False
11.8232,1min,4,11,12.078622809817567,0.1568117198803705,2.9475623036741534,False,True,False
12.1212,1min,4,11,12.078622809817567,0.1568117198803705,2.9475623036741534,False,True,False
12.4192,1min,4,11,12.078622809817567,0.1568117198803705,2.9475623036741534,False,True,False
12.7172,1min,4,10,12.200307487168367,0.1473902781648164,2.770283461407863,False,True,False
13.0152,1min,4,10,12.200307487168367,0.1473902781648164,2.770283461407863,False,True,False
13.3131,1min,4,9,9.990318975121845,0.09280348382673548,2.5820239409512924,False,True,False
13.6111,1min,4,8,11.60198392369313,0.2601280887269535,2.384364143425609,False,True,False
13.9091,1min,4,8,11.60198392369313,0.2601280887269535,2.384364143425609,False,True,False
14.2071,1min,4,8,11.60198392369313,0.2601280887269535,2.384364143425609,False,True,False
14.5051,1min,4,6,12.43542513743894,0.26702019451048564,1.8585552118616586,False,True,False
14.803,1min,4,6,12.43542513743894,0.26702019451048564,1.8585552118616586,False,True,False
15.101,1min,4,4,11.123720651308247,0.2303490403969038,1.413088436419987,False,True,False
15.399,1min,4,4,11.123720651308247,0.2303490403969038,1.413088436419987,False,True,False
15.697,1min,4,4,11.123720651308247,0.2303490403969038,1.413088436419987,False,True,False
15.9949,1min,4,4,11.123720651308247,0.2303490403969038,1.413088436419987,False,True,False
16.2929,1min,4,4,11.123720651308247,0.2303490403969038,1.413088436419987,False,True,False
16.5909,1min,4,3,15.456071593949176,0.4219364031589227,1.181899057913233,False,True,True
16.8889,1min,4,3,15.456071593949176,0.4219364031589227,1.181899057913233,False,True,True
17.1869,1min,4,3,15.456071593949176,0.4219364031589227,1.181899057913233,False,True,True
17.4848,1min,4,3,15.456071593949176,0.4219364031589227,1.181899057913233,False,True,True
17.7828,1min,4,3,15.456071593949176,0.4219364031589227,1.181899057913233,False,True,True
18.0808,1min,4,2,5.250214041473079,0.3825978243016863,0.2667649878001407,False,True,True
18.3788,1min,4,2,5.250214041473079,0.3825978243016863,0.2667649878001407,False,True,True
18.6768,1min,4,2,5.250214041473079,0.3825978243016863,0.2667649878001407,False,True,True
18.9747,1min,4,2,5.250214041473079,0.3825978243016863,0.2667649878001407,False,True,True
19.2727,1min,4,2,5.250214041473079,0.3825978243016863,0.2667649878001407,False,True,True
19.5707,1min,4,2,5.250214041473079,0.3825978243016863,0.2667649878001407,False,True,True
19.8687,1min,4,2,5.250214041473079,0.3825978243016863,0.2667649878001407,False,True,True
20.1667,1min,4,2,5.250214041473079,0.3825978243016863,0.2667649878001407,False,True,True
20.4646,1min,4,2,5.250214041473079,0.3825978243016863,0.2667649878001407,False,True,True
20.7626,1min,4,2,5.250214041473079,0.3825978243016863,0.2667649878001407,False,True,True
21.0606,1min,4,2,5.250214041473079,0.3825978243016863,0.2667649878001407,False,True,True
21.3586,1min,4,2,5.250214041473079,0.3825978243016863,0.2667649878001407,False,True,True
21.6566,1min,4,2,5.250214041473079,0.3825978243016863,0.2667649878001407,False,True,True
21.9545,1min,4,2,5.250214041473079,0.3825978243016863,0.2667649878001407,False,True,True
22.2525,1min,4,2,5.250214041473079,0.3825978243016863,0.2667649878001407,False,True,True
22.5505,1min,4,2,5.250214041473079,0.3825978243016863,0.2667649878001407,False,True,True
22.8485,1min,4,2,5.250214041473079,0.3825978243016863,0.2667649878001407,False,True,True
23.1465,1min,4,2,5.250214041473079,0.3825978243016863,0.2667649878001407,False,True,True
23.4444,1min,4,2,5.250214041473079,0.3825978243016863,0.2667649878001407,False,True,True
23.7424,1min,4,2,5.250214041473079,0.3825978243016863,0.2667649878001407,False,True,True
24.0404,1min,4,2,5.250214041473079,0.3825978243016863,0.2667649878001407,False,True,True
24.3384,1min,4,2,5.250214041473079,0.3825978243016863,0.2667649878001407,False,True,True
24.6364,1min,4,2,5.250214041473079,0.3825978243016863,0.2667649878001407,False,True,True
24.9343,1min,4,2,5.250214041473079,0.3825978243016863,0.2667649878001407,False,True,True
25.2323,1min,4,2,5.250214041473079,0.3825978243016863,0.2667649878001407,False,True,True
25.5303,1min,4,2,5.250214041473079,0.3825978243016863,0.2667649878001407,False,True,True
25.8283,1min,4,2,5.250214041473079,0.3825978243016863,0.2667649878001407,False,True,True
26.1263,1min,4,2,5.250214041473079,0.3825978243016863,0.2667649878001407,False,True,True
26.4242,1min,4,2,5.250214041473079,0.3825978243016863,0.2667649878001407,False,True,True
26.7222,1min,4,2,5.250214041473079,0.3825978243016863,0.2667649878001407,False,True,True
27.0202,1min,4,2,5.250214041473079,0.3825978243016863,0.2667649878001407,False,True,True
27.3182,1min,4,2,5.250214041473079,0.3825978243016863,0.2667649878001407,False,True,True
27.6162,1min,4,2,5.250214041473079,0.3825978243016863,0.2667649878001407,False,True,True
27.9141,1min,4,2,5.250214041473079,0.3825978243016863,0.2667649878001407,False,True,True
28.2121,1min,4,2,5.250214041473079,0.3825978243016863,0.2667649878001407,False,True,True
28.5101,1min,4,2,5.250214041473079,0.3825978243016863,0.2667649878001407,False,True,True
28.8081,1min,4,2,5.250214041473079,0.3825978243016863,0.2667649878001407,False,True,True
29.1061,1min,4,2,5.250214041473079,0.3825978243016863,0.2667649878001407,False,True,True
29.404,1min,4,2,5.250214041473079,0.3825978243016863,0.2667649878001407,False,True,True
29.702,1min,4,2,5.250214041473079,0.3825978243016863,0.2667649878001407,False,True,True
30.0,1min,4,2,5.250214041473079,0.3825978243016863,0.2667649878001407,False,True,True
0.5,1min,5,22,0.0,0.0,4.459431618605558,True,False,False
0.798,1min,5,21,2408.419478381541,0.08558465486223983,4.368522527697911,True,False,False
1.096,1min,5,21,2408.419478381541,0.08558465486223983,4.368522527697911,True,False,False
1.3939,1min,5,21,2408.419478381541,0.08558465486223983,4.368522527697911,True,False,False
1.6919,1min,5,20,600.9809853474742,0.15009484253001457,4.277613436790262,True,False,False
1.9899,1min,5,20,600.9809853474742,0.15009484253001457,4.277613436790262,True,False,False
2.2879,1min,5,20,600.9809853474742,0.15009484253001457,4.277613436790262,True,False,False
2.5859,1min,5,19,308.9780350791901,0.20256020334780017,4.186704345882614,True,False,False
2.8838,1min,5,19,308.9780350791901,0.20256020334780017,4.186704345882614,True,False,False
3.1818,1min,5,19,308.9780350791901,0.20256020334780017,4.186704345882614,True,False,False
3.4798,1min,5,18,190.27322684994715,0.262161494311786,4.095795254974965,True,False,False
3.7778,1min,5,18,190.27322684994715,0.262161494311786,4.095795254974965,True,False,False
4.0758,1min,5,18,190.27322684994715,0.262161494311786,4.095795254974965,True,False,False
4.3737,1min,5,18,190.27322684994715,0.262161494311786,4.095795254974965,True,False,False
4.6717,1min,5,15,89.91733242823265,0.32818892343162376,3.7887549139718635,True,False,False
4.9697,1min,5,13,40.211565358032594,0.3152598928376685,3.4428621651367117,False,False,False
5.2677,1min,5,12,32.733979508146234,0.27921790228838983,3.222191575489366,False,True,False
5.5657,1min,5,12,32.733979508146234,0.27921790228838983,3.222191575489366,False,True,False
5.8636,1min,5,12,32.733979508146234,0.27921790228838983,3.222191575489366,False,True,False
6.1616,1min,5,12,32.733979508146234,0.27921790228838983,3.222191575489366,False,True,False
6.4596,1min,5,12,32.733979508146234,0.27921790228838983,3.222191575489366,False,True,False
6.7576,1min,5,12,32.733979508146234,0.27921790228838983,3.222191575489366,False,True,False
7.0556,1min,5,12,32.733979508146234,0.27921790228838983,3.222191575489366,False,True,False
7.3535,1min,5,11,26.60386576204989,0.3279220819150608,3.0449127332230757,False,True,False
7.6515,1min,5,11,26.60386576204989,0.3279220819150608,3.0449127332230757,False,True,False
7.9495,1min,5,11,26.60386576204989,0.3279220819150608,3.0449127332230757,False,True,False
8.2475,1min,5,11,26.60386576204989,0.3279220819150608,3.0449127332230757,False,True,False
8.5455,1min,5,10,21.96745402386291,0.3389902490578774,2.8676338909567853,False,True,False
8.8434,1min,5,9,7.028209857533885,0.1239540687784302,2.3221793455036823,False,True,False
9.1414,1min,5,8,7.421437529414044,0.19308805883144944,1.9456603045890986,False,True,False
9.4394,1min,5,8,7.421437529414044,0.19308805883144944,1.9456603045890986,False,True,False
9.7374,1min,5,7,4.502370135207623,0.027877950541280658,1.5503407095362896,False,True,False
10.0354,1min,5,7,4.502370135207623,0.027877950541280658,1.5503407095362896,False,True,False
10.3333,1min,5,7,4.502370135207623,0.027877950541280658,1.5503407095362896,False,True,False
10.6313,1min,5,7,4.502370135207623,0.027877950541280658,1.5503407095362896,False,True,False
10.9293,1min,5,6,4.766803749756151,0.043975329283932746,1.3009376049351973,False,True,False
11.2273,1min,5,6,4.766803749756151,0.043975329283932746,1.3009376049351973,False,True,False
11.5253,1min,5,6,4.766803749756151,0.043975329283932746,1.3009376049351973,False,True,False
11.8232,1min,5,6,4.766803749756151,0.043975329283932746,1.3009376049351973,False,True,False
12.1212,1min,5,6,4.766803749756151,0.043975329283932746,1.3009376049351973,False,True,False
12.4192,1min,5,5,4.0697243334488595,0.018838790351531673,1.0476747992681918,False,True,False
12.7172,1min,5,5,4.0697243334488595,0.018838790351531673,1.0476747992681918,False,True,False
13.0152,1min,5,5,4.0697243334488595,0.018838790351531673,1.0476747992681918,False,True,False
13.3131,1min,5,5,4.0697243334488595,0.018838790351531673,1.0476747992681918,False,True,False
13.6111,1min,5,4,4.509969890662219,0.09057549188310027,0.7907669479302482,False,True,False
13.9091,1min,5,4,4.509969890662219,0.09057549188310027,0.7907669479302482,False,True,False
14.2071,1min,5,4,4.509969890662219,0.09057549188310027,0.7907669479302482,False,True,False
14.5051,1min,5,4,4.509969890662219,0.09057549188310027,0.7907669479302482,False,True,False
14.803,1min,5,4,4.509969890662219,0.09057549188310027,0.7907669479302482,False,True,False
15.101,1min,5,3,5.127733023022737,0.2240374669485263,0.5304060778262762,False,True,True
15.399,1min,5,3,5.127733023022737,0.2240374669485263,0.5304060778262762,False,True,True
15.697,1min,5,3,5.127733023022737,0.2240374669485263,0.5304060778262762,False,True,True
15.9949,1min,5,3,5.127733023022737,0.2240374669485263,0.5304060778262762,False,True,True
16.2929,1min,5,3,5.127733023022737,0.2240374669485263,0.5304060778262762,False,True,True
16.5909,1min,5,2,7.562079573455433,0.5120110545366967,0.2667649878001407,False,True,True
16.8889,1min,5,2,7.562079573455433,0.5120110545366967,0.2667649878001407,False,True,True
17.1869,1min,5,2,7.562079573455433,0.5120110545366967,0.2667649878001407,False,True,True
17.4848,1min,5,2,7.562079573455433,0.5120110545366967,0.2667649878001407,False,True,True
17.7828,1min,5,2,7.562079573455433,0.5120110545366967,0.2667649878001407,False,True,True
18.0808,1min,5,2,7.562079573455433,0.5120110545366967,0.2667649878001407,False,True,True
18.3788,1min,5,2,7.562079573455433,0.5120110545366967,0.2667649878001407,False,True,True
18.6768,1min,5,2,7.562079573455433,0.5120110545366967,0.2667649878001407,False,True,True
18.9747,1min,5,2,7.562079573455433,0.5120110545366967,0.2667649878001407,False,True,True
19.2727,1min,5,2,7.562079573455433,0.5120110545366967,0.2667649878001407,False,True,True
19.5707,1min,5,2,7.562079573455433,0.5120110545366967,0.2667649878001407,False,True,True
19.8687,1min,5,2,7.562079573455433,0.5120110545366967,0.2667649878001407,False,True,True
20.1667,1min,5,2,7.562079573455433,0.5120110545366967,0.2667649878001407,False,True,True
20.4646,1min,5,2,7.562079573455433,0.5120110545366967,0.2667649878001407,False,True,True
20.7626,1min,5,2,7.562079573455433,0.5120110545366967,0.2667649878001407,False,True,True
21.0606,1min,5,2,7.562079573455433,0.5120110545366967,0.2667649878001407,False,True,True
21.3586,1min,5,2,7.562079573455433,0.5120110545366967,0.2667649878001407,False,True,True
21.6566,1min,5,2,7.562079573455433,0.5120110545366967,0.2667649878001407,False,True,True
21.9545,1min,5,2,7.562079573455433,0.5120110545366967,0.2667649878001407,False,True,True
22.2525,1min,5,2,7.562079573455433,0.5120110545366967,0.2667649878001407,False,True,True
22.5505,1min,5,2,7.562079573455433,0.5120110545366967,0.2667649878001407,False,True,True
22.8485,1min,5,2,7.562079573455433,0.5120110545366967,0.2667649878001407,False,True,True
23.1465,1min,5,2,7.562079573455433,0.5120110545366967,0.2667649878001407,False,True,True
23.4444,1min,5,2,7.562079573455433,0.5120110545366967,0.2667649878001407,False,True,True
23.7424,1min,5,2,7.562079573455433,0.5120110545366967,0.2667649878001407,False,True,True
24.0404,1min,5,2,7.562079573455433,0.5120110545366967,0.2667649878001407,False,True,True
24.3384,1min,5,2,7.562079573455433,0.5120110545366967,0.2667649878001407,False,True,True
24.6364,1min,5,2,7.562079573455433,0.5120110545366967,0.2667649878001407,False,True,True
24.9343,1min,5,2,7.562079573455433,0.5120110545366967,0.2667649878001407,False,True,True
25.2323,1min,5,2,7.562079573455433,0.5120110545366967,0.2667649878001407,False,True,True
25.5303,1min,5,2,7.562079573455433,0.5120110545366967,0.2667649878001407,False,True,True
25.8283,1min,5,2,7.562079573455433,0.5120110545366967,0.2667649878001407,False,True,True
26.1263,1min,5,2,7.562079573455433,0.5120110545366967,0.2667649878001407,False,True,True
26.4242,1min,5,2,7.562079573455433,0.5120110545366967,0.2667649878001407,False,True,True
26.7222,1min,5,2,7.562079573455433,0.5120110545366967,0.2667649878001407,False,True,True
27.0202,1min,5,2,7.562079573455433,0.5120110545366967,0.2667649878001407,False,True,True
27.3182,1min,5,2,7.562079573455433,0.5120110545366967,0.2667649878001407,False,True,True
27.6162,1min,5,2,7.562079573455433,0.5120110545366967,0.2667649878001407,False,True,True
27.9141,1min,5,1,0.0,0.0,-1.4428232973175175e-12,False,False,True
28.2121,1min,5,1,0.0,0.0,-1.4428232973175175e-12,False,False,True
28.5101,1min,5,1,0.0,0.0,-1.4428232973175175e-12,False,False,True
28.8081,1min,5,1,0.0,0.0,-1.4428232973175175e-12,False,False,True
29.1061,1min,5,1,0.0,0.0,-1.4428232973175175e-12,False,False,True
29.404,1min,5,1,0.0,0.0,-1.4428232973175175e-12,False,False,True
29.702,1min,5,1,0.0,0.0,-1.4428232973175175e-12,False,False,True
30.0,1min,5,1,0.0,0.0,-1.4428232973175175e-12,False,False,True
0.5,1min,6,22,0.0,0.0,4.459431618605558,True,False,False
0.798,1min,6,22,0.0,0.0,4.459431618605558,True,False,False
1.096,1min,6,22,0.0,0.0,4.459431618605558,True,False,False
1.3939,1min,6,21,539.8495884268984,0.07541448200516716,4.368522527697911,True,False,False
1.6919,1min,6,21,539.8495884268984,0.07541448200516716,4.368522527697911,True,False,False
1.9899,1min,6,21,539.8495884268984,0.07541448200516716,4.368522527697911,True,False,False
2.2879,1min,6,21,539.8495884268984,0.07541448200516716,4.368522527697911,True,False,False
2.5859,1min,6,21,539.8495884268984,0.07541448200516716,4.368522527697911,True,False,False
2.8838,1min,6,21,539.8495884268984,0.07541448200516716,4.368522527697911,True,False,False
3.1818,1min,6,19,156.9829761329029,0.20028813805836157,4.186704345882614,True,False,False
3.4798,1min,6,19,156.9829761329029,0.20028813805836157,4.186704345882614,True,False,False
3.7778,1min,6,19,156.9829761329029,0.20028813805836157,4.186704345882614,True,False,False
4.0758,1min,6,19,156.9829761329029,0.20028813805836157,4.186704345882614,True,False,False
4.3737,1min,6,19,156.9829761329029,0.20028813805836157,4.186704345882614,True,False,False
4.6717,1min,6,18,116.15420785796621,0.24786903747843497,4.095795254974965,True,False,False
4.9697,1min,6,18,116.15420785796621,0.24786903747843497,4.095795254974965,True,False,False
5.2677,1min,6,18,116.15420785796621,0.24786903747843497,4.095795254974965,True,False,False
5.5657,1min,6,18,116.15420785796621,0.24786903747843497,4.095795254974965,True,False,False
5.8636,1min,6,18,116.15420785796621,0.24786903747843497,4.095795254974965,True,False,False
6.1616,1min,6,17,82.34401599105077,0.2703184998667384,4.004886164067317,True,False,False
6.4596,1min,6,16,68.68889460830394,0.3096144479633091,3.9139770731596686,True,False,False
6.7576,1min,6,16,68.68889460830394,0.3096144479633091,3.9139770731596686,True,False,False
7.0556,1min,6,15,60.124795033927086,0.34442894222396364,3.823067982252021,True,False,False
7.3535,1min,6,15,60.124795033927086,0.34442894222396364,3.823067982252021,True,False,False
7.6515,1min,6,13,35.221824770901875,0.350998897443012,3.5503407095276334,False,False,False
7.9495,1min,6,12,31.04905220199796,0.3173673671598351,3.368522527710894,False,True,False
8.2475,1min,6,11,23.327845911817075,0.34228088015129554,3.204447960692482,False,True,False
8.5455,1min,6,11,23.327845911817075,0.34228088015129554,3.204447960692482,False,True,False
8.8434,1min,6,9,20.61243559516792,0.32819345544652195,2.7721854604986884,False,True,False
9.1414,1min,6,9,20.61243559516792,0.32819345544652195,2.7721854604986884,False,True,False
9.4394,1min,6,9,20.61243559516792,0.32819345544652195,2.7721854604986884,False,True,False
9.7374,1min,6,8,14.798340681789131,0.2941118334362727,2.4771752334240826,False,True,False
10.0354,1min,6,8,14.798340681789131,0.2941118334362727,2.4771752334240826,False,True,False
10.3333,1min,6,7,8.71185050090138,0.2534104970802342,1.9762865966685312,False,True,False
10.6313,1min,6,7,8.71185050090138,0.2534104970802342,1.9762865966685312,False,True,False
10.9293,1min,6,7,8.71185050090138,0.2534104970802342,1.9762865966685312,False,True,False
11.2273,1min,6,7,8.71185050090138,0.2534104970802342,1.9762865966685312,False,True,False
11.5253,1min,6,7,8.71185050090138,0.2534104970802342,1.9762865966685312,False,True,False
11.8232,1min,6,7,8.71185050090138,0.2534104970802342,1.9762865966685312,False,True,False
12.1212,1min,6,7,8.71185050090138,0.2534104970802342,1.9762865966685312,False,True,False
12.4192,1min,6,6,10.675960370670712,0.3056125140038033,1.885377505760883,False,True,False
12.7172,1min,6,5,4.995746902205203,0.16092829267309625,1.2100285140275489,False,True,False
13.0152,1min,6,5,4.995746902205203,0.16092829267309625,1.2100285140275489,False,True,False
13.3131,1min,6,5,4.995746902205203,0.16092829267309625,1.2100285140275489,False,True,False
13.6111,1min,6,5,4.995746902205203,0.16092829267309625,1.2100285140275489,False,True,False
13.9091,1min,6,5,4.995746902205203,0.16092829267309625,1.2100285140275489,False,True,False
14.2071,1min,6,5,4.995746902205203,0.16092829267309625,1.2100285140275489,False,True,False
14.5051,1min,6,4,4.289205478254444,0.15232712191068917,0.7907669479302482,False,True,False
14.803,1min,6,4,4.289205478254444,0.15232712191068917,0.7907669479302482,False,True,False
15.101,1min,6,4,4.289205478254444,0.15232712191068917,0.7907669479302482,False,True,False
15.399,1min,6,4,4.289205478254444,0.15232712191068917,0.7907669479302482,False,True,False
15.697,1min,6,4,4.289205478254444,0.15232712191068917,0.7907669479302482,False,True,False
15.9949,1min,6,4,4.289205478254444,0.15232712191068917,0.7907669479302482,False,True,False
16.2929,1min,6,3,3.864718115020603,0.18617386820413587,0.5304060778262762,False,True,True
16.5909,1min,6,3,3.864718115020603,0.18617386820413587,0.5304060778262762,False,True,True
16.8889,1min,6,3,3.864718115020603,0.18617386820413587,0.5304060778262762,False,True,True
17.1869,1min,6,3,3.864718115020603,0.18617386820413587,0.5304060778262762,False,True,True
17.4848,1min,6,3,3.864718115020603,0.18617386820413587,0.5304060778262762,False,True,True
17.7828,1min,6,3,3.864718115020603,0.18617386820413587,0.5304060778262762,False,True,True
18.0808,1min,6,3,3.864718115020603,0.18617386820413587,0.5304060778262762,False,True,True
18.3788,1min,6,3,3.864718115020603,0.18617386820413587,0.5304060778262762,False,True,True
18.6768,1min,6,3,3.864718115020603,0.18617386820413587,0.5304060778262762,False,True,True
18.9747,1min,6,3,3.864718115020603,0.18617386820413587,0.5304060778262762,False,True,True
19.2727,1min,6,3,3.864718115020603,0.18617386820413587,0.5304060778262762,False,True,True
19.5707,1min,6,3,3.864718115020603,0.18617386820413587,0.5304060778262762,False,True,True
19.8687,1min,6,3,3.864718115020603,0.18617386820413587,0.5304060778262762,False,True,True
20.1667,1min,6,3,3.864718115020603,0.18617386820413587,0.5304060778262762,False,True,True
20.4646,1min,6,3,3.864718115020603,0.18617386820413587,0.5304060778262762,False,True,True
20.7626,1min,6,3,3.864718115020603,0.18617386820413587,0.5304060778262762,False,True,True
21.0606,1min,6,2,4.279481790327956,0.3761372022053017,0.2667649878001407,False,True,True
21.3586,1min,6,2,4.279481790327956,0.3761372022053017,0.2667649878001407,False,True,True
21.6566,1min,6,2,4.279481790327956,0.3761372022053017,0.2667649878001407,False,True,True
21.9545,1min,6,2,4.279481790327956,0.3761372022053017,0.2667649878001407,False,True,True
22.2525,1min,6,2,4.279481790327956,0.3761372022053017,0.2667649878001407,False,True,True
22.5505,1min,6,2,4.279481790327956,0.3761372022053017,0.2667649878001407,False,True,True
22.8485,1min,6,2,4.279481790327956,0.3761372022053017,0.2667649878001407,False,True,True
23.1465,1min,6,2,4.279481790327956,0.3761372022053017,0.2667649878001407,False,True,True
23.4444,1min,6,2,4.279481790327956,0.3761372022053017,0.2667649878001407,False,True,True
23.7424,1min,6,2,4.279481790327956,0.3761372022053017,0.2667649878001407,False,True,True
24.0404,1min,6,2,4.279481790327956,0.3761372022053017,0.2667649878001407,False,True,True
24.3384,1min,6,2,4.279481790327956,0.3761372022053017,0.2667649878001407,False,True,True
24.6364,1min,6,2,4.279481790327956,0.3761372022053017,0.2667649878001407,False,True,True
24.9343,1min,6,1,0.0,0.0,-1.4428232973175175e-12,False,False,True
25.2323,1min,6,1,0.0,0.0,-1.4428232973175175e-12,False,False,True
25.5303,1min,6,1,0.0,0.0,-1.4428232973175175e-12,False,False,True
25.8283,1min,6,1,0.0,0.0,-1.4428232973175175e-12,False,False,True
26.1263,1min,6,1,0.0,0.0,-1.4428232973175175e-12,False,False,True
26.4242,1min,6,1,0.0,0.0,-1.4428232973175175e-12,False,False,True
26.7222,1min,6,1,0.0,0.0,-1.4428232973175175e-12,False,False,True
27.0202,1min,6,1,0.0,0.0,-1.4428232973175175e-12,False,False,True
27.3182,1min,6,1,0.0,0.0,-1.4428232973175175e-12,False,False,True
27.6162,1min,6,1,0.0,0.0,-1.4428232973175175e-12,False,False,True
27.9141,1min,6,1,0.0,0.0,-1.4428232973175175e-12,False,False,True
28.2121,1min,6,1,0.0,0.0,-1.4428232973175175e-12,False,False,True
28.5101,1min,6,1,0.0,0.0,-1.4428232973175175e-12,False,False,True
28.8081,1min,6,1,0.0,0.0,-1.4428232973175175e-12,False,False,True
29.1061,1min,6,1,0.0,0.0,-1.4428232973175175e-12,False,False,True
29.404,1min,6,1,0.0,0.0,-1.4428232973175175e-12,False,False,True
29.702,1min,6,1,0.0,0.0,-1.4428232973175175e-12,False,False,True
30.0,1min,6,1,0.0,0.0,-1.4428232973175175e-12,False,False,True
0.5,1min,7,22,0.0,0.0,4.459431618605558,True,False,False
0.798,1min,7,22,0.0,0.0,4.459431618605558,True,False,False
1.096,1min,7,22,0.0,0.0,4.459431618605558,True,False,False
1.3939,1min,7,21,511.11576195559763,0.05998842507356545,4.368522527697911,True,False,False
1.6919,1min,7,21,511.11576195559763,0.05998842507356545,4.368522527697911,True,False,False
1.9899,1min,7,20,346.9923418209625,0.10658540747556312,4.277613436790262,True,False,False
2.2879,1min,7,19,273.57675339837476,0.1516699344410489,4.186704345882614,True,False,False
2.5859,1min,7,19,273.57675339837476,0.1516699344410489,4.186704345882614,True,False,False
2.8838,1min,7,19,273.57675339837476,0.1516699344410489,4.186704345882614,True,False,False
3.1818,1min,7,18,125.72722913408877,0.16255812925539784,4.061482186694808,True,False,False
3.4798,1min,7,16,107.93621194297303,0.21058523391459535,3.8453509365993535,True,False,False
3.7778,1min,7,15,90.57125205673702,0.23027615890280623,3.720128777411548,True,False,False
4.0758,1min,7,15,90.57125205673702,0.23027615890280623,3.720128777411548,True,False,False
4.3737,1min,7,14,42.467301885739424,0.16347429661123292,3.4474015046857183,False,False,False
4.6717,1min,7,14,42.467301885739424,0.16347429661123292,3.4474015046857183,False,False,False
4.9697,1min,7,13,41.63286678426565,0.19641011204101552,3.3221793454979123,False,False,False
5.2677,1min,7,13,41.63286678426565,0.19641011204101552,3.3221793454979123,False,False,False
5.5657,1min,7,13,41.63286678426565,0.19641011204101552,3.3221793454979123,False,False,False
5.8636,1min,7,12,28.68601062494575,0.211441056740958,2.946512867931609,False,True,False
6.1616,1min,7,11,22.37860725556922,0.24205308179723026,2.7333330526651967,False,True,False
6.4596,1min,7,11,22.37860725556922,0.24205308179723026,2.7333330526651967,False,True,False
6.7576,1min,7,11,22.37860725556922,0.24205308179723026,2.7333330526651967,False,True,False
7.0556,1min,7,11,22.37860725556922,0.24205308179723026,2.7333330526651967,False,True,False
7.3535,1min,7,11,22.37860725556922,0.24205308179723026,2.7333330526651967,False,True,False
7.6515,1min,7,10,25.176633435220086,0.25555779234204384,2.6424239617575482,False,True,False
7.9495,1min,7,10,25.176633435220086,0.25555779234204384,2.6424239617575482,False,True,False
8.2475,1min,7,8,25.18868771441898,0.40415219486806114,2.297453309110428,False,True,False
8.5455,1min,7,8,25.18868771441898,0.40415219486806114,2.297453309110428,False,True,False
8.8434,1min,7,8,25.18868771441898,0.40415219486806114,2.297453309110428,False,True,False
9.1414,1min,7,8,25.18868771441898,0.40415219486806114,2.297453309110428,False,True,False
9.4394,1min,7,8,25.18868771441898,0.40415219486806114,2.297453309110428,False,True,False
9.7374,1min,7,8,25.18868771441898,0.40415219486806114,2.297453309110428,False,True,False
10.0354,1min,7,8,25.18868771441898,0.40415219486806114,2.297453309110428,False,True,False
10.3333,1min,7,8,25.18868771441898,0.40415219486806114,2.297453309110428,False,True,False
10.6313,1min,7,8,25.18868771441898,0.40415219486806114,2.297453309110428,False,True,False
10.9293,1min,7,8,25.18868771441898,0.40415219486806114,2.297453309110428,False,True,False
11.2273,1min,7,7,10.072491948752647,0.27802925474388307,1.820438145401293,False,True,False
11.5253,1min,7,6,11.70677945422936,0.28545240225446356,1.6729330318647115,False,True,False
11.8232,1min,7,5,13.015638858606922,0.28661616564126907,1.508858464846299,False,True,False
12.1212,1min,7,5,13.015638858606922,0.28661616564126907,1.508858464846299,False,True,False
12.4192,1min,7,5,13.015638858606922,0.28661616564126907,1.508858464846299,False,True,False
12.7172,1min,7,5,13.015638858606922,0.28661616564126907,1.508858464846299,False,True,False
13.0152,1min,7,5,13.015638858606922,0.28661616564126907,1.508858464846299,False,True,False
13.3131,1min,7,4,17.41383805065064,0.3981412731092263,1.4179493739386508,False,True,False
13.6111,1min,7,4,17.41383805065064,0.3981412731092263,1.4179493739386508,False,True,False
13.9091,1min,7,3,16.472126754950793,0.43598157237862517,1.0226297788858414,False,True,True
14.2071,1min,7,3,16.472126754950793,0.43598157237862517,1.0226297788858414,False,True,True
14.5051,1min,7,3,16.472126754950793,0.43598157237862517,1.0226297788858414,False,True,True
14.803,1min,7,2,9.334627661591044,0.5527345967722036,0.2667649878001407,False,True,True
15.101,1min,7,2,9.334627661591044,0.5527345967722036,0.2667649878001407,False,True,True
15.399,1min,7,2,9.334627661591044,0.5527345967722036,0.2667649878001407,False,True,True
15.697,1min,7,2,9.334627661591044,0.5527345967722036,0.2667649878001407,False,True,True
15.9949,1min,7,2,9.334627661591044,0.5527345967722036,0.2667649878001407,False,True,True
16.2929,1min,7,2,9.334627661591044,0.5527345967722036,0.2667649878001407,False,True,True
16.5909,1min,7,2,9.334627661591044,0.5527345967722036,0.2667649878001407,False,True,True
16.8889,1min,7,2,9.334627661591044,0.5527345967722036,0.2667649878001407,False,True,True
17.1869,1min,7,2,9.334627661591044,0.5527345967722036,0.2667649878001407,False,True,True
17.4848,1min,7,2,9.334627661591044,0.5527345967722036,0.2667649878001407,False,True,True
17.7828,1min,7,2,9.334627661591044,0.5527345967722036,0.2667649878001407,False,True,True
18.0808,1min,7,2,9.334627661591044,0.5527345967722036,0.2667649878001407,False,True,True
18.3788,1min,7,2,9.334627661591044,0.5527345967722036,0.2667649878001407,False,True,True
18.6768,1min,7,2,9.334627661591044,0.5527345967722036,0.2667649878001407,False,True,True
18.9747,1min,7,2,9.334627661591044,0.5527345967722036,0.2667649878001407,False,True,True
19.2727,1min,7,2,9.334627661591044,0.5527345967722036,0.2667649878001407,False,True,True
19.5707,1min,7,2,9.334627661591044,0.5527345967722036,0.2667649878001407,False,True,True
19.8687,1min,7,2,9.334627661591044,0.5527345967722036,0.2667649878001407,False,True,True
20.1667,1min,7,2,9.334627661591044,0.5527345967722036,0.2667649878001407,False,True,True
20.4646,1min,7,2,9.334627661591044,0.5527345967722036,0.2667649878001407,False,True,True
20.7626,1min,7,2,9.334627661591044,0.5527345967722036,0.2667649878001407,False,True,True
21.0606,1min,7,2,9.334627661591044,0.5527345967722036,0.2667649878001407,False,True,True
21.3586,1min,7,2,9.334627661591044,0.5527345967722036,0.2667649878001407,False,True,True
21.6566,1min,7,2,9.334627661591044,0.5527345967722036,0.2667649878001407,False,True,True
21.9545,1min,7,2,9.334627661591044,0.5527345967722036,0.2667649878001407,False,True,True
22.2525,1min,7,2,9.334627661591044,0.5527345967722036,0.2667649878001407,False,True,True
22.5505,1min,7,2,9.334627661591044,0.5527345967722036,0.2667649878001407,False,True,True
22.8485,1min,7,2,9.334627661591044,0.5527345967722036,0.2667649878001407,False,True,True
23.1465,1min,7,2,9.334627661591044,0.5527345967722036,0.2667649878001407,False,True,True
23.4444,1min,7,2,9.334627661591044,0.5527345967722036,0.2667649878001407,False,True,True
23.7424,1min,7,2,9.334627661591044,0.5527345967722036,0.2667649878001407,False,True,True
24.0404,1min,7,2,9.334627661591044,0.5527345967722036,0.2667649878001407,False,True,True
24.3384,1min,7,2,9.334627661591044,0.5527345967722036,0.2667649878001407,False,True,True
24.6364,1min,7,2,9.334627661591044,0.5527345967722036,0.2667649878001407,False,True,True
24.9343,1min,7,2,9.334627661591044,0.5527345967722036,0.2667649878001407,False,True,True
25.2323,1min,7,2,9.334627661591044,0.5527345967722036,0.2667649878001407,False,True,True
25.5303,1min,7,2,9.334627661591044,0.5527345967722036,0.2667649878001407,False,True,True
25.8283,1min,7,2,9.334627661591044,0.5527345967722036,0.2667649878001407,False,True,True
26.1263,1min,7,2,9.334627661591044,0.5527345967722036,0.2667649878001407,False,True,True
26.4242,1min,7,2,9.334627661591044,0.5527345967722036,0.2667649878001407,False,True,True
26.7222,1min,7,2,9.334627661591044,0.5527345967722036,0.2667649878001407,False,True,True
27.0202,1min,7,2,9.334627661591044,0.5527345967722036,0.2667649878001407,False,True,True
27.3182,1min,7,2,9.334627661591044,0.5527345967722036,0.2667649878001407,False,True,True
27.6162,1min,7,2,9.334627661591044,0.5527345967722036,0.2667649878001407,False,True,True
27.9141,1min,7,2,9.334627661591044,0.5527345967722036,0.2667649878001407,False,True,True
28.2121,1min,7,2,9.334627661591044,0.5527345967722036,0.2667649878001407,False,True,True
28.5101,1min,7,2,9.334627661591044,0.5527345967722036,0.2667649878001407,False,True,True
28.8081,1min,7,2,9.334627661591044,0.5527345967722036,0.2667649878001407,False,True,True
29.1061,1min,7,2,9.334627661591044,0.5527345967722036,0.2667649878001407,False,True,True
29.404,1min,7,2,9.334627661591044,0.5527345967722036,0.2667649878001407,False,True,True
29.702,1min,7,2,9.334627661591044,0.5527345967722036,0.2667649878001407,False,True,True
30.0,1min,7,2,9.334627661591044,0.5527345967722036,0.2667649878001407,False,True,True
0.5,1min,8,22,0.0,0.0,4.459431618605558,True,False,False
0.798,1min,8,22,0.0,0.0,4.459431618605558,True,False,False
1.096,1min,8,21,1169.6596844390344,0.04210697278040582,4.368522527697911,True,False,False
1.3939,1min,8,21,1169.6596844390344,0.04210697278040582,4.368522527697911,True,False,False
1.6919,1min,8,20,427.6647306614834,0.11740523007393812,4.243300368510105,True,False,False
1.9899,1min,8,20,427.6647306614834,0.11740523007393812,4.243300368510105,True,False,False
2.2879,1min,8,19,330.2489256756709,0.1876314059260649,4.152391277602456,True,False,False
2.5859,1min,8,19,330.2489256756709,0.1876314059260649,4.152391277602456,True,False,False
2.8838,1min,8,19,330.2489256756709,0.1876314059260649,4.152391277602456,True,False,False
3.1818,1min,8,19,330.2489256756709,0.1876314059260649,4.152391277602456,True,False,False
3.4798,1min,8,19,330.2489256756709,0.1876314059260649,4.152391277602456,True,False,False
3.7778,1min,8,18,196.8996600557902,0.2431711153710925,4.061482186694808,True,False,False
4.0758,1min,8,18,196.8996600557902,0.2431711153710925,4.061482186694808,True,False,False
4.3737,1min,8,17,151.72657087882484,0.3023713432511553,3.9705730957871594,True,False,False
4.6717,1min,8,17,151.72657087882484,0.3023713432511553,3.9705730957871594,True,False,False
4.9697,1min,8,17,151.72657087882484,0.3023713432511553,3.9705730957871594,True,False,False
5.2677,1min,8,17,151.72657087882484,0.3023713432511553,3.9705730957871594,True,False,False
5.5657,1min,8,17,151.72657087882484,0.3023713432511553,3.9705730957871594,True,False,False
5.8636,1min,8,16,105.91031982238232,0.33701795592858264,3.879664004879511,True,False,False
6.1616,1min,8,16,105.91031982238232,0.33701795592858264,3.879664004879511,True,False,False
6.4596,1min,8,15,86.9597600165807,0.38063118778967875,3.7887549139718635,True,False,False
6.7576,1min,8,15,86.9597600165807,0.38063118778967875,3.7887549139718635,True,False,False
7.0556,1min,8,15,86.9597600165807,0.38063118778967875,3.7887549139718635,True,False,False
7.3535,1min,8,14,73.30732498437376,0.41430372880647554,3.697845823064215,False,False,False
7.6515,1min,8,14,73.30732498437376,0.41430372880647554,3.697845823064215,False,False,False
7.9495,1min,8,14,73.30732498437376,0.41430372880647554,3.697845823064215,False,False,False
8.2475,1min,8,14,73.30732498437376,0.41430372880647554,3.697845823064215,False,False,False
8.5455,1min,8,13,49.4083814367263,0.40716851191151543,3.572623663876409,False,False,False
8.8434,1min,8,13,49.4083814367263,0.40716851191151543,3.572623663876409,False,False,False
9.1414,1min,8,11,34.69417309349908,0.37784907475069646,3.265583322871864,False,True,False
9.4394,1min,8,11,34.69417309349908,0.37784907475069646,3.265583322871864,False,True,False
9.7374,1min,8,10,31.021574766262788,0.3858151106076018,3.140361163684058,False,True,False
10.0354,1min,8,9,20.258300913166583,0.33057044588339524,2.8268794840382387,False,True,False
10.3333,1min,8,8,22.156691513045057,0.35288750680915437,2.679374370501657,False,True,False
10.6313,1min,8,7,16.859015397837492,0.3077668695670667,2.4587037808543117,False,True,False
10.9293,1min,8,6,11.591381658825759,0.20377388030182975,2.058117008478167,False,True,False
11.2273,1min,8,5,6.3831676633573435,0.12496194464343544,1.432006212533367,False,True,False
11.5253,1min,8,3,7.186674948282072,0.21747188776892903,0.9373012413031615,False,True,True
11.8232,1min,8,3,7.186674948282072,0.21747188776892903,0.9373012413031615,False,True,True
12.1212,1min,8,3,7.186674948282072,0.21747188776892903,0.9373012413031615,False,True,True
12.4192,1min,8,3,7.186674948282072,0.21747188776892903,0.9373012413031615,False,True,True
12.7172,1min,8,2,6.355803080111163,0.4416367641789366,0.2667649878001407,False,True,True
13.0152,1min,8,2,6.355803080111163,0.4416367641789366,0.2667649878001407,False,True,True
13.3131,1min,8,2,6.355803080111163,0.4416367641789366,0.2667649878001407,False,True,True
13.6111,1min,8,2,6.355803080111163,0.4416367641789366,0.2667649878001407,False,True,True
13.9091,1min,8,2,6.355803080111163,0.4416367641789366,0.2667649878001407,False,True,True
14.2071,1min,8,2,6.355803080111163,0.4416367641789366,0.2667649878001407,False,True,True
14.5051,1min,8,2,6.355803080111163,0.4416367641789366,0.2667649878001407,False,True,True
14.803,1min,8,2,6.355803080111163,0.4416367641789366,0.2667649878001407,False,True,True
15.101,1min,8,2,6.355803080111163,0.4416367641789366,0.2667649878001407,False,True,True
15.399,1min,8,2,6.355803080111163,0.4416367641789366,0.2667649878001407,False,True,True
15.697,1min,8,2,6.355803080111163,0.4416367641789366,0.2667649878001407,False,True,True
15.9949,1min,8,2,6.355803080111163,0.4416367641789366,0.2667649878001407,False,True,True
16.2929,1min,8,2,6.355803080111163,0.4416367641789366,0.2667649878001407,False,True,True
16.5909,1min,8,2,6.355803080111163,0.4416367641789366,0.2667649878001407,False,True,True
16.8889,1min,8,2,6.355803080111163,0.4416367641789366,0.2667649878001407,False,True,True
17.1869,1min,8,2,6.355803080111163,0.4416367641789366,0.2667649878001407,False,True,True
17.4848,1min,8,2,6.355803080111163,0.4416367641789366,0.2667649878001407,False,True,True
17.7828,1min,8,2,6.355803080111163,0.4416367641789366,0.2667649878001407,False,True,True
18.0808,1min,8,2,6.355803080111163,0.4416367641789366,0.2667649878001407,False,True,True
18.3788,1min,8,2,6.355803080111163,0.4416367641789366,0.2667649878001407,False,True,True
18.6768,1min,8,2,6.355803080111163,0.4416367641789366,0.2667649878001407,False,True,True
18.9747,1min,8,2,6.355803080111163,0.4416367641789366,0.2667649878001407,False,True,True
19.2727,1min,8,2,6.355803080111163,0.4416367641789366,0.2667649878001407,False,True,True
19.5707,1min,8,2,6.355803080111163,0.4416367641789366,0.2667649878001407,False,True,True
19.8687,1min,8,2,6.355803080111163,0.4416367641789366,0.2667649878001407,False,True,True
20.1667,1min,8,2,6.355803080111163,0.4416367641789366,0.2667649878001407,False,True,True
20.4646,1min,8,2,6.355803080111163,0.4416367641789366,0.2667649878001407,False,True,True
20.7626,1min,8,2,6.355803080111163,0.4416367641789366,0.2667649878001407,False,True,True
21.0606,1min,8,2,6.355803080111163,0.4416367641789366,0.2667649878001407,False,True,True
21.3586,1min,8,2,6.355803080111163,0.4416367641789366,0.2667649878001407,False,True,True
21.6566,1min,8,2,6.355803080111163,0.4416367641789366,0.2667649878001407,False,True,True
21.9545,1min,8,2,6.355803080111163,0.4416367641789366,0.2667649878001407,False,True,True
22.2525,1min,8,2,6.355803080111163,0.4416367641789366,0.2667649878001407,False,True,True
22.5505,1min,8,2,6.355803080111163,0.4416367641789366,0.2667649878001407,False,True,True
22.8485,1min,8,2,6.355803080111163,0.4416367641789366,0.2667649878001407,False,True,True
23.1465,1min,8,2,6.355803080111163,0.4416367641789366,0.2667649878001407,False,True,True
23.4444,1min,8,2,6.355803080111163,0.4416367641789366,0.2667649878001407,False,True,True
23.7424,1min,8,2,6.355803080111163,0.4416367641789366,0.2667649878001407,False,True,True
24.0404,1min,8,2,6.355803080111163,0.4416367641789366,0.2667649878001407,False,True,True
24.3384,1min,8,2,6.355803080111163,0.4416367641789366,0.2667649878001407,False,True,True
24.6364,1min,8,2,6.355803080111163,0.4416367641789366,0.2667649878001407,False,True,True
24.9343,1min,8,2,6.355803080111163,0.4416367641789366,0.2667649878001407,False,True,True
25.2323,1min,8,2,6.355803080111163,0.4416367641789366,0.2667649878001407,False,True,True
25.5303,1min,8,2,6.355803080111163,0.4416367641789366,0.2667649878001407,False,True,True
25.8283,1min,8,2,6.355803080111163,0.4416367641789366,0.2667649878001407,False,True,True
26.1263,1min,8,2,6.355803080111163,0.4416367641789366,0.2667649878001407,False,True,True
26.4242,1min,8,2,6.355803080111163,0.4416367641789366,0.2667649878001407,False,True,True
26.7222,1min,8,2,6.355803080111163,0.4416367641789366,0.2667649878001407,False,True,True
27.0202,1min,8,2,6.355803080111163,0.4416367641789366,0.2667649878001407,False,True,True
27.3182,1min,8,2,6.355803080111163,0.4416367641789366,0.2667649878001407,False,True,True
27.6162,1min,8,2,6.355803080111163,0.4416367641789366,0.2667649878001407,False,True,True
27.9141,1min,8,1,0.0,0.0,-1.4428232973175175e-12,False,False,True
28.2121,1min,8,1,0.0,0.0,-1.4428232973175175e-12,False,False,True
28.5101,1min,8,1,0.0,0.0,-1.4428232973175175e-12,False,False,True
28.8081,1min,8,1,0.0,0.0,-1.4428232973175175e-12,False,False,True
29.1061,1min,8,1,0.0,0.0,-1.4428232973175175e-12,False,False,True
29.404,1min,8,1,0.0,0.0,-1.4428232973175175e-12,False,False,True
29.702,1min,8,1,0.0,0.0,-1.4428232973175175e-12,False,False,True
30.0,1min,8,1,0.0,0.0,-1.4428232973175175e-12,False,False,True
0.5,1min,9,22,0.0,0.0,4.459431618605558,True,False,False
0.798,1min,9,22,0.0,0.0,4.459431618605558,True,False,False
1.096,1min,9,22,0.0,0.0,4.459431618605558,True,False,False
1.3939,1min,9,22,0.0,0.0,4.459431618605558,True,False,False
1.6919,1min,9,22,0.0,0.0,4.459431618605558,True,False,False
1.9899,1min,9,20,227.06592918893477,0.14189904346492488,4.277613436790262,True,False,False
2.2879,1min,9,19,221.28902335656346,0.2010152636141493,4.186704345882614,True,False,False
2.5859,1min,9,19,221.28902335656346,0.2010152636141493,4.186704345882614,True,False,False
2.8838,1min,9,18,199.2027468441757,0.23401750483257702,4.095795254974965,True,False,False
3.1818,1min,9,18,199.2027468441757,0.23401750483257702,4.095795254974965,True,False,False
3.4798,1min,9,17,171.7647460137856,0.29769516084748476,4.004886164067317,True,False,False
3.7778,1min,9,16,148.38426050197873,0.33688314651747614,3.9139770731596686,True,False,False
4.0758,1min,9,16,148.38426050197873,0.33688314651747614,3.9139770731596686,True,False,False
4.3737,1min,9,15,82.23888694699637,0.327074047718581,3.73215889134293,True,False,False
4.6717,1min,9,15,82.23888694699637,0.327074047718581,3.73215889134293,True,False,False
4.9697,1min,9,15,82.23888694699637,0.327074047718581,3.73215889134293,True,False,False
5.2677,1min,9,15,82.23888694699637,0.327074047718581,3.73215889134293,True,False,False
5.5657,1min,9,14,57.7903552033049,0.36566071002225087,3.5680843243245173,False,False,False
5.8636,1min,9,13,59.13766840156123,0.38561027669719805,3.4771752334168693,False,False,False
6.1616,1min,9,12,56.88824400662648,0.3823080211041083,3.3519530742290633,False,True,False
6.4596,1min,9,9,25.235301758995814,0.30217525601853884,2.6793743705002147,False,True,False
6.7576,1min,9,9,25.235301758995814,0.30217525601853884,2.6793743705002147,False,True,False
7.0556,1min,9,9,25.235301758995814,0.30217525601853884,2.6793743705002147,False,True,False
7.3535,1min,9,9,25.235301758995814,0.30217525601853884,2.6793743705002147,False,True,False
7.6515,1min,9,8,6.406074204457957,0.016507360855534683,2.0909899669969283,False,True,False
7.9495,1min,9,8,6.406074204457957,0.016507360855534683,2.0909899669969283,False,True,False
8.2475,1min,9,8,6.406074204457957,0.016507360855534683,2.0909899669969283,False,True,False
8.5455,1min,9,8,6.406074204457957,0.016507360855534683,2.0909899669969283,False,True,False
8.8434,1min,9,8,6.406074204457957,0.016507360855534683,2.0909899669969283,False,True,False
9.1414,1min,9,7,7.0070102321215195,0.027170954918758983,1.704733485257754,False,True,False
9.4394,1min,9,6,7.329938166320969,0.08814934527755498,1.4594316186286411,False,True,False
9.7374,1min,9,6,7.329938166320969,0.08814934527755498,1.4594316186286411,False,True,False
10.0354,1min,9,6,7.329938166320969,0.08814934527755498,1.4594316186286411,False,True,False
10.3333,1min,9,6,7.329938166320969,0.08814934527755498,1.4594316186286411,False,True,False
10.6313,1min,9,6,7.329938166320969,0.08814934527755498,1.4594316186286411,False,True,False
10.9293,1min,9,6,7.329938166320969,0.08814934527755498,1.4594316186286411,False,True,False
11.2273,1min,9,6,7.329938166320969,0.08814934527755498,1.4594316186286411,False,True,False
11.5253,1min,9,6,7.329938166320969,0.08814934527755498,1.4594316186286411,False,True,False
11.8232,1min,9,5,7.1475992558977754,0.19200691669168507,1.210028514027549,False,True,False
12.1212,1min,9,3,11.647322647760646,0.3985726741879246,0.8315435491727377,False,True,True
12.4192,1min,9,3,11.647322647760646,0.3985726741879246,0.8315435491727377,False,True,True
12.7172,1min,9,3,11.647322647760646,0.3985726741879246,0.8315435491727377,False,True,True
13.0152,1min,9,3,11.647322647760646,0.3985726741879246,0.8315435491727377,False,True,True
13.3131,1min,9,3,11.647322647760646,0.3985726741879246,0.8315435491727377,False,True,True
13.6111,1min,9,3,11.647322647760646,0.3985726741879246,0.8315435491727377,False,True,True
13.9091,1min,9,3,11.647322647760646,0.3985726741879246,0.8315435491727377,False,True,True
14.2071,1min,9,3,11.647322647760646,0.3985726741879246,0.8315435491727377,False,True,True
14.5051,1min,9,3,11.647322647760646,0.3985726741879246,0.8315435491727377,False,True,True
14.803,1min,9,3,11.647322647760646,0.3985726741879246,0.8315435491727377,False,True,True
15.101,1min,9,3,11.647322647760646,0.3985726741879246,0.8315435491727377,False,True,True
15.399,1min,9,3,11.647322647760646,0.3985726741879246,0.8315435491727377,False,True,True
15.697,1min,9,3,11.647322647760646,0.3985726741879246,0.8315435491727377,False,True,True
15.9949,1min,9,3,11.647322647760646,0.3985726741879246,0.8315435491727377,False,True,True
16.2929,1min,9,3,11.647322647760646,0.3985726741879246,0.8315435491727377,False,True,True
16.5909,1min,9,3,11.647322647760646,0.3985726741879246,0.8315435491727377,False,True,True
16.8889,1min,9,3,11.647322647760646,0.3985726741879246,0.8315435491727377,False,True,True
17.1869,1min,9,2,9.989496394964787,0.5532805325305827,0.2667649878001407,False,True,True
17.4848,1min,9,2,9.989496394964787,0.5532805325305827,0.2667649878001407,False,True,True
17.7828,1min,9,2,9.989496394964787,0.5532805325305827,0.2667649878001407,False,True,True
18.0808,1min,9,2,9.989496394964787,0.5532805325305827,0.2667649878001407,False,True,True
18.3788,1min,9,2,9.989496394964787,0.5532805325305827,0.2667649878001407,False,True,True
18.6768,1min,9,2,9.989496394964787,0.5532805325305827,0.2667649878001407,False,True,True
18.9747,1min,9,2,9.989496394964787,0.5532805325305827,0.2667649878001407,False,True,True
19.2727,1min,9,2,9.989496394964787,0.5532805325305827,0.2667649878001407,False,True,True
19.5707,1min,9,2,9.989496394964787,0.5532805325305827,0.2667649878001407,False,True,True
19.8687,1min,9,2,9.989496394964787,0.5532805325305827,0.2667649878001407,False,True,True
20.1667,1min,9,2,9.989496394964787,0.5532805325305827,0.2667649878001407,False,True,True
20.4646,1min,9,2,9.989496394964787,0.5532805325305827,0.2667649878001407,False,True,True
20.7626,1min,9,2,9.989496394964787,0.5532805325305827,0.2667649878001407,False,True,True
21.0606,1min,9,2,9.989496394964787,0.5532805325305827,0.2667649878001407,False,True,True
21.3586,1min,9,2,9.989496394964787,0.5532805325305827,0.2667649878001407,False,True,True
21.6566,1min,9,2,9.989496394964787,0.5532805325305827,0.2667649878001407,False,True,True
21.9545,1min,9,2,9.989496394964787,0.5532805325305827,0.2667649878001407,False,True,True
22.2525,1min,9,2,9.989496394964787,0.5532805325305827,0.2667649878001407,False,True,True
22.5505,1min,9,2,9.989496394964787,0.5532805325305827,0.2667649878001407,False,True,True
22.8485,1min,9,2,9.989496394964787,0.5532805325305827,0.2667649878001407,False,True,True
23.1465,1min,9,2,9.989496394964787,0.5532805325305827,0.2667649878001407,False,True,True
23.4444,1min,9,2,9.989496394964787,0.5532805325305827,0.2667649878001407,False,True,True
23.7424,1min,9,2,9.989496394964787,0.5532805325305827,0.2667649878001407,False,True,True
24.0404,1min,9,2,9.989496394964787,0.5532805325305827,0.2667649878001407,False,True,True
24.3384,1min,9,2,9.989496394964787,0.5532805325305827,0.2667649878001407,False,True,True
24.6364,1min,9,2,9.989496394964787,0.5532805325305827,0.2667649878001407,False,True,True
24.9343,1min,9,2,9.989496394964787,0.5532805325305827,0.2667649878001407,False,True,True
25.2323,1min,9,2,9.989496394964787,0.5532805325305827,0.2667649878001407,False,True,True
25.5303,1min,9,2,9.989496394964787,0.5532805325305827,0.2667649878001407,False,True,True
25.8283,1min,9,2,9.989496394964787,0.5532805325305827,0.2667649878001407,False,True,True
26.1263,1min,9,2,9.989496394964787,0.5532805325305827,0.2667649878001407,False,True,True
26.4242,1min,9,2,9.989496394964787,0.5532805325305827,0.2667649878001407,False,True,True
26.7222,1min,9,2,9.989496394964787,0.5532805325305827,0.2667649878001407,False,True,True
27.0202,1min,9,2,9.989496394964787,0.5532805325305827,0.2667649878001407,False,True,True
27.3182,1min,9,2,9.989496394964787,0.5532805325305827,0.2667649878001407,False,True,True
27.6162,1min,9,2,9.989496394964787,0.5532805325305827,0.2667649878001407,False,True,True
27.9141,1min,9,2,9.989496394964787,0.5532805325305827,0.2667649878001407,False,True,True
28.2121,1min,9,2,9.989496394964787,0.5532805325305827,0.2667649878001407,False,True,True
28.5101,1min,9,2,9.989496394964787,0.5532805325305827,0.2667649878001407,False,True,True
28.8081,1min,9,2,9.989496394964787,0.5532805325305827,0.2667649878001407,False,True,True
29.1061,1min,9,2,9.989496394964787,0.5532805325305827,0.2667649878001407,False,True,True
29.404,1min,9,2,9.989496394964787,0.5532805325305827,0.2667649878001407,False,True,True
29.702,1min,9,2,9.989496394964787,0.5532805325305827,0.2667649878001407,False,True,True
30.0,1min,9,2,9.989496394964787,0.5532805325305827,0.2667649878001407,False,True,True
0.5,1min,10,22,0.0,0.0,4.459431618605558,True,False,False
0.798,1min,10,21,1306.2508443096588,0.044033286114718566,4.368522527697911,True,False,False
1.096,1min,10,19,1015.0702131309469,0.16110462369654097,4.186704345882614,True,False,False
1.3939,1min,10,17,640.8831130410441,0.2613671042366601,3.9705730957871594,True,False,False
1.6919,1min,10,16,600.9671801752521,0.30518713570940176,3.879664004879511,True,False,False
1.9899,1min,10,14,308.8170708113855,0.33337935871450636,3.6069367321551242,False,False,False
2.2879,1min,10,14,308.8170708113855,0.33337935871450636,3.6069367321551242,False,False,False
2.5859,1min,10,13,241.0494350201161,0.32869659099186377,3.4817145729673182,False,False,False
2.8838,1min,10,12,208.9269396887798,0.347223659902216,3.299896391150579,False,True,False
3.1818,1min,10,10,75.96634692278055,0.31645283609776576,2.7887549139790764,False,True,False
3.4798,1min,10,9,72.69763394328227,0.3977288428622297,2.4752732343332573,False,True,False
3.7778,1min,10,9,72.69763394328227,0.3977288428622297,2.4752732343332573,False,True,False
4.0758,1min,10,9,72.69763394328227,0.3977288428622297,2.4752732343332573,False,True,False
4.3737,1min,10,9,72.69763394328227,0.3977288428622297,2.4752732343332573,False,True,False
4.6717,1min,10,9,72.69763394328227,0.3977288428622297,2.4752732343332573,False,True,False
4.9697,1min,10,9,72.69763394328227,0.3977288428622297,2.4752732343332573,False,True,False
5.2677,1min,10,9,72.69763394328227,0.3977288428622297,2.4752732343332573,False,True,False
5.5657,1min,10,9,72.69763394328227,0.3977288428622297,2.4752732343332573,False,True,False
5.8636,1min,10,9,72.69763394328227,0.3977288428622297,2.4752732343332573,False,True,False
6.1616,1min,10,9,72.69763394328227,0.3977288428622297,2.4752732343332573,False,True,False
6.4596,1min,10,8,78.42879469242135,0.44562621993670565,2.384364143425609,False,True,False
6.7576,1min,10,8,78.42879469242135,0.44562621993670565,2.384364143425609,False,True,False
7.0556,1min,10,7,31.94361720783667,0.3452479062178701,2.056215009387342,False,True,False
7.3535,1min,10,6,26.238215967589866,0.32171620238376203,1.836466515928028,False,True,False
7.6515,1min,10,6,26.238215967589866,0.32171620238376203,1.836466515928028,False,True,False
7.9495,1min,10,5,17.13641831346313,0.20497720011957765,1.0476747992681918,False,True,False
8.2475,1min,10,5,17.13641831346313,0.20497720011957765,1.0476747992681918,False,True,False
8.5455,1min,10,5,17.13641831346313,0.20497720011957765,1.0476747992681918,False,True,False
8.8434,1min,10,5,17.13641831346313,0.20497720011957765,1.0476747992681918,False,True,False
9.1414,1min,10,5,17.13641831346313,0.20497720011957765,1.0476747992681918,False,True,False
9.4394,1min,10,5,17.13641831346313,0.20497720011957765,1.0476747992681918,False,True,False
9.7374,1min,10,5,17.13641831346313,0.20497720011957765,1.0476747992681918,False,True,False
10.0354,1min,10,4,20.668558142317238,0.3993545133305387,0.7907669479302482,False,True,False
10.3333,1min,10,4,20.668558142317238,0.3993545133305387,0.7907669479302482,False,True,False
10.6313,1min,10,4,20.668558142317238,0.3993545133305387,0.7907669479302482,False,True,False
10.9293,1min,10,4,20.668558142317238,0.3993545133305387,0.7907669479302482,False,True,False
11.2273,1min,10,4,20.668558142317238,0.3993545133305387,0.7907669479302482,False,True,False
11.5253,1min,10,4,20.668558142317238,0.3993545133305387,0.7907669479302482,False,True,False
11.8232,1min,10,4,20.668558142317238,0.3993545133305387,0.7907669479302482,False,True,False
12.1212,1min,10,4,20.668558142317238,0.3993545133305387,0.7907669479302482,False,True,False
12.4192,1min,10,4,20.668558142317238,0.3993545133305387,0.7907669479302482,False,True,False
12.7172,1min,10,4,20.668558142317238,0.3993545133305387,0.7907669479302482,False,True,False
13.0152,1min,10,4,20.668558142317238,0.3993545133305387,0.7907669479302482,False,True,False
13.3131,1min,10,4,20.668558142317238,0.3993545133305387,0.7907669479302482,False,True,False
13.6111,1min,10,4,20.668558142317238,0.3993545133305387,0.7907669479302482,False,True,False
13.9091,1min,10,4,20.668558142317238,0.3993545133305387,0.7907669479302482,False,True,False
14.2071,1min,10,4,20.668558142317238,0.3993545133305387,0.7907669479302482,False,True,False
14.5051,1min,10,4,20.668558142317238,0.3993545133305387,0.7907669479302482,False,True,False
14.803,1min,10,4,20.668558142317238,0.3993545133305387,0.7907669479302482,False,True,False
15.101,1min,10,4,20.668558142317238,0.3993545133305387,0.7907669479302482,False,True,False
15.399,1min,10,3,23.03487437618943,0.5999501460718585,0.5304060778262762,False,True,True
15.697,1min,10,3,23.03487437618943,0.5999501460718585,0.5304060778262762,False,True,True
15.9949,1min,10,3,23.03487437618943,0.5999501460718585,0.5304060778262762,False,True,True
16.2929,1min,10,3,23.03487437618943,0.5999501460718585,0.5304060778262762,False,True,True
16.5909,1min,10,3,23.03487437618943,0.5999501460718585,0.5304060778262762,False,True,True
16.8889,1min,10,3,23.03487437618943,0.5999501460718585,0.5304060778262762,False,True,True
17.1869,1min,10,3,23.03487437618943,0.5999501460718585,0.5304060778262762,False,True,True
17.4848,1min,10,3,23.03487437618943,0.5999501460718585,0.5304060778262762,False,True,True
17.7828,1min,10,3,23.03487437618943,0.5999501460718585,0.5304060778262762,False,True,True
18.0808,1min,10,3,23.03487437618943,0.5999501460718585,0.5304060778262762,False,True,True
18.3788,1min,10,3,23.03487437618943,0.5999501460718585,0.5304060778262762,False,True,True
18.6768,1min,10,3,23.03487437618943,0.5999501460718585,0.5304060778262762,False,True,True
18.9747,1min,10,3,23.03487437618943,0.5999501460718585,0.5304060778262762,False,True,True
19.2727,1min,10,3,23.03487437618943,0.5999501460718585,0.5304060778262762,False,True,True
19.5707,1min,10,3,23.03487437618943,0.5999501460718585,0.5304060778262762,False,True,True
19.8687,1min,10,3,23.03487437618943,0.5999501460718585,0.5304060778262762,False,True,True
20.1667,1min,10,3,23.03487437618943,0.5999501460718585,0.5304060778262762,False,True,True
20.4646,1min,10,3,23.03487437618943,0.5999501460718585,0.5304060778262762,False,True,True
20.7626,1min,10,3,23.03487437618943,0.5999501460718585,0.5304060778262762,False,True,True
21.0606,1min,10,3,23.03487437618943,0.5999501460718585,0.5304060778262762,False,True,True
21.3586,1min,10,3,23.03487437618943,0.5999501460718585,0.5304060778262762,False,True,True
21.6566,1min,10,3,23.03487437618943,0.5999501460718585,0.5304060778262762,False,True,True
21.9545,1min,10,3,23.03487437618943,0.5999501460718585,0.5304060778262762,False,True,True
22.2525,1min,10,3,23.03487437618943,0.5999501460718585,0.5304060778262762,False,True,True
22.5505,1min,10,3,23.03487437618943,0.5999501460718585,0.5304060778262762,False,True,True
22.8485,1min,10,3,23.03487437618943,0.5999501460718585,0.5304060778262762,False,True,True
23.1465,1min,10,3,23.03487437618943,0.5999501460718585,0.5304060778262762,False,True,True
23.4444,1min,10,3,23.03487437618943,0.5999501460718585,0.5304060778262762,False,True,True
23.7424,1min,10,3,23.03487437618943,0.5999501460718585,0.5304060778262762,False,True,True
24.0404,1min,10,3,23.03487437618943,0.5999501460718585,0.5304060778262762,False,True,True
24.3384,1min,10,3,23.03487437618943,0.5999501460718585,0.5304060778262762,False,True,True
24.6364,1min,10,3,23.03487437618943,0.5999501460718585,0.5304060778262762,False,True,True
24.9343,1min,10,3,23.03487437618943,0.5999501460718585,0.5304060778262762,False,True,True
25.2323,1min,10,3,23.03487437618943,0.5999501460718585,0.5304060778262762,False,True,True
25.5303,1min,10,3,23.03487437618943,0.5999501460718585,0.5304060778262762,False,True,True
25.8283,1min,10,2,20.081262003260566,0.7082839711335428,0.2667649878001407,False,True,True
26.1263,1min,10,2,20.081262003260566,0.7082839711335428,0.2667649878001407,False,True,True
26.4242,1min,10,2,20.081262003260566,0.7082839711335428,0.2667649878001407,False,True,True
26.7222,1min,10,2,20.081262003260566,0.7082839711335428,0.2667649878001407,False,True,True
27.0202,1min,10,2,20.081262003260566,0.7082839711335428,0.2667649878001407,False,True,True
27.3182,1min,10,2,20.081262003260566,0.7082839711335428,0.2667649878001407,False,True,True
27.6162,1min,10,2,20.081262003260566,0.7082839711335428,0.2667649878001407,False,True,True
27.9141,1min,10,2,20.081262003260566,0.7082839711335428,0.2667649878001407,False,True,True
28.2121,1min,10,2,20.081262003260566,0.7082839711335428,0.2667649878001407,False,True,True
28.5101,1min,10,2,20.081262003260566,0.7082839711335428,0.2667649878001407,False,True,True
28.8081,1min,10,2,20.081262003260566,0.7082839711335428,0.2667649878001407,False,True,True
29.1061,1min,10,2,20.081262003260566,0.7082839711335428,0.2667649878001407,False,True,True
29.404,1min,10,2,20.081262003260566,0.7082839711335428,0.2667649878001407,False,True,True
29.702,1min,10,2,20.081262003260566,0.7082839711335428,0.2667649878001407,False,True,True
30.0,1min,10,2,20.081262003260566,0.7082839711335428,0.2667649878001407,False,True,True
0.5,1min,11,22,0.0,0.0,4.459431618605558,True,False,False
0.798,1min,11,22,0.0,0.0,4.459431618605558,True,False,False
1.096,1min,11,22,0.0,0.0,4.459431618605558,True,False,False
1.3939,1min,11,22,0.0,0.0,4.459431618605558,True,False,False
1.6919,1min,11,22,0.0,0.0,4.459431618605558,True,False,False
1.9899,1min,11,22,0.0,0.0,4.459431618605558,True,False,False
2.2879,1min,11,22,0.0,0.0,4.459431618605558,True,False,False
2.5859,1min,11,21,136.82280785752363,0.04157465439590944,4.368522527697911,True,False,False
2.8838,1min,11,20,120.54836462907933,0.10656132460407303,4.277613436790262,True,False,False
3.1818,1min,11,20,120.54836462907933,0.10656132460407303,4.277613436790262,True,False,False
3.4798,1min,11,20,120.54836462907933,0.10656132460407303,4.277613436790262,True,False,False
3.7778,1min,11,20,120.54836462907933,0.10656132460407303,4.277613436790262,True,False,False
4.0758,1min,11,20,120.54836462907933,0.10656132460407303,4.277613436790262,True,False,False
4.3737,1min,11,18,38.07762357194679,0.09063756790368711,4.004886164065875,True,False,False
4.6717,1min,11,18,38.07762357194679,0.09063756790368711,4.004886164065875,True,False,False
4.9697,1min,11,15,36.503778679652584,0.2324221951628853,3.6589934152321657,True,False,False
5.2677,1min,11,15,36.503778679652584,0.2324221951628853,3.6589934152321657,True,False,False
5.5657,1min,11,14,24.21488041706268,0.22890445416517544,3.481714572965876,False,False,False
5.8636,1min,11,13,18.0719707258616,0.23306435422242175,3.293455052509305,False,False,False
6.1616,1min,11,13,18.0719707258616,0.23306435422242175,3.293455052509305,False,False,False
6.4596,1min,11,13,18.0719707258616,0.23306435422242175,3.293455052509305,False,False,False
6.7576,1min,11,13,18.0719707258616,0.23306435422242175,3.293455052509305,False,False,False
7.0556,1min,11,13,18.0719707258616,0.23306435422242175,3.293455052509305,False,False,False
7.3535,1min,11,11,22.370675989528486,0.3213025305246701,3.1116368706940083,False,True,False
7.6515,1min,11,11,22.370675989528486,0.3213025305246701,3.1116368706940083,False,True,False
7.9495,1min,11,9,6.461777188917971,0.09109139379683619,2.456988536578392,False,True,False
8.2475,1min,11,9,6.461777188917971,0.09109139379683619,2.456988536578392,False,True,False
8.5455,1min,11,9,6.461777188917971,0.09109139379683619,2.456988536578392,False,True,False
8.8434,1min,11,9,6.461777188917971,0.09109139379683619,2.456988536578392,False,True,False
9.1414,1min,11,8,7.48686473565206,0.13029145171350182,2.331766377390586,False,True,False
9.4394,1min,11,7,6.998457234159725,0.07444303244558102,1.965767807809123,False,True,False
9.7374,1min,11,7,6.998457234159725,0.07444303244558102,1.965767807809123,False,True,False
10.0354,1min,11,6,8.12305794538515,0.18816005611298284,1.7295290544936448,False,True,False
10.3333,1min,11,6,8.12305794538515,0.18816005611298284,1.7295290544936448,False,True,False
10.6313,1min,11,6,8.12305794538515,0.18816005611298284,1.7295290544936448,False,True,False
10.9293,1min,11,4,6.392227703875236,0.15313940944852297,1.0848063548397429,False,True,False
11.2273,1min,11,4,6.392227703875236,0.15313940944852297,1.0848063548397429,False,True,False
11.5253,1min,11,3,5.210195023181896,0.20525509592208885,0.5304060778262762,False,True,True
11.8232,1min,11,2,7.021504338558462,0.4777051087925112,0.2667649878001407,False,True,True
12.1212,1min,11,2,7.021504338558462,0.4777051087925112,0.2667649878001407,False,True,True
12.4192,1min,11,2,7.021504338558462,0.4777051087925112,0.2667649878001407,False,True,True
12.7172,1min,11,2,7.021504338558462,0.4777051087925112,0.2667649878001407,False,True,True
13.0152,1min,11,2,7.021504338558462,0.4777051087925112,0.2667649878001407,False,True,True
13.3131,1min,11,2,7.021504338558462,0.4777051087925112,0.2667649878001407,False,True,True
13.6111,1min,11,2,7.021504338558462,0.4777051087925112,0.2667649878001407,False,True,True
13.9091,1min,11,2,7.021504338558462,0.4777051087925112,0.2667649878001407,False,True,True
14.2071,1min,11,2,7.021504338558462,0.4777051087925112,0.2667649878001407,False,True,True
14.5051,1min,11,2,7.021504338558462,0.4777051087925112,0.2667649878001407,False,True,True
14.803,1min,11,2,7.021504338558462,0.4777051087925112,0.2667649878001407,False,True,True
15.101,1min,11,2,7.021504338558462,0.4777051087925112,0.2667649878001407,False,True,True
15.399,1min,11,2,7.021504338558462,0.4777051087925112,0.2667649878001407,False,True,True
15.697,1min,11,2,7.021504338558462,0.4777051087925112,0.2667649878001407,False,True,True
15.9949,1min,11,2,7.021504338558462,0.4777051087925112,0.2667649878001407,False,True,True
16.2929,1min,11,2,7.021504338558462,0.4777051087925112,0.2667649878001407,False,True,True
16.5909,1min,11,2,7.021504338558462,0.4777051087925112,0.2667649878001407,False,True,True
16.8889,1min,11,2,7.021504338558462,0.4777051087925112,0.2667649878001407,False,True,True
17.1869,1min,11,2,7.021504338558462,0.4777051087925112,0.2667649878001407,False,True,True
17.4848,1min,11,2,7.021504338558462,0.4777051087925112,0.2667649878001407,False,True,True
17.7828,1min,11,2,7.021504338558462,0.4777051087925112,0.2667649878001407,False,True,True
18.0808,1min,11,2,7.021504338558462,0.4777051087925112,0.2667649878001407,False,True,True
18.3788,1min,11,2,7.021504338558462,0.4777051087925112,0.2667649878001407,False,True,True
18.6768,1min,11,2,7.021504338558462,0.4777051087925112,0.2667649878001407,False,True,True
18.9747,1min,11,2,7.021504338558462,0.4777051087925112,0.2667649878001407,False,True,True
19.2727,1min,11,2,7.021504338558462,0.4777051087925112,0.2667649878001407,False,True,True
19.5707,1min,11,2,7.021504338558462,0.4777051087925112,0.2667649878001407,False,True,True
19.8687,1min,11,2,7.021504338558462,0.4777051087925112,0.2667649878001407,False,True,True
20.1667,1min,11,2,7.021504338558462,0.4777051087925112,0.2667649878001407,False,True,True
20.4646,1min,11,2,7.021504338558462,0.4777051087925112,0.2667649878001407,False,True,True
20.7626,1min,11,2,7.021504338558462,0.4777051087925112,0.2667649878001407,False,True,True
21.0606,1min,11,2,7.021504338558462,0.4777051087925112,0.2667649878001407,False,True,True
21.3586,1min,11,2,7.021504338558462,0.4777051087925112,0.2667649878001407,False,True,True
21.6566,1min,11,2,7.021504338558462,0.4777051087925112,0.2667649878001407,False,True,True
21.9545,1min,11,2,7.021504338558462,0.4777051087925112,0.2667649878001407,False,True,True
22.2525,1min,11,2,7.021504338558462,0.4777051087925112,0.2667649878001407,False,True,True
22.5505,1min,11,2,7.021504338558462,0.4777051087925112,0.2667649878001407,False,True,True
22.8485,1min,11,2,7.021504338558462,0.4777051087925112,0.2667649878001407,False,True,True
23.1465,1min,11,2,7.021504338558462,0.4777051087925112,0.2667649878001407,False,True,True
23.4444,1min,11,1,0.0,0.0,-1.4428232973175175e-12,False,False,True
23.7424,1min,11,1,0.0,0.0,-1.4428232973175175e-12,False,False,True
24.0404,1min,11,1,0.0,0.0,-1.4428232973175175e-12,False,False,True
24.3384,1min,11,1,0.0,0.0,-1.4428232973175175e-12,False,False,True
24.6364,1min,11,1,0.0,0.0,-1.4428232973175175e-12,False,False,True
24.9343,1min,11,1,0.0,0.0,-1.4428232973175175e-12,False,False,True
25.2323,1min,11,1,0.0,0.0,-1.4428232973175175e-12,False,False,True
25.5303,1min,11,1,0.0,0.0,-1.4428232973175175e-12,False,False,True
25.8283,1min,11,1,0.0,0.0,-1.4428232973175175e-12,False,False,True
26.1263,1min,11,1,0.0,0.0,-1.4428232973175175e-12,False,False,True
26.4242,1min,11,1,0.0,0.0,-1.4428232973175175e-12,False,False,True
26.7222,1min,11,1,0.0,0.0,-1.4428232973175175e-12,False,False,True
27.0202,1min,11,1,0.0,0.0,-1.4428232973175175e-12,False,False,True
27.3182,1min,11,1,0.0,0.0,-1.4428232973175175e-12,False,False,True
27.6162,1min,11,1,0.0,0.0,-1.4428232973175175e-12,False,False,True
27.9141,1min,11,1,0.0,0.0,-1.4428232973175175e-12,False,False,True
28.2121,1min,11,1,0.0,0.0,-1.4428232973175175e-12,False,False,True
28.5101,1min,11,1,0.0,0.0,-1.4428232973175175e-12,False,False,True
28.8081,1min,11,1,0.0,0.0,-1.4428232973175175e-12,False,False,True
29.1061,1min,11,1,0.0,0.0,-1.4428232973175175e-12,False,False,True
29.404,1min,11,1,0.0,0.0,-1.4428232973175175e-12,False,False,True
29.702,1min,11,1,0.0,0.0,-1.4428232973175175e-12,False,False,True
30.0,1min,11,1,0.0,0.0,-1.4428232973175175e-12,False,False,True
0.5,1min,12,22,0.0,0.0,4.459431618605558,True,False,False
0.798,1min,12,22,0.0,0.0,4.459431618605558,True,False,False
1.096,1min,12,22,0.0,0.0,4.459431618605558,True,False,False
1.3939,1min,12,22,0.0,0.0,4.459431618605558,True,False,False
1.6919,1min,12,22,0.0,0.0,4.459431618605558,True,False,False
1.9899,1min,12,21,385.7197779491743,0.07312360641471052,4.368522527697911,True,False,False
2.2879,1min,12,21,385.7197779491743,0.07312360641471052,4.368522527697911,True,False,False
2.5859,1min,12,21,385.7197779491743,0.07312360641471052,4.368522527697911,True,False,False
2.8838,1min,12,20,248.75726338015042,0.13313910599056467,4.277613436790262,True,False,False
3.1818,1min,12,20,248.75726338015042,0.13313910599056467,4.277613436790262,True,False,False
3.4798,1min,12,20,248.75726338015042,0.13313910599056467,4.277613436790262,True,False,False
3.7778,1min,12,19,169.44775325725283,0.18422895207834722,4.186704345882614,True,False,False
4.0758,1min,12,19,169.44775325725283,0.18422895207834722,4.186704345882614,True,False,False
4.3737,1min,12,19,169.44775325725283,0.18422895207834722,4.186704345882614,True,False,False
4.6717,1min,12,18,125.01172744643092,0.23643971457135465,4.095795254974965,True,False,False
4.9697,1min,12,18,125.01172744643092,0.23643971457135465,4.095795254974965,True,False,False
5.2677,1min,12,18,125.01172744643092,0.23643971457135465,4.095795254974965,True,False,False
5.5657,1min,12,17,100.44121358641907,0.2697708139541425,4.004886164067317,True,False,False
5.8636,1min,12,17,100.44121358641907,0.2697708139541425,4.004886164067317,True,False,False
6.1616,1min,12,17,100.44121358641907,0.2697708139541425,4.004886164067317,True,False,False
6.4596,1min,12,16,65.76444443148098,0.2980387013425603,3.879664004879511,True,False,False
6.7576,1min,12,16,65.76444443148098,0.2980387013425603,3.879664004879511,True,False,False
7.0556,1min,12,15,52.090465249445174,0.3074998229533458,3.7544418456917055,True,False,False
7.3535,1min,12,15,52.090465249445174,0.3074998229533458,3.7544418456917055,True,False,False
7.6515,1min,12,14,45.61724932878148,0.33534776301364505,3.6292196865038995,False,False,False
7.9495,1min,12,14,45.61724932878148,0.33534776301364505,3.6292196865038995,False,False,False
8.2475,1min,12,13,27.52019034557177,0.29396428906005884,3.4085490968565537,False,False,False
8.5455,1min,12,13,27.52019034557177,0.29396428906005884,3.4085490968565537,False,False,False
8.8434,1min,12,13,27.52019034557177,0.29396428906005884,3.4085490968565537,False,False,False
9.1414,1min,12,13,27.52019034557177,0.29396428906005884,3.4085490968565537,False,False,False
9.4394,1min,12,11,14.200991029632327,0.20139624881952525,3.043010734133693,False,True,False
9.7374,1min,12,11,14.200991029632327,0.20139624881952525,3.043010734133693,False,True,False
10.0354,1min,12,11,14.200991029632327,0.20139624881952525,3.043010734133693,False,True,False
10.3333,1min,12,11,14.200991029632327,0.20139624881952525,3.043010734133693,False,True,False
10.6313,1min,12,11,14.200991029632327,0.20139624881952525,3.043010734133693,False,True,False
10.9293,1min,12,11,14.200991029632327,0.20139624881952525,3.043010734133693,False,True,False
11.2273,1min,12,11,14.200991029632327,0.20139624881952525,3.043010734133693,False,True,False
11.5253,1min,12,10,9.859385464291513,0.10953235870835783,2.770283461407863,False,True,False
11.8232,1min,12,9,4.936467479517574,-0.004332017763421181,2.1818990579045767,False,True,False
12.1212,1min,12,8,5.129732846400409,0.0469147489928375,1.9456603045890988,False,True,False
12.4192,1min,12,6,5.543634589392981,0.10696023657468387,1.5795113260699483,False,True,False
12.7172,1min,12,6,5.543634589392981,0.10696023657468387,1.5795113260699483,False,True,False
13.0152,1min,12,5,4.201335478069847,0.0780809747480709,1.0476747992681918,False,True,False
13.3131,1min,12,5,4.201335478069847,0.0780809747480709,1.0476747992681918,False,True,False
13.6111,1min,12,5,4.201335478069847,0.0780809747480709,1.0476747992681918,False,True,False
13.9091,1min,12,5,4.201335478069847,0.0780809747480709,1.0476747992681918,False,True,False
14.2071,1min,12,5,4.201335478069847,0.0780809747480709,1.0476747992681918,False,True,False
14.5051,1min,12,4,5.725853049499509,0.12761696948518522,0.9567657083605435,False,True,False
14.803,1min,12,3,7.375829007327485,0.34236673437427084,0.6998578570225998,False,True,True
15.101,1min,12,3,7.375829007327485,0.34236673437427084,0.6998578570225998,False,True,True
15.399,1min,12,3,7.375829007327485,0.34236673437427084,0.6998578570225998,False,True,True
15.697,1min,12,3,7.375829007327485,0.34236673437427084,0.6998578570225998,False,True,True
15.9949,1min,12,3,7.375829007327485,0.34236673437427084,0.6998578570225998,False,True,True
16.2929,1min,12,3,7.375829007327485,0.34236673437427084,0.6998578570225998,False,True,True
16.5909,1min,12,3,7.375829007327485,0.34236673437427084,0.6998578570225998,False,True,True
16.8889,1min,12,3,7.375829007327485,0.34236673437427084,0.6998578570225998,False,True,True
17.1869,1min,12,3,7.375829007327485,0.34236673437427084,0.6998578570225998,False,True,True
17.4848,1min,12,3,7.375829007327485,0.34236673437427084,0.6998578570225998,False,True,True
17.7828,1min,12,3,7.375829007327485,0.34236673437427084,0.6998578570225998,False,True,True
18.0808,1min,12,3,7.375829007327485,0.34236673437427084,0.6998578570225998,False,True,True
18.3788,1min,12,3,7.375829007327485,0.34236673437427084,0.6998578570225998,False,True,True
18.6768,1min,12,3,7.375829007327485,0.34236673437427084,0.6998578570225998,False,True,True
18.9747,1min,12,2,5.12983124565897,0.41219549453932774,0.2667649878001407,False,True,True
19.2727,1min,12,2,5.12983124565897,0.41219549453932774,0.2667649878001407,False,True,True
19.5707,1min,12,2,5.12983124565897,0.41219549453932774,0.2667649878001407,False,True,True
19.8687,1min,12,2,5.12983124565897,0.41219549453932774,0.2667649878001407,False,True,True
20.1667,1min,12,2,5.12983124565897,0.41219549453932774,0.2667649878001407,False,True,True
20.4646,1min,12,2,5.12983124565897,0.41219549453932774,0.2667649878001407,False,True,True
20.7626,1min,12,2,5.12983124565897,0.41219549453932774,0.2667649878001407,False,True,True
21.0606,1min,12,2,5.12983124565897,0.41219549453932774,0.2667649878001407,False,True,True
21.3586,1min,12,2,5.12983124565897,0.41219549453932774,0.2667649878001407,False,True,True
21.6566,1min,12,2,5.12983124565897,0.41219549453932774,0.2667649878001407,False,True,True
21.9545,1min,12,2,5.12983124565897,0.41219549453932774,0.2667649878001407,False,True,True
22.2525,1min,12,2,5.12983124565897,0.41219549453932774,0.2667649878001407,False,True,True
22.5505,1min,12,2,5.12983124565897,0.41219549453932774,0.2667649878001407,False,True,True
22.8485,1min,12,2,5.12983124565897,0.41219549453932774,0.2667649878001407,False,True,True
23.1465,1min,12,2,5.12983124565897,0.41219549453932774,0.2667649878001407,False,True,True
23.4444,1min,12,2,5.12983124565897,0.41219549453932774,0.2667649878001407,False,True,True
23.7424,1min,12,2,5.12983124565897,0.41219549453932774,0.2667649878001407,False,True,True
24.0404,1min,12,2,5.12983124565897,0.41219549453932774,0.2667649878001407,False,True,True
24.3384,1min,12,2,5.12983124565897,0.41219549453932774,0.2667649878001407,False,True,True
24.6364,1min,12,2,5.12983124565897,0.41219549453932774,0.2667649878001407,False,True,True
24.9343,1min,12,2,5.12983124565897,0.41219549453932774,0.2667649878001407,False,True,True
25.2323,1min,12,2,5.12983124565897,0.41219549453932774,0.2667649878001407,False,True,True
25.5303,1min,12,2,5.12983124565897,0.41219549453932774,0.2667649878001407,False,True,True
25.8283,1min,12,2,5.12983124565897,0.41219549453932774,0.2667649878001407,False,True,True
26.1263,1min,12,2,5.12983124565897,0.41219549453932774,0.2667649878001407,False,True,True
26.4242,1min,12,2,5.12983124565897,0.41219549453932774,0.2667649878001407,False,True,True
26.7222,1min,12,2,5.12983124565897,0.41219549453932774,0.2667649878001407,False,True,True
27.0202,1min,12,2,5.12983124565897,0.41219549453932774,0.2667649878001407,False,True,True
27.3182,1min,12,2,5.12983124565897,0.41219549453932774,0.2667649878001407,False,True,True
27.6162,1min,12,2,5.12983124565897,0.41219549453932774,0.2667649878001407,False,True,True
27.9141,1min,12,2,5.12983124565897,0.41219549453932774,0.2667649878001407,False,True,True
28.2121,1min,12,2,5.12983124565897,0.41219549453932774,0.2667649878001407,False,True,True
28.5101,1min,12,2,5.12983124565897,0.41219549453932774,0.2667649878001407,False,True,True
28.8081,1min,12,2,5.12983124565897,0.41219549453932774,0.2667649878001407,False,True,True
29.1061,1min,12,2,5.12983124565897,0.41219549453932774,0.2667649878001407,False,True,True
29.404,1min,12,2,5.12983124565897,0.41219549453932774,0.2667649878001407,False,True,True
29.702,1min,12,2,5.12983124565897,0.41219549453932774,0.2667649878001407,False,True,True
30.0,1min,12,1,0.0,0.0,-1.4428232973175175e-12,False,False,True
0.5,1min,13,22,0.0,0.0,4.459431618605558,True,False,False
0.798,1min,13,22,0.0,0.0,4.459431618605558,True,False,False
1.096,1min,13,21,719.0343082341554,0.08152270149182102,4.368522527697911,True,False,False
1.3939,1min,13,21,719.0343082341554,0.08152270149182102,4.368522527697911,True,False,False
1.6919,1min,13,20,482.5490757325871,0.14639245937921547,4.277613436790262,True,False,False
1.9899,1min,13,20,482.5490757325871,0.14639245937921547,4.277613436790262,True,False,False
2.2879,1min,13,19,340.2695771950412,0.2047773868549102,4.186704345882614,True,False,False
2.5859,1min,13,19,340.2695771950412,0.2047773868549102,4.186704345882614,True,False,False
2.8838,1min,13,19,340.2695771950412,0.2047773868549102,4.186704345882614,True,False,False
3.1818,1min,13,19,340.2695771950412,0.2047773868549102,4.186704345882614,True,False,False
3.4798,1min,13,19,340.2695771950412,0.2047773868549102,4.186704345882614,True,False,False
3.7778,1min,13,18,167.21862791054582,0.25169469071938705,4.095795254974965,True,False,False
4.0758,1min,13,18,167.21862791054582,0.25169469071938705,4.095795254974965,True,False,False
4.3737,1min,13,16,70.05483111260334,0.2614157112746762,3.879664004879511,True,False,False
4.6717,1min,13,15,25.673143470388737,0.18426439220918078,3.6589934152321657,True,False,False
4.9697,1min,13,13,24.059189301785896,0.23900547301572397,3.35649241377807,False,False,False
5.2677,1min,13,13,24.059189301785896,0.23900547301572397,3.35649241377807,False,False,False
5.5657,1min,13,12,18.431333320750003,0.2350156562371832,3.168232893321499,False,True,False
5.8636,1min,13,11,21.23521314637426,0.27188782727246125,3.0773238024138507,False,True,False
6.1616,1min,13,11,21.23521314637426,0.27188782727246125,3.0773238024138507,False,True,False
6.4596,1min,13,10,17.602588222334745,0.2714044870865379,2.676737030037706,False,True,False
6.7576,1min,13,9,18.532428829283173,0.2871672518877269,2.4949188482209665,False,True,False
7.0556,1min,13,9,18.532428829283173,0.2871672518877269,2.4949188482209665,False,True,False
7.3535,1min,13,9,18.532428829283173,0.2871672518877269,2.4949188482209665,False,True,False
7.6515,1min,13,9,18.532428829283173,0.2871672518877269,2.4949188482209665,False,True,False
7.9495,1min,13,9,18.532428829283173,0.2871672518877269,2.4949188482209665,False,True,False
8.2475,1min,13,9,18.532428829283173,0.2871672518877269,2.4949188482209665,False,True,False
8.5455,1min,13,9,18.532428829283173,0.2871672518877269,2.4949188482209665,False,True,False
8.8434,1min,13,8,6.939051368115445,0.08003092866358553,1.9456603045890986,False,True,False
9.1414,1min,13,8,6.939051368115445,0.08003092866358553,1.9456603045890986,False,True,False
9.4394,1min,13,7,6.6348820802004855,0.03388319726235387,1.5503407095362896,False,True,False
9.7374,1min,13,7,6.6348820802004855,0.03388319726235387,1.5503407095362896,False,True,False
10.0354,1min,13,6,6.524076268019004,0.040089667142037495,1.3009376049351973,False,True,False
10.3333,1min,13,6,6.524076268019004,0.040089667142037495,1.3009376049351973,False,True,False
10.6313,1min,13,6,6.524076268019004,0.040089667142037495,1.3009376049351973,False,True,False
10.9293,1min,13,6,6.524076268019004,0.040089667142037495,1.3009376049351973,False,True,False
11.2273,1min,13,6,6.524076268019004,0.040089667142037495,1.3009376049351973,False,True,False
11.5253,1min,13,6,6.524076268019004,0.040089667142037495,1.3009376049351973,False,True,False
11.8232,1min,13,6,6.524076268019004,0.040089667142037495,1.3009376049351973,False,True,False
12.1212,1min,13,5,7.288983303957998,0.15789915173342106,1.0476747992681918,False,True,False
12.4192,1min,13,5,7.288983303957998,0.15789915173342106,1.0476747992681918,False,True,False
12.7172,1min,13,5,7.288983303957998,0.15789915173342106,1.0476747992681918,False,True,False
13.0152,1min,13,5,7.288983303957998,0.15789915173342106,1.0476747992681918,False,True,False
13.3131,1min,13,5,7.288983303957998,0.15789915173342106,1.0476747992681918,False,True,False
13.6111,1min,13,5,7.288983303957998,0.15789915173342106,1.0476747992681918,False,True,False
13.9091,1min,13,5,7.288983303957998,0.15789915173342106,1.0476747992681918,False,True,False
14.2071,1min,13,5,7.288983303957998,0.15789915173342106,1.0476747992681918,False,True,False
14.5051,1min,13,4,7.511371067371597,0.2749689819157516,0.7907669479302482,False,True,False
14.803,1min,13,4,7.511371067371597,0.2749689819157516,0.7907669479302482,False,True,False
15.101,1min,13,4,7.511371067371597,0.2749689819157516,0.7907669479302482,False,True,False
15.399,1min,13,4,7.511371067371597,0.2749689819157516,0.7907669479302482,False,True,False
15.697,1min,13,4,7.511371067371597,0.2749689819157516,0.7907669479302482,False,True,False
15.9949,1min,13,4,7.511371067371597,0.2749689819157516,0.7907669479302482,False,True,False
16.2929,1min,13,4,7.511371067371597,0.2749689819157516,0.7907669479302482,False,True,False
16.5909,1min,13,4,7.511371067371597,0.2749689819157516,0.7907669479302482,False,True,False
16.8889,1min,13,3,6.799601849697563,0.28492118332418115,0.5304060778262762,False,True,True
17.1869,1min,13,3,6.799601849697563,0.28492118332418115,0.5304060778262762,False,True,True
17.4848,1min,13,3,6.799601849697563,0.28492118332418115,0.5304060778262762,False,True,True
17.7828,1min,13,3,6.799601849697563,0.28492118332418115,0.5304060778262762,False,True,True
18.0808,1min,13,3,6.799601849697563,0.28492118332418115,0.5304060778262762,False,True,True
18.3788,1min,13,2,9.375292784287057,0.5630801395502458,0.2667649878001407,False,True,True
18.6768,1min,13,2,9.375292784287057,0.5630801395502458,0.2667649878001407,False,True,True
18.9747,1min,13,2,9.375292784287057,0.5630801395502458,0.2667649878001407,False,True,True
19.2727,1min,13,2,9.375292784287057,0.5630801395502458,0.2667649878001407,False,True,True
19.5707,1min,13,2,9.375292784287057,0.5630801395502458,0.2667649878001407,False,True,True
19.8687,1min,13,2,9.375292784287057,0.5630801395502458,0.2667649878001407,False,True,True
20.1667,1min,13,2,9.375292784287057,0.5630801395502458,0.2667649878001407,False,True,True
20.4646,1min,13,2,9.375292784287057,0.5630801395502458,0.2667649878001407,False,True,True
20.7626,1min,13,2,9.375292784287057,0.5630801395502458,0.2667649878001407,False,True,True
21.0606,1min,13,2,9.375292784287057,0.5630801395502458,0.2667649878001407,False,True,True
21.3586,1min,13,2,9.375292784287057,0.5630801395502458,0.2667649878001407,False,True,True
21.6566,1min,13,2,9.375292784287057,0.5630801395502458,0.2667649878001407,False,True,True
21.9545,1min,13,2,9.375292784287057,0.5630801395502458,0.2667649878001407,False,True,True
22.2525,1min,13,2,9.375292784287057,0.5630801395502458,0.2667649878001407,False,True,True
22.5505,1min,13,2,9.375292784287057,0.5630801395502458,0.2667649878001407,False,True,True
22.8485,1min,13,2,9.375292784287057,0.5630801395502458,0.2667649878001407,False,True,True
23.1465,1min,13,2,9.375292784287057,0.5630801395502458,0.2667649878001407,False,True,True
23.4444,1min,13,2,9.375292784287057,0.5630801395502458,0.2667649878001407,False,True,True
23.7424,1min,13,2,9.375292784287057,0.5630801395502458,0.2667649878001407,False,True,True
24.0404,1min,13,2,9.375292784287057,0.5630801395502458,0.2667649878001407,False,True,True
24.3384,1min,13,2,9.375292784287057,0.5630801395502458,0.2667649878001407,False,True,True
24.6364,1min,13,2,9.375292784287057,0.5630801395502458,0.2667649878001407,False,True,True
24.9343,1min,13,2,9.375292784287057,0.5630801395502458,0.2667649878001407,False,True,True
25.2323,1min,13,2,9.375292784287057,0.5630801395502458,0.2667649878001407,False,True,True
25.5303,1min,13,2,9.375292784287057,0.5630801395502458,0.2667649878001407,False,True,True
25.8283,1min,13,2,9.375292784287057,0.5630801395502458,0.2667649878001407,False,True,True
26.1263,1min,13,2,9.375292784287057,0.5630801395502458,0.2667649878001407,False,True,True
26.4242,1min,13,2,9.375292784287057,0.5630801395502458,0.2667649878001407,False,True,True
26.7222,1min,13,2,9.375292784287057,0.5630801395502458,0.2667649878001407,False,True,True
27.0202,1min,13,2,9.375292784287057,0.5630801395502458,0.2667649878001407,False,True,True
27.3182,1min,13,2,9.375292784287057,0.5630801395502458,0.2667649878001407,False,True,True
27.6162,1min,13,2,9.375292784287057,0.5630801395502458,0.2667649878001407,False,True,True
27.9141,1min,13,2,9.375292784287057,0.5630801395502458,0.2667649878001407,False,True,True
28.2121,1min,13,2,9.375292784287057,0.5630801395502458,0.2667649878001407,False,True,True
28.5101,1min,13,2,9.375292784287057,0.5630801395502458,0.2667649878001407,False,True,True
28.8081,1min,13,2,9.375292784287057,0.5630801395502458,0.2667649878001407,False,True,True
29.1061,1min,13,2,9.375292784287057,0.5630801395502458,0.2667649878001407,False,True,True
29.404,1min,13,2,9.375292784287057,0.5630801395502458,0.2667649878001407,False,True,True
29.702,1min,13,2,9.375292784287057,0.5630801395502458,0.2667649878001407,False,True,True
30.0,1min,13,2,9.375292784287057,0.5630801395502458,0.2667649878001407,False,True,True
0.5,1min,14,22,0.0,0.0,4.459431618605558,True,False,False
0.798,1min,14,22,0.0,0.0,4.459431618605558,True,False,False
1.096,1min,14,22,0.0,0.0,4.459431618605558,True,False,False
1.3939,1min,14,22,0.0,0.0,4.459431618605558,True,False,False
1.6919,1min,14,22,0.0,0.0,4.459431618605558,True,False,False
1.9899,1min,14,22,0.0,0.0,4.459431618605558,True,False,False
2.2879,1min,14,22,0.0,0.0,4.459431618605558,True,False,False
2.5859,1min,14,22,0.0,0.0,4.459431618605558,True,False,False
2.8838,1min,14,21,180.58030858843802,0.05790138152913859,4.36852252769791,True,False,False
3.1818,1min,14,21,180.58030858843802,0.05790138152913859,4.36852252769791,True,False,False
3.4798,1min,14,20,148.4565193862031,0.11001245544323777,4.277613436790262,True,False,False
3.7778,1min,14,20,148.4565193862031,0.11001245544323777,4.277613436790262,True,False,False
4.0758,1min,14,20,148.4565193862031,0.11001245544323777,4.277613436790262,True,False,False
4.3737,1min,14,20,148.4565193862031,0.11001245544323777,4.277613436790262,True,False,False
4.6717,1min,14,20,148.4565193862031,0.11001245544323777,4.277613436790262,True,False,False
4.9697,1min,14,20,148.4565193862031,0.11001245544323777,4.277613436790262,True,False,False
5.2677,1min,14,20,148.4565193862031,0.11001245544323777,4.277613436790262,True,False,False
5.5657,1min,14,20,148.4565193862031,0.11001245544323777,4.277613436790262,True,False,False
5.8636,1min,14,20,148.4565193862031,0.11001245544323777,4.277613436790262,True,False,False
6.1616,1min,14,19,82.7621710801272,0.13455680157583025,4.186704345882614,True,False,False
6.4596,1min,14,18,68.30123711544407,0.17843133711140965,4.095795254974965,True,False,False
6.7576,1min,14,17,48.52546215019015,0.16935108627459,3.9705730957871594,True,False,False
7.0556,1min,14,17,48.52546215019015,0.16935108627459,3.9705730957871594,True,False,False
7.3535,1min,14,17,48.52546215019015,0.16935108627459,3.9705730957871594,True,False,False
7.6515,1min,14,15,42.204265632942594,0.2109960361399941,3.7544418456917055,True,False,False
7.9495,1min,14,15,42.204265632942594,0.2109960361399941,3.7544418456917055,True,False,False
8.2475,1min,14,14,29.05522666592865,0.17980140729655847,3.5726236638749667,False,False,False
8.5455,1min,14,13,20.86182251200407,0.16692745150172952,3.4085490968565537,False,False,False
8.8434,1min,14,11,21.11257037397362,0.1780189761443988,3.113538869783391,False,True,False
9.1414,1min,14,10,24.066383929289987,0.23368797526292184,3.0226297788757424,False,True,False
9.4394,1min,14,10,24.066383929289987,0.23368797526292184,3.0226297788757424,False,True,False
9.7374,1min,14,10,24.066383929289987,0.23368797526292184,3.0226297788757424,False,True,False
10.0354,1min,14,10,24.066383929289987,0.23368797526292184,3.0226297788757424,False,True,False
10.3333,1min,14,8,23.844780216897725,0.3472766651871323,2.5949066182323977,False,True,False
10.6313,1min,14,7,25.720396112279367,0.3750844012123487,2.4308320512139856,False,True,False
10.9293,1min,14,7,25.720396112279367,0.3750844012123487,2.4308320512139856,False,True,False
11.2273,1min,14,7,25.720396112279367,0.3750844012123487,2.4308320512139856,False,True,False
11.5253,1min,14,7,25.720396112279367,0.3750844012123487,2.4308320512139856,False,True,False
11.8232,1min,14,7,25.720396112279367,0.3750844012123487,2.4308320512139856,False,True,False
12.1212,1min,14,7,25.720396112279367,0.3750844012123487,2.4308320512139856,False,True,False
12.4192,1min,14,6,30.868659884120873,0.4555677394886349,2.339922960306337,False,True,False
12.7172,1min,14,5,15.41199451286598,0.3475176373060758,1.7944684148532346,False,True,False
13.0152,1min,14,5,15.41199451286598,0.3475176373060758,1.7944684148532346,False,True,False
13.3131,1min,14,4,16.439111351440502,0.3460245816254595,1.519839143038022,False,True,False
13.6111,1min,14,3,15.609422570194706,0.36435047670341325,1.1433201021234383,False,True,True
13.9091,1min,14,3,15.609422570194706,0.36435047670341325,1.1433201021234383,False,True,True
14.2071,1min,14,3,15.609422570194706,0.36435047670341325,1.1433201021234383,False,True,True
14.5051,1min,14,2,4.728285610725152,0.3496340423473347,0.2667649878001407,False,True,True
14.803,1min,14,2,4.728285610725152,0.3496340423473347,0.2667649878001407,False,True,True
15.101,1min,14,2,4.728285610725152,0.3496340423473347,0.2667649878001407,False,True,True
15.399,1min,14,2,4.728285610725152,0.3496340423473347,0.2667649878001407,False,True,True
15.697,1min,14,2,4.728285610725152,0.3496340423473347,0.2667649878001407,False,True,True
15.9949,1min,14,2,4.728285610725152,0.3496340423473347,0.2667649878001407,False,True,True
16.2929,1min,14,2,4.728285610725152,0.3496340423473347,0.2667649878001407,False,True,True
16.5909,1min,14,2,4.728285610725152,0.3496340423473347,0.2667649878001407,False,True,True
16.8889,1min,14,2,4.728285610725152,0.3496340423473347,0.2667649878001407,False,True,True
17.1869,1min,14,2,4.728285610725152,0.3496340423473347,0.2667649878001407,False,True,True
17.4848,1min,14,2,4.728285610725152,0.3496340423473347,0.2667649878001407,False,True,True
17.7828,1min,14,2,4.728285610725152,0.3496340423473347,0.2667649878001407,False,True,True
18.0808,1min,14,2,4.728285610725152,0.3496340423473347,0.2667649878001407,False,True,True
18.3788,1min,14,2,4.728285610725152,0.3496340423473347,0.2667649878001407,False,True,True
18.6768,1min,14,2,4.728285610725152,0.3496340423473347,0.2667649878001407,False,True,True
18.9747,1min,14,2,4.728285610725152,0.3496340423473347,0.2667649878001407,False,True,True
19.2727,1min,14,2,4.728285610725152,0.3496340423473347,0.2667649878001407,False,True,True
19.5707,1min,14,2,4.728285610725152,0.3496340423473347,0.2667649878001407,False,True,True
19.8687,1min,14,2,4.728285610725152,0.3496340423473347,0.2667649878001407,False,True,True
20.1667,1min,14,2,4.728285610725152,0.3496340423473347,0.2667649878001407,False,True,True
20.4646,1min,14,2,4.728285610725152,0.3496340423473347,0.2667649878001407,False,True,True
20.7626,1min,14,2,4.728285610725152,0.3496340423473347,0.2667649878001407,False,True,True
21.0606,1min,14,2,4.728285610725152,0.3496340423473347,0.2667649878001407,False,True,True
21.3586,1min,14,2,4.728285610725152,0.3496340423473347,0.2667649878001407,False,True,True
21.6566,1min,14,2,4.728285610725152,0.3496340423473347,0.2667649878001407,False,True,True
21.9545,1min,14,2,4.728285610725152,0.3496340423473347,0.2667649878001407,False,True,True
22.2525,1min,14,2,4.728285610725152,0.3496340423473347,0.2667649878001407,False,True,True
22.5505,1min,14,2,4.728285610725152,0.3496340423473347,0.2667649878001407,False,True,True
22.8485,1min,14,2,4.728285610725152,0.3496340423473347,0.2667649878001407,False,True,True
23.1465,1min,14,2,4.728285610725152,0.3496340423473347,0.2667649878001407,False,True,True
23.4444,1min,14,2,4.728285610725152,0.3496340423473347,0.2667649878001407,False,True,True
23.7424,1min,14,2,4.728285610725152,0.3496340423473347,0.2667649878001407,False,True,True
24.0404,1min,14,2,4.728285610725152,0.3496340423473347,0.2667649878001407,False,True,True
24.3384,1min,14,2,4.728285610725152,0.3496340423473347,0.2667649878001407,False,True,True
24.6364,1min,14,2,4.728285610725152,0.3496340423473347,0.2667649878001407,False,True,True
24.9343,1min,14,2,4.728285610725152,0.3496340423473347,0.2667649878001407,False,True,True
25.2323,1min,14,2,4.728285610725152,0.3496340423473347,0.2667649878001407,False,True,True
25.5303,1min,14,2,4.728285610725152,0.3496340423473347,0.2667649878001407,False,True,True
25.8283,1min,14,2,4.728285610725152,0.3496340423473347,0.2667649878001407,False,True,True
26.1263,1min,14,2,4.728285610725152,0.3496340423473347,0.2667649878001407,False,True,True
26.4242,1min,14,2,4.728285610725152,0.3496340423473347,0.2667649878001407,False,True,True
26.7222,1min,14,1,0.0,0.0,-1.4428232973175175e-12,False,False,True
27.0202,1min,14,1,0.0,0.0,-1.4428232973175175e-12,False,False,True
27.3182,1min,14,1,0.0,0.0,-1.4428232973175175e-12,False,False,True
27.6162,1min,14,1,0.0,0.0,-1.4428232973175175e-12,False,False,True
27.9141,1min,14,1,0.0,0.0,-1.4428232973175175e-12,False,False,True
28.2121,1min,14,1,0.0,0.0,-1.4428232973175175e-12,False,False,True
28.5101,1min,14,1,0.0,0.0,-1.4428232973175175e-12,False,False,True
28.8081,1min,14,1,0.0,0.0,-1.4428232973175175e-12,False,False,True
29.1061,1min,14,1,0.0,0.0,-1.4428232973175175e-12,False,False,True
29.404,1min,14,1,0.0,0.0,-1.4428232973175175e-12,False,False,True
29.702,1min,14,1,0.0,0.0,-1.4428232973175175e-12,False,False,True
30.0,1min,14,1,0.0,0.0,-1.4428232973175175e-12,False,False,True
0.5,1min,15,22,0.0,0.0,4.459431618605558,True,False,False
0.798,1min,15,22,0.0,0.0,4.459431618605558,True,False,False
1.096,1min,15,22,0.0,0.0,4.459431618605558,True,False,False
1.3939,1min,15,20,675.1271204714611,0.1548072673370586,4.277613436790262,True,False,False
1.6919,1min,15,20,675.1271204714611,0.1548072673370586,4.277613436790262,True,False,False
1.9899,1min,15,20,675.1271204714611,0.1548072673370586,4.277613436790262,True,False,False
2.2879,1min,15,20,675.1271204714611,0.1548072673370586,4.277613436790262,True,False,False
2.5859,1min,15,20,675.1271204714611,0.1548072673370586,4.277613436790262,True,False,False
2.8838,1min,15,20,675.1271204714611,0.1548072673370586,4.277613436790262,True,False,False
3.1818,1min,15,20,675.1271204714611,0.1548072673370586,4.277613436790262,True,False,False
3.4798,1min,15,20,675.1271204714611,0.1548072673370586,4.277613436790262,True,False,False
3.7778,1min,15,19,175.04898836562631,0.1982981246352036,4.186704345882614,True,False,False
4.0758,1min,15,19,175.04898836562631,0.1982981246352036,4.186704345882614,True,False,False
4.3737,1min,15,19,175.04898836562631,0.1982981246352036,4.186704345882614,True,False,False
4.6717,1min,15,18,111.17837263462782,0.22359547573916155,4.095795254974965,True,False,False
4.9697,1min,15,17,55.9675809441329,0.24779288845219308,3.9705730957871594,True,False,False
5.2677,1min,15,17,55.9675809441329,0.24779288845219308,3.9705730957871594,True,False,False
5.5657,1min,15,17,55.9675809441329,0.24779288845219308,3.9705730957871594,True,False,False
5.8636,1min,15,17,55.9675809441329,0.24779288845219308,3.9705730957871594,True,False,False
6.1616,1min,15,16,47.738414295390605,0.22501662139450962,3.8453509365993535,True,False,False
6.4596,1min,15,14,43.444231033998975,0.30640989140514496,3.6069367321551242,False,False,False
6.7576,1min,15,13,21.030814498161668,0.20291961562027866,3.3862661425077785,False,False,False
7.0556,1min,15,13,21.030814498161668,0.20291961562027866,3.3862661425077785,False,False,False
7.3535,1min,15,12,20.66568900214849,0.21272905825724686,3.2610439833199725,False,True,False
7.6515,1min,15,11,23.171834703792204,0.2516061271879049,3.1701348924123245,False,True,False
7.9495,1min,15,10,25.703464472277002,0.33598514450858485,2.9928560501460337,False,True,False
8.2475,1min,15,10,25.703464472277002,0.33598514450858485,2.9928560501460337,False,True,False
8.5455,1min,15,10,25.703464472277002,0.33598514450858485,2.9928560501460337,False,True,False
8.8434,1min,15,10,25.703464472277002,0.33598514450858485,2.9928560501460337,False,True,False
9.1414,1min,15,10,25.703464472277002,0.33598514450858485,2.9928560501460337,False,True,False
9.4394,1min,15,8,9.793617807227726,0.22827639313202333,2.404009757313318,False,True,False
9.7374,1min,15,7,3.601301066004245,0.005926589974001134,1.8547512136814508,False,True,False
10.0354,1min,15,7,3.601301066004245,0.005926589974001134,1.8547512136814508,False,True,False
10.3333,1min,15,7,3.601301066004245,0.005926589974001134,1.8547512136814508,False,True,False
10.6313,1min,15,6,3.5841199359819558,0.017651106666557923,1.4594316186286413,False,True,False
10.9293,1min,15,6,3.5841199359819558,0.017651106666557923,1.4594316186286413,False,True,False
11.2273,1min,15,5,4.05925641211678,-0.027400139945026578,1.0476747992681918,False,True,False
11.5253,1min,15,5,4.05925641211678,-0.027400139945026578,1.0476747992681918,False,True,False
11.8232,1min,15,4,4.728786139578955,0.07943687766342894,0.7907669479302482,False,True,False
12.1212,1min,15,4,4.728786139578955,0.07943687766342894,0.7907669479302482,False,True,False
12.4192,1min,15,4,4.728786139578955,0.07943687766342894,0.7907669479302482,False,True,False
12.7172,1min,15,4,4.728786139578955,0.07943687766342894,0.7907669479302482,False,True,False
13.0152,1min,15,4,4.728786139578955,0.07943687766342894,0.7907669479302482,False,True,False
13.3131,1min,15,4,4.728786139578955,0.07943687766342894,0.7907669479302482,False,True,False
13.6111,1min,15,4,4.728786139578955,0.07943687766342894,0.7907669479302482,False,True,False
13.9091,1min,15,4,4.728786139578955,0.07943687766342894,0.7907669479302482,False,True,False
14.2071,1min,15,4,4.728786139578955,0.07943687766342894,0.7907669479302482,False,True,False
14.5051,1min,15,4,4.728786139578955,0.07943687766342894,0.7907669479302482,False,True,False
14.803,1min,15,4,4.728786139578955,0.07943687766342894,0.7907669479302482,False,True,False
15.101,1min,15,4,4.728786139578955,0.07943687766342894,0.7907669479302482,False,True,False
15.399,1min,15,4,4.728786139578955,0.07943687766342894,0.7907669479302482,False,True,False
15.697,1min,15,4,4.728786139578955,0.07943687766342894,0.7907669479302482,False,True,False
15.9949,1min,15,4,4.728786139578955,0.07943687766342894,0.7907669479302482,False,True,False
16.2929,1min,15,3,5.43971040319349,0.23317479614993533,0.5304060778262762,False,True,True
16.5909,1min,15,3,5.43971040319349,0.23317479614993533,0.5304060778262762,False,True,True
16.8889,1min,15,3,5.43971040319349,0.23317479614993533,0.5304060778262762,False,True,True
17.1869,1min,15,3,5.43971040319349,0.23317479614993533,0.5304060778262762,False,True,True
17.4848,1min,15,2,7.3383239133313936,0.5042688555713233,0.2667649878001407,False,True,True
17.7828,1min,15,2,7.3383239133313936,0.5042688555713233,0.2667649878001407,False,True,True
18.0808,1min,15,2,7.3383239133313936,0.5042688555713233,0.2667649878001407,False,True,True
18.3788,1min,15,2,7.3383239133313936,0.5042688555713233,0.2667649878001407,False,True,True
18.6768,1min,15,2,7.3383239133313936,0.5042688555713233,0.2667649878001407,False,True,True
18.9747,1min,15,2,7.3383239133313936,0.5042688555713233,0.2667649878001407,False,True,True
19.2727,1min,15,2,7.3383239133313936,0.5042688555713233,0.2667649878001407,False,True,True
19.5707,1min,15,2,7.3383239133313936,0.5042688555713233,0.2667649878001407,False,True,True
19.8687,1min,15,2,7.3383239133313936,0.5042688555713233,0.2667649878001407,False,True,True
20.1667,1min,15,2,7.3383239133313936,0.5042688555713233,0.2667649878001407,False,True,True
20.4646,1min,15,2,7.3383239133313936,0.5042688555713233,0.2667649878001407,False,True,True
20.7626,1min,15,2,7.3383239133313936,0.5042688555713233,0.2667649878001407,False,True,True
21.0606,1min,15,2,7.3383239133313936,0.5042688555713233,0.2667649878001407,False,True,True
21.3586,1min,15,2,7.3383239133313936,0.5042688555713233,0.2667649878001407,False,True,True
21.6566,1min,15,2,7.3383239133313936,0.5042688555713233,0.2667649878001407,False,True,True
21.9545,1min,15,2,7.3383239133313936,0.5042688555713233,0.2667649878001407,False,True,True
22.2525,1min,15,2,7.3383239133313936,0.5042688555713233,0.2667649878001407,False,True,True
22.5505,1min,15,2,7.3383239133313936,0.5042688555713233,0.2667649878001407,False,True,True
22.8485,1min,15,2,7.3383239133313936,0.5042688555713233,0.2667649878001407,False,True,True
23.1465,1min,15,2,7.3383239133313936,0.5042688555713233,0.2667649878001407,False,True,True
23.4444,1min,15,2,7.3383239133313936,0.5042688555713233,0.2667649878001407,False,True,True
23.7424,1min,15,2,7.3383239133313936,0.5042688555713233,0.2667649878001407,False,True,True
24.0404,1min,15,2,7.3383239133313936,0.5042688555713233,0.2667649878001407,False,True,True
24.3384,1min,15,2,7.3383239133313936,0.5042688555713233,0.2667649878001407,False,True,True
24.6364,1min,15,2,7.3383239133313936,0.5042688555713233,0.2667649878001407,False,True,True
24.9343,1min,15,2,7.3383239133313936,0.5042688555713233,0.2667649878001407,False,True,True
25.2323,1min,15,2,7.3383239133313936,0.5042688555713233,0.2667649878001407,False,True,True
25.5303,1min,15,2,7.3383239133313936,0.5042688555713233,0.2667649878001407,False,True,True
25.8283,1min,15,2,7.3383239133313936,0.5042688555713233,0.2667649878001407,False,True,True
26.1263,1min,15,2,7.3383239133313936,0.5042688555713233,0.2667649878001407,False,True,True
26.4242,1min,15,2,7.3383239133313936,0.5042688555713233,0.2667649878001407,False,True,True
26.7222,1min,15,2,7.3383239133313936,0.5042688555713233,0.2667649878001407,False,True,True
27.0202,1min,15,2,7.3383239133313936,0.5042688555713233,0.2667649878001407,False,True,True
27.3182,1min,15,2,7.3383239133313936,0.5042688555713233,0.2667649878001407,False,True,True
27.6162,1min,15,2,7.3383239133313936,0.5042688555713233,0.2667649878001407,False,True,True
27.9141,1min,15,2,7.3383239133313936,0.5042688555713233,0.2667649878001407,False,True,True
28.2121,1min,15,2,7.3383239133313936,0.5042688555713233,0.2667649878001407,False,True,True
28.5101,1min,15,2,7.3383239133313936,0.5042688555713233,0.2667649878001407,False,True,True
28.8081,1min,15,2,7.3383239133313936,0.5042688555713233,0.2667649878001407,False,True,True
29.1061,1min,15,2,7.3383239133313936,0.5042688555713233,0.2667649878001407,False,True,True
29.404,1min,15,2,7.3383239133313936,0.5042688555713233,0.2667649878001407,False,True,True
29.702,1min,15,2,7.3383239133313936,0.5042688555713233,0.2667649878001407,False,True,True
30.0,1min,15,2,7.3383239133313936,0.5042688555713233,0.2667649878001407,False,True,True
0.5,1min,16,22,0.0,0.0,4.459431618605558,True,False,False
0.798,1min,16,22,0.0,0.0,4.459431618605558,True,False,False
1.096,1min,16,22,0.0,0.0,4.459431618605558,True,False,False
1.3939,1min,16,22,0.0,0.0,4.459431618605558,True,False,False
1.6919,1min,16,21,284.4214187955307,0.0634045962235401,4.368522527697911,True,False,False
1.9899,1min,16,20,220.39137461272438,0.1227647895030382,4.277613436790262,True,False,False
2.2879,1min,16,20,220.39137461272438,0.1227647895030382,4.277613436790262,True,False,False
2.5859,1min,16,20,220.39137461272438,0.1227647895030382,4.277613436790262,True,False,False
2.8838,1min,16,20,220.39137461272438,0.1227647895030382,4.277613436790262,True,False,False
3.1818,1min,16,20,220.39137461272438,0.1227647895030382,4.277613436790262,True,False,False
3.4798,1min,16,19,128.2443431631284,0.14537028190788728,4.186704345882614,True,False,False
3.7778,1min,16,19,128.2443431631284,0.14537028190788728,4.186704345882614,True,False,False
4.0758,1min,16,18,77.7935586783368,0.16515051735188122,4.061482186694808,True,False,False
4.3737,1min,16,17,72.084838163521,0.20054149336451535,3.9705730957871594,True,False,False
4.6717,1min,16,15,41.9901081987287,0.21344783513741505,3.6978458230627727,True,False,False
4.9697,1min,16,15,41.9901081987287,0.21344783513741505,3.6978458230627727,True,False,False
5.2677,1min,16,15,41.9901081987287,0.21344783513741505,3.6978458230627727,True,False,False
5.5657,1min,16,14,39.4937343252935,0.21498639243389422,3.5726236638749667,False,False,False
5.8636,1min,16,12,12.607009361751103,0.090880992476732,3.111636870692566,False,True,False
6.1616,1min,16,11,9.922500226803054,0.07447270148018177,2.9139770731668824,False,True,False
6.4596,1min,16,11,9.922500226803054,0.07447270148018177,2.9139770731668824,False,True,False
6.7576,1min,16,10,10.996153883225928,0.11205510366265595,2.74990250614847,False,True,False
7.0556,1min,16,9,12.16150578869207,0.17989343988949028,2.5726236638821796,False,True,False
7.3535,1min,16,9,12.16150578869207,0.17989343988949028,2.5726236638821796,False,True,False
7.6515,1min,16,7,7.055915213914294,0.06835745522602975,1.7047334852577543,False,True,False
7.9495,1min,16,6,8.821920717079122,0.1428381449188451,1.613824394350106,False,True,False
8.2475,1min,16,6,8.821920717079122,0.1428381449188451,1.613824394350106,False,True,False
8.5455,1min,16,6,8.821920717079122,0.1428381449188451,1.613824394350106,False,True,False
8.8434,1min,16,6,8.821920717079122,0.1428381449188451,1.613824394350106,False,True,False
9.1414,1min,16,6,8.821920717079122,0.1428381449188451,1.613824394350106,False,True,False
9.4394,1min,16,6,8.821920717079122,0.1428381449188451,1.613824394350106,False,True,False
9.7374,1min,16,6,8.821920717079122,0.1428381449188451,1.613824394350106,False,True,False
10.0354,1min,16,4,5.9268395777640475,0.11646747870729261,0.7907669479302482,False,True,False
10.3333,1min,16,4,5.9268395777640475,0.11646747870729261,0.7907669479302482,False,True,False
10.6313,1min,16,4,5.9268395777640475,0.11646747870729261,0.7907669479302482,False,True,False
10.9293,1min,16,4,5.9268395777640475,0.11646747870729261,0.7907669479302482,False,True,False
11.2273,1min,16,4,5.9268395777640475,0.11646747870729261,0.7907669479302482,False,True,False
11.5253,1min,16,4,5.9268395777640475,0.11646747870729261,0.7907669479302482,False,True,False
11.8232,1min,16,3,7.475686749336387,0.38524293031146667,0.5304060778262762,False,True,True
12.1212,1min,16,3,7.475686749336387,0.38524293031146667,0.5304060778262762,False,True,True
12.4192,1min,16,3,7.475686749336387,0.38524293031146667,0.5304060778262762,False,True,True
12.7172,1min,16,3,7.475686749336387,0.38524293031146667,0.5304060778262762,False,True,True
13.0152,1min,16,3,7.475686749336387,0.38524293031146667,0.5304060778262762,False,True,True
13.3131,1min,16,3,7.475686749336387,0.38524293031146667,0.5304060778262762,False,True,True
13.6111,1min,16,3,7.475686749336387,0.38524293031146667,0.5304060778262762,False,True,True
13.9091,1min,16,3,7.475686749336387,0.38524293031146667,0.5304060778262762,False,True,True
14.2071,1min,16,3,7.475686749336387,0.38524293031146667,0.5304060778262762,False,True,True
14.5051,1min,16,3,7.475686749336387,0.38524293031146667,0.5304060778262762,False,True,True
14.803,1min,16,3,7.475686749336387,0.38524293031146667,0.5304060778262762,False,True,True
15.101,1min,16,3,7.475686749336387,0.38524293031146667,0.5304060778262762,False,True,True
15.399,1min,16,3,7.475686749336387,0.38524293031146667,0.5304060778262762,False,True,True
15.697,1min,16,3,7.475686749336387,0.38524293031146667,0.5304060778262762,False,True,True
15.9949,1min,16,3,7.475686749336387,0.38524293031146667,0.5304060778262762,False,True,True
16.2929,1min,16,3,7.475686749336387,0.38524293031146667,0.5304060778262762,False,True,True
16.5909,1min,16,3,7.475686749336387,0.38524293031146667,0.5304060778262762,False,True,True
16.8889,1min,16,3,7.475686749336387,0.38524293031146667,0.5304060778262762,False,True,True
17.1869,1min,16,3,7.475686749336387,0.38524293031146667,0.5304060778262762,False,True,True
17.4848,1min,16,3,7.475686749336387,0.38524293031146667,0.5304060778262762,False,True,True
17.7828,1min,16,3,7.475686749336387,0.38524293031146667,0.5304060778262762,False,True,True
18.0808,1min,16,3,7.475686749336387,0.38524293031146667,0.5304060778262762,False,True,True
18.3788,1min,16,3,7.475686749336387,0.38524293031146667,0.5304060778262762,False,True,True
18.6768,1min,16,3,7.475686749336387,0.38524293031146667,0.5304060778262762,False,True,True
18.9747,1min,16,3,7.475686749336387,0.38524293031146667,0.5304060778262762,False,True,True
19.2727,1min,16,3,7.475686749336387,0.38524293031146667,0.5304060778262762,False,True,True
19.5707,1min,16,3,7.475686749336387,0.38524293031146667,0.5304060778262762,False,True,True
19.8687,1min,16,3,7.475686749336387,0.38524293031146667,0.5304060778262762,False,True,True
20.1667,1min,16,3,7.475686749336387,0.38524293031146667,0.5304060778262762,False,True,True
20.4646,1min,16,3,7.475686749336387,0.38524293031146667,0.5304060778262762,False,True,True
20.7626,1min,16,3,7.475686749336387,0.38524293031146667,0.5304060778262762,False,True,True
21.0606,1min,16,3,7.475686749336387,0.38524293031146667,0.5304060778262762,False,True,True
21.3586,1min,16,3,7.475686749336387,0.38524293031146667,0.5304060778262762,False,True,True
21.6566,1min,16,3,7.475686749336387,0.38524293031146667,0.5304060778262762,False,True,True
21.9545,1min,16,2,5.039660336172813,0.43039146137301715,0.2667649878001407,False,True,True
22.2525,1min,16,2,5.039660336172813,0.43039146137301715,0.2667649878001407,False,True,True
22.5505,1min,16,2,5.039660336172813,0.43039146137301715,0.2667649878001407,False,True,True
22.8485,1min,16,1,0.0,0.0,-1.4428232973175175e-12,False,False,True
23.1465,1min,16,1,0.0,0.0,-1.4428232973175175e-12,False,False,True
23.4444,1min,16,1,0.0,0.0,-1.4428232973175175e-12,False,False,True
23.7424,1min,16,1,0.0,0.0,-1.4428232973175175e-12,False,False,True
24.0404,1min,16,1,0.0,0.0,-1.4428232973175175e-12,False,False,True
24.3384,1min,16,1,0.0,0.0,-1.4428232973175175e-12,False,False,True
24.6364,1min,16,1,0.0,0.0,-1.4428232973175175e-12,False,False,True
24.9343,1min,16,1,0.0,0.0,-1.4428232973175175e-12,False,False,True
25.2323,1min,16,1,0.0,0.0,-1.4428232973175175e-12,False,False,True
25.5303,1min,16,1,0.0,0.0,-1.4428232973175175e-12,False,False,True
25.8283,1min,16,1,0.0,0.0,-1.4428232973175175e-12,False,False,True
26.1263,1min,16,1,0.0,0.0,-1.4428232973175175e-12,False,False,True
26.4242,1min,16,1,0.0,0.0,-1.4428232973175175e-12,False,False,True
26.7222,1min,16,1,0.0,0.0,-1.4428232973175175e-12,False,False,True
27.0202,1min,16,1,0.0,0.0,-1.4428232973175175e-12,False,False,True
27.3182,1min,16,1,0.0,0.0,-1.4428232973175175e-12,False,False,True
27.6162,1min,16,1,0.0,0.0,-1.4428232973175175e-12,False,False,True
27.9141,1min,16,1,0.0,0.0,-1.4428232973175175e-12,False,False,True
28.2121,1min,16,1,0.0,0.0,-1.4428232973175175e-12,False,False,True
28.5101,1min,16,1,0.0,0.0,-1.4428232973175175e-12,False,False,True
28.8081,1min,16,1,0.0,0.0,-1.4428232973175175e-12,False,False,True
29.1061,1min,16,1,0.0,0.0,-1.4428232973175175e-12,False,False,True
29.404,1min,16,1,0.0,0.0,-1.4428232973175175e-12,False,False,True
29.702,1min,16,1,0.0,0.0,-1.4428232973175175e-12,False,False,True
30.0,1min,16,1,0.0,0.0,-1.4428232973175175e-12,False,False,True
0.5,1min,17,22,0.0,0.0,4.459431618605558,True,False,False
0.798,1min,17,22,0.0,0.0,4.459431618605558,True,False,False
1.096,1min,17,22,0.0,0.0,4.459431618605558,True,False,False
1.3939,1min,17,22,0.0,0.0,4.459431618605558,True,False,False
1.6919,1min,17,22,0.0,0.0,4.459431618605558,True,False,False
1.9899,1min,17,22,0.0,0.0,4.459431618605558,True,False,False
2.2879,1min,17,22,0.0,0.0,4.459431618605558,True,False,False
2.5859,1min,17,22,0.0,0.0,4.459431618605558,True,False,False
2.8838,1min,17,22,0.0,0.0,4.459431618605558,True,False,False
3.1818,1min,17,18,57.849626795836954,0.1425820757112245,4.061482186694808,True,False,False
3.4798,1min,17,18,57.849626795836954,0.1425820757112245,4.061482186694808,True,False,False
3.7778,1min,17,17,44.88083867398183,0.14694220469300961,3.936260027507002,True,False,False
4.0758,1min,17,17,44.88083867398183,0.14694220469300961,3.936260027507002,True,False,False
4.3737,1min,17,17,44.88083867398183,0.14694220469300961,3.936260027507002,True,False,False
4.6717,1min,17,17,44.88083867398183,0.14694220469300961,3.936260027507002,True,False,False
4.9697,1min,17,17,44.88083867398183,0.14694220469300961,3.936260027507002,True,False,False
5.2677,1min,17,17,44.88083867398183,0.14694220469300961,3.936260027507002,True,False,False
5.5657,1min,17,14,39.38452184976077,0.17684885538916315,3.6069367321551242,False,False,False
5.8636,1min,17,12,33.90858028151303,0.22514149323283678,3.3342094594307365,False,True,False
6.1616,1min,17,12,33.90858028151303,0.22514149323283678,3.3342094594307365,False,True,False
6.4596,1min,17,10,29.004010331607383,0.2836966350119604,2.9928560501460337,False,True,False
6.7576,1min,17,7,14.9218725862148,0.13816338254980207,2.071735027128071,False,True,False
7.0556,1min,17,6,9.693534737172326,0.06039861765604183,1.5795113260699483,False,True,False
7.3535,1min,17,6,9.693534737172326,0.06039861765604183,1.5795113260699483,False,True,False
7.6515,1min,17,5,10.436649938994268,0.16048587063322092,1.3342094594408354,False,True,False
7.9495,1min,17,5,10.436649938994268,0.16048587063322092,1.3342094594408354,False,True,False
8.2475,1min,17,5,10.436649938994268,0.16048587063322092,1.3342094594408354,False,True,False
8.5455,1min,17,5,10.436649938994268,0.16048587063322092,1.3342094594408354,False,True,False
8.8434,1min,17,4,12.147023427044457,0.326855212407411,1.0848063548397429,False,True,False
9.1414,1min,17,4,12.147023427044457,0.326855212407411,1.0848063548397429,False,True,False
9.4394,1min,17,4,12.147023427044457,0.326855212407411,1.0848063548397429,False,True,False
9.7374,1min,17,4,12.147023427044457,0.326855212407411,1.0848063548397429,False,True,False
10.0354,1min,17,3,7.394536903947049,0.2189437163942202,0.5304060778262762,False,True,True
10.3333,1min,17,3,7.394536903947049,0.2189437163942202,0.5304060778262762,False,True,True
10.6313,1min,17,2,11.117513107167506,0.5863540216804807,0.2667649878001407,False,True,True
10.9293,1min,17,2,11.117513107167506,0.5863540216804807,0.2667649878001407,False,True,True
11.2273,1min,17,2,11.117513107167506,0.5863540216804807,0.2667649878001407,False,True,True
11.5253,1min,17,2,11.117513107167506,0.5863540216804807,0.2667649878001407,False,True,True
11.8232,1min,17,2,11.117513107167506,0.5863540216804807,0.2667649878001407,False,True,True
12.1212,1min,17,2,11.117513107167506,0.5863540216804807,0.2667649878001407,False,True,True
12.4192,1min,17,2,11.117513107167506,0.5863540216804807,0.2667649878001407,False,True,True
12.7172,1min,17,2,11.117513107167506,0.5863540216804807,0.2667649878001407,False,True,True
13.0152,1min,17,2,11.117513107167506,0.5863540216804807,0.2667649878001407,False,True,True
13.3131,1min,17,2,11.117513107167506,0.5863540216804807,0.2667649878001407,False,True,True
13.6111,1min,17,2,11.117513107167506,0.5863540216804807,0.2667649878001407,False,True,True
13.9091,1min,17,2,11.117513107167506,0.5863540216804807,0.2667649878001407,False,True,True
14.2071,1min,17,2,11.117513107167506,0.5863540216804807,0.2667649878001407,False,True,True
14.5051,1min,17,2,11.117513107167506,0.5863540216804807,0.2667649878001407,False,True,True
14.803,1min,17,2,11.117513107167506,0.5863540216804807,0.2667649878001407,False,True,True
15.101,1min,17,2,11.117513107167506,0.5863540216804807,0.2667649878001407,False,True,True
15.399,1min,17,2,11.117513107167506,0.5863540216804807,0.2667649878001407,False,True,True
15.697,1min,17,2,11.117513107167506,0.5863540216804807,0.2667649878001407,False,True,True
15.9949,1min,17,2,11.117513107167506,0.5863540216804807,0.2667649878001407,False,True,True
16.2929,1min,17,2,11.117513107167506,0.5863540216804807,0.2667649878001407,False,True,True
16.5909,1min,17,2,11.117513107167506,0.5863540216804807,0.2667649878001407,False,True,True
16.8889,1min,17,2,11.117513107167506,0.5863540216804807,0.2667649878001407,False,True,True
17.1869,1min,17,2,11.117513107167506,0.5863540216804807,0.2667649878001407,False,True,True
17.4848,1min,17,2,11.117513107167506,0.5863540216804807,0.2667649878001407,False,True,True
17.7828,1min,17,2,11.117513107167506,0.5863540216804807,0.2667649878001407,False,True,True
18.0808,1min,17,2,11.117513107167506,0.5863540216804807,0.2667649878001407,False,True,True
18.3788,1min,17,2,11.117513107167506,0.5863540216804807,0.2667649878001407,False,True,True
18.6768,1min,17,2,11.117513107167506,0.5863540216804807,0.2667649878001407,False,True,True
18.9747,1min,17,2,11.117513107167506,0.5863540216804807,0.2667649878001407,False,True,True
19.2727,1min,17,2,11.117513107167506,0.5863540216804807,0.2667649878001407,False,True,True
19.5707,1min,17,2,11.117513107167506,0.5863540216804807,0.2667649878001407,False,True,True
19.8687,1min,17,2,11.117513107167506,0.5863540216804807,0.2667649878001407,False,True,True
20.1667,1min,17,2,11.117513107167506,0.5863540216804807,0.2667649878001407,False,True,True
20.4646,1min,17,2,11.117513107167506,0.5863540216804807,0.2667649878001407,False,True,True
20.7626,1min,17,2,11.117513107167506,0.5863540216804807,0.2667649878001407,False,True,True
21.0606,1min,17,2,11.117513107167506,0.5863540216804807,0.2667649878001407,False,True,True
21.3586,1min,17,2,11.117513107167506,0.5863540216804807,0.2667649878001407,False,True,True
21.6566,1min,17,2,11.117513107167506,0.5863540216804807,0.2667649878001407,False,True,True
21.9545,1min,17,2,11.117513107167506,0.5863540216804807,0.2667649878001407,False,True,True
22.2525,1min,17,2,11.117513107167506,0.5863540216804807,0.2667649878001407,False,True,True
22.5505,1min,17,2,11.117513107167506,0.5863540216804807,0.2667649878001407,False,True,True
22.8485,1min,17,2,11.117513107167506,0.5863540216804807,0.2667649878001407,False,True,True
23.1465,1min,17,2,11.117513107167506,0.5863540216804807,0.2667649878001407,False,True,True
23.4444,1min,17,2,11.117513107167506,0.5863540216804807,0.2667649878001407,False,True,True
23.7424,1min,17,2,11.117513107167506,0.5863540216804807,0.2667649878001407,False,True,True
24.0404,1min,17,2,11.117513107167506,0.5863540216804807,0.2667649878001407,False,True,True
24.3384,1min,17,2,11.117513107167506,0.5863540216804807,0.2667649878001407,False,True,True
24.6364,1min,17,2,11.117513107167506,0.5863540216804807,0.2667649878001407,False,True,True
24.9343,1min,17,2,11.117513107167506,0.5863540216804807,0.2667649878001407,False,True,True
25.2323,1min,17,2,11.117513107167506,0.5863540216804807,0.2667649878001407,False,True,True
25.5303,1min,17,2,11.117513107167506,0.5863540216804807,0.2667649878001407,False,True,True
25.8283,1min,17,2,11.117513107167506,0.5863540216804807,0.2667649878001407,False,True,True
26.1263,1min,17,2,11.117513107167506,0.5863540216804807,0.2667649878001407,False,True,True
26.4242,1min,17,2,11.117513107167506,0.5863540216804807,0.2667649878001407,False,True,True
26.7222,1min,17,2,11.117513107167506,0.5863540216804807,0.2667649878001407,False,True,True
27.0202,1min,17,2,11.117513107167506,0.5863540216804807,0.2667649878001407,False,True,True
27.3182,1min,17,2,11.117513107167506,0.5863540216804807,0.2667649878001407,False,True,True
27.6162,1min,17,2,11.117513107167506,0.5863540216804807,0.2667649878001407,False,True,True
27.9141,1min,17,2,11.117513107167506,0.5863540216804807,0.2667649878001407,False,True,True
28.2121,1min,17,2,11.117513107167506,0.5863540216804807,0.2667649878001407,False,True,True
28.5101,1min,17,2,11.117513107167506,0.5863540216804807,0.2667649878001407,False,True,True
28.8081,1min,17,2,11.117513107167506,0.5863540216804807,0.2667649878001407,False,True,True
29.1061,1min,17,2,11.117513107167506,0.5863540216804807,0.2667649878001407,False,True,True
29.404,1min,17,2,11.117513107167506,0.5863540216804807,0.2667649878001407,False,True,True
29.702,1min,17,2,11.117513107167506,0.5863540216804807,0.2667649878001407,False,True,True
30.0,1min,17,2,11.117513107167506,0.5863540216804807,0.2667649878001407,False,True,True
0.5,1min,18,22,0.0,0.0,4.459431618605558,True,False,False
0.798,1min,18,21,1781.3100259598525,0.08066541167475248,4.368522527697911,True,False,False
1.096,1min,18,21,1781.3100259598525,0.08066541167475248,4.368522527697911,True,False,False
1.3939,1min,18,21,1781.3100259598525,0.08066541167475248,4.368522527697911,True,False,False
1.6919,1min,18,21,1781.3100259598525,0.08066541167475248,4.368522527697911,True,False,False
1.9899,1min,18,21,1781.3100259598525,0.08066541167475248,4.368522527697911,True,False,False
2.2879,1min,18,21,1781.3100259598525,0.08066541167475248,4.368522527697911,True,False,False
2.5859,1min,18,21,1781.3100259598525,0.08066541167475248,4.368522527697911,True,False,False
2.8838,1min,18,21,1781.3100259598525,0.08066541167475248,4.368522527697911,True,False,False
3.1818,1min,18,21,1781.3100259598525,0.08066541167475248,4.368522527697911,True,False,False
3.4798,1min,18,21,1781.3100259598525,0.08066541167475248,4.368522527697911,True,False,False
3.7778,1min,18,21,1781.3100259598525,0.08066541167475248,4.368522527697911,True,False,False
4.0758,1min,18,21,1781.3100259598525,0.08066541167475248,4.368522527697911,True,False,False
4.3737,1min,18,20,106.72111821492719,0.11876161218285013,4.277613436790262,True,False,False
4.6717,1min,18,20,106.72111821492719,0.11876161218285013,4.277613436790262,True,False,False
4.9697,1min,18,20,106.72111821492719,0.11876161218285013,4.277613436790262,True,False,False
5.2677,1min,18,20,106.72111821492719,0.11876161218285013,4.277613436790262,True,False,False
5.5657,1min,18,20,106.72111821492719,0.11876161218285013,4.277613436790262,True,False,False
5.8636,1min,18,20,106.72111821492719,0.11876161218285013,4.277613436790262,True,False,False
6.1616,1min,18,20,106.72111821492719,0.11876161218285013,4.277613436790262,True,False,False
6.4596,1min,18,17,17.770080118889027,0.08954757185887258,3.8796640048780686,True,False,False
6.7576,1min,18,17,17.770080118889027,0.08954757185887258,3.8796640048780686,True,False,False
7.0556,1min,18,17,17.770080118889027,0.08954757185887258,3.8796640048780686,True,False,False
7.3535,1min,18,17,17.770080118889027,0.08954757185887258,3.8796640048780686,True,False,False
7.6515,1min,18,17,17.770080118889027,0.08954757185887258,3.8796640048780686,True,False,False
7.9495,1min,18,15,16.574398572705977,0.10598011732351818,3.6635327547826146,True,False,False
8.2475,1min,18,13,9.98966837099029,0.03817403088524154,3.152391277611112,False,False,False
8.5455,1min,18,13,9.98966837099029,0.03817403088524154,3.152391277611112,False,False,False
8.8434,1min,18,12,10.790321339779481,0.023876739763511044,3.004886164074531,False,True,False
9.1414,1min,18,11,9.752168406142532,0.008719587856720168,2.7990077543950274,False,True,False
9.4394,1min,18,11,9.752168406142532,0.008719587856720168,2.7990077543950274,False,True,False
9.7374,1min,18,11,9.752168406142532,0.008719587856720168,2.7990077543950274,False,True,False
10.0354,1min,18,10,7.529119202053548,-0.010426329776110474,2.585827939128615,False,True,False
10.3333,1min,18,10,7.529119202053548,-0.010426329776110474,2.585827939128615,False,True,False
10.6313,1min,18,8,7.192969303843278,0.047980473209220185,2.1403611636869435,False,True,False
10.9293,1min,18,6,4.892007849146297,0.04244408864038184,1.3009376049351973,False,True,False
11.2273,1min,18,6,4.892007849146297,0.04244408864038184,1.3009376049351973,False,True,False
11.5253,1min,18,5,4.3514162625432204,0.005110080252783592,1.0476747992681918,False,True,False
11.8232,1min,18,5,4.3514162625432204,0.005110080252783592,1.0476747992681918,False,True,False
12.1212,1min,18,5,4.3514162625432204,0.005110080252783592,1.0476747992681918,False,True,False
12.4192,1min,18,4,4.514238138061033,0.1805545474536419,0.7907669479302482,False,True,False
12.7172,1min,18,4,4.514238138061033,0.1805545474536419,0.7907669479302482,False,True,False
13.0152,1min,18,4,4.514238138061033,0.1805545474536419,0.7907669479302482,False,True,False
13.3131,1min,18,4,4.514238138061033,0.1805545474536419,0.7907669479302482,False,True,False
13.6111,1min,18,4,4.514238138061033,0.1805545474536419,0.7907669479302482,False,True,False
13.9091,1min,18,4,4.514238138061033,0.1805545474536419,0.7907669479302482,False,True,False
14.2071,1min,18,4,4.514238138061033,0.1805545474536419,0.7907669479302482,False,True,False
14.5051,1min,18,4,4.514238138061033,0.1805545474536419,0.7907669479302482,False,True,False
14.803,1min,18,4,4.514238138061033,0.1805545474536419,0.7907669479302482,False,True,False
15.101,1min,18,4,4.514238138061033,0.1805545474536419,0.7907669479302482,False,True,False
15.399,1min,18,4,4.514238138061033,0.1805545474536419,0.7907669479302482,False,True,False
15.697,1min,18,4,4.514238138061033,0.1805545474536419,0.7907669479302482,False,True,False
15.9949,1min,18,4,4.514238138061033,0.1805545474536419,0.7907669479302482,False,True,False
16.2929,1min,18,3,3.782675748089134,0.21874310011760645,0.5304060778262762,False,True,True
16.5909,1min,18,3,3.782675748089134,0.21874310011760645,0.5304060778262762,False,True,True
16.8889,1min,18,3,3.782675748089134,0.21874310011760645,0.5304060778262762,False,True,True
17.1869,1min,18,3,3.782675748089134,0.21874310011760645,0.5304060778262762,False,True,True
17.4848,1min,18,3,3.782675748089134,0.21874310011760645,0.5304060778262762,False,True,True
17.7828,1min,18,3,3.782675748089134,0.21874310011760645,0.5304060778262762,False,True,True
18.0808,1min,18,3,3.782675748089134,0.21874310011760645,0.5304060778262762,False,True,True
18.3788,1min,18,3,3.782675748089134,0.21874310011760645,0.5304060778262762,False,True,True
18.6768,1min,18,3,3.782675748089134,0.21874310011760645,0.5304060778262762,False,True,True
18.9747,1min,18,3,3.782675748089134,0.21874310011760645,0.5304060778262762,False,True,True
19.2727,1min,18,2,3.4841938161502792,0.34643912488527373,0.2667649878001407,False,True,True
19.5707,1min,18,2,3.4841938161502792,0.34643912488527373,0.2667649878001407,False,True,True
19.8687,1min,18,2,3.4841938161502792,0.34643912488527373,0.2667649878001407,False,True,True
20.1667,1min,18,2,3.4841938161502792,0.34643912488527373,0.2667649878001407,False,True,True
20.4646,1min,18,2,3.4841938161502792,0.34643912488527373,0.2667649878001407,False,True,True
20.7626,1min,18,2,3.4841938161502792,0.34643912488527373,0.2667649878001407,False,True,True
21.0606,1min,18,2,3.4841938161502792,0.34643912488527373,0.2667649878001407,False,True,True
21.3586,1min,18,2,3.4841938161502792,0.34643912488527373,0.2667649878001407,False,True,True
21.6566,1min,18,2,3.4841938161502792,0.34643912488527373,0.2667649878001407,False,True,True
21.9545,1min,18,2,3.4841938161502792,0.34643912488527373,0.2667649878001407,False,True,True
22.2525,1min,18,2,3.4841938161502792,0.34643912488527373,0.2667649878001407,False,True,True
22.5505,1min,18,2,3.4841938161502792,0.34643912488527373,0.2667649878001407,False,True,True
22.8485,1min,18,2,3.4841938161502792,0.34643912488527373,0.2667649878001407,False,True,True
23.1465,1min,18,2,3.4841938161502792,0.34643912488527373,0.2667649878001407,False,True,True
23.4444,1min,18,2,3.4841938161502792,0.34643912488527373,0.2667649878001407,False,True,True
23.7424,1min,18,2,3.4841938161502792,0.34643912488527373,0.2667649878001407,False,True,True
24.0404,1min,18,2,3.4841938161502792,0.34643912488527373,0.2667649878001407,False,True,True
24.3384,1min,18,2,3.4841938161502792,0.34643912488527373,0.2667649878001407,False,True,True
24.6364,1min,18,2,3.4841938161502792,0.34643912488527373,0.2667649878001407,False,True,True
24.9343,1min,18,2,3.4841938161502792,0.34643912488527373,0.2667649878001407,False,True,True
25.2323,1min,18,2,3.4841938161502792,0.34643912488527373,0.2667649878001407,False,True,True
25.5303,1min,18,2,3.4841938161502792,0.34643912488527373,0.2667649878001407,False,True,True
25.8283,1min,18,2,3.4841938161502792,0.34643912488527373,0.2667649878001407,False,True,True
26.1263,1min,18,2,3.4841938161502792,0.34643912488527373,0.2667649878001407,False,True,True
26.4242,1min,18,2,3.4841938161502792,0.34643912488527373,0.2667649878001407,False,True,True
26.7222,1min,18,1,0.0,0.0,-1.4428232973175175e-12,False,False,True
27.0202,1min,18,1,0.0,0.0,-1.4428232973175175e-12,False,False,True
27.3182,1min,18,1,0.0,0.0,-1.4428232973175175e-12,False,False,True
27.6162,1min,18,1,0.0,0.0,-1.4428232973175175e-12,False,False,True
27.9141,1min,18,1,0.0,0.0,-1.4428232973175175e-12,False,False,True
28.2121,1min,18,1,0.0,0.0,-1.4428232973175175e-12,False,False,True
28.5101,1min,18,1,0.0,0.0,-1.4428232973175175e-12,False,False,True
28.8081,1min,18,1,0.0,0.0,-1.4428232973175175e-12,False,False,True
29.1061,1min,18,1,0.0,0.0,-1.4428232973175175e-12,False,False,True
29.404,1min,18,1,0.0,0.0,-1.4428232973175175e-12,False,False,True
29.702,1min,18,1,0.0,0.0,-1.4428232973175175e-12,False,False,True
30.0,1min,18,1,0.0,0.0,-1.4428232973175175e-12,False,False,True
0.5,1min,19,21,3929.1085144483554,0.08051543985568416,4.368522527697911,True,False,False
0.798,1min,19,21,3929.1085144483554,0.08051543985568416,4.368522527697911,True,False,False
1.096,1min,19,20,1524.5992193527495,0.14971380247488042,4.277613436790262,True,False,False
1.3939,1min,19,20,1524.5992193527495,0.14971380247488042,4.277613436790262,True,False,False
1.6919,1min,19,20,1524.5992193527495,0.14971380247488042,4.277613436790262,True,False,False
1.9899,1min,19,19,524.5820289644274,0.17646359955046168,4.186704345882614,True,False,False
2.2879,1min,19,18,214.34059626333237,0.20793165200539646,4.061482186694808,True,False,False
2.5859,1min,19,18,214.34059626333237,0.20793165200539646,4.061482186694808,True,False,False
2.8838,1min,19,17,200.45563847987978,0.27699147041328753,3.9705730957871594,True,False,False
3.1818,1min,19,17,200.45563847987978,0.27699147041328753,3.9705730957871594,True,False,False
3.4798,1min,19,17,200.45563847987978,0.27699147041328753,3.9705730957871594,True,False,False
3.7778,1min,19,14,41.736296410497744,0.12328162451259427,3.384364143416953,False,False,False
4.0758,1min,19,12,37.582049878786094,0.17478302906653684,3.0957952549836216,False,True,False
4.3737,1min,19,12,37.582049878786094,0.17478302906653684,3.0957952549836216,False,True,False
4.6717,1min,19,11,23.85313515673797,0.05570227971827375,2.7676461209453542,False,True,False
4.9697,1min,19,10,27.89118582700529,0.2769253462242251,2.54789762748604,False,True,False
5.2677,1min,19,9,21.388607088098496,0.28604408862829617,2.3221793455036828,False,True,False
5.5657,1min,19,9,21.388607088098496,0.28604408862829617,2.3221793455036828,False,True,False
5.8636,1min,19,9,21.388607088098496,0.28604408862829617,2.3221793455036828,False,True,False
6.1616,1min,19,8,25.340479059469487,0.3412916642100933,2.2312702545960343,False,True,False
6.4596,1min,19,8,25.340479059469487,0.3412916642100933,2.2312702545960343,False,True,False
6.7576,1min,19,8,25.340479059469487,0.3412916642100933,2.2312702545960343,False,True,False
7.0556,1min,19,8,25.340479059469487,0.3412916642100933,2.2312702545960343,False,True,False
7.3535,1min,19,8,25.340479059469487,0.3412916642100933,2.2312702545960343,False,True,False
7.6515,1min,19,8,25.340479059469487,0.3412916642100933,2.2312702545960343,False,True,False
7.9495,1min,19,8,25.340479059469487,0.3412916642100933,2.2312702545960343,False,True,False
8.2475,1min,19,8,25.340479059469487,0.3412916642100933,2.2312702545960343,False,True,False
8.5455,1min,19,7,9.292905844182815,0.16380456025946832,1.8547512136814506,False,True,False
8.8434,1min,19,7,9.292905844182815,0.16380456025946832,1.8547512136814506,False,True,False
9.1414,1min,19,7,9.292905844182815,0.16380456025946832,1.8547512136814506,False,True,False
9.4394,1min,19,6,10.336143873973631,0.25304573378979156,1.613824394350106,False,True,False
9.7374,1min,19,6,10.336143873973631,0.25304573378979156,1.613824394350106,False,True,False
10.0354,1min,19,6,10.336143873973631,0.25304573378979156,1.613824394350106,False,True,False
10.3333,1min,19,5,7.944875689494597,0.204892429863786,1.2100285140275489,False,True,False
10.6313,1min,19,4,10.637036072029291,0.22740670317426612,1.0848063548397429,False,True,False
10.9293,1min,19,4,10.637036072029291,0.22740670317426612,1.0848063548397429,False,True,False
11.2273,1min,19,4,10.637036072029291,0.22740670317426612,1.0848063548397429,False,True,False
11.5253,1min,19,4,10.637036072029291,0.22740670317426612,1.0848063548397429,False,True,False
11.8232,1min,19,4,10.637036072029291,0.22740670317426612,1.0848063548397429,False,True,False
12.1212,1min,19,4,10.637036072029291,0.22740670317426612,1.0848063548397429,False,True,False
12.4192,1min,19,3,8.180985217903748,0.10454019544701451,0.5304060778262762,False,True,True
12.7172,1min,19,3,8.180985217903748,0.10454019544701451,0.5304060778262762,False,True,True
13.0152,1min,19,3,8.180985217903748,0.10454019544701451,0.5304060778262762,False,True,True
13.3131,1min,19,2,14.439939301312883,0.6329484937009607,0.2667649878001407,False,True,True
13.6111,1min,19,2,14.439939301312883,0.6329484937009607,0.2667649878001407,False,True,True
13.9091,1min,19,2,14.439939301312883,0.6329484937009607,0.2667649878001407,False,True,True
14.2071,1min,19,2,14.439939301312883,0.6329484937009607,0.2667649878001407,False,True,True
14.5051,1min,19,2,14.439939301312883,0.6329484937009607,0.2667649878001407,False,True,True
14.803,1min,19,2,14.439939301312883,0.6329484937009607,0.2667649878001407,False,True,True
15.101,1min,19,2,14.439939301312883,0.6329484937009607,0.2667649878001407,False,True,True
15.399,1min,19,2,14.439939301312883,0.6329484937009607,0.2667649878001407,False,True,True
15.697,1min,19,2,14.439939301312883,0.6329484937009607,0.2667649878001407,False,True,True
15.9949,1min,19,2,14.439939301312883,0.6329484937009607,0.2667649878001407,False,True,True
16.2929,1min,19,2,14.439939301312883,0.6329484937009607,0.2667649878001407,False,True,True
16.5909,1min,19,2,14.439939301312883,0.6329484937009607,0.2667649878001407,False,True,True
16.8889,1min,19,2,14.439939301312883,0.6329484937009607,0.2667649878001407,False,True,True
17.1869,1min,19,2,14.439939301312883,0.6329484937009607,0.2667649878001407,False,True,True
17.4848,1min,19,2,14.439939301312883,0.6329484937009607,0.2667649878001407,False,True,True
17.7828,1min,19,2,14.439939301312883,0.6329484937009607,0.2667649878001407,False,True,True
18.0808,1min,19,2,14.439939301312883,0.6329484937009607,0.2667649878001407,False,True,True
18.3788,1min,19,2,14.439939301312883,0.6329484937009607,0.2667649878001407,False,True,True
18.6768,1min,19,2,14.439939301312883,0.6329484937009607,0.2667649878001407,False,True,True
18.9747,1min,19,2,14.439939301312883,0.6329484937009607,0.2667649878001407,False,True,True
19.2727,1min,19,2,14.439939301312883,0.6329484937009607,0.2667649878001407,False,True,True
19.5707,1min,19,2,14.439939301312883,0.6329484937009607,0.2667649878001407,False,True,True
19.8687,1min,19,2,14.439939301312883,0.6329484937009607,0.2667649878001407,False,True,True
20.1667,1min,19,2,14.439939301312883,0.6329484937009607,0.2667649878001407,False,True,True
20.4646,1min,19,2,14.439939301312883,0.6329484937009607,0.2667649878001407,False,True,True
20.7626,1min,19,2,14.439939301312883,0.6329484937009607,0.2667649878001407,False,True,True
21.0606,1min,19,2,14.439939301312883,0.6329484937009607,0.2667649878001407,False,True,True
21.3586,1min,19,2,14.439939301312883,0.6329484937009607,0.2667649878001407,False,True,True
21.6566,1min,19,2,14.439939301312883,0.6329484937009607,0.2667649878001407,False,True,True
21.9545,1min,19,2,14.439939301312883,0.6329484937009607,0.2667649878001407,False,True,True
22.2525,1min,19,2,14.439939301312883,0.6329484937009607,0.2667649878001407,False,True,True
22.5505,1min,19,2,14.439939301312883,0.6329484937009607,0.2667649878001407,False,True,True
22.8485,1min,19,2,14.439939301312883,0.6329484937009607,0.2667649878001407,False,True,True
23.1465,1min,19,2,14.439939301312883,0.6329484937009607,0.2667649878001407,False,True,True
23.4444,1min,19,2,14.439939301312883,0.6329484937009607,0.2667649878001407,False,True,True
23.7424,1min,19,2,14.439939301312883,0.6329484937009607,0.2667649878001407,False,True,True
24.0404,1min,19,2,14.439939301312883,0.6329484937009607,0.2667649878001407,False,True,True
24.3384,1min,19,2,14.439939301312883,0.6329484937009607,0.2667649878001407,False,True,True
24.6364,1min,19,2,14.439939301312883,0.6329484937009607,0.2667649878001407,False,True,True
24.9343,1min,19,2,14.439939301312883,0.6329484937009607,0.2667649878001407,False,True,True
25.2323,1min,19,2,14.439939301312883,0.6329484937009607,0.2667649878001407,False,True,True
25.5303,1min,19,2,14.439939301312883,0.6329484937009607,0.2667649878001407,False,True,True
25.8283,1min,19,2,14.439939301312883,0.6329484937009607,0.2667649878001407,False,True,True
26.1263,1min,19,2,14.439939301312883,0.6329484937009607,0.2667649878001407,False,True,True
26.4242,1min,19,2,14.439939301312883,0.6329484937009607,0.2667649878001407,False,True,True
26.7222,1min,19,2,14.439939301312883,0.6329484937009607,0.2667649878001407,False,True,True
27.0202,1min,19,2,14.439939301312883,0.6329484937009607,0.2667649878001407,False,True,True
27.3182,1min,19,2,14.439939301312883,0.6329484937009607,0.2667649878001407,False,True,True
27.6162,1min,19,2,14.439939301312883,0.6329484937009607,0.2667649878001407,False,True,True
27.9141,1min,19,2,14.439939301312883,0.6329484937009607,0.2667649878001407,False,True,True
28.2121,1min,19,2,14.439939301312883,0.6329484937009607,0.2667649878001407,False,True,True
28.5101,1min,19,2,14.439939301312883,0.6329484937009607,0.2667649878001407,False,True,True
28.8081,1min,19,2,14.439939301312883,0.6329484937009607,0.2667649878001407,False,True,True
29.1061,1min,19,2,14.439939301312883,0.6329484937009607,0.2667649878001407,False,True,True
29.404,1min,19,2,14.439939301312883,0.6329484937009607,0.2667649878001407,False,True,True
29.702,1min,19,2,14.439939301312883,0.6329484937009607,0.2667649878001407,False,True,True
30.0,1min,19,2,14.439939301312883,0.6329484937009607,0.2667649878001407,False,True,True
0.5,1min,20,22,0.0,0.0,4.459431618605558,True,False,False
0.798,1min,20,22,0.0,0.0,4.459431618605558,True,False,False
1.096,1min,20,22,0.0,0.0,4.459431618605558,True,False,False
1.3939,1min,20,22,0.0,0.0,4.459431618605558,True,False,False
1.6919,1min,20,22,0.0,0.0,4.459431618605558,True,False,False
1.9899,1min,20,22,0.0,0.0,4.459431618605558,True,False,False
2.2879,1min,20,22,0.0,0.0,4.459431618605558,True,False,False
2.5859,1min,20,20,156.61787963052032,0.10017273909915335,4.277613436790262,True,False,False
2.8838,1min,20,19,160.5627254643034,0.163230918443099,4.186704345882614,True,False,False
3.1818,1min,20,19,160.5627254643034,0.163230918443099,4.186704345882614,True,False,False
3.4798,1min,20,19,160.5627254643034,0.163230918443099,4.186704345882614,True,False,False
3.7778,1min,20,19,160.5627254643034,0.163230918443099,4.186704345882614,True,False,False
4.0758,1min,20,19,160.5627254643034,0.163230918443099,4.186704345882614,True,False,False
4.3737,1min,20,17,67.79076681572792,0.19713486891424087,3.913977073158226,True,False,False
4.6717,1min,20,17,67.79076681572792,0.19713486891424087,3.913977073158226,True,False,False
4.9697,1min,20,17,67.79076681572792,0.19713486891424087,3.913977073158226,True,False,False
5.2677,1min,20,17,67.79076681572792,0.19713486891424087,3.913977073158226,True,False,False
5.5657,1min,20,17,67.79076681572792,0.19713486891424087,3.913977073158226,True,False,False
5.8636,1min,20,17,67.79076681572792,0.19713486891424087,3.913977073158226,True,False,False
6.1616,1min,20,17,67.79076681572792,0.19713486891424087,3.913977073158226,True,False,False
6.4596,1min,20,16,31.95741117152602,0.18023593066484425,3.7499025061398137,True,False,False
6.7576,1min,20,16,31.95741117152602,0.18023593066484425,3.7499025061398137,True,False,False
7.0556,1min,20,16,31.95741117152602,0.18023593066484425,3.7499025061398137,True,False,False
7.3535,1min,20,14,24.789252361477242,0.22745783428741004,3.481714572965876,False,False,False
7.6515,1min,20,11,16.504221299041692,0.19956493656213434,2.9585429818644338,False,True,False
7.9495,1min,20,10,18.364435503707686,0.21911600153899596,2.8333208226766278,False,True,False
8.2475,1min,20,9,16.01509306574145,0.21768208365635092,2.645061302220057,False,True,False
8.5455,1min,20,8,8.227326588190525,0.06285599676344264,2.0566768987167707,False,True,False
8.8434,1min,20,8,8.227326588190525,0.06285599676344264,2.0566768987167707,False,True,False
9.1414,1min,20,8,8.227326588190525,0.06285599676344264,2.0566768987167707,False,True,False
9.4394,1min,20,7,4.201755037423151,-0.10551704870301615,1.5503407095362896,False,True,False
9.7374,1min,20,6,4.380913463978333,-0.11761611823768613,1.3009376049351973,False,True,False
10.0354,1min,20,6,4.380913463978333,-0.11761611823768613,1.3009376049351973,False,True,False
10.3333,1min,20,6,4.380913463978333,-0.11761611823768613,1.3009376049351973,False,True,False
10.6313,1min,20,6,4.380913463978333,-0.11761611823768613,1.3009376049351973,False,True,False
10.9293,1min,20,6,4.380913463978333,-0.11761611823768613,1.3009376049351973,False,True,False
11.2273,1min,20,6,4.380913463978333,-0.11761611823768613,1.3009376049351973,False,True,False
11.5253,1min,20,6,4.380913463978333,-0.11761611823768613,1.3009376049351973,False,True,False
11.8232,1min,20,5,4.621930980561083,0.015883931490984497,1.0476747992681918,False,True,False
12.1212,1min,20,5,4.621930980561083,0.015883931490984497,1.0476747992681918,False,True,False
12.4192,1min,20,5,4.621930980561083,0.015883931490984497,1.0476747992681918,False,True,False
12.7172,1min,20,5,4.621930980561083,0.015883931490984497,1.0476747992681918,False,True,False
13.0152,1min,20,4,4.152200040352385,0.008965748013735238,0.7907669479302482,False,True,False
13.3131,1min,20,4,4.152200040352385,0.008965748013735238,0.7907669479302482,False,True,False
13.6111,1min,20,4,4.152200040352385,0.008965748013735238,0.7907669479302482,False,True,False
13.9091,1min,20,4,4.152200040352385,0.008965748013735238,0.7907669479302482,False,True,False
14.2071,1min,20,4,4.152200040352385,0.008965748013735238,0.7907669479302482,False,True,False
14.5051,1min,20,4,4.152200040352385,0.008965748013735238,0.7907669479302482,False,True,False
14.803,1min,20,2,7.661196052061349,0.5223330260509247,0.2667649878001407,False,True,True
15.101,1min,20,2,7.661196052061349,0.5223330260509247,0.2667649878001407,False,True,True
15.399,1min,20,2,7.661196052061349,0.5223330260509247,0.2667649878001407,False,True,True
15.697,1min,20,2,7.661196052061349,0.5223330260509247,0.2667649878001407,False,True,True
15.9949,1min,20,2,7.661196052061349,0.5223330260509247,0.2667649878001407,False,True,True
16.2929,1min,20,2,7.661196052061349,0.5223330260509247,0.2667649878001407,False,True,True
16.5909,1min,20,2,7.661196052061349,0.5223330260509247,0.2667649878001407,False,True,True
16.8889,1min,20,2,7.661196052061349,0.5223330260509247,0.2667649878001407,False,True,True
17.1869,1min,20,2,7.661196052061349,0.5223330260509247,0.2667649878001407,False,True,True
17.4848,1min,20,2,7.661196052061349,0.5223330260509247,0.2667649878001407,False,True,True
17.7828,1min,20,2,7.661196052061349,0.5223330260509247,0.2667649878001407,False,True,True
18.0808,1min,20,2,7.661196052061349,0.5223330260509247,0.2667649878001407,False,True,True
18.3788,1min,20,2,7.661196052061349,0.5223330260509247,0.2667649878001407,False,True,True
18.6768,1min,20,2,7.661196052061349,0.5223330260509247,0.2667649878001407,False,True,True
18.9747,1min,20,2,7.661196052061349,0.5223330260509247,0.2667649878001407,False,True,True
19.2727,1min,20,2,7.661196052061349,0.5223330260509247,0.2667649878001407,False,True,True
19.5707,1min,20,2,7.661196052061349,0.5223330260509247,0.2667649878001407,False,True,True
19.8687,1min,20,2,7.661196052061349,0.5223330260509247,0.2667649878001407,False,True,True
20.1667,1min,20,2,7.661196052061349,0.5223330260509247,0.2667649878001407,False,True,True
20.4646,1min,20,2,7.661196052061349,0.5223330260509247,0.2667649878001407,False,True,True
20.7626,1min,20,2,7.661196052061349,0.5223330260509247,0.2667649878001407,False,True,True
21.0606,1min,20,2,7.661196052061349,0.5223330260509247,0.2667649878001407,False,True,True
21.3586,1min,20,2,7.661196052061349,0.5223330260509247,0.2667649878001407,False,True,True
21.6566,1min,20,2,7.661196052061349,0.5223330260509247,0.2667649878001407,False,True,True
21.9545,1min,20,2,7.661196052061349,0.5223330260509247,0.2667649878001407,False,True,True
22.2525,1min,20,2,7.661196052061349,0.5223330260509247,0.2667649878001407,False,True,True
22.5505,1min,20,2,7.661196052061349,0.5223330260509247,0.2667649878001407,False,True,True
22.8485,1min,20,2,7.661196052061349,0.5223330260509247,0.2667649878001407,False,True,True
23.1465,1min,20,2,7.661196052061349,0.5223330260509247,0.2667649878001407,False,True,True
23.4444,1min,20,2,7.661196052061349,0.5223330260509247,0.2667649878001407,False,True,True
23.7424,1min,20,2,7.661196052061349,0.5223330260509247,0.2667649878001407,False,True,True
24.0404,1min,20,2,7.661196052061349,0.5223330260509247,0.2667649878001407,False,True,True
24.3384,1min,20,2,7.661196052061349,0.5223330260509247,0.2667649878001407,False,True,True
24.6364,1min,20,2,7.661196052061349,0.5223330260509247,0.2667649878001407,False,True,True
24.9343,1min,20,2,7.661196052061349,0.5223330260509247,0.2667649878001407,False,True,True
25.2323,1min,20,2,7.661196052061349,0.5223330260509247,0.2667649878001407,False,True,True
25.5303,1min,20,2,7.661196052061349,0.5223330260509247,0.2667649878001407,False,True,True
25.8283,1min,20,2,7.661196052061349,0.5223330260509247,0.2667649878001407,False,True,True
26.1263,1min,20,2,7.661196052061349,0.5223330260509247,0.2667649878001407,False,True,True
26.4242,1min,20,2,7.661196052061349,0.5223330260509247,0.2667649878001407,False,True,True
26.7222,1min,20,2,7.661196052061349,0.5223330260509247,0.2667649878001407,False,True,True
27.0202,1min,20,2,7.661196052061349,0.5223330260509247,0.2667649878001407,False,True,True
27.3182,1min,20,2,7.661196052061349,0.5223330260509247,0.2667649878001407,False,True,True
27.6162,1min,20,2,7.661196052061349,0.5223330260509247,0.2667649878001407,False,True,True
27.9141,1min,20,2,7.661196052061349,0.5223330260509247,0.2667649878001407,False,True,True
28.2121,1min,20,2,7.661196052061349,0.5223330260509247,0.2667649878001407,False,True,True
28.5101,1min,20,2,7.661196052061349,0.5223330260509247,0.2667649878001407,False,True,True
28.8081,1min,20,2,7.661196052061349,0.5223330260509247,0.2667649878001407,False,True,True
29.1061,1min,20,2,7.661196052061349,0.5223330260509247,0.2667649878001407,False,True,True
29.404,1min,20,2,7.661196052061349,0.5223330260509247,0.2667649878001407,False,True,True
29.702,1min,20,2,7.661196052061349,0.5223330260509247,0.2667649878001407,False,True,True
30.0,1min,20,2,7.661196052061349,0.5223330260509247,0.2667649878001407,False,True,True
0.5,2min,0,22,0.0,0.0,4.459431618605558,True,False,False
0.798,2min,0,22,0.0,0.0,4.459431618605558,True,False,False
1.096,2min,0,22,0.0,0.0,4.459431618605558,True,False,False
1.3939,2min,0,22,0.0,0.0,4.459431618605558,True,False,False
1.6919,2min,0,22,0.0,0.0,4.459431618605558,True,False,False
1.9899,2min,0,21,286.78849584211974,0.07608710283770374,4.368522527697911,True,False,False
2.2879,2min,0,20,277.8508263329889,0.1490649433010954,4.277613436790262,True,False,False
2.5859,2min,0,20,277.8508263329889,0.1490649433010954,4.277613436790262,True,False,False
2.8838,2min,0,20,277.8508263329889,0.1490649433010954,4.277613436790262,True,False,False
3.1818,2min,0,20,277.8508263329889,0.1490649433010954,4.277613436790262,True,False,False
3.4798,2min,0,19,186.48667208269842,0.19927465085522844,4.186704345882614,True,False,False
3.7778,2min,0,19,186.48667208269842,0.19927465085522844,4.186704345882614,True,False,False
4.0758,2min,0,19,186.48667208269842,0.19927465085522844,4.186704345882614,True,False,False
4.3737,2min,0,19,186.48667208269842,0.19927465085522844,4.186704345882614,True,False,False
4.6717,2min,0,18,131.13131679174796,0.2432280271905867,4.095795254974965,True,False,False
4.9697,2min,0,17,109.25974912608139,0.29418762052817293,4.004886164067317,True,False,False
5.2677,2min,0,17,109.25974912608139,0.29418762052817293,4.004886164067317,True,False,False
5.5657,2min,0,17,109.25974912608139,0.29418762052817293,4.004886164067317,True,False,False
5.8636,2min,0,17,109.25974912608139,0.29418762052817293,4.004886164067317,True,False,False
6.1616,2min,0,16,60.738466181624794,0.30523156347594926,3.879664004879511,True,False,False
6.4596,2min,0,16,60.738466181624794,0.30523156347594926,3.879664004879511,True,False,False
6.7576,2min,0,16,60.738466181624794,0.30523156347594926,3.879664004879511,True,False,False
7.0556,2min,0,16,60.738466181624794,0.30523156347594926,3.879664004879511,True,False,False
7.3535,2min,0,16,60.738466181624794,0.30523156347594926,3.879664004879511,True,False,False
7.6515,2min,0,16,60.738466181624794,0.30523156347594926,3.879664004879511,True,False,False
7.9495,2min,0,15,45.704120163760784,0.3276439915396075,3.754441845691706,True,False,False
8.2475,2min,0,15,45.704120163760784,0.3276439915396075,3.754441845691706,True,False,False
8.5455,2min,0,14,43.15457391009885,0.34965365595953224,3.6635327547840575,False,False,False
8.8434,2min,0,13,41.804776556438526,0.3860744781058372,3.572623663876409,False,False,False
9.1414,2min,0,12,34.563780348767956,0.3713142609728228,3.447401504688603,False,True,False
9.4394,2min,0,12,34.563780348767956,0.3713142609728228,3.447401504688603,False,True,False
9.7374,2min,0,11,25.553860586253546,0.355045135398597,3.265583322871864,False,True,False
10.0354,2min,0,11,25.553860586253546,0.355045135398597,3.265583322871864,False,True,False
10.3333,2min,0,9,26.334390413396594,0.3693772348282474,2.95400364231687,False,True,False
10.6313,2min,0,9,26.334390413396594,0.3693772348282474,2.95400364231687,False,True,False
10.9293,2min,0,9,26.334390413396594,0.3693772348282474,2.95400364231687,False,True,False
11.2273,2min,0,6,12.842296508702379,0.2567795520469629,2.058117008478167,False,True,False
11.5253,2min,0,6,12.842296508702379,0.2567795520469629,2.058117008478167,False,True,False
11.8232,2min,0,5,5.0513943499627425,0.07830121752846511,1.4320062125333668,False,True,False
12.1212,2min,0,4,5.039315307774521,0.11211843077528515,1.1867043459042537,False,True,False
12.4192,2min,0,4,5.039315307774521,0.11211843077528515,1.1867043459042537,False,True,False
12.7172,2min,0,4,5.039315307774521,0.11211843077528515,1.1867043459042537,False,True,False
13.0152,2min,0,4,5.039315307774521,0.11211843077528515,1.1867043459042537,False,True,False
13.3131,2min,0,3,7.077127745946434,0.23008376555565227,1.0226297788858414,False,True,True
13.6111,2min,0,2,6.230136029111509,0.4571854301203075,0.2667649878001407,False,True,True
13.9091,2min,0,2,6.230136029111509,0.4571854301203075,0.2667649878001407,False,True,True
14.2071,2min,0,2,6.230136029111509,0.4571854301203075,0.2667649878001407,False,True,True
14.5051,2min,0,2,6.230136029111509,0.4571854301203075,0.2667649878001407,False,True,True
14.803,2min,0,2,6.230136029111509,0.4571854301203075,0.2667649878001407,False,True,True
15.101,2min,0,2,6.230136029111509,0.4571854301203075,0.2667649878001407,False,True,True
15.399,2min,0,2,6.230136029111509,0.4571854301203075,0.2667649878001407,False,True,True
15.697,2min,0,2,6.230136029111509,0.4571854301203075,0.2667649878001407,False,True,True
15.9949,2min,0,2,6.230136029111509,0.4571854301203075,0.2667649878001407,False,True,True
16.2929,2min,0,2,6.230136029111509,0.4571854301203075,0.2667649878001407,False,True,True
16.5909,2min,0,2,6.230136029111509,0.4571854301203075,0.2667649878001407,False,True,True
16.8889,2min,0,2,6.230136029111509,0.4571854301203075,0.2667649878001407,False,True,True
17.1869,2min,0,2,6.230136029111509,0.4571854301203075,0.2667649878001407,False,True,True
17.4848,2min,0,2,6.230136029111509,0.4571854301203075,0.2667649878001407,False,True,True
17.7828,2min,0,2,6.230136029111509,0.4571854301203075,0.2667649878001407,False,True,True
18.0808,2min,0,2,6.230136029111509,0.4571854301203075,0.2667649878001407,False,True,True
18.3788,2min,0,2,6.230136029111509,0.4571854301203075,0.2667649878001407,False,True,True
18.6768,2min,0,2,6.230136029111509,0.4571854301203075,0.2667649878001407,False,True,True
18.9747,2min,0,2,6.230136029111509,0.4571854301203075,0.2667649878001407,False,True,True
19.2727,2min,0,2,6.230136029111509,0.4571854301203075,0.2667649878001407,False,True,True
19.5707,2min,0,2,6.230136029111509,0.4571854301203075,0.2667649878001407,False,True,True
19.8687,2min,0,2,6.230136029111509,0.4571854301203075,0.2667649878001407,False,True,True
20.1667,2min,0,2,6.230136029111509,0.4571854301203075,0.2667649878001407,False,True,True
20.4646,2min,0,2,6.230136029111509,0.4571854301203075,0.2667649878001407,False,True,True
20.7626,2min,0,2,6.230136029111509,0.4571854301203075,0.2667649878001407,False,True,True
21.0606,2min,0,2,6.230136029111509,0.4571854301203075,0.2667649878001407,False,True,True
21.3586,2min,0,2,6.230136029111509,0.4571854301203075,0.2667649878001407,False,True,True
21.6566,2min,0,2,6.230136029111509,0.4571854301203075,0.2667649878001407,False,True,True
21.9545,2min,0,2,6.230136029111509,0.4571854301203075,0.2667649878001407,False,True,True
22.2525,2min,0,2,6.230136029111509,0.4571854301203075,0.2667649878001407,False,True,True
22.5505,2min,0,2,6.230136029111509,0.4571854301203075,0.2667649878001407,False,True,True
22.8485,2min,0,2,6.230136029111509,0.4571854301203075,0.2667649878001407,False,True,True
23.1465,2min,0,2,6.230136029111509,0.4571854301203075,0.2667649878001407,False,True,True
23.4444,2min,0,2,6.230136029111509,0.4571854301203075,0.2667649878001407,False,True,True
23.7424,2min,0,2,6.230136029111509,0.4571854301203075,0.2667649878001407,False,True,True
24.0404,2min,0,2,6.230136029111509,0.4571854301203075,0.2667649878001407,False,True,True
24.3384,2min,0,2,6.230136029111509,0.4571854301203075,0.2667649878001407,False,True,True
24.6364,2min,0,2,6.230136029111509,0.4571854301203075,0.2667649878001407,False,True,True
24.9343,2min,0,2,6.230136029111509,0.4571854301203075,0.2667649878001407,False,True,True
25.2323,2min,0,2,6.230136029111509,0.4571854301203075,0.2667649878001407,False,True,True
25.5303,2min,0,2,6.230136029111509,0.4571854301203075,0.2667649878001407,False,True,True
25.8283,2min,0,2,6.230136029111509,0.4571854301203075,0.2667649878001407,False,True,True
26.1263,2min,0,2,6.230136029111509,0.4571854301203075,0.2667649878001407,False,True,True
26.4242,2min,0,2,6.230136029111509,0.4571854301203075,0.2667649878001407,False,True,True
26.7222,2min,0,2,6.230136029111509,0.4571854301203075,0.2667649878001407,False,True,True
27.0202,2min,0,2,6.230136029111509,0.4571854301203075,0.2667649878001407,False,True,True
27.3182,2min,0,2,6.230136029111509,0.4571854301203075,0.2667649878001407,False,True,True
27.6162,2min,0,2,6.230136029111509,0.4571854301203075,0.2667649878001407,False,True,True
27.9141,2min,0,2,6.230136029111509,0.4571854301203075,0.2667649878001407,False,True,True
28.2121,2min,0,2,6.230136029111509,0.4571854301203075,0.2667649878001407,False,True,True
28.5101,2min,0,2,6.230136029111509,0.4571854301203075,0.2667649878001407,False,True,True
28.8081,2min,0,2,6.230136029111509,0.4571854301203075,0.2667649878001407,False,True,True
29.1061,2min,0,2,6.230136029111509,0.4571854301203075,0.2667649878001407,False,True,True
29.404,2min,0,2,6.230136029111509,0.4571854301203075,0.2667649878001407,False,True,True
29.702,2min,0,2,6.230136029111509,0.4571854301203075,0.2667649878001407,False,True,True
30.0,2min,0,2,6.230136029111509,0.4571854301203075,0.2667649878001407,False,True,True
0.5,2min,1,22,0.0,0.0,4.459431618605558,True,False,False
0.798,2min,1,22,0.0,0.0,4.459431618605558,True,False,False
1.096,2min,1,22,0.0,0.0,4.459431618605558,True,False,False
1.3939,2min,1,22,0.0,0.0,4.459431618605558,True,False,False
1.6919,2min,1,22,0.0,0.0,4.459431618605558,True,False,False
1.9899,2min,1,22,0.0,0.0,4.459431618605558,True,False,False
2.2879,2min,1,21,167.5848191402508,0.06534466868739969,4.368522527697911,True,False,False
2.5859,2min,1,21,167.5848191402508,0.06534466868739969,4.368522527697911,True,False,False
2.8838,2min,1,21,167.5848191402508,0.06534466868739969,4.368522527697911,True,False,False
3.1818,2min,1,20,125.39951181415792,0.12296160677948237,4.277613436790262,True,False,False
3.4798,2min,1,20,125.39951181415792,0.12296160677948237,4.277613436790262,True,False,False
3.7778,2min,1,20,125.39951181415792,0.12296160677948237,4.277613436790262,True,False,False
4.0758,2min,1,18,88.08556084274308,0.21399837338161476,4.095795254974965,True,False,False
4.3737,2min,1,17,85.53412123073596,0.26411495571912175,4.004886164067317,True,False,False
4.6717,2min,1,17,85.53412123073596,0.26411495571912175,4.004886164067317,True,False,False
4.9697,2min,1,17,85.53412123073596,0.26411495571912175,4.004886164067317,True,False,False
5.2677,2min,1,17,85.53412123073596,0.26411495571912175,4.004886164067317,True,False,False
5.5657,2min,1,16,50.69010006848387,0.265812138790449,3.879664004879511,True,False,False
5.8636,2min,1,16,50.69010006848387,0.265812138790449,3.879664004879511,True,False,False
6.1616,2min,1,16,50.69010006848387,0.265812138790449,3.879664004879511,True,False,False
6.4596,2min,1,16,50.69010006848387,0.265812138790449,3.879664004879511,True,False,False
6.7576,2min,1,16,50.69010006848387,0.265812138790449,3.879664004879511,True,False,False
7.0556,2min,1,16,50.69010006848387,0.265812138790449,3.879664004879511,True,False,False
7.3535,2min,1,16,50.69010006848387,0.265812138790449,3.879664004879511,True,False,False
7.6515,2min,1,16,50.69010006848387,0.265812138790449,3.879664004879511,True,False,False
7.9495,2min,1,14,31.41703771439201,0.2687031206294129,3.6292196865039,False,False,False
8.2475,2min,1,12,22.45161866825834,0.2807984334935108,3.3564924137795122,False,True,False
8.5455,2min,1,11,23.25222810439816,0.2880209977327821,3.2312702545917062,False,True,False
8.8434,2min,1,11,23.25222810439816,0.2880209977327821,3.2312702545917062,False,True,False
9.1414,2min,1,9,8.678017380753355,0.1958378363046786,2.5172018025697422,False,True,False
9.4394,2min,1,9,8.678017380753355,0.1958378363046786,2.5172018025697422,False,True,False
9.7374,2min,1,8,9.654410580570172,0.21988670415783915,2.3696966890331606,False,True,False
10.0354,2min,1,8,9.654410580570172,0.21988670415783915,2.3696966890331606,False,True,False
10.3333,2min,1,8,9.654410580570172,0.21988670415783915,2.3696966890331606,False,True,False
10.6313,2min,1,7,5.398682282570176,0.08716318684743458,1.8204381454012932,False,True,False
10.9293,2min,1,7,5.398682282570176,0.08716318684743458,1.8204381454012932,False,True,False
11.2273,2min,1,7,5.398682282570176,0.08716318684743458,1.8204381454012932,False,True,False
11.5253,2min,1,6,4.735981950621812,0.04585918413520344,1.3009376049351973,False,True,False
11.8232,2min,1,6,4.735981950621812,0.04585918413520344,1.3009376049351973,False,True,False
12.1212,2min,1,5,4.338072515340541,0.039023936294032335,1.0476747992681918,False,True,False
12.4192,2min,1,4,4.262115286236404,0.07035808266857738,0.7907669479302482,False,True,False
12.7172,2min,1,4,4.262115286236404,0.07035808266857738,0.7907669479302482,False,True,False
13.0152,2min,1,4,4.262115286236404,0.07035808266857738,0.7907669479302482,False,True,False
13.3131,2min,1,4,4.262115286236404,0.07035808266857738,0.7907669479302482,False,True,False
13.6111,2min,1,3,4.638343055136809,0.25363878169526716,0.5304060778262762,False,True,True
13.9091,2min,1,3,4.638343055136809,0.25363878169526716,0.5304060778262762,False,True,True
14.2071,2min,1,3,4.638343055136809,0.25363878169526716,0.5304060778262762,False,True,True
14.5051,2min,1,3,4.638343055136809,0.25363878169526716,0.5304060778262762,False,True,True
14.803,2min,1,3,4.638343055136809,0.25363878169526716,0.5304060778262762,False,True,True
15.101,2min,1,3,4.638343055136809,0.25363878169526716,0.5304060778262762,False,True,True
15.399,2min,1,2,5.250240037717357,0.428525868250964,0.2667649878001407,False,True,True
15.697,2min,1,2,5.250240037717357,0.428525868250964,0.2667649878001407,False,True,True
15.9949,2min,1,2,5.250240037717357,0.428525868250964,0.2667649878001407,False,True,True
16.2929,2min,1,2,5.250240037717357,0.428525868250964,0.2667649878001407,False,True,True
16.5909,2min,1,2,5.250240037717357,0.428525868250964,0.2667649878001407,False,True,True
16.8889,2min,1,2,5.250240037717357,0.428525868250964,0.2667649878001407,False,True,True
17.1869,2min,1,2,5.250240037717357,0.428525868250964,0.2667649878001407,False,True,True
17.4848,2min,1,2,5.250240037717357,0.428525868250964,0.2667649878001407,False,True,True
17.7828,2min,1,2,5.250240037717357,0.428525868250964,0.2667649878001407,False,True,True
18.0808,2min,1,2,5.250240037717357,0.428525868250964,0.2667649878001407,False,True,True
18.3788,2min,1,2,5.250240037717357,0.428525868250964,0.2667649878001407,False,True,True
18.6768,2min,1,2,5.250240037717357,0.428525868250964,0.2667649878001407,False,True,True
18.9747,2min,1,2,5.250240037717357,0.428525868250964,0.2667649878001407,False,True,True
19.2727,2min,1,2,5.250240037717357,0.428525868250964,0.2667649878001407,False,True,True
19.5707,2min,1,2,5.250240037717357,0.428525868250964,0.2667649878001407,False,True,True
19.8687,2min,1,2,5.250240037717357,0.428525868250964,0.2667649878001407,False,True,True
20.1667,2min,1,2,5.250240037717357,0.428525868250964,0.2667649878001407,False,True,True
20.4646,2min,1,2,5.250240037717357,0.428525868250964,0.2667649878001407,False,True,True
20.7626,2min,1,2,5.250240037717357,0.428525868250964,0.2667649878001407,False,True,True
21.0606,2min,1,2,5.250240037717357,0.428525868250964,0.2667649878001407,False,True,True
21.3586,2min,1,2,5.250240037717357,0.428525868250964,0.2667649878001407,False,True,True
21.6566,2min,1,2,5.250240037717357,0.428525868250964,0.2667649878001407,False,True,True
21.9545,2min,1,2,5.250240037717357,0.428525868250964,0.2667649878001407,False,True,True
22.2525,2min,1,2,5.250240037717357,0.428525868250964,0.2667649878001407,False,True,True
22.5505,2min,1,2,5.250240037717357,0.428525868250964,0.2667649878001407,False,True,True
22.8485,2min,1,2,5.250240037717357,0.428525868250964,0.2667649878001407,False,True,True
23.1465,2min,1,2,5.250240037717357,0.428525868250964,0.2667649878001407,False,True,True
23.4444,2min,1,2,5.250240037717357,0.428525868250964,0.2667649878001407,False,True,True
23.7424,2min,1,2,5.250240037717357,0.428525868250964,0.2667649878001407,False,True,True
24.0404,2min,1,2,5.250240037717357,0.428525868250964,0.2667649878001407,False,True,True
24.3384,2min,1,2,5.250240037717357,0.428525868250964,0.2667649878001407,False,True,True
24.6364,2min,1,2,5.250240037717357,0.428525868250964,0.2667649878001407,False,True,True
24.9343,2min,1,2,5.250240037717357,0.428525868250964,0.2667649878001407,False,True,True
25.2323,2min,1,2,5.250240037717357,0.428525868250964,0.2667649878001407,False,True,True
25.5303,2min,1,2,5.250240037717357,0.428525868250964,0.2667649878001407,False,True,True
25.8283,2min,1,2,5.250240037717357,0.428525868250964,0.2667649878001407,False,True,True
26.1263,2min,1,2,5.250240037717357,0.428525868250964,0.2667649878001407,False,True,True
26.4242,2min,1,2,5.250240037717357,0.428525868250964,0.2667649878001407,False,True,True
26.7222,2min,1,2,5.250240037717357,0.428525868250964,0.2667649878001407,False,True,True
27.0202,2min,1,2,5.250240037717357,0.428525868250964,0.2667649878001407,False,True,True
27.3182,2min,1,2,5.250240037717357,0.428525868250964,0.2667649878001407,False,True,True
27.6162,2min,1,2,5.250240037717357,0.428525868250964,0.2667649878001407,False,True,True
27.9141,2min,1,2,5.250240037717357,0.428525868250964,0.2667649878001407,False,True,True
28.2121,2min,1,2,5.250240037717357,0.428525868250964,0.2667649878001407,False,True,True
28.5101,2min,1,2,5.250240037717357,0.428525868250964,0.2667649878001407,False,True,True
28.8081,2min,1,1,0.0,0.0,-1.4428232973175175e-12,False,False,True
29.1061,2min,1,1,0.0,0.0,-1.4428232973175175e-12,False,False,True
29.404,2min,1,1,0.0,0.0,-1.4428232973175175e-12,False,False,True
29.702,2min,1,1,0.0,0.0,-1.4428232973175175e-12,False,False,True
30.0,2min,1,1,0.0,0.0,-1.4428232973175175e-12,False,False,True
0.5,2min,2,22,0.0,0.0,4.459431618605558,True,False,False
0.798,2min,2,22,0.0,0.0,4.459431618605558,True,False,False
1.096,2min,2,21,861.0692594321404,0.07840895953697888,4.368522527697911,True,False,False
1.3939,2min,2,21,861.0692594321404,0.07840895953697888,4.368522527697911,True,False,False
1.6919,2min,2,20,568.8318494337041,0.1573450039151897,4.277613436790262,True,False,False
1.9899,2min,2,20,568.8318494337041,0.1573450039151897,4.277613436790262,True,False,False
2.2879,2min,2,20,568.8318494337041,0.1573450039151897,4.277613436790262,True,False,False
2.5859,2min,2,20,568.8318494337041,0.1573450039151897,4.277613436790262,True,False,False
2.8838,2min,2,20,568.8318494337041,0.1573450039151897,4.277613436790262,True,False,False
3.1818,2min,2,20,568.8318494337041,0.1573450039151897,4.277613436790262,True,False,False
3.4798,2min,2,20,568.8318494337041,0.1573450039151897,4.277613436790262,True,False,False
3.7778,2min,2,20,568.8318494337041,0.1573450039151897,4.277613436790262,True,False,False
4.0758,2min,2,20,568.8318494337041,0.1573450039151897,4.277613436790262,True,False,False
4.3737,2min,2,20,568.8318494337041,0.1573450039151897,4.277613436790262,True,False,False
4.6717,2min,2,20,568.8318494337041,0.1573450039151897,4.277613436790262,True,False,False
4.9697,2min,2,19,123.38820409747838,0.17086224755368729,4.186704345882614,True,False,False
5.2677,2min,2,18,86.59081810541873,0.2244239414600245,4.095795254974965,True,False,False
5.5657,2min,2,17,69.89468171589292,0.2906488082175258,3.9705730957871594,True,False,False
5.8636,2min,2,15,62.42554766495345,0.3459669736608109,3.7887549139718635,True,False,False
6.1616,2min,2,15,62.42554766495345,0.3459669736608109,3.7887549139718635,True,False,False
6.4596,2min,2,15,62.42554766495345,0.3459669736608109,3.7887549139718635,True,False,False
6.7576,2min,2,14,44.75898929163212,0.34656186028955627,3.6635327547840575,False,False,False
7.0556,2min,2,13,36.767870099722046,0.3432614662960432,3.5383105955962515,False,False,False
7.3535,2min,2,13,36.767870099722046,0.3432614662960432,3.5383105955962515,False,False,False
7.6515,2min,2,12,29.372831211857203,0.3511547203692648,3.3176400059489057,False,True,False
7.9495,2min,2,12,29.372831211857203,0.3511547203692648,3.3176400059489057,False,True,False
8.2475,2min,2,12,29.372831211857203,0.3511547203692648,3.3176400059489057,False,True,False
8.5455,2min,2,12,29.372831211857203,0.3511547203692648,3.3176400059489057,False,True,False
8.8434,2min,2,12,29.372831211857203,0.3511547203692648,3.3176400059489057,False,True,False
9.1414,2min,2,12,29.372831211857203,0.3511547203692648,3.3176400059489057,False,True,False
9.4394,2min,2,11,30.846806862466035,0.40660469881849864,3.2267309150412573,False,True,False
9.7374,2min,2,9,14.896730542891524,0.3545780084766765,2.8287814831276217,False,True,False
10.0354,2min,2,9,14.896730542891524,0.3545780084766765,2.8287814831276217,False,True,False
10.3333,2min,2,9,14.896730542891524,0.3545780084766765,2.8287814831276217,False,True,False
10.6313,2min,2,9,14.896730542891524,0.3545780084766765,2.8287814831276217,False,True,False
10.9293,2min,2,8,13.046753919560045,0.36533609043239573,2.640521962671051,False,True,False
11.2273,2min,2,8,13.046753919560045,0.36533609043239573,2.640521962671051,False,True,False
11.5253,2min,2,7,7.920162057842798,0.24886919552538878,2.3278928463735125,False,True,False
11.8232,2min,2,6,8.95904913853634,0.2242018827697304,2.107222256726167,False,True,False
12.1212,2min,2,5,4.255000692295175,0.03320452361543003,1.508858464846299,False,True,False
12.4192,2min,2,5,4.255000692295175,0.03320452361543003,1.508858464846299,False,True,False
12.7172,2min,2,4,3.665959347834576,-0.05644352440610283,0.7907669479302482,False,True,False
13.0152,2min,2,4,3.665959347834576,-0.05644352440610283,0.7907669479302482,False,True,False
13.3131,2min,2,4,3.665959347834576,-0.05644352440610283,0.7907669479302482,False,True,False
13.6111,2min,2,3,4.3937127751336496,0.18354863580525488,0.5304060778262762,False,True,True
13.9091,2min,2,3,4.3937127751336496,0.18354863580525488,0.5304060778262762,False,True,True
14.2071,2min,2,3,4.3937127751336496,0.18354863580525488,0.5304060778262762,False,True,True
14.5051,2min,2,3,4.3937127751336496,0.18354863580525488,0.5304060778262762,False,True,True
14.803,2min,2,3,4.3937127751336496,0.18354863580525488,0.5304060778262762,False,True,True
15.101,2min,2,3,4.3937127751336496,0.18354863580525488,0.5304060778262762,False,True,True
15.399,2min,2,3,4.3937127751336496,0.18354863580525488,0.5304060778262762,False,True,True
15.697,2min,2,3,4.3937127751336496,0.18354863580525488,0.5304060778262762,False,True,True
15.9949,2min,2,3,4.3937127751336496,0.18354863580525488,0.5304060778262762,False,True,True
16.2929,2min,2,3,4.3937127751336496,0.18354863580525488,0.5304060778262762,False,True,True
16.5909,2min,2,2,5.601859744744253,0.4173976175779118,0.2667649878001407,False,True,True
16.8889,2min,2,2,5.601859744744253,0.4173976175779118,0.2667649878001407,False,True,True
17.1869,2min,2,2,5.601859744744253,0.4173976175779118,0.2667649878001407,False,True,True
17.4848,2min,2,2,5.601859744744253,0.4173976175779118,0.2667649878001407,False,True,True
17.7828,2min,2,2,5.601859744744253,0.4173976175779118,0.2667649878001407,False,True,True
18.0808,2min,2,2,5.601859744744253,0.4173976175779118,0.2667649878001407,False,True,True
18.3788,2min,2,2,5.601859744744253,0.4173976175779118,0.2667649878001407,False,True,True
18.6768,2min,2,2,5.601859744744253,0.4173976175779118,0.2667649878001407,False,True,True
18.9747,2min,2,2,5.601859744744253,0.4173976175779118,0.2667649878001407,False,True,True
19.2727,2min,2,2,5.601859744744253,0.4173976175779118,0.2667649878001407,False,True,True
19.5707,2min,2,2,5.601859744744253,0.4173976175779118,0.2667649878001407,False,True,True
19.8687,2min,2,2,5.601859744744253,0.4173976175779118,0.2667649878001407,False,True,True
20.1667,2min,2,2,5.601859744744253,0.4173976175779118,0.2667649878001407,False,True,True
20.4646,2min,2,2,5.601859744744253,0.4173976175779118,0.2667649878001407,False,True,True
20.7626,2min,2,2,5.601859744744253,0.4173976175779118,0.2667649878001407,False,True,True
21.0606,2min,2,2,5.601859744744253,0.4173976175779118,0.2667649878001407,False,True,True
21.3586,2min,2,2,5.601859744744253,0.4173976175779118,0.2667649878001407,False,True,True
21.6566,2min,2,2,5.601859744744253,0.4173976175779118,0.2667649878001407,False,True,True
21.9545,2min,2,2,5.601859744744253,0.4173976175779118,0.2667649878001407,False,True,True
22.2525,2min,2,2,5.601859744744253,0.4173976175779118,0.2667649878001407,False,True,True
22.5505,2min,2,2,5.601859744744253,0.4173976175779118,0.2667649878001407,False,True,True
22.8485,2min,2,2,5.601859744744253,0.4173976175779118,0.2667649878001407,False,True,True
23.1465,2min,2,2,5.601859744744253,0.4173976175779118,0.2667649878001407,False,True,True
23.4444,2min,2,2,5.601859744744253,0.4173976175779118,0.2667649878001407,False,True,True
23.7424,2min,2,2,5.601859744744253,0.4173976175779118,0.2667649878001407,False,True,True
24.0404,2min,2,2,5.601859744744253,0.4173976175779118,0.2667649878001407,False,True,True
24.3384,2min,2,2,5.601859744744253,0.4173976175779118,0.2667649878001407,False,True,True
24.6364,2min,2,2,5.601859744744253,0.4173976175779118,0.2667649878001407,False,True,True
24.9343,2min,2,2,5.601859744744253,0.4173976175779118,0.2667649878001407,False,True,True
25.2323,2min,2,1,0.0,0.0,-1.4428232973175175e-12,False,False,True
25.5303,2min,2,1,0.0,0.0,-1.4428232973175175e-12,False,False,True
25.8283,2min,2,1,0.0,0.0,-1.4428232973175175e-12,False,False,True
26.1263,2min,2,1,0.0,0.0,-1.4428232973175175e-12,False,False,True
26.4242,2min,2,1,0.0,0.0,-1.4428232973175175e-12,False,False,True
26.7222,2min,2,1,0.0,0.0,-1.4428232973175175e-12,False,False,True
27.0202,2min,2,1,0.0,0.0,-1.4428232973175175e-12,False,False,True
27.3182,2min,2,1,0.0,0.0,-1.4428232973175175e-12,False,False,True
27.6162,2min,2,1,0.0,0.0,-1.4428232973175175e-12,False,False,True
27.9141,2min,2,1,0.0,0.0,-1.4428232973175175e-12,False,False,True
28.2121,2min,2,1,0.0,0.0,-1.4428232973175175e-12,False,False,True
28.5101,2min,2,1,0.0,0.0,-1.4428232973175175e-12,False,False,True
28.8081,2min,2,1,0.0,0.0,-1.4428232973175175e-12,False,False,True
29.1061,2min,2,1,0.0,0.0,-1.4428232973175175e-12,False,False,True
29.404,2min,2,1,0.0,0.0,-1.4428232973175175e-12,False,False,True
29.702,2min,2,1,0.0,0.0,-1.4428232973175175e-12,False,False,True
30.0,2min,2,1,0.0,0.0,-1.4428232973175175e-12,False,False,True
0.5,2min,3,22,0.0,0.0,4.459431618605558,True,False,False
0.798,2min,3,21,2505.6987093930943,0.06935014618296663,4.368522527697911,True,False,False
1.096,2min,3,20,1413.1556044775407,0.10390404592430992,4.277613436790262,True,False,False
1.3939,2min,3,20,1413.1556044775407,0.10390404592430992,4.277613436790262,True,False,False
1.6919,2min,3,19,656.741209828161,0.15348475286576993,4.152391277602456,True,False,False
1.9899,2min,3,19,656.741209828161,0.15348475286576993,4.152391277602456,True,False,False
2.2879,2min,3,18,454.21058715897004,0.20629035708266902,4.061482186694808,True,False,False
2.5859,2min,3,17,316.2771989308974,0.22978001327881106,3.936260027507002,True,False,False
2.8838,2min,3,17,316.2771989308974,0.22978001327881106,3.936260027507002,True,False,False
3.1818,2min,3,16,187.34263047997,0.24112238590448315,3.78875491397042,True,False,False
3.4798,2min,3,16,187.34263047997,0.24112238590448315,3.78875491397042,True,False,False
3.7778,2min,3,16,187.34263047997,0.24112238590448315,3.78875491397042,True,False,False
4.0758,2min,3,16,187.34263047997,0.24112238590448315,3.78875491397042,True,False,False
4.3737,2min,3,16,187.34263047997,0.24112238590448315,3.78875491397042,True,False,False
4.6717,2min,3,15,150.31550034638423,0.2941281309377619,3.6978458230627727,True,False,False
4.9697,2min,3,13,107.12796983015653,0.4125413862952503,3.4428621651367117,False,False,False
5.2677,2min,3,12,79.14011477692863,0.3763280321468251,3.222191575489366,False,True,False
5.5657,2min,3,11,53.55810664409907,0.39313790705113105,3.044912733223076,False,True,False
5.8636,2min,3,11,53.55810664409907,0.39313790705113105,3.044912733223076,False,True,False
6.1616,2min,3,11,53.55810664409907,0.39313790705113105,3.044912733223076,False,True,False
6.4596,2min,3,11,53.55810664409907,0.39313790705113105,3.044912733223076,False,True,False
6.7576,2min,3,11,53.55810664409907,0.39313790705113105,3.044912733223076,False,True,False
7.0556,2min,3,11,53.55810664409907,0.39313790705113105,3.044912733223076,False,True,False
7.3535,2min,3,11,53.55810664409907,0.39313790705113105,3.044912733223076,False,True,False
7.6515,2min,3,11,53.55810664409907,0.39313790705113105,3.044912733223076,False,True,False
7.9495,2min,3,11,53.55810664409907,0.39313790705113105,3.044912733223076,False,True,False
8.2475,2min,3,11,53.55810664409907,0.39313790705113105,3.044912733223076,False,True,False
8.5455,2min,3,11,53.55810664409907,0.39313790705113105,3.044912733223076,False,True,False
8.8434,2min,3,11,53.55810664409907,0.39313790705113105,3.044912733223076,False,True,False
9.1414,2min,3,11,53.55810664409907,0.39313790705113105,3.044912733223076,False,True,False
9.4394,2min,3,10,52.248658437104915,0.42716016468524903,2.9540036423154272,False,True,False
9.7374,2min,3,9,42.666633261700476,0.45809907023687085,2.7657441218588565,False,True,False
10.0354,2min,3,9,42.666633261700476,0.45809907023687085,2.7657441218588565,False,True,False
10.3333,2min,3,9,42.666633261700476,0.45809907023687085,2.7657441218588565,False,True,False
10.6313,2min,3,8,39.29860834622705,0.45789593813643187,2.640521962671051,False,True,False
10.9293,2min,3,7,19.180869090473198,0.3622566261162747,2.3278928463735125,False,True,False
11.2273,2min,3,5,9.161906510623929,0.16247323393383856,1.4886022351623,False,True,False
11.5253,2min,3,4,7.90702177322017,0.10191990112001635,1.0848063548397429,False,True,False
11.8232,2min,3,3,10.071032796523603,0.33450701119976184,0.8315435491727377,False,True,True
12.1212,2min,3,2,8.439163958957836,0.5122457551202548,0.2667649878001407,False,True,True
12.4192,2min,3,2,8.439163958957836,0.5122457551202548,0.2667649878001407,False,True,True
12.7172,2min,3,2,8.439163958957836,0.5122457551202548,0.2667649878001407,False,True,True
13.0152,2min,3,2,8.439163958957836,0.5122457551202548,0.2667649878001407,False,True,True
13.3131,2min,3,2,8.439163958957836,0.5122457551202548,0.2667649878001407,False,True,True
13.6111,2min,3,2,8.439163958957836,0.5122457551202548,0.2667649878001407,False,True,True
13.9091,2min,3,2,8.439163958957836,0.5122457551202548,0.2667649878001407,False,True,True
14.2071,2min,3,2,8.439163958957836,0.5122457551202548,0.2667649878001407,False,True,True
14.5051,2min,3,2,8.439163958957836,0.5122457551202548,0.2667649878001407,False,True,True
14.803,2min,3,2,8.439163958957836,0.5122457551202548,0.2667649878001407,False,True,True
15.101,2min,3,2,8.439163958957836,0.5122457551202548,0.2667649878001407,False,True,True
15.399,2min,3,2,8.439163958957836,0.5122457551202548,0.2667649878001407,False,True,True
15.697,2min,3,2,8.439163958957836,0.5122457551202548,0.2667649878001407,False,True,True
15.9949,2min,3,2,8.439163958957836,0.5122457551202548,0.2667649878001407,False,True,True
16.2929,2min,3,2,8.439163958957836,0.5122457551202548,0.2667649878001407,False,True,True
16.5909,2min,3,2,8.439163958957836,0.5122457551202548,0.2667649878001407,False,True,True
16.8889,2min,3,2,8.439163958957836,0.5122457551202548,0.2667649878001407,False,True,True
17.1869,2min,3,2,8.439163958957836,0.5122457551202548,0.2667649878001407,False,True,True
17.4848,2min,3,2,8.439163958957836,0.5122457551202548,0.2667649878001407,False,True,True
17.7828,2min,3,2,8.439163958957836,0.5122457551202548,0.2667649878001407,False,True,True
18.0808,2min,3,2,8.439163958957836,0.5122457551202548,0.2667649878001407,False,True,True
18.3788,2min,3,2,8.439163958957836,0.5122457551202548,0.2667649878001407,False,True,True
18.6768,2min,3,2,8.439163958957836,0.5122457551202548,0.2667649878001407,False,True,True
18.9747,2min,3,2,8.439163958957836,0.5122457551202548,0.2667649878001407,False,True,True
19.2727,2min,3,2,8.439163958957836,0.5122457551202548,0.2667649878001407,False,True,True
19.5707,2min,3,2,8.439163958957836,0.5122457551202548,0.2667649878001407,False,True,True
19.8687,2min,3,2,8.439163958957836,0.5122457551202548,0.2667649878001407,False,True,True
20.1667,2min,3,2,8.439163958957836,0.5122457551202548,0.2667649878001407,False,True,True
20.4646,2min,3,2,8.439163958957836,0.5122457551202548,0.2667649878001407,False,True,True
20.7626,2min,3,2,8.439163958957836,0.5122457551202548,0.2667649878001407,False,True,True
21.0606,2min,3,2,8.439163958957836,0.5122457551202548,0.2667649878001407,False,True,True
21.3586,2min,3,2,8.439163958957836,0.5122457551202548,0.2667649878001407,False,True,True
21.6566,2min,3,2,8.439163958957836,0.5122457551202548,0.2667649878001407,False,True,True
21.9545,2min,3,2,8.439163958957836,0.5122457551202548,0.2667649878001407,False,True,True
22.2525,2min,3,2,8.439163958957836,0.5122457551202548,0.2667649878001407,False,True,True
22.5505,2min,3,2,8.439163958957836,0.5122457551202548,0.2667649878001407,False,True,True
22.8485,2min,3,2,8.439163958957836,0.5122457551202548,0.2667649878001407,False,True,True
23.1465,2min,3,2,8.439163958957836,0.5122457551202548,0.2667649878001407,False,True,True
23.4444,2min,3,2,8.439163958957836,0.5122457551202548,0.2667649878001407,False,True,True
23.7424,2min,3,2,8.439163958957836,0.5122457551202548,0.2667649878001407,False,True,True
24.0404,2min,3,2,8.439163958957836,0.5122457551202548,0.2667649878001407,False,True,True
24.3384,2min,3,2,8.439163958957836,0.5122457551202548,0.2667649878001407,False,True,True
24.6364,2min,3,2,8.439163958957836,0.5122457551202548,0.2667649878001407,False,True,True
24.9343,2min,3,2,8.439163958957836,0.5122457551202548,0.2667649878001407,False,True,True
25.2323,2min,3,2,8.439163958957836,0.5122457551202548,0.2667649878001407,False,True,True
25.5303,2min,3,2,8.439163958957836,0.5122457551202548,0.2667649878001407,False,True,True
25.8283,2min,3,2,8.439163958957836,0.5122457551202548,0.2667649878001407,False,True,True
26.1263,2min,3,2,8.439163958957836,0.5122457551202548,0.2667649878001407,False,True,True
26.4242,2min,3,2,8.439163958957836,0.5122457551202548,0.2667649878001407,False,True,True
26.7222,2min,3,2,8.439163958957836,0.5122457551202548,0.2667649878001407,False,True,True
27.0202,2min,3,2,8.439163958957836,0.5122457551202548,0.2667649878001407,False,True,True
27.3182,2min,3,2,8.439163958957836,0.5122457551202548,0.2667649878001407,False,True,True
27.6162,2min,3,2,8.439163958957836,0.5122457551202548,0.2667649878001407,False,True,True
27.9141,2min,3,2,8.439163958957836,0.5122457551202548,0.2667649878001407,False,True,True
28.2121,2min,3,2,8.439163958957836,0.5122457551202548,0.2667649878001407,False,True,True
28.5101,2min,3,2,8.439163958957836,0.5122457551202548,0.2667649878001407,False,True,True
28.8081,2min,3,2,8.439163958957836,0.5122457551202548,0.2667649878001407,False,True,True
29.1061,2min,3,2,8.439163958957836,0.5122457551202548,0.2667649878001407,False,True,True
29.404,2min,3,2,8.439163958957836,0.5122457551202548,0.2667649878001407,False,True,True
29.702,2min,3,1,0.0,0.0,-1.4428232973175175e-12,False,False,True
30.0,2min,3,1,0.0,0.0,-1.4428232973175175e-12,False,False,True
0.5,2min,4,22,0.0,0.0,4.459431618605558,True,False,False
0.798,2min,4,22,0.0,0.0,4.459431618605558,True,False,False
1.096,2min,4,22,0.0,0.0,4.459431618605558,True,False,False
1.3939,2min,4,22,0.0,0.0,4.459431618605558,True,False,False
1.6919,2min,4,22,0.0,0.0,4.459431618605558,True,False,False
1.9899,2min,4,22,0.0,0.0,4.459431618605558,True,False,False
2.2879,2min,4,21,199.5555231460194,0.07392233950882504,4.368522527697911,True,False,False
2.5859,2min,4,21,199.5555231460194,0.07392233950882504,4.368522527697911,True,False,False
2.8838,2min,4,20,166.30923293435677,0.12679463418171852,4.277613436790262,True,False,False
3.1818,2min,4,20,166.30923293435677,0.12679463418171852,4.277613436790262,True,False,False
3.4798,2min,4,20,166.30923293435677,0.12679463418171852,4.277613436790262,True,False,False
3.7778,2min,4,18,62.97169813042847,0.13312479435794144,4.061482186694808,True,False,False
4.0758,2min,4,17,51.139336716907,0.1546811297106176,3.913977073158226,True,False,False
4.3737,2min,4,17,51.139336716907,0.1546811297106176,3.913977073158226,True,False,False
4.6717,2min,4,17,51.139336716907,0.1546811297106176,3.913977073158226,True,False,False
4.9697,2min,4,17,51.139336716907,0.1546811297106176,3.913977073158226,True,False,False
5.2677,2min,4,16,30.001984385132857,0.16173092902015848,3.7499025061398137,True,False,False
5.5657,2min,4,16,30.001984385132857,0.16173092902015848,3.7499025061398137,True,False,False
5.8636,2min,4,14,33.70693130174737,0.2310092595222787,3.5337712560443597,False,False,False
6.1616,2min,4,14,33.70693130174737,0.2310092595222787,3.5337712560443597,False,False,False
6.4596,2min,4,13,29.138119797245427,0.264950080171057,3.35649241377807,False,False,False
6.7576,2min,4,11,24.621310455157708,0.31406819533143815,3.0773238024138507,False,True,False
7.0556,2min,4,11,24.621310455157708,0.31406819533143815,3.0773238024138507,False,True,False
7.3535,2min,4,11,24.621310455157708,0.31406819533143815,3.0773238024138507,False,True,False
7.6515,2min,4,11,24.621310455157708,0.31406819533143815,3.0773238024138507,False,True,False
7.9495,2min,4,10,16.943875931628135,0.3128694466729788,2.879664004888167,False,True,False
8.2475,2min,4,10,16.943875931628135,0.3128694466729788,2.879664004888167,False,True,False
8.5455,2min,4,10,16.943875931628135,0.3128694466729788,2.879664004888167,False,True,False
8.8434,2min,4,10,16.943875931628135,0.3128694466729788,2.879664004888167,False,True,False
9.1414,2min,4,10,16.943875931628135,0.3128694466729788,2.879664004888167,False,True,False
9.4394,2min,4,10,16.943875931628135,0.3128694466729788,2.879664004888167,False,True,False
9.7374,2min,4,9,13.668533463606659,0.31818887300277776,2.673785595208664,False,True,False
10.0354,2min,4,9,13.668533463606659,0.31818887300277776,2.673785595208664,False,True,False
10.3333,2min,4,8,15.862560037227528,0.365632058823711,2.582876504301016,False,True,False
10.6313,2min,4,8,15.862560037227528,0.365632058823711,2.582876504301016,False,True,False
10.9293,2min,4,6,12.402942483098277,0.26950303903877987,2.0590391046661987,False,True,False
11.2273,2min,4,5,7.699949113099984,0.17525134829463174,1.4886022351623,False,True,False
11.5253,2min,4,4,6.396393172703022,0.19192972138319667,0.9567657083605435,False,True,False
11.8232,2min,4,3,5.912904032348343,0.2638406363687409,0.5304060778262762,False,True,True
12.1212,2min,4,3,5.912904032348343,0.2638406363687409,0.5304060778262762,False,True,True
12.4192,2min,4,3,5.912904032348343,0.2638406363687409,0.5304060778262762,False,True,True
12.7172,2min,4,3,5.912904032348343,0.2638406363687409,0.5304060778262762,False,True,True
13.0152,2min,4,3,5.912904032348343,0.2638406363687409,0.5304060778262762,False,True,True
13.3131,2min,4,3,5.912904032348343,0.2638406363687409,0.5304060778262762,False,True,True
13.6111,2min,4,3,5.912904032348343,0.2638406363687409,0.5304060778262762,False,True,True
13.9091,2min,4,3,5.912904032348343,0.2638406363687409,0.5304060778262762,False,True,True
14.2071,2min,4,3,5.912904032348343,0.2638406363687409,0.5304060778262762,False,True,True
14.5051,2min,4,3,5.912904032348343,0.2638406363687409,0.5304060778262762,False,True,True
14.803,2min,4,3,5.912904032348343,0.2638406363687409,0.5304060778262762,False,True,True
15.101,2min,4,3,5.912904032348343,0.2638406363687409,0.5304060778262762,False,True,True
15.399,2min,4,3,5.912904032348343,0.2638406363687409,0.5304060778262762,False,True,True
15.697,2min,4,3,5.912904032348343,0.2638406363687409,0.5304060778262762,False,True,True
15.9949,2min,4,3,5.912904032348343,0.2638406363687409,0.5304060778262762,False,True,True
16.2929,2min,4,3,5.912904032348343,0.2638406363687409,0.5304060778262762,False,True,True
16.5909,2min,4,3,5.912904032348343,0.2638406363687409,0.5304060778262762,False,True,True
16.8889,2min,4,3,5.912904032348343,0.2638406363687409,0.5304060778262762,False,True,True
17.1869,2min,4,3,5.912904032348343,0.2638406363687409,0.5304060778262762,False,True,True
17.4848,2min,4,3,5.912904032348343,0.2638406363687409,0.5304060778262762,False,True,True
17.7828,2min,4,3,5.912904032348343,0.2638406363687409,0.5304060778262762,False,True,True
18.0808,2min,4,3,5.912904032348343,0.2638406363687409,0.5304060778262762,False,True,True
18.3788,2min,4,3,5.912904032348343,0.2638406363687409,0.5304060778262762,False,True,True
18.6768,2min,4,3,5.912904032348343,0.2638406363687409,0.5304060778262762,False,True,True
18.9747,2min,4,3,5.912904032348343,0.2638406363687409,0.5304060778262762,False,True,True
19.2727,2min,4,3,5.912904032348343,0.2638406363687409,0.5304060778262762,False,True,True
19.5707,2min,4,3,5.912904032348343,0.2638406363687409,0.5304060778262762,False,True,True
19.8687,2min,4,3,5.912904032348343,0.2638406363687409,0.5304060778262762,False,True,True
20.1667,2min,4,3,5.912904032348343,0.2638406363687409,0.5304060778262762,False,True,True
20.4646,2min,4,3,5.912904032348343,0.2638406363687409,0.5304060778262762,False,True,True
20.7626,2min,4,3,5.912904032348343,0.2638406363687409,0.5304060778262762,False,True,True
21.0606,2min,4,3,5.912904032348343,0.2638406363687409,0.5304060778262762,False,True,True
21.3586,2min,4,2,6.42122247207259,0.4558482433557304,0.2667649878001407,False,True,True
21.6566,2min,4,2,6.42122247207259,0.4558482433557304,0.2667649878001407,False,True,True
21.9545,2min,4,2,6.42122247207259,0.4558482433557304,0.2667649878001407,False,True,True
22.2525,2min,4,2,6.42122247207259,0.4558482433557304,0.2667649878001407,False,True,True
22.5505,2min,4,2,6.42122247207259,0.4558482433557304,0.2667649878001407,False,True,True
22.8485,2min,4,2,6.42122247207259,0.4558482433557304,0.2667649878001407,False,True,True
23.1465,2min,4,2,6.42122247207259,0.4558482433557304,0.2667649878001407,False,True,True
23.4444,2min,4,2,6.42122247207259,0.4558482433557304,0.2667649878001407,False,True,True
23.7424,2min,4,2,6.42122247207259,0.4558482433557304,0.2667649878001407,False,True,True
24.0404,2min,4,2,6.42122247207259,0.4558482433557304,0.2667649878001407,False,True,True
24.3384,2min,4,2,6.42122247207259,0.4558482433557304,0.2667649878001407,False,True,True
24.6364,2min,4,2,6.42122247207259,0.4558482433557304,0.2667649878001407,False,True,True
24.9343,2min,4,2,6.42122247207259,0.4558482433557304,0.2667649878001407,False,True,True
25.2323,2min,4,2,6.42122247207259,0.4558482433557304,0.2667649878001407,False,True,True
25.5303,2min,4,2,6.42122247207259,0.4558482433557304,0.2667649878001407,False,True,True
25.8283,2min,4,1,0.0,0.0,-1.4428232973175175e-12,False,False,True
26.1263,2min,4,1,0.0,0.0,-1.4428232973175175e-12,False,False,True
26.4242,2min,4,1,0.0,0.0,-1.4428232973175175e-12,False,False,True
26.7222,2min,4,1,0.0,0.0,-1.4428232973175175e-12,False,False,True
27.0202,2min,4,1,0.0,0.0,-1.4428232973175175e-12,False,False,True
27.3182,2min,4,1,0.0,0.0,-1.4428232973175175e-12,False,False,True
27.6162,2min,4,1,0.0,0.0,-1.4428232973175175e-12,False,False,True
27.9141,2min,4,1,0.0,0.0,-1.4428232973175175e-12,False,False,True
28.2121,2min,4,1,0.0,0.0,-1.4428232973175175e-12,False,False,True
28.5101,2min,4,1,0.0,0.0,-1.4428232973175175e-12,False,False,True
28.8081,2min,4,1,0.0,0.0,-1.4428232973175175e-12,False,False,True
29.1061,2min,4,1,0.0,0.0,-1.4428232973175175e-12,False,False,True
29.404,2min,4,1,0.0,0.0,-1.4428232973175175e-12,False,False,True
29.702,2min,4,1,0.0,0.0,-1.4428232973175175e-12,False,False,True
30.0,2min,4,1,0.0,0.0,-1.4428232973175175e-12,False,False,True
0.5,2min,5,22,0.0,0.0,4.459431618605558,True,False,False
0.798,2min,5,21,3469.668902553381,0.08598390197345782,4.368522527697911,True,False,False
1.096,2min,5,21,3469.668902553381,0.08598390197345782,4.368522527697911,True,False,False
1.3939,2min,5,21,3469.668902553381,0.08598390197345782,4.368522527697911,True,False,False
1.6919,2min,5,20,937.0780527043075,0.16282833417790182,4.277613436790262,True,False,False
1.9899,2min,5,19,633.0427564442944,0.209835112286022,4.186704345882614,True,False,False
2.2879,2min,5,18,507.1807488394221,0.26163785998164396,4.095795254974965,True,False,False
2.5859,2min,5,17,419.4331101523856,0.31978551944164696,4.004886164067317,True,False,False
2.8838,2min,5,17,419.4331101523856,0.31978551944164696,4.004886164067317,True,False,False
3.1818,2min,5,17,419.4331101523856,0.31978551944164696,4.004886164067317,True,False,False
3.4798,2min,5,17,419.4331101523856,0.31978551944164696,4.004886164067317,True,False,False
3.7778,2min,5,17,419.4331101523856,0.31978551944164696,4.004886164067317,True,False,False
4.0758,2min,5,16,172.53913914413516,0.31382493708042564,3.823067982250578,True,False,False
4.3737,2min,5,15,159.61571651823223,0.37018605850459674,3.7321588913429298,True,False,False
4.6717,2min,5,15,159.61571651823223,0.37018605850459674,3.7321588913429298,True,False,False
4.9697,2min,5,15,159.61571651823223,0.37018605850459674,3.7321588913429298,True,False,False
5.2677,2min,5,15,159.61571651823223,0.37018605850459674,3.7321588913429298,True,False,False
5.5657,2min,5,14,142.26214595227242,0.3980313775618473,3.6412498004352813,False,False,False
5.8636,2min,5,14,142.26214595227242,0.3980313775618473,3.6412498004352813,False,False,False
6.1616,2min,5,12,66.07397126358012,0.43457321243353986,3.2655833228704214,False,True,False
6.4596,2min,5,12,66.07397126358012,0.43457321243353986,3.2655833228704214,False,True,False
6.7576,2min,5,12,66.07397126358012,0.43457321243353986,3.2655833228704214,False,True,False
7.0556,2min,5,12,66.07397126358012,0.43457321243353986,3.2655833228704214,False,True,False
7.3535,2min,5,11,68.85595501077876,0.4712386678066123,3.174674231962773,False,True,False
7.6515,2min,5,11,68.85595501077876,0.4712386678066123,3.174674231962773,False,True,False
7.9495,2min,5,11,68.85595501077876,0.4712386678066123,3.174674231962773,False,True,False
8.2475,2min,5,11,68.85595501077876,0.4712386678066123,3.174674231962773,False,True,False
8.5455,2min,5,11,68.85595501077876,0.4712386678066123,3.174674231962773,False,True,False
8.8434,2min,5,11,68.85595501077876,0.4712386678066123,3.174674231962773,False,True,False
9.1414,2min,5,11,68.85595501077876,0.4712386678066123,3.174674231962773,False,True,False
9.4394,2min,5,9,41.62534419181129,0.4468629894065455,2.804596529689463,False,True,False
9.7374,2min,5,9,41.62534419181129,0.4468629894065455,2.804596529689463,False,True,False
10.0354,2min,5,9,41.62534419181129,0.4468629894065455,2.804596529689463,False,True,False
10.3333,2min,5,9,41.62534419181129,0.4468629894065455,2.804596529689463,False,True,False
10.6313,2min,5,8,43.32568429444957,0.44034940650329923,2.679374370501657,False,True,False
10.9293,2min,5,8,43.32568429444957,0.44034940650329923,2.679374370501657,False,True,False
11.2273,2min,5,8,43.32568429444957,0.44034940650329923,2.679374370501657,False,True,False
11.5253,2min,5,7,42.94097436173297,0.4514392879984434,2.5541522113138515,False,True,False
11.8232,2min,5,7,42.94097436173297,0.4514392879984434,2.5541522113138515,False,True,False
12.1212,2min,5,6,40.23827106196352,0.47344383654616795,2.40664709777727,False,True,False
12.4192,2min,5,5,37.955213223769775,0.4964726885219722,2.13391982505144,False,True,False
12.7172,2min,5,4,28.597730951839825,0.4534969168501562,1.6610896727525628,False,True,False
13.0152,2min,5,4,28.597730951839825,0.4534969168501562,1.6610896727525628,False,True,False
13.3131,2min,5,4,28.597730951839825,0.4534969168501562,1.6610896727525628,False,True,False
13.6111,2min,5,3,22.40042697643436,0.47559789438887123,1.0906528032486642,False,True,True
13.9091,2min,5,3,22.40042697643436,0.47559789438887123,1.0906528032486642,False,True,True
14.2071,2min,5,3,22.40042697643436,0.47559789438887123,1.0906528032486642,False,True,True
14.5051,2min,5,3,22.40042697643436,0.47559789438887123,1.0906528032486642,False,True,True
14.803,2min,5,3,22.40042697643436,0.47559789438887123,1.0906528032486642,False,True,True
15.101,2min,5,3,22.40042697643436,0.47559789438887123,1.0906528032486642,False,True,True
15.399,2min,5,3,22.40042697643436,0.47559789438887123,1.0906528032486642,False,True,True
15.697,2min,5,3,22.40042697643436,0.47559789438887123,1.0906528032486642,False,True,True
15.9949,2min,5,3,22.40042697643436,0.47559789438887123,1.0906528032486642,False,True,True
16.2929,2min,5,2,7.6184851842795736,0.4703686719407548,0.2667649878001407,False,True,True
16.5909,2min,5,2,7.6184851842795736,0.4703686719407548,0.2667649878001407,False,True,True
16.8889,2min,5,2,7.6184851842795736,0.4703686719407548,0.2667649878001407,False,True,True
17.1869,2min,5,2,7.6184851842795736,0.4703686719407548,0.2667649878001407,False,True,True
17.4848,2min,5,2,7.6184851842795736,0.4703686719407548,0.2667649878001407,False,True,True
17.7828,2min,5,2,7.6184851842795736,0.4703686719407548,0.2667649878001407,False,True,True
18.0808,2min,5,2,7.6184851842795736,0.4703686719407548,0.2667649878001407,False,True,True
18.3788,2min,5,2,7.6184851842795736,0.4703686719407548,0.2667649878001407,False,True,True
18.6768,2min,5,2,7.6184851842795736,0.4703686719407548,0.2667649878001407,False,True,True
18.9747,2min,5,2,7.6184851842795736,0.4703686719407548,0.2667649878001407,False,True,True
19.2727,2min,5,2,7.6184851842795736,0.4703686719407548,0.2667649878001407,False,True,True
19.5707,2min,5,2,7.6184851842795736,0.4703686719407548,0.2667649878001407,False,True,True
19.8687,2min,5,2,7.6184851842795736,0.4703686719407548,0.2667649878001407,False,True,True
20.1667,2min,5,2,7.6184851842795736,0.4703686719407548,0.2667649878001407,False,True,True
20.4646,2min,5,2,7.6184851842795736,0.4703686719407548,0.2667649878001407,False,True,True
20.7626,2min,5,2,7.6184851842795736,0.4703686719407548,0.2667649878001407,False,True,True
21.0606,2min,5,2,7.6184851842795736,0.4703686719407548,0.2667649878001407,False,True,True
21.3586,2min,5,2,7.6184851842795736,0.4703686719407548,0.2667649878001407,False,True,True
21.6566,2min,5,2,7.6184851842795736,0.4703686719407548,0.2667649878001407,False,True,True
21.9545,2min,5,2,7.6184851842795736,0.4703686719407548,0.2667649878001407,False,True,True
22.2525,2min,5,2,7.6184851842795736,0.4703686719407548,0.2667649878001407,False,True,True
22.5505,2min,5,2,7.6184851842795736,0.4703686719407548,0.2667649878001407,False,True,True
22.8485,2min,5,2,7.6184851842795736,0.4703686719407548,0.2667649878001407,False,True,True
23.1465,2min,5,2,7.6184851842795736,0.4703686719407548,0.2667649878001407,False,True,True
23.4444,2min,5,2,7.6184851842795736,0.4703686719407548,0.2667649878001407,False,True,True
23.7424,2min,5,2,7.6184851842795736,0.4703686719407548,0.2667649878001407,False,True,True
24.0404,2min,5,2,7.6184851842795736,0.4703686719407548,0.2667649878001407,False,True,True
24.3384,2min,5,2,7.6184851842795736,0.4703686719407548,0.2667649878001407,False,True,True
24.6364,2min,5,2,7.6184851842795736,0.4703686719407548,0.2667649878001407,False,True,True
24.9343,2min,5,2,7.6184851842795736,0.4703686719407548,0.2667649878001407,False,True,True
25.2323,2min,5,2,7.6184851842795736,0.4703686719407548,0.2667649878001407,False,True,True
25.5303,2min,5,2,7.6184851842795736,0.4703686719407548,0.2667649878001407,False,True,True
25.8283,2min,5,2,7.6184851842795736,0.4703686719407548,0.2667649878001407,False,True,True
26.1263,2min,5,2,7.6184851842795736,0.4703686719407548,0.2667649878001407,False,True,True
26.4242,2min,5,2,7.6184851842795736,0.4703686719407548,0.2667649878001407,False,True,True
26.7222,2min,5,2,7.6184851842795736,0.4703686719407548,0.2667649878001407,False,True,True
27.0202,2min,5,2,7.6184851842795736,0.4703686719407548,0.2667649878001407,False,True,True
27.3182,2min,5,2,7.6184851842795736,0.4703686719407548,0.2667649878001407,False,True,True
27.6162,2min,5,2,7.6184851842795736,0.4703686719407548,0.2667649878001407,False,True,True
27.9141,2min,5,2,7.6184851842795736,0.4703686719407548,0.2667649878001407,False,True,True
28.2121,2min,5,2,7.6184851842795736,0.4703686719407548,0.2667649878001407,False,True,True
28.5101,2min,5,2,7.6184851842795736,0.4703686719407548,0.2667649878001407,False,True,True
28.8081,2min,5,2,7.6184851842795736,0.4703686719407548,0.2667649878001407,False,True,True
29.1061,2min,5,2,7.6184851842795736,0.4703686719407548,0.2667649878001407,False,True,True
29.404,2min,5,2,7.6184851842795736,0.4703686719407548,0.2667649878001407,False,True,True
29.702,2min,5,2,7.6184851842795736,0.4703686719407548,0.2667649878001407,False,True,True
30.0,2min,5,2,7.6184851842795736,0.4703686719407548,0.2667649878001407,False,True,True
0.5,2min,6,22,0.0,0.0,4.459431618605558,True,False,False
0.798,2min,6,22,0.0,0.0,4.459431618605558,True,False,False
1.096,2min,6,22,0.0,0.0,4.459431618605558,True,False,False
1.3939,2min,6,22,0.0,0.0,4.459431618605558,True,False,False
1.6919,2min,6,22,0.0,0.0,4.459431618605558,True,False,False
1.9899,2min,6,20,206.87630470198854,0.09736237121162494,4.277613436790262,True,False,False
2.2879,2min,6,19,198.20007166600587,0.15433602294362048,4.186704345882614,True,False,False
2.5859,2min,6,19,198.20007166600587,0.15433602294362048,4.186704345882614,True,False,False
2.8838,2min,6,18,121.66331369438221,0.2153793038872597,4.061482186694808,True,False,False
3.1818,2min,6,18,121.66331369438221,0.2153793038872597,4.061482186694808,True,False,False
3.4798,2min,6,18,121.66331369438221,0.2153793038872597,4.061482186694808,True,False,False
3.7778,2min,6,16,95.58461973110909,0.2807754571049385,3.8453509365993535,True,False,False
4.0758,2min,6,16,95.58461973110909,0.2807754571049385,3.8453509365993535,True,False,False
4.3737,2min,6,16,95.58461973110909,0.2807754571049385,3.8453509365993535,True,False,False
4.6717,2min,6,16,95.58461973110909,0.2807754571049385,3.8453509365993535,True,False,False
4.9697,2min,6,15,69.33853846040742,0.2626911207944109,3.720128777411548,True,False,False
5.2677,2min,6,15,69.33853846040742,0.2626911207944109,3.720128777411548,True,False,False
5.5657,2min,6,14,57.880669307651615,0.2542031516388641,3.594906618223742,False,False,False
5.8636,2min,6,12,40.71445155538764,0.30421149955885307,3.299896391150579,False,True,False
6.1616,2min,6,12,40.71445155538764,0.30421149955885307,3.299896391150579,False,True,False
6.4596,2min,6,10,43.91240587165133,0.4114647244817961,3.061482186706349,False,True,False
6.7576,2min,6,9,37.1430473952088,0.4407149103056353,2.897407619687937,False,True,False
7.0556,2min,6,9,37.1430473952088,0.4407149103056353,2.897407619687937,False,True,False
7.3535,2min,6,9,37.1430473952088,0.4407149103056353,2.897407619687937,False,True,False
7.6515,2min,6,9,37.1430473952088,0.4407149103056353,2.897407619687937,False,True,False
7.9495,2min,6,9,37.1430473952088,0.4407149103056353,2.897407619687937,False,True,False
8.2475,2min,6,8,15.210615951635875,0.33525178716997805,2.491967413391925,False,True,False
8.5455,2min,6,8,15.210615951635875,0.33525178716997805,2.491967413391925,False,True,False
8.8434,2min,6,8,15.210615951635875,0.33525178716997805,2.491967413391925,False,True,False
9.1414,2min,6,8,15.210615951635875,0.33525178716997805,2.491967413391925,False,True,False
9.4394,2min,6,8,15.210615951635875,0.33525178716997805,2.491967413391925,False,True,False
9.7374,2min,6,7,11.068093305962105,0.2884117821900754,2.149948195573847,False,True,False
10.0354,2min,6,6,12.925803543190145,0.31664937808277727,2.0024430820372654,False,True,False
10.3333,2min,6,6,12.925803543190145,0.31664937808277727,2.0024430820372654,False,True,False
10.6313,2min,6,6,12.925803543190145,0.31664937808277727,2.0024430820372654,False,True,False
10.9293,2min,6,5,7.864507475614207,0.19674752597736642,1.432006212533367,False,True,False
11.2273,2min,6,5,7.864507475614207,0.19674752597736642,1.432006212533367,False,True,False
11.5253,2min,6,3,5.865873850101452,0.22684697300583478,0.5304060778262762,False,True,True
11.8232,2min,6,3,5.865873850101452,0.22684697300583478,0.5304060778262762,False,True,True
12.1212,2min,6,3,5.865873850101452,0.22684697300583478,0.5304060778262762,False,True,True
12.4192,2min,6,3,5.865873850101452,0.22684697300583478,0.5304060778262762,False,True,True
12.7172,2min,6,3,5.865873850101452,0.22684697300583478,0.5304060778262762,False,True,True
13.0152,2min,6,3,5.865873850101452,0.22684697300583478,0.5304060778262762,False,True,True
13.3131,2min,6,3,5.865873850101452,0.22684697300583478,0.5304060778262762,False,True,True
13.6111,2min,6,3,5.865873850101452,0.22684697300583478,0.5304060778262762,False,True,True
13.9091,2min,6,3,5.865873850101452,0.22684697300583478,0.5304060778262762,False,True,True
14.2071,2min,6,3,5.865873850101452,0.22684697300583478,0.5304060778262762,False,True,True
14.5051,2min,6,3,5.865873850101452,0.22684697300583478,0.5304060778262762,False,True,True
14.803,2min,6,3,5.865873850101452,0.22684697300583478,0.5304060778262762,False,True,True
15.101,2min,6,3,5.865873850101452,0.22684697300583478,0.5304060778262762,False,True,True
15.399,2min,6,3,5.865873850101452,0.22684697300583478,0.5304060778262762,False,True,True
15.697,2min,6,3,5.865873850101452,0.22684697300583478,0.5304060778262762,False,True,True
15.9949,2min,6,3,5.865873850101452,0.22684697300583478,0.5304060778262762,False,True,True
16.2929,2min,6,3,5.865873850101452,0.22684697300583478,0.5304060778262762,False,True,True
16.5909,2min,6,2,4.619734566974191,0.35303616302711166,0.2667649878001407,False,True,True
16.8889,2min,6,2,4.619734566974191,0.35303616302711166,0.2667649878001407,False,True,True
17.1869,2min,6,1,0.0,0.0,-1.4428232973175175e-12,False,False,True
17.4848,2min,6,1,0.0,0.0,-1.4428232973175175e-12,False,False,True
17.7828,2min,6,1,0.0,0.0,-1.4428232973175175e-12,False,False,True
18.0808,2min,6,1,0.0,0.0,-1.4428232973175175e-12,False,False,True
18.3788,2min,6,1,0.0,0.0,-1.4428232973175175e-12,False,False,True
18.6768,2min,6,1,0.0,0.0,-1.4428232973175175e-12,False,False,True
18.9747,2min,6,1,0.0,0.0,-1.4428232973175175e-12,False,False,True
19.2727,2min,6,1,0.0,0.0,-1.4428232973175175e-12,False,False,True
19.5707,2min,6,1,0.0,0.0,-1.4428232973175175e-12,False,False,True
19.8687,2min,6,1,0.0,0.0,-1.4428232973175175e-12,False,False,True
20.1667,2min,6,1,0.0,0.0,-1.4428232973175175e-12,False,False,True
20.4646,2min,6,1,0.0,0.0,-1.4428232973175175e-12,False,False,True
20.7626,2min,6,1,0.0,0.0,-1.4428232973175175e-12,False,False,True
21.0606,2min,6,1,0.0,0.0,-1.4428232973175175e-12,False,False,True
21.3586,2min,6,1,0.0,0.0,-1.4428232973175175e-12,False,False,True
21.6566,2min,6,1,0.0,0.0,-1.4428232973175175e-12,False,False,True
21.9545,2min,6,1,0.0,0.0,-1.4428232973175175e-12,False,False,True
22.2525,2min,6,1,0.0,0.0,-1.4428232973175175e-12,False,False,True
22.5505,2min,6,1,0.0,0.0,-1.4428232973175175e-12,False,False,True
22.8485,2min,6,1,0.0,0.0,-1.4428232973175175e-12,False,False,True
23.1465,2min,6,1,0.0,0.0,-1.4428232973175175e-12,False,False,True
23.4444,2min,6,1,0.0,0.0,-1.4428232973175175e-12,False,False,True
23.7424,2min,6,1,0.0,0.0,-1.4428232973175175e-12,False,False,True
24.0404,2min,6,1,0.0,0.0,-1.4428232973175175e-12,False,False,True
24.3384,2min,6,1,0.0,0.0,-1.4428232973175175e-12,False,False,True
24.6364,2min,6,1,0.0,0.0,-1.4428232973175175e-12,False,False,True
24.9343,2min,6,1,0.0,0.0,-1.4428232973175175e-12,False,False,True
25.2323,2min,6,1,0.0,0.0,-1.4428232973175175e-12,False,False,True
25.5303,2min,6,1,0.0,0.0,-1.4428232973175175e-12,False,False,True
25.8283,2min,6,1,0.0,0.0,-1.4428232973175175e-12,False,False,True
26.1263,2min,6,1,0.0,0.0,-1.4428232973175175e-12,False,False,True
26.4242,2min,6,1,0.0,0.0,-1.4428232973175175e-12,False,False,True
26.7222,2min,6,1,0.0,0.0,-1.4428232973175175e-12,False,False,True
27.0202,2min,6,1,0.0,0.0,-1.4428232973175175e-12,False,False,True
27.3182,2min,6,1,0.0,0.0,-1.4428232973175175e-12,False,False,True
27.6162,2min,6,1,0.0,0.0,-1.4428232973175175e-12,False,False,True
27.9141,2min,6,1,0.0,0.0,-1.4428232973175175e-12,False,False,True
28.2121,2min,6,1,0.0,0.0,-1.4428232973175175e-12,False,False,True
28.5101,2min,6,1,0.0,0.0,-1.4428232973175175e-12,False,False,True
28.8081,2min,6,1,0.0,0.0,-1.4428232973175175e-12,False,False,True
29.1061,2min,6,1,0.0,0.0,-1.4428232973175175e-12,False,False,True
29.404,2min,6,1,0.0,0.0,-1.4428232973175175e-12,False,False,True
29.702,2min,6,1,0.0,0.0,-1.4428232973175175e-12,False,False,True
30.0,2min,6,1,0.0,0.0,-1.4428232973175175e-12,False,False,True
0.5,2min,7,22,0.0,0.0,4.459431618605558,True,False,False
0.798,2min,7,22,0.0,0.0,4.459431618605558,True,False,False
1.096,2min,7,22,0.0,0.0,4.459431618605558,True,False,False
1.3939,2min,7,21,478.34227625387706,0.07744968410592037,4.368522527697911,True,False,False
1.6919,2min,7,21,478.34227625387706,0.07744968410592037,4.368522527697911,True,False,False
1.9899,2min,7,21,478.34227625387706,0.07744968410592037,4.368522527697911,True,False,False
2.2879,2min,7,21,478.34227625387706,0.07744968410592037,4.368522527697911,True,False,False
2.5859,2min,7,20,239.41640194241756,0.1373448169038049,4.277613436790262,True,False,False
2.8838,2min,7,20,239.41640194241756,0.1373448169038049,4.277613436790262,True,False,False
3.1818,2min,7,20,239.41640194241756,0.1373448169038049,4.277613436790262,True,False,False
3.4798,2min,7,20,239.41640194241756,0.1373448169038049,4.277613436790262,True,False,False
3.7778,2min,7,19,144.92826239339092,0.1790507884693955,4.186704345882614,True,False,False
4.0758,2min,7,19,144.92826239339092,0.1790507884693955,4.186704345882614,True,False,False
4.3737,2min,7,19,144.92826239339092,0.1790507884693955,4.186704345882614,True,False,False
4.6717,2min,7,18,101.77698354052197,0.22084984570304797,4.095795254974965,True,False,False
4.9697,2min,7,18,101.77698354052197,0.22084984570304797,4.095795254974965,True,False,False
5.2677,2min,7,18,101.77698354052197,0.22084984570304797,4.095795254974965,True,False,False
5.5657,2min,7,18,101.77698354052197,0.22084984570304797,4.095795254974965,True,False,False
5.8636,2min,7,17,76.49693965252985,0.25563241882510296,4.004886164067317,True,False,False
6.1616,2min,7,13,49.86746796367297,0.36918441397975915,3.5503407095276334,False,False,False
6.4596,2min,7,13,49.86746796367297,0.36918441397975915,3.5503407095276334,False,False,False
6.7576,2min,7,12,46.90474064706042,0.38315259975342375,3.4251185503398274,False,True,False
7.0556,2min,7,11,30.080581283432018,0.36298477271276336,3.204447960692482,False,True,False
7.3535,2min,7,11,30.080581283432018,0.36298477271276336,3.204447960692482,False,True,False
7.6515,2min,7,11,30.080581283432018,0.36298477271276336,3.204447960692482,False,True,False
7.9495,2min,7,9,16.23526213001088,0.2452387556353557,2.6589934152408214,False,True,False
8.2475,2min,7,9,16.23526213001088,0.2452387556353557,2.6589934152408214,False,True,False
8.5455,2min,7,9,16.23526213001088,0.2452387556353557,2.6589934152408214,False,True,False
8.8434,2min,7,9,16.23526213001088,0.2452387556353557,2.6589934152408214,False,True,False
9.1414,2min,7,8,15.304087503234078,0.1874549001778498,2.330844281202554,False,True,False
9.4394,2min,7,7,5.753019436541712,0.006942771507657034,1.7047334852577543,False,True,False
9.7374,2min,7,7,5.753019436541712,0.006942771507657034,1.7047334852577543,False,True,False
10.0354,2min,7,5,5.087632974892189,0.07652816585722716,1.0476747992681918,False,True,False
10.3333,2min,7,5,5.087632974892189,0.07652816585722716,1.0476747992681918,False,True,False
10.6313,2min,7,5,5.087632974892189,0.07652816585722716,1.0476747992681918,False,True,False
10.9293,2min,7,5,5.087632974892189,0.07652816585722716,1.0476747992681918,False,True,False
11.2273,2min,7,5,5.087632974892189,0.07652816585722716,1.0476747992681918,False,True,False
11.5253,2min,7,5,5.087632974892189,0.07652816585722716,1.0476747992681918,False,True,False
11.8232,2min,7,5,5.087632974892189,0.07652816585722716,1.0476747992681918,False,True,False
12.1212,2min,7,5,5.087632974892189,0.07652816585722716,1.0476747992681918,False,True,False
12.4192,2min,7,5,5.087632974892189,0.07652816585722716,1.0476747992681918,False,True,False
12.7172,2min,7,5,5.087632974892189,0.07652816585722716,1.0476747992681918,False,True,False
13.0152,2min,7,5,5.087632974892189,0.07652816585722716,1.0476747992681918,False,True,False
13.3131,2min,7,4,5.1486077323615875,0.14601545755427853,0.7907669479302482,False,True,False
13.6111,2min,7,4,5.1486077323615875,0.14601545755427853,0.7907669479302482,False,True,False
13.9091,2min,7,4,5.1486077323615875,0.14601545755427853,0.7907669479302482,False,True,False
14.2071,2min,7,4,5.1486077323615875,0.14601545755427853,0.7907669479302482,False,True,False
14.5051,2min,7,4,5.1486077323615875,0.14601545755427853,0.7907669479302482,False,True,False
14.803,2min,7,4,5.1486077323615875,0.14601545755427853,0.7907669479302482,False,True,False
15.101,2min,7,4,5.1486077323615875,0.14601545755427853,0.7907669479302482,False,True,False
15.399,2min,7,3,6.291956910163727,0.31218744422211314,0.5304060778262762,False,True,True
15.697,2min,7,3,6.291956910163727,0.31218744422211314,0.5304060778262762,False,True,True
15.9949,2min,7,3,6.291956910163727,0.31218744422211314,0.5304060778262762,False,True,True
16.2929,2min,7,3,6.291956910163727,0.31218744422211314,0.5304060778262762,False,True,True
16.5909,2min,7,3,6.291956910163727,0.31218744422211314,0.5304060778262762,False,True,True
16.8889,2min,7,2,7.039597393537349,0.4965372536818276,0.2667649878001407,False,True,True
17.1869,2min,7,2,7.039597393537349,0.4965372536818276,0.2667649878001407,False,True,True
17.4848,2min,7,2,7.039597393537349,0.4965372536818276,0.2667649878001407,False,True,True
17.7828,2min,7,2,7.039597393537349,0.4965372536818276,0.2667649878001407,False,True,True
18.0808,2min,7,2,7.039597393537349,0.4965372536818276,0.2667649878001407,False,True,True
18.3788,2min,7,2,7.039597393537349,0.4965372536818276,0.2667649878001407,False,True,True
18.6768,2min,7,2,7.039597393537349,0.4965372536818276,0.2667649878001407,False,True,True
18.9747,2min,7,2,7.039597393537349,0.4965372536818276,0.2667649878001407,False,True,True
19.2727,2min,7,2,7.039597393537349,0.4965372536818276,0.2667649878001407,False,True,True
19.5707,2min,7,2,7.039597393537349,0.4965372536818276,0.2667649878001407,False,True,True
19.8687,2min,7,2,7.039597393537349,0.4965372536818276,0.2667649878001407,False,True,True
20.1667,2min,7,2,7.039597393537349,0.4965372536818276,0.2667649878001407,False,True,True
20.4646,2min,7,2,7.039597393537349,0.4965372536818276,0.2667649878001407,False,True,True
20.7626,2min,7,2,7.039597393537349,0.4965372536818276,0.2667649878001407,False,True,True
21.0606,2min,7,2,7.039597393537349,0.4965372536818276,0.2667649878001407,False,True,True
21.3586,2min,7,2,7.039597393537349,0.4965372536818276,0.2667649878001407,False,True,True
21.6566,2min,7,2,7.039597393537349,0.4965372536818276,0.2667649878001407,False,True,True
21.9545,2min,7,2,7.039597393537349,0.4965372536818276,0.2667649878001407,False,True,True
22.2525,2min,7,2,7.039597393537349,0.4965372536818276,0.2667649878001407,False,True,True
22.5505,2min,7,2,7.039597393537349,0.4965372536818276,0.2667649878001407,False,True,True
22.8485,2min,7,2,7.039597393537349,0.4965372536818276,0.2667649878001407,False,True,True
23.1465,2min,7,2,7.039597393537349,0.4965372536818276,0.2667649878001407,False,True,True
23.4444,2min,7,2,7.039597393537349,0.4965372536818276,0.2667649878001407,False,True,True
23.7424,2min,7,2,7.039597393537349,0.4965372536818276,0.2667649878001407,False,True,True
24.0404,2min,7,2,7.039597393537349,0.4965372536818276,0.2667649878001407,False,True,True
24.3384,2min,7,2,7.039597393537349,0.4965372536818276,0.2667649878001407,False,True,True
24.6364,2min,7,2,7.039597393537349,0.4965372536818276,0.2667649878001407,False,True,True
24.9343,2min,7,2,7.039597393537349,0.4965372536818276,0.2667649878001407,False,True,True
25.2323,2min,7,2,7.039597393537349,0.4965372536818276,0.2667649878001407,False,True,True
25.5303,2min,7,2,7.039597393537349,0.4965372536818276,0.2667649878001407,False,True,True
25.8283,2min,7,2,7.039597393537349,0.4965372536818276,0.2667649878001407,False,True,True
26.1263,2min,7,2,7.039597393537349,0.4965372536818276,0.2667649878001407,False,True,True
26.4242,2min,7,2,7.039597393537349,0.4965372536818276,0.2667649878001407,False,True,True
26.7222,2min,7,2,7.039597393537349,0.4965372536818276,0.2667649878001407,False,True,True
27.0202,2min,7,2,7.039597393537349,0.4965372536818276,0.2667649878001407,False,True,True
27.3182,2min,7,2,7.039597393537349,0.4965372536818276,0.2667649878001407,False,True,True
27.6162,2min,7,2,7.039597393537349,0.4965372536818276,0.2667649878001407,False,True,True
27.9141,2min,7,2,7.039597393537349,0.4965372536818276,0.2667649878001407,False,True,True
28.2121,2min,7,2,7.039597393537349,0.4965372536818276,0.2667649878001407,False,True,True
28.5101,2min,7,2,7.039597393537349,0.4965372536818276,0.2667649878001407,False,True,True
28.8081,2min,7,1,0.0,0.0,-1.4428232973175175e-12,False,False,True
29.1061,2min,7,1,0.0,0.0,-1.4428232973175175e-12,False,False,True
29.404,2min,7,1,0.0,0.0,-1.4428232973175175e-12,False,False,True
29.702,2min,7,1,0.0,0.0,-1.4428232973175175e-12,False,False,True
30.0,2min,7,1,0.0,0.0,-1.4428232973175175e-12,False,False,True
0.5,2min,8,22,0.0,0.0,4.459431618605558,True,False,False
0.798,2min,8,21,2659.216414306997,0.08118829775860635,4.368522527697911,True,False,False
1.096,2min,8,20,1519.589433144658,0.16455461202253938,4.277613436790262,True,False,False
1.3939,2min,8,20,1519.589433144658,0.16455461202253938,4.277613436790262,True,False,False
1.6919,2min,8,20,1519.589433144658,0.16455461202253938,4.277613436790262,True,False,False
1.9899,2min,8,20,1519.589433144658,0.16455461202253938,4.277613436790262,True,False,False
2.2879,2min,8,20,1519.589433144658,0.16455461202253938,4.277613436790262,True,False,False
2.5859,2min,8,20,1519.589433144658,0.16455461202253938,4.277613436790262,True,False,False
2.8838,2min,8,20,1519.589433144658,0.16455461202253938,4.277613436790262,True,False,False
3.1818,2min,8,20,1519.589433144658,0.16455461202253938,4.277613436790262,True,False,False
3.4798,2min,8,20,1519.589433144658,0.16455461202253938,4.277613436790262,True,False,False
3.7778,2min,8,20,1519.589433144658,0.16455461202253938,4.277613436790262,True,False,False
4.0758,2min,8,20,1519.589433144658,0.16455461202253938,4.277613436790262,True,False,False
4.3737,2min,8,20,1519.589433144658,0.16455461202253938,4.277613436790262,True,False,False
4.6717,2min,8,19,117.96924186943593,0.1935846152562586,4.186704345882614,True,False,False
4.9697,2min,8,19,117.96924186943593,0.1935846152562586,4.186704345882614,True,False,False
5.2677,2min,8,18,64.7538445044245,0.18998537224220288,4.061482186694808,True,False,False
5.5657,2min,8,15,22.655165227935495,0.1467248125013293,3.624680346952008,True,False,False
5.8636,2min,8,15,22.655165227935495,0.1467248125013293,3.624680346952008,True,False,False
6.1616,2min,8,14,25.137422031397467,0.15862978815250714,3.5337712560443597,False,False,False
6.4596,2min,8,14,25.137422031397467,0.15862978815250714,3.5337712560443597,False,False,False
6.7576,2min,8,13,27.558383606811542,0.20771791324232025,3.4428621651367113,False,False,False
7.0556,2min,8,9,25.920412129132895,0.32889444653857336,2.9019469592383853,False,True,False
7.3535,2min,8,7,12.53258134620945,0.24281626157105007,2.293455052517961,False,True,False
7.6515,2min,8,7,12.53258134620945,0.24281626157105007,2.293455052517961,False,True,False
7.9495,2min,8,7,12.53258134620945,0.24281626157105007,2.293455052517961,False,True,False
8.2475,2min,8,6,13.404320615865881,0.3180101085437212,2.095795254992278,False,True,False
8.5455,2min,8,6,13.404320615865881,0.3180101085437212,2.095795254992278,False,True,False
8.8434,2min,8,6,13.404320615865881,0.3180101085437212,2.095795254992278,False,True,False
9.1414,2min,8,6,13.404320615865881,0.3180101085437212,2.095795254992278,False,True,False
9.4394,2min,8,6,13.404320615865881,0.3180101085437212,2.095795254992278,False,True,False
9.7374,2min,8,6,13.404320615865881,0.3180101085437212,2.095795254992278,False,True,False
10.0354,2min,8,6,13.404320615865881,0.3180101085437212,2.095795254992278,False,True,False
10.3333,2min,8,4,5.653866003823496,0.18650606990178709,0.9567657083605435,False,True,False
10.6313,2min,8,3,6.0022096900261825,0.28480228689188564,0.5304060778262762,False,True,True
10.9293,2min,8,3,6.0022096900261825,0.28480228689188564,0.5304060778262762,False,True,True
11.2273,2min,8,3,6.0022096900261825,0.28480228689188564,0.5304060778262762,False,True,True
11.5253,2min,8,3,6.0022096900261825,0.28480228689188564,0.5304060778262762,False,True,True
11.8232,2min,8,3,6.0022096900261825,0.28480228689188564,0.5304060778262762,False,True,True
12.1212,2min,8,3,6.0022096900261825,0.28480228689188564,0.5304060778262762,False,True,True
12.4192,2min,8,3,6.0022096900261825,0.28480228689188564,0.5304060778262762,False,True,True
12.7172,2min,8,3,6.0022096900261825,0.28480228689188564,0.5304060778262762,False,True,True
13.0152,2min,8,3,6.0022096900261825,0.28480228689188564,0.5304060778262762,False,True,True
13.3131,2min,8,3,6.0022096900261825,0.28480228689188564,0.5304060778262762,False,True,True
13.6111,2min,8,3,6.0022096900261825,0.28480228689188564,0.5304060778262762,False,True,True
13.9091,2min,8,3,6.0022096900261825,0.28480228689188564,0.5304060778262762,False,True,True
14.2071,2min,8,3,6.0022096900261825,0.28480228689188564,0.5304060778262762,False,True,True
14.5051,2min,8,3,6.0022096900261825,0.28480228689188564,0.5304060778262762,False,True,True
14.803,2min,8,3,6.0022096900261825,0.28480228689188564,0.5304060778262762,False,True,True
15.101,2min,8,3,6.0022096900261825,0.28480228689188564,0.5304060778262762,False,True,True
15.399,2min,8,3,6.0022096900261825,0.28480228689188564,0.5304060778262762,False,True,True
15.697,2min,8,3,6.0022096900261825,0.28480228689188564,0.5304060778262762,False,True,True
15.9949,2min,8,3,6.0022096900261825,0.28480228689188564,0.5304060778262762,False,True,True
16.2929,2min,8,2,6.790498527159508,0.49105459678949864,0.2667649878001407,False,True,True
16.5909,2min,8,2,6.790498527159508,0.49105459678949864,0.2667649878001407,False,True,True
16.8889,2min,8,2,6.790498527159508,0.49105459678949864,0.2667649878001407,False,True,True
17.1869,2min,8,2,6.790498527159508,0.49105459678949864,0.2667649878001407,False,True,True
17.4848,2min,8,2,6.790498527159508,0.49105459678949864,0.2667649878001407,False,True,True
17.7828,2min,8,2,6.790498527159508,0.49105459678949864,0.2667649878001407,False,True,True
18.0808,2min,8,2,6.790498527159508,0.49105459678949864,0.2667649878001407,False,True,True
18.3788,2min,8,2,6.790498527159508,0.49105459678949864,0.2667649878001407,False,True,True
18.6768,2min,8,2,6.790498527159508,0.49105459678949864,0.2667649878001407,False,True,True
18.9747,2min,8,2,6.790498527159508,0.49105459678949864,0.2667649878001407,False,True,True
19.2727,2min,8,2,6.790498527159508,0.49105459678949864,0.2667649878001407,False,True,True
19.5707,2min,8,2,6.790498527159508,0.49105459678949864,0.2667649878001407,False,True,True
19.8687,2min,8,2,6.790498527159508,0.49105459678949864,0.2667649878001407,False,True,True
20.1667,2min,8,2,6.790498527159508,0.49105459678949864,0.2667649878001407,False,True,True
20.4646,2min,8,2,6.790498527159508,0.49105459678949864,0.2667649878001407,False,True,True
20.7626,2min,8,2,6.790498527159508,0.49105459678949864,0.2667649878001407,False,True,True
21.0606,2min,8,2,6.790498527159508,0.49105459678949864,0.2667649878001407,False,True,True
21.3586,2min,8,2,6.790498527159508,0.49105459678949864,0.2667649878001407,False,True,True
21.6566,2min,8,2,6.790498527159508,0.49105459678949864,0.2667649878001407,False,True,True
21.9545,2min,8,2,6.790498527159508,0.49105459678949864,0.2667649878001407,False,True,True
22.2525,2min,8,2,6.790498527159508,0.49105459678949864,0.2667649878001407,False,True,True
22.5505,2min,8,2,6.790498527159508,0.49105459678949864,0.2667649878001407,False,True,True
22.8485,2min,8,2,6.790498527159508,0.49105459678949864,0.2667649878001407,False,True,True
23.1465,2min,8,2,6.790498527159508,0.49105459678949864,0.2667649878001407,False,True,True
23.4444,2min,8,2,6.790498527159508,0.49105459678949864,0.2667649878001407,False,True,True
23.7424,2min,8,2,6.790498527159508,0.49105459678949864,0.2667649878001407,False,True,True
24.0404,2min,8,2,6.790498527159508,0.49105459678949864,0.2667649878001407,False,True,True
24.3384,2min,8,2,6.790498527159508,0.49105459678949864,0.2667649878001407,False,True,True
24.6364,2min,8,2,6.790498527159508,0.49105459678949864,0.2667649878001407,False,True,True
24.9343,2min,8,2,6.790498527159508,0.49105459678949864,0.2667649878001407,False,True,True
25.2323,2min,8,2,6.790498527159508,0.49105459678949864,0.2667649878001407,False,True,True
25.5303,2min,8,2,6.790498527159508,0.49105459678949864,0.2667649878001407,False,True,True
25.8283,2min,8,2,6.790498527159508,0.49105459678949864,0.2667649878001407,False,True,True
26.1263,2min,8,2,6.790498527159508,0.49105459678949864,0.2667649878001407,False,True,True
26.4242,2min,8,2,6.790498527159508,0.49105459678949864,0.2667649878001407,False,True,True
26.7222,2min,8,2,6.790498527159508,0.49105459678949864,0.2667649878001407,False,True,True
27.0202,2min,8,2,6.790498527159508,0.49105459678949864,0.2667649878001407,False,True,True
27.3182,2min,8,2,6.790498527159508,0.49105459678949864,0.2667649878001407,False,True,True
27.6162,2min,8,2,6.790498527159508,0.49105459678949864,0.2667649878001407,False,True,True
27.9141,2min,8,2,6.790498527159508,0.49105459678949864,0.2667649878001407,False,True,True
28.2121,2min,8,2,6.790498527159508,0.49105459678949864,0.2667649878001407,False,True,True
28.5101,2min,8,2,6.790498527159508,0.49105459678949864,0.2667649878001407,False,True,True
28.8081,2min,8,2,6.790498527159508,0.49105459678949864,0.2667649878001407,False,True,True
29.1061,2min,8,2,6.790498527159508,0.49105459678949864,0.2667649878001407,False,True,True
29.404,2min,8,2,6.790498527159508,0.49105459678949864,0.2667649878001407,False,True,True
29.702,2min,8,2,6.790498527159508,0.49105459678949864,0.2667649878001407,False,True,True
30.0,2min,8,2,6.790498527159508,0.49105459678949864,0.2667649878001407,False,True,True
0.5,2min,9,22,0.0,0.0,4.459431618605558,True,False,False
0.798,2min,9,22,0.0,0.0,4.459431618605558,True,False,False
1.096,2min,9,22,0.0,0.0,4.459431618605558,True,False,False
1.3939,2min,9,21,612.1746874657298,0.07485302216179142,4.368522527697911,True,False,False
1.6919,2min,9,21,612.1746874657298,0.07485302216179142,4.368522527697911,True,False,False
1.9899,2min,9,21,612.1746874657298,0.07485302216179142,4.368522527697911,True,False,False
2.2879,2min,9,21,612.1746874657298,0.07485302216179142,4.368522527697911,True,False,False
2.5859,2min,9,20,304.90835089467566,0.13443150597367837,4.277613436790262,True,False,False
2.8838,2min,9,19,232.04219552225894,0.19238236256329808,4.186704345882614,True,False,False
3.1818,2min,9,19,232.04219552225894,0.19238236256329808,4.186704345882614,True,False,False
3.4798,2min,9,19,232.04219552225894,0.19238236256329808,4.186704345882614,True,False,False
3.7778,2min,9,19,232.04219552225894,0.19238236256329808,4.186704345882614,True,False,False
4.0758,2min,9,19,232.04219552225894,0.19238236256329808,4.186704345882614,True,False,False
4.3737,2min,9,19,232.04219552225894,0.19238236256329808,4.186704345882614,True,False,False
4.6717,2min,9,19,232.04219552225894,0.19238236256329808,4.186704345882614,True,False,False
4.9697,2min,9,18,130.47638865018635,0.23306320809128175,4.095795254974965,True,False,False
5.2677,2min,9,18,130.47638865018635,0.23306320809128175,4.095795254974965,True,False,False
5.5657,2min,9,17,97.73780537644349,0.2677016585015582,4.004886164067317,True,False,False
5.8636,2min,9,17,97.73780537644349,0.2677016585015582,4.004886164067317,True,False,False
6.1616,2min,9,17,97.73780537644349,0.2677016585015582,4.004886164067317,True,False,False
6.4596,2min,9,16,35.612969357318136,0.19589820460386742,3.8230679822505778,True,False,False
6.7576,2min,9,15,29.427405786283504,0.2066405486556867,3.6589934152321657,True,False,False
7.0556,2min,9,12,22.192604695919414,0.17057042367625105,3.111636870692566,False,True,False
7.3535,2min,9,12,22.192604695919414,0.17057042367625105,3.111636870692566,False,True,False
7.6515,2min,9,12,22.192604695919414,0.17057042367625105,3.111636870692566,False,True,False
7.9495,2min,9,11,15.450441250719079,0.10399157444716281,2.8611925523155115,False,True,False
8.2475,2min,9,11,15.450441250719079,0.10399157444716281,2.8611925523155115,False,True,False
8.5455,2min,9,11,15.450441250719079,0.10399157444716281,2.8611925523155115,False,True,False
8.8434,2min,9,11,15.450441250719079,0.10399157444716281,2.8611925523155115,False,True,False
9.1414,2min,9,11,15.450441250719079,0.10399157444716281,2.8611925523155115,False,True,False
9.4394,2min,9,10,11.915242662522711,0.09459766590951384,2.672933031858941,False,True,False
9.7374,2min,9,8,11.47544501162822,0.18729310833171428,2.269394824653754,False,True,False
10.0354,2min,9,8,11.47544501162822,0.18729310833171428,2.269394824653754,False,True,False
10.3333,2min,9,8,11.47544501162822,0.18729310833171428,2.269394824653754,False,True,False
10.6313,2min,9,8,11.47544501162822,0.18729310833171428,2.269394824653754,False,True,False
10.9293,2min,9,7,6.667777397605266,0.09728419581948651,1.5503407095362896,False,True,False
11.2273,2min,9,7,6.667777397605266,0.09728419581948651,1.5503407095362896,False,True,False
11.5253,2min,9,7,6.667777397605266,0.09728419581948651,1.5503407095362896,False,True,False
11.8232,2min,9,7,6.667777397605266,0.09728419581948651,1.5503407095362896,False,True,False
12.1212,2min,9,7,6.667777397605266,0.09728419581948651,1.5503407095362896,False,True,False
12.4192,2min,9,7,6.667777397605266,0.09728419581948651,1.5503407095362896,False,True,False
12.7172,2min,9,7,6.667777397605266,0.09728419581948651,1.5503407095362896,False,True,False
13.0152,2min,9,6,6.362763357350607,0.13333683641410918,1.3009376049351973,False,True,False
13.3131,2min,9,6,6.362763357350607,0.13333683641410918,1.3009376049351973,False,True,False
13.6111,2min,9,6,6.362763357350607,0.13333683641410918,1.3009376049351973,False,True,False
13.9091,2min,9,6,6.362763357350607,0.13333683641410918,1.3009376049351973,False,True,False
14.2071,2min,9,6,6.362763357350607,0.13333683641410918,1.3009376049351973,False,True,False
14.5051,2min,9,6,6.362763357350607,0.13333683641410918,1.3009376049351973,False,True,False
14.803,2min,9,5,6.639822649618635,0.26632145171078503,1.0476747992681918,False,True,False
15.101,2min,9,5,6.639822649618635,0.26632145171078503,1.0476747992681918,False,True,False
15.399,2min,9,5,6.639822649618635,0.26632145171078503,1.0476747992681918,False,True,False
15.697,2min,9,5,6.639822649618635,0.26632145171078503,1.0476747992681918,False,True,False
15.9949,2min,9,5,6.639822649618635,0.26632145171078503,1.0476747992681918,False,True,False
16.2929,2min,9,5,6.639822649618635,0.26632145171078503,1.0476747992681918,False,True,False
16.5909,2min,9,5,6.639822649618635,0.26632145171078503,1.0476747992681918,False,True,False
16.8889,2min,9,4,5.154576670634533,0.2963266096751814,0.7907669479302482,False,True,False
17.1869,2min,9,4,5.154576670634533,0.2963266096751814,0.7907669479302482,False,True,False
17.4848,2min,9,3,7.6825235674023835,0.39369446544981385,0.6998578570225998,False,True,True
17.7828,2min,9,2,4.288701490490441,0.39306167215945714,0.2667649878001407,False,True,True
18.0808,2min,9,2,4.288701490490441,0.39306167215945714,0.2667649878001407,False,True,True
18.3788,2min,9,2,4.288701490490441,0.39306167215945714,0.2667649878001407,False,True,True
18.6768,2min,9,2,4.288701490490441,0.39306167215945714,0.2667649878001407,False,True,True
18.9747,2min,9,2,4.288701490490441,0.39306167215945714,0.2667649878001407,False,True,True
19.2727,2min,9,2,4.288701490490441,0.39306167215945714,0.2667649878001407,False,True,True
19.5707,2min,9,2,4.288701490490441,0.39306167215945714,0.2667649878001407,False,True,True
19.8687,2min,9,2,4.288701490490441,0.39306167215945714,0.2667649878001407,False,True,True
20.1667,2min,9,2,4.288701490490441,0.39306167215945714,0.2667649878001407,False,True,True
20.4646,2min,9,2,4.288701490490441,0.39306167215945714,0.2667649878001407,False,True,True
20.7626,2min,9,2,4.288701490490441,0.39306167215945714,0.2667649878001407,False,True,True
21.0606,2min,9,2,4.288701490490441,0.39306167215945714,0.2667649878001407,False,True,True
21.3586,2min,9,2,4.288701490490441,0.39306167215945714,0.2667649878001407,False,True,True
21.6566,2min,9,2,4.288701490490441,0.39306167215945714,0.2667649878001407,False,True,True
21.9545,2min,9,2,4.288701490490441,0.39306167215945714,0.2667649878001407,False,True,True
22.2525,2min,9,2,4.288701490490441,0.39306167215945714,0.2667649878001407,False,True,True
22.5505,2min,9,2,4.288701490490441,0.39306167215945714,0.2667649878001407,False,True,True
22.8485,2min,9,2,4.288701490490441,0.39306167215945714,0.2667649878001407,False,True,True
23.1465,2min,9,2,4.288701490490441,0.39306167215945714,0.2667649878001407,False,True,True
23.4444,2min,9,2,4.288701490490441,0.39306167215945714,0.2667649878001407,False,True,True
23.7424,2min,9,2,4.288701490490441,0.39306167215945714,0.2667649878001407,False,True,True
24.0404,2min,9,2,4.288701490490441,0.39306167215945714,0.2667649878001407,False,True,True
24.3384,2min,9,2,4.288701490490441,0.39306167215945714,0.2667649878001407,False,True,True
24.6364,2min,9,2,4.288701490490441,0.39306167215945714,0.2667649878001407,False,True,True
24.9343,2min,9,2,4.288701490490441,0.39306167215945714,0.2667649878001407,False,True,True
25.2323,2min,9,2,4.288701490490441,0.39306167215945714,0.2667649878001407,False,True,True
25.5303,2min,9,2,4.288701490490441,0.39306167215945714,0.2667649878001407,False,True,True
25.8283,2min,9,2,4.288701490490441,0.39306167215945714,0.2667649878001407,False,True,True
26.1263,2min,9,2,4.288701490490441,0.39306167215945714,0.2667649878001407,False,True,True
26.4242,2min,9,2,4.288701490490441,0.39306167215945714,0.2667649878001407,False,True,True
26.7222,2min,9,1,0.0,0.0,-1.4428232973175175e-12,False,False,True
27.0202,2min,9,1,0.0,0.0,-1.4428232973175175e-12,False,False,True
27.3182,2min,9,1,0.0,0.0,-1.4428232973175175e-12,False,False,True
27.6162,2min,9,1,0.0,0.0,-1.4428232973175175e-12,False,False,True
27.9141,2min,9,1,0.0,0.0,-1.4428232973175175e-12,False,False,True
28.2121,2min,9,1,0.0,0.0,-1.4428232973175175e-12,False,False,True
28.5101,2min,9,1,0.0,0.0,-1.4428232973175175e-12,False,False,True
28.8081,2min,9,1,0.0,0.0,-1.4428232973175175e-12,False,False,True
29.1061,2min,9,1,0.0,0.0,-1.4428232973175175e-12,False,False,True
29.404,2min,9,1,0.0,0.0,-1.4428232973175175e-12,False,False,True
29.702,2min,9,1,0.0,0.0,-1.4428232973175175e-12,False,False,True
30.0,2min,9,1,0.0,0.0,-1.4428232973175175e-12,False,False,True
0.5,5min,0,22,0.0,0.0,4.459431618605558,True,False,False
0.798,5min,0,21,2182.144753787879,0.08527188962386897,4.368522527697911,True,False,False
1.096,5min,0,20,1085.3987527651084,0.14684080312128728,4.277613436790262,True,False,False
1.3939,5min,0,20,1085.3987527651084,0.14684080312128728,4.277613436790262,True,False,False
1.6919,5min,0,20,1085.3987527651084,0.14684080312128728,4.277613436790262,True,False,False
1.9899,5min,0,20,1085.3987527651084,0.14684080312128728,4.277613436790262,True,False,False
2.2879,5min,0,20,1085.3987527651084,0.14684080312128728,4.277613436790262,True,False,False
2.5859,5min,0,19,341.8835318188349,0.20376679801252007,4.186704345882614,True,False,False
2.8838,5min,0,19,341.8835318188349,0.20376679801252007,4.186704345882614,True,False,False
3.1818,5min,0,18,161.50462146098147,0.22169706962198543,4.061482186694808,True,False,False
3.4798,5min,0,17,142.06796693327357,0.28182075391137407,3.9705730957871594,True,False,False
3.7778,5min,0,17,142.06796693327357,0.28182075391137407,3.9705730957871594,True,False,False
4.0758,5min,0,17,142.06796693327357,0.28182075391137407,3.9705730957871594,True,False,False
4.3737,5min,0,17,142.06796693327357,0.28182075391137407,3.9705730957871594,True,False,False
4.6717,5min,0,17,142.06796693327357,0.28182075391137407,3.9705730957871594,True,False,False
4.9697,5min,0,17,142.06796693327357,0.28182075391137407,3.9705730957871594,True,False,False
5.2677,5min,0,16,67.44618355997332,0.28610951496790366,3.8230679822505778,True,False,False
5.5657,5min,0,15,63.79166254993276,0.3206406767300828,3.73215889134293,True,False,False
5.8636,5min,0,14,51.85863356716858,0.3248687761578618,3.6069367321551242,False,False,False
6.1616,5min,0,13,35.87739030492483,0.34257586984277527,3.4428621651367113,False,False,False
6.4596,5min,0,13,35.87739030492483,0.34257586984277527,3.4428621651367113,False,False,False
6.7576,5min,0,13,35.87739030492483,0.34257586984277527,3.4428621651367113,False,False,False
7.0556,5min,0,13,35.87739030492483,0.34257586984277527,3.4428621651367113,False,False,False
7.3535,5min,0,13,35.87739030492483,0.34257586984277527,3.4428621651367113,False,False,False
7.6515,5min,0,13,35.87739030492483,0.34257586984277527,3.4428621651367113,False,False,False
7.9495,5min,0,13,35.87739030492483,0.34257586984277527,3.4428621651367113,False,False,False
8.2475,5min,0,12,25.68179202939747,0.3090360777859263,3.222191575489366,False,True,False
8.5455,5min,0,12,25.68179202939747,0.3090360777859263,3.222191575489366,False,True,False
8.8434,5min,0,12,25.68179202939747,0.3090360777859263,3.222191575489366,False,True,False
9.1414,5min,0,12,25.68179202939747,0.3090360777859263,3.222191575489366,False,True,False
9.4394,5min,0,9,7.834025273823807,0.0989003087733049,2.4217533721102025,False,True,False
9.7374,5min,0,9,7.834025273823807,0.0989003087733049,2.4217533721102025,False,True,False
10.0354,5min,0,9,7.834025273823807,0.0989003087733049,2.4217533721102025,False,True,False
10.3333,5min,0,8,8.860026668829246,0.13401559420402193,2.244474529843912,False,True,False
10.6313,5min,0,8,8.860026668829246,0.13401559420402193,2.244474529843912,False,True,False
10.9293,5min,0,8,8.860026668829246,0.13401559420402193,2.244474529843912,False,True,False
11.2273,5min,0,7,7.410031984590467,0.1280036640659285,2.0247260363845987,False,True,False
11.5253,5min,0,6,5.046984010542169,-0.00846905870039868,1.3009376049351973,False,True,False
11.8232,5min,0,6,5.046984010542169,-0.00846905870039868,1.3009376049351973,False,True,False
12.1212,5min,0,6,5.046984010542169,-0.00846905870039868,1.3009376049351973,False,True,False
12.4192,5min,0,6,5.046984010542169,-0.00846905870039868,1.3009376049351973,False,True,False
12.7172,5min,0,6,5.046984010542169,-0.00846905870039868,1.3009376049351973,False,True,False
13.0152,5min,0,5,5.1856882085209985,0.16952622127720554,1.0476747992681918,False,True,False
13.3131,5min,0,5,5.1856882085209985,0.16952622127720554,1.0476747992681918,False,True,False
13.6111,5min,0,4,4.989803921674933,0.19832519751289512,0.7907669479302482,False,True,False
13.9091,5min,0,4,4.989803921674933,0.19832519751289512,0.7907669479302482,False,True,False
14.2071,5min,0,4,4.989803921674933,0.19832519751289512,0.7907669479302482,False,True,False
14.5051,5min,0,4,4.989803921674933,0.19832519751289512,0.7907669479302482,False,True,False
14.803,5min,0,3,3.9936983488226603,0.21404864489108402,0.5304060778262762,False,True,True
15.101,5min,0,3,3.9936983488226603,0.21404864489108402,0.5304060778262762,False,True,True
15.399,5min,0,3,3.9936983488226603,0.21404864489108402,0.5304060778262762,False,True,True
15.697,5min,0,2,3.798117736755689,0.3509298567975522,0.2667649878001407,False,True,True
15.9949,5min,0,2,3.798117736755689,0.3509298567975522,0.2667649878001407,False,True,True
16.2929,5min,0,2,3.798117736755689,0.3509298567975522,0.2667649878001407,False,True,True
16.5909,5min,0,2,3.798117736755689,0.3509298567975522,0.2667649878001407,False,True,True
16.8889,5min,0,2,3.798117736755689,0.3509298567975522,0.2667649878001407,False,True,True
17.1869,5min,0,2,3.798117736755689,0.3509298567975522,0.2667649878001407,False,True,True
17.4848,5min,0,2,3.798117736755689,0.3509298567975522,0.2667649878001407,False,True,True
17.7828,5min,0,2,3.798117736755689,0.3509298567975522,0.2667649878001407,False,True,True
18.0808,5min,0,2,3.798117736755689,0.3509298567975522,0.2667649878001407,False,True,True
18.3788,5min,0,2,3.798117736755689,0.3509298567975522,0.2667649878001407,False,True,True
18.6768,5min,0,2,3.798117736755689,0.3509298567975522,0.2667649878001407,False,True,True
18.9747,5min,0,2,3.798117736755689,0.3509298567975522,0.2667649878001407,False,True,True
19.2727,5min,0,2,3.798117736755689,0.3509298567975522,0.2667649878001407,False,True,True
19.5707,5min,0,2,3.798117736755689,0.3509298567975522,0.2667649878001407,False,True,True
19.8687,5min,0,2,3.798117736755689,0.3509298567975522,0.2667649878001407,False,True,True
20.1667,5min,0,2,3.798117736755689,0.3509298567975522,0.2667649878001407,False,True,True
20.4646,5min,0,2,3.798117736755689,0.3509298567975522,0.2667649878001407,False,True,True
20.7626,5min,0,2,3.798117736755689,0.3509298567975522,0.2667649878001407,False,True,True
21.0606,5min,0,2,3.798117736755689,0.3509298567975522,0.2667649878001407,False,True,True
21.3586,5min,0,2,3.798117736755689,0.3509298567975522,0.2667649878001407,False,True,True
21.6566,5min,0,2,3.798117736755689,0.3509298567975522,0.2667649878001407,False,True,True
21.9545,5min,0,2,3.798117736755689,0.3509298567975522,0.2667649878001407,False,True,True
22.2525,5min,0,1,0.0,0.0,-1.4428232973175175e-12,False,False,True
22.5505,5min,0,1,0.0,0.0,-1.4428232973175175e-12,False,False,True
22.8485,5min,0,1,0.0,0.0,-1.4428232973175175e-12,False,False,True
23.1465,5min,0,1,0.0,0.0,-1.4428232973175175e-12,False,False,True
23.4444,5min,0,1,0.0,0.0,-1.4428232973175175e-12,False,False,True
23.7424,5min,0,1,0.0,0.0,-1.4428232973175175e-12,False,False,True
24.0404,5min,0,1,0.0,0.0,-1.4428232973175175e-12,False,False,True
24.3384,5min,0,1,0.0,0.0,-1.4428232973175175e-12,False,False,True
24.6364,5min,0,1,0.0,0.0,-1.4428232973175175e-12,False,False,True
24.9343,5min,0,1,0.0,0.0,-1.4428232973175175e-12,False,False,True
25.2323,5min,0,1,0.0,0.0,-1.4428232973175175e-12,False,False,True
25.5303,5min,0,1,0.0,0.0,-1.4428232973175175e-12,False,False,True
25.8283,5min,0,1,0.0,0.0,-1.4428232973175175e-12,False,False,True
26.1263,5min,0,1,0.0,0.0,-1.4428232973175175e-12,False,False,True
26.4242,5min,0,1,0.0,0.0,-1.4428232973175175e-12,False,False,True
26.7222,5min,0,1,0.0,0.0,-1.4428232973175175e-12,False,False,True
27.0202,5min,0,1,0.0,0.0,-1.4428232973175175e-12,False,False,True
27.3182,5min,0,1,0.0,0.0,-1.4428232973175175e-12,False,False,True
27.6162,5min,0,1,0.0,0.0,-1.4428232973175175e-12,False,False,True
27.9141,5min,0,1,0.0,0.0,-1.4428232973175175e-12,False,False,True
28.2121,5min,0,1,0.0,0.0,-1.4428232973175175e-12,False,False,True
28.5101,5min,0,1,0.0,0.0,-1.4428232973175175e-12,False,False,True
28.8081,5min,0,1,0.0,0.0,-1.4428232973175175e-12,False,False,True
29.1061,5min,0,1,0.0,0.0,-1.4428232973175175e-12,False,False,True
29.404,5min,0,1,0.0,0.0,-1.4428232973175175e-12,False,False,True
29.702,5min,0,1,0.0,0.0,-1.4428232973175175e-12,False,False,True
30.0,5min,0,1,0.0,0.0,-1.4428232973175175e-12,False,False,True
0.5,5min,1,22,0.0,0.0,4.459431618605558,True,False,False
0.798,5min,1,22,0.0,0.0,4.459431618605558,True,False,False
1.096,5min,1,22,0.0,0.0,4.459431618605558,True,False,False
1.3939,5min,1,22,0.0,0.0,4.459431618605558,True,False,False
1.6919,5min,1,22,0.0,0.0,4.459431618605558,True,False,False
1.9899,5min,1,22,0.0,0.0,4.459431618605558,True,False,False
2.2879,5min,1,22,0.0,0.0,4.459431618605558,True,False,False
2.5859,5min,1,22,0.0,0.0,4.459431618605558,True,False,False
2.8838,5min,1,21,143.03136298419912,0.07175679835168877,4.36852252769791,True,False,False
3.1818,5min,1,21,143.03136298419912,0.07175679835168877,4.36852252769791,True,False,False
3.4798,5min,1,20,110.81359378997223,0.09615572842811994,4.277613436790262,True,False,False
3.7778,5min,1,19,59.17725298518775,0.16160432544540865,4.152391277602456,True,False,False
4.0758,5min,1,19,59.17725298518775,0.16160432544540865,4.152391277602456,True,False,False
4.3737,5min,1,18,62.12713910735858,0.20790399439510818,4.061482186694808,True,False,False
4.6717,5min,1,17,64.09009988990945,0.2539944959088995,3.9705730957871594,True,False,False
4.9697,5min,1,17,64.09009988990945,0.2539944959088995,3.9705730957871594,True,False,False
5.2677,5min,1,16,64.13487187858627,0.29856851344372193,3.879664004879511,True,False,False
5.5657,5min,1,16,64.13487187858627,0.29856851344372193,3.879664004879511,True,False,False
5.8636,5min,1,16,64.13487187858627,0.29856851344372193,3.879664004879511,True,False,False
6.1616,5min,1,16,64.13487187858627,0.29856851344372193,3.879664004879511,True,False,False
6.4596,5min,1,15,59.85462424876966,0.323617774369522,3.7887549139718635,True,False,False
6.7576,5min,1,15,59.85462424876966,0.323617774369522,3.7887549139718635,True,False,False
7.0556,5min,1,14,44.298675279111485,0.3478031158606607,3.6635327547840575,False,False,False
7.3535,5min,1,14,44.298675279111485,0.3478031158606607,3.6635327547840575,False,False,False
7.6515,5min,1,14,44.298675279111485,0.3478031158606607,3.6635327547840575,False,False,False
7.9495,5min,1,14,44.298675279111485,0.3478031158606607,3.6635327547840575,False,False,False
8.2475,5min,1,14,44.298675279111485,0.3478031158606607,3.6635327547840575,False,False,False
8.5455,5min,1,12,35.89809089915933,0.39294693752432136,3.4130884364084455,False,True,False
8.8434,5min,1,12,35.89809089915933,0.39294693752432136,3.4130884364084455,False,True,False
9.1414,5min,1,11,21.635427603216904,0.33603312825274095,3.1403611636826154,False,True,False
9.4394,5min,1,11,21.635427603216904,0.33603312825274095,3.1403611636826154,False,True,False
9.7374,5min,1,8,18.799788451852077,0.3545080349889574,2.629219686512555,False,True,False
10.0354,5min,1,8,18.799788451852077,0.3545080349889574,2.629219686512555,False,True,False
10.3333,5min,1,8,18.799788451852077,0.3545080349889574,2.629219686512555,False,True,False
10.6313,5min,1,8,18.799788451852077,0.3545080349889574,2.629219686512555,False,True,False
10.9293,5min,1,8,18.799788451852077,0.3545080349889574,2.629219686512555,False,True,False
11.2273,5min,1,8,18.799788451852077,0.3545080349889574,2.629219686512555,False,True,False
11.5253,5min,1,8,18.799788451852077,0.3545080349889574,2.629219686512555,False,True,False
11.8232,5min,1,7,13.59573078962443,0.28021119447979276,2.3564924137867256,False,True,False
12.1212,5min,1,7,13.59573078962443,0.28021119447979276,2.3564924137867256,False,True,False
12.4192,5min,1,5,7.230771721319602,0.14166017023143088,1.6043068953058388,False,True,False
12.7172,5min,1,4,5.811001136900639,0.20072065652505675,1.0848063548397429,False,True,False
13.0152,5min,1,3,4.055513674396172,0.15014883247917957,0.5304060778262762,False,True,True
13.3131,5min,1,3,4.055513674396172,0.15014883247917957,0.5304060778262762,False,True,True
13.6111,5min,1,3,4.055513674396172,0.15014883247917957,0.5304060778262762,False,True,True
13.9091,5min,1,3,4.055513674396172,0.15014883247917957,0.5304060778262762,False,True,True
14.2071,5min,1,3,4.055513674396172,0.15014883247917957,0.5304060778262762,False,True,True
14.5051,5min,1,3,4.055513674396172,0.15014883247917957,0.5304060778262762,False,True,True
14.803,5min,1,3,4.055513674396172,0.15014883247917957,0.5304060778262762,False,True,True
15.101,5min,1,3,4.055513674396172,0.15014883247917957,0.5304060778262762,False,True,True
15.399,5min,1,3,4.055513674396172,0.15014883247917957,0.5304060778262762,False,True,True
15.697,5min,1,3,4.055513674396172,0.15014883247917957,0.5304060778262762,False,True,True
15.9949,5min,1,2,5.477968254320099,0.4149746356652113,0.2667649878001407,False,True,True
16.2929,5min,1,2,5.477968254320099,0.4149746356652113,0.2667649878001407,False,True,True
16.5909,5min,1,2,5.477968254320099,0.4149746356652113,0.2667649878001407,False,True,True
16.8889,5min,1,2,5.477968254320099,0.4149746356652113,0.2667649878001407,False,True,True
17.1869,5min,1,2,5.477968254320099,0.4149746356652113,0.2667649878001407,False,True,True
17.4848,5min,1,2,5.477968254320099,0.4149746356652113,0.2667649878001407,False,True,True
17.7828,5min,1,2,5.477968254320099,0.4149746356652113,0.2667649878001407,False,True,True
18.0808,5min,1,2,5.477968254320099,0.4149746356652113,0.2667649878001407,False,True,True
18.3788,5min,1,2,5.477968254320099,0.4149746356652113,0.2667649878001407,False,True,True
18.6768,5min,1,2,5.477968254320099,0.4149746356652113,0.2667649878001407,False,True,True
18.9747,5min,1,2,5.477968254320099,0.4149746356652113,0.2667649878001407,False,True,True
19.2727,5min,1,2,5.477968254320099,0.4149746356652113,0.2667649878001407,False,True,True
19.5707,5min,1,2,5.477968254320099,0.4149746356652113,0.2667649878001407,False,True,True
19.8687,5min,1,2,5.477968254320099,0.4149746356652113,0.2667649878001407,False,True,True
20.1667,5min,1,2,5.477968254320099,0.4149746356652113,0.2667649878001407,False,True,True
20.4646,5min,1,2,5.477968254320099,0.4149746356652113,0.2667649878001407,False,True,True
20.7626,5min,1,2,5.477968254320099,0.4149746356652113,0.2667649878001407,False,True,True
21.0606,5min,1,2,5.477968254320099,0.4149746356652113,0.2667649878001407,False,True,True
21.3586,5min,1,2,5.477968254320099,0.4149746356652113,0.2667649878001407,False,True,True
21.6566,5min,1,2,5.477968254320099,0.4149746356652113,0.2667649878001407,False,True,True
21.9545,5min,1,2,5.477968254320099,0.4149746356652113,0.2667649878001407,False,True,True
22.2525,5min,1,2,5.477968254320099,0.4149746356652113,0.2667649878001407,False,True,True
22.5505,5min,1,2,5.477968254320099,0.4149746356652113,0.2667649878001407,False,True,True
22.8485,5min,1,2,5.477968254320099,0.4149746356652113,0.2667649878001407,False,True,True
23.1465,5min,1,2,5.477968254320099,0.4149746356652113,0.2667649878001407,False,True,True
23.4444,5min,1,2,5.477968254320099,0.4149746356652113,0.2667649878001407,False,True,True
23.7424,5min,1,2,5.477968254320099,0.4149746356652113,0.2667649878001407,False,True,True
24.0404,5min,1,2,5.477968254320099,0.4149746356652113,0.2667649878001407,False,True,True
24.3384,5min,1,2,5.477968254320099,0.4149746356652113,0.2667649878001407,False,True,True
24.6364,5min,1,2,5.477968254320099,0.4149746356652113,0.2667649878001407,False,True,True
24.9343,5min,1,2,5.477968254320099,0.4149746356652113,0.2667649878001407,False,True,True
25.2323,5min,1,2,5.477968254320099,0.4149746356652113,0.2667649878001407,False,True,True
25.5303,5min,1,2,5.477968254320099,0.4149746356652113,0.2667649878001407,False,True,True
25.8283,5min,1,2,5.477968254320099,0.4149746356652113,0.2667649878001407,False,True,True
26.1263,5min,1,2,5.477968254320099,0.4149746356652113,0.2667649878001407,False,True,True
26.4242,5min,1,2,5.477968254320099,0.4149746356652113,0.2667649878001407,False,True,True
26.7222,5min,1,2,5.477968254320099,0.4149746356652113,0.2667649878001407,False,True,True
27.0202,5min,1,2,5.477968254320099,0.4149746356652113,0.2667649878001407,False,True,True
27.3182,5min,1,2,5.477968254320099,0.4149746356652113,0.2667649878001407,False,True,True
27.6162,5min,1,2,5.477968254320099,0.4149746356652113,0.2667649878001407,False,True,True
27.9141,5min,1,2,5.477968254320099,0.4149746356652113,0.2667649878001407,False,True,True
28.2121,5min,1,1,0.0,0.0,-1.4428232973175175e-12,False,False,True
28.5101,5min,1,1,0.0,0.0,-1.4428232973175175e-12,False,False,True
28.8081,5min,1,1,0.0,0.0,-1.4428232973175175e-12,False,False,True
29.1061,5min,1,1,0.0,0.0,-1.4428232973175175e-12,False,False,True
29.404,5min,1,1,0.0,0.0,-1.4428232973175175e-12,False,False,True
29.702,5min,1,1,0.0,0.0,-1.4428232973175175e-12,False,False,True
30.0,5min,1,1,0.0,0.0,-1.4428232973175175e-12,False,False,True
0.5,5min,2,22,0.0,0.0,4.459431618605558,True,False,False
0.798,5min,2,21,1024.6087282313488,0.02584288301970418,4.368522527697911,True,False,False
1.096,5min,2,18,761.7130599674457,0.2170478304562372,4.061482186694808,True,False,False
1.3939,5min,2,17,688.4106963772919,0.27538348714165806,3.9705730957871594,True,False,False
1.6919,5min,2,17,688.4106963772919,0.27538348714165806,3.9705730957871594,True,False,False
1.9899,5min,2,16,370.2774358256829,0.28498441306206157,3.8453509365993535,True,False,False
2.2879,5min,2,15,342.8160832023303,0.3335953685750712,3.754441845691706,True,False,False
2.5859,5min,2,13,54.744055774159364,0.10456588873060645,3.18670434589127,False,False,False
2.8838,5min,2,13,54.744055774159364,0.10456588873060645,3.18670434589127,False,False,False
3.1818,5min,2,12,49.94400879539358,0.1825675992464195,2.9808259362117666,False,True,False
3.4798,5min,2,11,49.84619617737046,0.2806104354032919,2.7676461209453542,False,True,False
3.7778,5min,2,10,31.355331447403774,0.19358171556154938,2.4130884364113308,False,True,False
4.0758,5min,2,10,31.355331447403774,0.19358171556154938,2.4130884364113308,False,True,False
4.3737,5min,2,8,30.319595911145395,0.24428937434145553,1.9456603045890986,False,True,False
4.6717,5min,2,8,30.319595911145395,0.24428937434145553,1.9456603045890986,False,True,False
4.9697,5min,2,8,30.319595911145395,0.24428937434145553,1.9456603045890986,False,True,False
5.2677,5min,2,8,30.319595911145395,0.24428937434145553,1.9456603045890986,False,True,False
5.5657,5min,2,7,25.289345100144384,0.24007905043316288,1.7047334852577543,False,True,False
5.8636,5min,2,7,25.289345100144384,0.24007905043316288,1.7047334852577543,False,True,False
6.1616,5min,2,7,25.289345100144384,0.24007905043316288,1.7047334852577543,False,True,False
6.4596,5min,2,6,24.05728947357813,0.25403709896243903,1.3009376049351973,False,True,False
6.7576,5min,2,6,24.05728947357813,0.25403709896243903,1.3009376049351973,False,True,False
7.0556,5min,2,6,24.05728947357813,0.25403709896243903,1.3009376049351973,False,True,False
7.3535,5min,2,6,24.05728947357813,0.25403709896243903,1.3009376049351973,False,True,False
7.6515,5min,2,5,25.11062821427031,0.42702092243511625,1.0476747992681918,False,True,False
7.9495,5min,2,5,25.11062821427031,0.42702092243511625,1.0476747992681918,False,True,False
8.2475,5min,2,5,25.11062821427031,0.42702092243511625,1.0476747992681918,False,True,False
8.5455,5min,2,5,25.11062821427031,0.42702092243511625,1.0476747992681918,False,True,False
8.8434,5min,2,4,33.689709343633716,0.5265918093699804,0.9567657083605435,False,True,False
9.1414,5min,2,4,33.689709343633716,0.5265918093699804,0.9567657083605435,False,True,False
9.4394,5min,2,4,33.689709343633716,0.5265918093699804,0.9567657083605435,False,True,False
9.7374,5min,2,4,33.689709343633716,0.5265918093699804,0.9567657083605435,False,True,False
10.0354,5min,2,4,33.689709343633716,0.5265918093699804,0.9567657083605435,False,True,False
10.3333,5min,2,4,33.689709343633716,0.5265918093699804,0.9567657083605435,False,True,False
10.6313,5min,2,4,33.689709343633716,0.5265918093699804,0.9567657083605435,False,True,False
10.9293,5min,2,4,33.689709343633716,0.5265918093699804,0.9567657083605435,False,True,False
11.2273,5min,2,4,33.689709343633716,0.5265918093699804,0.9567657083605435,False,True,False
11.5253,5min,2,4,33.689709343633716,0.5265918093699804,0.9567657083605435,False,True,False
11.8232,5min,2,4,33.689709343633716,0.5265918093699804,0.9567657083605435,False,True,False
12.1212,5min,2,4,33.689709343633716,0.5265918093699804,0.9567657083605435,False,True,False
12.4192,5min,2,4,33.689709343633716,0.5265918093699804,0.9567657083605435,False,True,False
12.7172,5min,2,4,33.689709343633716,0.5265918093699804,0.9567657083605435,False,True,False
13.0152,5min,2,4,33.689709343633716,0.5265918093699804,0.9567657083605435,False,True,False
13.3131,5min,2,3,23.57265231894107,0.5727796665861695,0.5304060778262762,False,True,True
13.6111,5min,2,3,23.57265231894107,0.5727796665861695,0.5304060778262762,False,True,True
13.9091,5min,2,3,23.57265231894107,0.5727796665861695,0.5304060778262762,False,True,True
14.2071,5min,2,3,23.57265231894107,0.5727796665861695,0.5304060778262762,False,True,True
14.5051,5min,2,3,23.57265231894107,0.5727796665861695,0.5304060778262762,False,True,True
14.803,5min,2,3,23.57265231894107,0.5727796665861695,0.5304060778262762,False,True,True
15.101,5min,2,3,23.57265231894107,0.5727796665861695,0.5304060778262762,False,True,True
15.399,5min,2,3,23.57265231894107,0.5727796665861695,0.5304060778262762,False,True,True
15.697,5min,2,3,23.57265231894107,0.5727796665861695,0.5304060778262762,False,True,True
15.9949,5min,2,3,23.57265231894107,0.5727796665861695,0.5304060778262762,False,True,True
16.2929,5min,2,3,23.57265231894107,0.5727796665861695,0.5304060778262762,False,True,True
16.5909,5min,2,3,23.57265231894107,0.5727796665861695,0.5304060778262762,False,True,True
16.8889,5min,2,3,23.57265231894107,0.5727796665861695,0.5304060778262762,False,True,True
17.1869,5min,2,3,23.57265231894107,0.5727796665861695,0.5304060778262762,False,True,True
17.4848,5min,2,3,23.57265231894107,0.5727796665861695,0.5304060778262762,False,True,True
17.7828,5min,2,3,23.57265231894107,0.5727796665861695,0.5304060778262762,False,True,True
18.0808,5min,2,3,23.57265231894107,0.5727796665861695,0.5304060778262762,False,True,True
18.3788,5min,2,3,23.57265231894107,0.5727796665861695,0.5304060778262762,False,True,True
18.6768,5min,2,2,23.00593655909878,0.7317836511665888,0.2667649878001407,False,True,True
18.9747,5min,2,2,23.00593655909878,0.7317836511665888,0.2667649878001407,False,True,True
19.2727,5min,2,2,23.00593655909878,0.7317836511665888,0.2667649878001407,False,True,True
19.5707,5min,2,2,23.00593655909878,0.7317836511665888,0.2667649878001407,False,True,True
19.8687,5min,2,2,23.00593655909878,0.7317836511665888,0.2667649878001407,False,True,True
20.1667,5min,2,2,23.00593655909878,0.7317836511665888,0.2667649878001407,False,True,True
20.4646,5min,2,2,23.00593655909878,0.7317836511665888,0.2667649878001407,False,True,True
20.7626,5min,2,2,23.00593655909878,0.7317836511665888,0.2667649878001407,False,True,True
21.0606,5min,2,2,23.00593655909878,0.7317836511665888,0.2667649878001407,False,True,True
21.3586,5min,2,2,23.00593655909878,0.7317836511665888,0.2667649878001407,False,True,True
21.6566,5min,2,2,23.00593655909878,0.7317836511665888,0.2667649878001407,False,True,True
21.9545,5min,2,2,23.00593655909878,0.7317836511665888,0.2667649878001407,False,True,True
22.2525,5min,2,2,23.00593655909878,0.7317836511665888,0.2667649878001407,False,True,True
22.5505,5min,2,2,23.00593655909878,0.7317836511665888,0.2667649878001407,False,True,True
22.8485,5min,2,2,23.00593655909878,0.7317836511665888,0.2667649878001407,False,True,True
23.1465,5min,2,2,23.00593655909878,0.7317836511665888,0.2667649878001407,False,True,True
23.4444,5min,2,2,23.00593655909878,0.7317836511665888,0.2667649878001407,False,True,True
23.7424,5min,2,2,23.00593655909878,0.7317836511665888,0.2667649878001407,False,True,True
24.0404,5min,2,2,23.00593655909878,0.7317836511665888,0.2667649878001407,False,True,True
24.3384,5min,2,2,23.00593655909878,0.7317836511665888,0.2667649878001407,False,True,True
24.6364,5min,2,2,23.00593655909878,0.7317836511665888,0.2667649878001407,False,True,True
24.9343,5min,2,2,23.00593655909878,0.7317836511665888,0.2667649878001407,False,True,True
25.2323,5min,2,2,23.00593655909878,0.7317836511665888,0.2667649878001407,False,True,True
25.5303,5min,2,2,23.00593655909878,0.7317836511665888,0.2667649878001407,False,True,True
25.8283,5min,2,2,23.00593655909878,0.7317836511665888,0.2667649878001407,False,True,True
26.1263,5min,2,2,23.00593655909878,0.7317836511665888,0.2667649878001407,False,True,True
26.4242,5min,2,2,23.00593655909878,0.7317836511665888,0.2667649878001407,False,True,True
26.7222,5min,2,2,23.00593655909878,0.7317836511665888,0.2667649878001407,False,True,True
27.0202,5min,2,2,23.00593655909878,0.7317836511665888,0.2667649878001407,False,True,True
27.3182,5min,2,2,23.00593655909878,0.7317836511665888,0.2667649878001407,False,True,True
27.6162,5min,2,2,23.00593655909878,0.7317836511665888,0.2667649878001407,False,True,True
27.9141,5min,2,2,23.00593655909878,0.7317836511665888,0.2667649878001407,False,True,True
28.2121,5min,2,2,23.00593655909878,0.7317836511665888,0.2667649878001407,False,True,True
28.5101,5min,2,2,23.00593655909878,0.7317836511665888,0.2667649878001407,False,True,True
28.8081,5min,2,2,23.00593655909878,0.7317836511665888,0.2667649878001407,False,True,True
29.1061,5min,2,2,23.00593655909878,0.7317836511665888,0.2667649878001407,False,True,True
29.404,5min,2,2,23.00593655909878,0.7317836511665888,0.2667649878001407,False,True,True
29.702,5min,2,2,23.00593655909878,0.7317836511665888,0.2667649878001407,False,True,True
30.0,5min,2,2,23.00593655909878,0.7317836511665888,0.2667649878001407,False,True,True
0.5,5min,3,22,0.0,0.0,4.459431618605558,True,False,False
0.798,5min,3,22,0.0,0.0,4.459431618605558,True,False,False
1.096,5min,3,22,0.0,0.0,4.459431618605558,True,False,False
1.3939,5min,3,22,0.0,0.0,4.459431618605558,True,False,False
1.6919,5min,3,21,376.8955464274128,0.07518966656393158,4.368522527697911,True,False,False
1.9899,5min,3,20,317.02869410032616,0.13225622441378093,4.277613436790262,True,False,False
2.2879,5min,3,20,317.02869410032616,0.13225622441378093,4.277613436790262,True,False,False
2.5859,5min,3,20,317.02869410032616,0.13225622441378093,4.277613436790262,True,False,False
2.8838,5min,3,20,317.02869410032616,0.13225622441378093,4.277613436790262,True,False,False
3.1818,5min,3,20,317.02869410032616,0.13225622441378093,4.277613436790262,True,False,False
3.4798,5min,3,20,317.02869410032616,0.13225622441378093,4.277613436790262,True,False,False
3.7778,5min,3,20,317.02869410032616,0.13225622441378093,4.277613436790262,True,False,False
4.0758,5min,3,19,137.8302191213149,0.1525919758137633,4.186704345882614,True,False,False
4.3737,5min,3,17,77.60097741516898,0.2243818836771095,3.9705730957871594,True,False,False
4.6717,5min,3,16,56.67355453243859,0.22678506155900402,3.8453509365993535,True,False,False
4.9697,5min,3,16,56.67355453243859,0.22678506155900402,3.8453509365993535,True,False,False
5.2677,5min,3,16,56.67355453243859,0.22678506155900402,3.8453509365993535,True,False,False
5.5657,5min,3,15,57.67152430720782,0.27872002883783603,3.7544418456917055,True,False,False
5.8636,5min,3,14,52.166155541661034,0.35054161549155205,3.6069367321551242,False,False,False
6.1616,5min,3,14,52.166155541661034,0.35054161549155205,3.6069367321551242,False,False,False
6.4596,5min,3,14,52.166155541661034,0.35054161549155205,3.6069367321551242,False,False,False
6.7576,5min,3,14,52.166155541661034,0.35054161549155205,3.6069367321551242,False,False,False
7.0556,5min,3,14,52.166155541661034,0.35054161549155205,3.6069367321551242,False,False,False
7.3535,5min,3,14,52.166155541661034,0.35054161549155205,3.6069367321551242,False,False,False
7.6515,5min,3,13,41.062856513226876,0.3600712590835634,3.4817145729673182,False,False,False
7.9495,5min,3,12,19.49309505431478,0.29773612233766394,3.231270254590264,False,True,False
8.2475,5min,3,11,21.75835419247335,0.3162293920515215,3.1403611636826154,False,True,False
8.5455,5min,3,11,21.75835419247335,0.3162293920515215,3.1403611636826154,False,True,False
8.8434,5min,3,11,21.75835419247335,0.3162293920515215,3.1403611636826154,False,True,False
9.1414,5min,3,10,21.014011551282263,0.28530999155760395,2.9196905740352697,False,True,False
9.4394,5min,3,9,19.104618023622578,0.3067157434169385,2.7424117317689793,False,True,False
9.7374,5min,3,8,19.98817078020132,0.30044298032108796,2.6171895725811734,False,True,False
10.0354,5min,3,8,19.98817078020132,0.30044298032108796,2.6171895725811734,False,True,False
10.3333,5min,3,6,11.842325450168738,0.2866173922173822,1.9242299135914895,False,True,False
10.6313,5min,3,5,7.699562820431137,0.1924056698279486,1.432006212533367,False,True,False
10.9293,5min,3,4,8.741108157046247,0.30568294799660783,1.1867043459042537,False,True,False
11.2273,5min,3,4,8.741108157046247,0.30568294799660783,1.1867043459042537,False,True,False
11.5253,5min,3,3,4.861720361134872,0.23485413420709492,0.5304060778262762,False,True,True
11.8232,5min,3,3,4.861720361134872,0.23485413420709492,0.5304060778262762,False,True,True
12.1212,5min,3,3,4.861720361134872,0.23485413420709492,0.5304060778262762,False,True,True
12.4192,5min,3,3,4.861720361134872,0.23485413420709492,0.5304060778262762,False,True,True
12.7172,5min,3,3,4.861720361134872,0.23485413420709492,0.5304060778262762,False,True,True
13.0152,5min,3,3,4.861720361134872,0.23485413420709492,0.5304060778262762,False,True,True
13.3131,5min,3,3,4.861720361134872,0.23485413420709492,0.5304060778262762,False,True,True
13.6111,5min,3,3,4.861720361134872,0.23485413420709492,0.5304060778262762,False,True,True
13.9091,5min,3,3,4.861720361134872,0.23485413420709492,0.5304060778262762,False,True,True
14.2071,5min,3,3,4.861720361134872,0.23485413420709492,0.5304060778262762,False,True,True
14.5051,5min,3,3,4.861720361134872,0.23485413420709492,0.5304060778262762,False,True,True
14.803,5min,3,3,4.861720361134872,0.23485413420709492,0.5304060778262762,False,True,True
15.101,5min,3,3,4.861720361134872,0.23485413420709492,0.5304060778262762,False,True,True
15.399,5min,3,3,4.861720361134872,0.23485413420709492,0.5304060778262762,False,True,True
15.697,5min,3,3,4.861720361134872,0.23485413420709492,0.5304060778262762,False,True,True
15.9949,5min,3,3,4.861720361134872,0.23485413420709492,0.5304060778262762,False,True,True
16.2929,5min,3,3,4.861720361134872,0.23485413420709492,0.5304060778262762,False,True,True
16.5909,5min,3,3,4.861720361134872,0.23485413420709492,0.5304060778262762,False,True,True
16.8889,5min,3,3,4.861720361134872,0.23485413420709492,0.5304060778262762,False,True,True
17.1869,5min,3,3,4.861720361134872,0.23485413420709492,0.5304060778262762,False,True,True
17.4848,5min,3,3,4.861720361134872,0.23485413420709492,0.5304060778262762,False,True,True
17.7828,5min,3,3,4.861720361134872,0.23485413420709492,0.5304060778262762,False,True,True
18.0808,5min,3,3,4.861720361134872,0.23485413420709492,0.5304060778262762,False,True,True
18.3788,5min,3,3,4.861720361134872,0.23485413420709492,0.5304060778262762,False,True,True
18.6768,5min,3,3,4.861720361134872,0.23485413420709492,0.5304060778262762,False,True,True
18.9747,5min,3,3,4.861720361134872,0.23485413420709492,0.5304060778262762,False,True,True
19.2727,5min,3,2,5.395012114650144,0.42712978369826704,0.2667649878001407,False,True,True
19.5707,5min,3,2,5.395012114650144,0.42712978369826704,0.2667649878001407,False,True,True
19.8687,5min,3,2,5.395012114650144,0.42712978369826704,0.2667649878001407,False,True,True
20.1667,5min,3,2,5.395012114650144,0.42712978369826704,0.2667649878001407,False,True,True
20.4646,5min,3,2,5.395012114650144,0.42712978369826704,0.2667649878001407,False,True,True
20.7626,5min,3,2,5.395012114650144,0.42712978369826704,0.2667649878001407,False,True,True
21.0606,5min,3,2,5.395012114650144,0.42712978369826704,0.2667649878001407,False,True,True
21.3586,5min,3,2,5.395012114650144,0.42712978369826704,0.2667649878001407,False,True,True
21.6566,5min,3,2,5.395012114650144,0.42712978369826704,0.2667649878001407,False,True,True
21.9545,5min,3,2,5.395012114650144,0.42712978369826704,0.2667649878001407,False,True,True
22.2525,5min,3,2,5.395012114650144,0.42712978369826704,0.2667649878001407,False,True,True
22.5505,5min,3,2,5.395012114650144,0.42712978369826704,0.2667649878001407,False,True,True
22.8485,5min,3,2,5.395012114650144,0.42712978369826704,0.2667649878001407,False,True,True
23.1465,5min,3,2,5.395012114650144,0.42712978369826704,0.2667649878001407,False,True,True
23.4444,5min,3,2,5.395012114650144,0.42712978369826704,0.2667649878001407,False,True,True
23.7424,5min,3,2,5.395012114650144,0.42712978369826704,0.2667649878001407,False,True,True
24.0404,5min,3,2,5.395012114650144,0.42712978369826704,0.2667649878001407,False,True,True
24.3384,5min,3,1,0.0,0.0,-1.4428232973175175e-12,False,False,True
24.6364,5min,3,1,0.0,0.0,-1.4428232973175175e-12,False,False,True
24.9343,5min,3,1,0.0,0.0,-1.4428232973175175e-12,False,False,True
25.2323,5min,3,1,0.0,0.0,-1.4428232973175175e-12,False,False,True
25.5303,5min,3,1,0.0,0.0,-1.4428232973175175e-12,False,False,True
25.8283,5min,3,1,0.0,0.0,-1.4428232973175175e-12,False,False,True
26.1263,5min,3,1,0.0,0.0,-1.4428232973175175e-12,False,False,True
26.4242,5min,3,1,0.0,0.0,-1.4428232973175175e-12,False,False,True
26.7222,5min,3,1,0.0,0.0,-1.4428232973175175e-12,False,False,True
27.0202,5min,3,1,0.0,0.0,-1.4428232973175175e-12,False,False,True
27.3182,5min,3,1,0.0,0.0,-1.4428232973175175e-12,False,False,True
27.6162,5min,3,1,0.0,0.0,-1.4428232973175175e-12,False,False,True
27.9141,5min,3,1,0.0,0.0,-1.4428232973175175e-12,False,False,True
28.2121,5min,3,1,0.0,0.0,-1.4428232973175175e-12,False,False,True
28.5101,5min,3,1,0.0,0.0,-1.4428232973175175e-12,False,False,True
28.8081,5min,3,1,0.0,0.0,-1.4428232973175175e-12,False,False,True
29.1061,5min,3,1,0.0,0.0,-1.4428232973175175e-12,False,False,True
29.404,5min,3,1,0.0,0.0,-1.4428232973175175e-12,False,False,True
29.702,5min,3,1,0.0,0.0,-1.4428232973175175e-12,False,False,True
30.0,5min,3,1,0.0,0.0,-1.4428232973175175e-12,False,False,True
0.5,10min,0,22,0.0,0.0,4.459431618605558,True,False,False
0.798,10min,0,22,0.0,0.0,4.459431618605558,True,False,False
1.096,10min,0,22,0.0,0.0,4.459431618605558,True,False,False
1.3939,10min,0,22,0.0,0.0,4.459431618605558,True,False,False
1.6919,10min,0,22,0.0,0.0,4.459431618605558,True,False,False
1.9899,10min,0,21,291.70917873883144,0.06454438543378695,4.368522527697911,True,False,False
2.2879,10min,0,21,291.70917873883144,0.06454438543378695,4.368522527697911,True,False,False
2.5859,10min,0,19,199.9726066083613,0.17493618795831523,4.186704345882614,True,False,False
2.8838,10min,0,19,199.9726066083613,0.17493618795831523,4.186704345882614,True,False,False
3.1818,10min,0,17,169.63874161979956,0.2835543353713445,4.004886164067317,True,False,False
3.4798,10min,0,17,169.63874161979956,0.2835543353713445,4.004886164067317,True,False,False
3.7778,10min,0,17,169.63874161979956,0.2835543353713445,4.004886164067317,True,False,False
4.0758,10min,0,17,169.63874161979956,0.2835543353713445,4.004886164067317,True,False,False
4.3737,10min,0,16,83.53771124062577,0.23297635577217488,3.8230679822505778,True,False,False
4.6717,10min,0,16,83.53771124062577,0.23297635577217488,3.8230679822505778,True,False,False
4.9697,10min,0,15,62.93008681213112,0.2317199418177004,3.6589934152321657,True,False,False
5.2677,10min,0,15,62.93008681213112,0.2317199418177004,3.6589934152321657,True,False,False
5.5657,10min,0,14,39.89109773683566,0.20625607941550642,3.481714572965876,False,False,False
5.8636,10min,0,11,34.804531883858765,0.3237756414324768,3.004886164075973,False,True,False
6.1616,10min,0,10,34.940409248109745,0.35898551334981543,2.823067982259234,False,True,False
6.4596,10min,0,10,34.940409248109745,0.35898551334981543,2.823067982259234,False,True,False
6.7576,10min,0,9,39.693946962247715,0.3800283176712003,2.7321588913515855,False,True,False
7.0556,10min,0,8,15.238821172445245,0.2253079007635974,2.2312702545960343,False,True,False
7.3535,10min,0,6,8.298144385235144,0.10864757286896064,1.613824394350106,False,True,False
7.6515,10min,0,6,8.298144385235144,0.10864757286896064,1.613824394350106,False,True,False
7.9495,10min,0,5,10.6882662285839,0.11917598561481,1.4886022351623,False,True,False
8.2475,10min,0,5,10.6882662285839,0.11917598561481,1.4886022351623,False,True,False
8.5455,10min,0,5,10.6882662285839,0.11917598561481,1.4886022351623,False,True,False
8.8434,10min,0,5,10.6882662285839,0.11917598561481,1.4886022351623,False,True,False
9.1414,10min,0,5,10.6882662285839,0.11917598561481,1.4886022351623,False,True,False
9.4394,10min,0,5,10.6882662285839,0.11917598561481,1.4886022351623,False,True,False
9.7374,10min,0,4,12.881507346576853,0.20564018341141466,1.2433003685331872,False,True,False
10.0354,10min,0,4,12.881507346576853,0.20564018341141466,1.2433003685331872,False,True,False
10.3333,10min,0,4,12.881507346576853,0.20564018341141466,1.2433003685331872,False,True,False
10.6313,10min,0,3,17.118339271242743,0.4514243866638443,0.8315435491727377,False,True,True
10.9293,10min,0,3,17.118339271242743,0.4514243866638443,0.8315435491727377,False,True,True
11.2273,10min,0,3,17.118339271242743,0.4514243866638443,0.8315435491727377,False,True,True
11.5253,10min,0,3,17.118339271242743,0.4514243866638443,0.8315435491727377,False,True,True
11.8232,10min,0,3,17.118339271242743,0.4514243866638443,0.8315435491727377,False,True,True
12.1212,10min,0,3,17.118339271242743,0.4514243866638443,0.8315435491727377,False,True,True
12.4192,10min,0,3,17.118339271242743,0.4514243866638443,0.8315435491727377,False,True,True
12.7172,10min,0,3,17.118339271242743,0.4514243866638443,0.8315435491727377,False,True,True
13.0152,10min,0,3,17.118339271242743,0.4514243866638443,0.8315435491727377,False,True,True
13.3131,10min,0,3,17.118339271242743,0.4514243866638443,0.8315435491727377,False,True,True
13.6111,10min,0,3,17.118339271242743,0.4514243866638443,0.8315435491727377,False,True,True
13.9091,10min,0,3,17.118339271242743,0.4514243866638443,0.8315435491727377,False,True,True
14.2071,10min,0,3,17.118339271242743,0.4514243866638443,0.8315435491727377,False,True,True
14.5051,10min,0,3,17.118339271242743,0.4514243866638443,0.8315435491727377,False,True,True
14.803,10min,0,3,17.118339271242743,0.4514243866638443,0.8315435491727377,False,True,True
15.101,10min,0,2,12.684301076530415,0.5915537953468953,0.2667649878001407,False,True,True
15.399,10min,0,2,12.684301076530415,0.5915537953468953,0.2667649878001407,False,True,True
15.697,10min,0,2,12.684301076530415,0.5915537953468953,0.2667649878001407,False,True,True
15.9949,10min,0,2,12.684301076530415,0.5915537953468953,0.2667649878001407,False,True,True
16.2929,10min,0,2,12.684301076530415,0.5915537953468953,0.2667649878001407,False,True,True
16.5909,10min,0,2,12.684301076530415,0.5915537953468953,0.2667649878001407,False,True,True
16.8889,10min,0,2,12.684301076530415,0.5915537953468953,0.2667649878001407,False,True,True
17.1869,10min,0,2,12.684301076530415,0.5915537953468953,0.2667649878001407,False,True,True
17.4848,10min,0,2,12.684301076530415,0.5915537953468953,0.2667649878001407,False,True,True
17.7828,10min,0,2,12.684301076530415,0.5915537953468953,0.2667649878001407,False,True,True
18.0808,10min,0,2,12.684301076530415,0.5915537953468953,0.2667649878001407,False,True,True
18.3788,10min,0,2,12.684301076530415,0.5915537953468953,0.2667649878001407,False,True,True
18.6768,10min,0,2,12.684301076530415,0.5915537953468953,0.2667649878001407,False,True,True
18.9747,10min,0,2,12.684301076530415,0.5915537953468953,0.2667649878001407,False,True,True
19.2727,10min,0,2,12.684301076530415,0.5915537953468953,0.2667649878001407,False,True,True
19.5707,10min,0,2,12.684301076530415,0.5915537953468953,0.2667649878001407,False,True,True
19.8687,10min,0,2,12.684301076530415,0.5915537953468953,0.2667649878001407,False,True,True
20.1667,10min,0,2,12.684301076530415,0.5915537953468953,0.2667649878001407,False,True,True
20.4646,10min,0,2,12.684301076530415,0.5915537953468953,0.2667649878001407,False,True,True
20.7626,10min,0,2,12.684301076530415,0.5915537953468953,0.2667649878001407,False,True,True
21.0606,10min,0,2,12.684301076530415,0.5915537953468953,0.2667649878001407,False,True,True
21.3586,10min,0,2,12.684301076530415,0.5915537953468953,0.2667649878001407,False,True,True
21.6566,10min,0,2,12.684301076530415,0.5915537953468953,0.2667649878001407,False,True,True
21.9545,10min,0,2,12.684301076530415,0.5915537953468953,0.2667649878001407,False,True,True
22.2525,10min,0,2,12.684301076530415,0.5915537953468953,0.2667649878001407,False,True,True
22.5505,10min,0,2,12.684301076530415,0.5915537953468953,0.2667649878001407,False,True,True
22.8485,10min,0,2,12.684301076530415,0.5915537953468953,0.2667649878001407,False,True,True
23.1465,10min,0,2,12.684301076530415,0.5915537953468953,0.2667649878001407,False,True,True
23.4444,10min,0,2,12.684301076530415,0.5915537953468953,0.2667649878001407,False,True,True
23.7424,10min,0,2,12.684301076530415,0.5915537953468953,0.2667649878001407,False,True,True
24.0404,10min,0,2,12.684301076530415,0.5915537953468953,0.2667649878001407,False,True,True
24.3384,10min,0,2,12.684301076530415,0.5915537953468953,0.2667649878001407,False,True,True
24.6364,10min,0,2,12.684301076530415,0.5915537953468953,0.2667649878001407,False,True,True
24.9343,10min,0,2,12.684301076530415,0.5915537953468953,0.2667649878001407,False,True,True
25.2323,10min,0,2,12.684301076530415,0.5915537953468953,0.2667649878001407,False,True,True
25.5303,10min,0,2,12.684301076530415,0.5915537953468953,0.2667649878001407,False,True,True
25.8283,10min,0,2,12.684301076530415,0.5915537953468953,0.2667649878001407,False,True,True
26.1263,10min,0,2,12.684301076530415,0.5915537953468953,0.2667649878001407,False,True,True
26.4242,10min,0,2,12.684301076530415,0.5915537953468953,0.2667649878001407,False,True,True
26.7222,10min,0,2,12.684301076530415,0.5915537953468953,0.2667649878001407,False,True,True
27.0202,10min,0,2,12.684301076530415,0.5915537953468953,0.2667649878001407,False,True,True
27.3182,10min,0,2,12.684301076530415,0.5915537953468953,0.2667649878001407,False,True,True
27.6162,10min,0,2,12.684301076530415,0.5915537953468953,0.2667649878001407,False,True,True
27.9141,10min,0,2,12.684301076530415,0.5915537953468953,0.2667649878001407,False,True,True
28.2121,10min,0,2,12.684301076530415,0.5915537953468953,0.2667649878001407,False,True,True
28.5101,10min,0,2,12.684301076530415,0.5915537953468953,0.2667649878001407,False,True,True
28.8081,10min,0,2,12.684301076530415,0.5915537953468953,0.2667649878001407,False,True,True
29.1061,10min,0,2,12.684301076530415,0.5915537953468953,0.2667649878001407,False,True,True
29.404,10min,0,2,12.684301076530415,0.5915537953468953,0.2667649878001407,False,True,True
29.702,10min,0,2,12.684301076530415,0.5915537953468953,0.2667649878001407,False,True,True
30.0,10min,0,2,12.684301076530415,0.5915537953468953,0.2667649878001407,False,True,True
0.5,10min,1,22,0.0,0.0,4.459431618605558,True,False,False
0.798,10min,1,22,0.0,0.0,4.459431618605558,True,False,False
1.096,10min,1,22,0.0,0.0,4.459431618605558,True,False,False
1.3939,10min,1,22,0.0,0.0,4.459431618605558,True,False,False
1.6919,10min,1,22,0.0,0.0,4.459431618605558,True,False,False
1.9899,10min,1,22,0.0,0.0,4.459431618605558,True,False,False
2.2879,10min,1,22,0.0,0.0,4.459431618605558,True,False,False
2.5859,10min,1,22,0.0,0.0,4.459431618605558,True,False,False
2.8838,10min,1,22,0.0,0.0,4.459431618605558,True,False,False
3.1818,10min,1,22,0.0,0.0,4.459431618605558,True,False,False
3.4798,10min,1,21,90.96905273755462,0.04669581913399488,4.368522527697911,True,False,False
3.7778,10min,1,20,85.04449537327095,0.08419650198003156,4.277613436790262,True,False,False
4.0758,10min,1,20,85.04449537327095,0.08419650198003156,4.277613436790262,True,False,False
4.3737,10min,1,19,75.10523471376494,0.14478621274881565,4.186704345882614,True,False,False
4.6717,10min,1,19,75.10523471376494,0.14478621274881565,4.186704345882614,True,False,False
4.9697,10min,1,19,75.10523471376494,0.14478621274881565,4.186704345882614,True,False,False
5.2677,10min,1,19,75.10523471376494,0.14478621274881565,4.186704345882614,True,False,False
5.5657,10min,1,19,75.10523471376494,0.14478621274881565,4.186704345882614,True,False,False
5.8636,10min,1,17,42.100898885075885,0.17597941191348476,3.9705730957871594,True,False,False
6.1616,10min,1,17,42.100898885075885,0.17597941191348476,3.9705730957871594,True,False,False
6.4596,10min,1,16,41.846250701700036,0.21814118359439713,3.879664004879511,True,False,False
6.7576,10min,1,13,23.725567434585127,0.20775394647418735,3.4817145729673182,False,False,False
7.0556,10min,1,11,8.61445907858599,0.05611505255307964,2.8556037770239606,False,True,False
7.3535,10min,1,10,10.163067657629455,0.10371544942041218,2.7646946861163126,False,True,False
7.6515,10min,1,10,10.163067657629455,0.10371544942041218,2.7646946861163126,False,True,False
7.9495,10min,1,7,11.11706988598263,0.26876362930507647,2.1842612638540047,False,True,False
8.2475,10min,1,6,7.9525814058311575,0.2536976699724182,1.613824394350106,False,True,False
8.5455,10min,1,6,7.9525814058311575,0.2536976699724182,1.613824394350106,False,True,False
8.8434,10min,1,6,7.9525814058311575,0.2536976699724182,1.613824394350106,False,True,False
9.1414,10min,1,6,7.9525814058311575,0.2536976699724182,1.613824394350106,False,True,False
9.4394,10min,1,6,7.9525814058311575,0.2536976699724182,1.613824394350106,False,True,False
9.7374,10min,1,6,7.9525814058311575,0.2536976699724182,1.613824394350106,False,True,False
10.0354,10min,1,6,7.9525814058311575,0.2536976699724182,1.613824394350106,False,True,False
10.3333,10min,1,6,7.9525814058311575,0.2536976699724182,1.613824394350106,False,True,False
10.6313,10min,1,6,7.9525814058311575,0.2536976699724182,1.613824394350106,False,True,False
10.9293,10min,1,6,7.9525814058311575,0.2536976699724182,1.613824394350106,False,True,False
11.2273,10min,1,6,7.9525814058311575,0.2536976699724182,1.613824394350106,False,True,False
11.5253,10min,1,6,7.9525814058311575,0.2536976699724182,1.613824394350106,False,True,False
11.8232,10min,1,5,5.2990412437578795,0.15929002569212067,1.2100285140275489,False,True,False
12.1212,10min,1,5,5.2990412437578795,0.15929002569212067,1.2100285140275489,False,True,False
12.4192,10min,1,5,5.2990412437578795,0.15929002569212067,1.2100285140275489,False,True,False
12.7172,10min,1,5,5.2990412437578795,0.15929002569212067,1.2100285140275489,False,True,False
13.0152,10min,1,5,5.2990412437578795,0.15929002569212067,1.2100285140275489,False,True,False
13.3131,10min,1,5,5.2990412437578795,0.15929002569212067,1.2100285140275489,False,True,False
13.6111,10min,1,5,5.2990412437578795,0.15929002569212067,1.2100285140275489,False,True,False
13.9091,10min,1,4,5.141984666407856,0.19035691460615708,0.7907669479302482,False,True,False
14.2071,10min,1,4,5.141984666407856,0.19035691460615708,0.7907669479302482,False,True,False
14.5051,10min,1,4,5.141984666407856,0.19035691460615708,0.7907669479302482,False,True,False
14.803,10min,1,4,5.141984666407856,0.19035691460615708,0.7907669479302482,False,True,False
15.101,10min,1,4,5.141984666407856,0.19035691460615708,0.7907669479302482,False,True,False
15.399,10min,1,4,5.141984666407856,0.19035691460615708,0.7907669479302482,False,True,False
15.697,10min,1,4,5.141984666407856,0.19035691460615708,0.7907669479302482,False,True,False
15.9949,10min,1,4,5.141984666407856,0.19035691460615708,0.7907669479302482,False,True,False
16.2929,10min,1,4,5.141984666407856,0.19035691460615708,0.7907669479302482,False,True,False
16.5909,10min,1,4,5.141984666407856,0.19035691460615708,0.7907669479302482,False,True,False
16.8889,10min,1,4,5.141984666407856,0.19035691460615708,0.7907669479302482,False,True,False
17.1869,10min,1,4,5.141984666407856,0.19035691460615708,0.7907669479302482,False,True,False
17.4848,10min,1,4,5.141984666407856,0.19035691460615708,0.7907669479302482,False,True,False
17.7828,10min,1,3,3.8529594821782727,0.19156202145979934,0.5304060778262762,False,True,True
18.0808,10min,1,3,3.8529594821782727,0.19156202145979934,0.5304060778262762,False,True,True
18.3788,10min,1,3,3.8529594821782727,0.19156202145979934,0.5304060778262762,False,True,True
18.6768,10min,1,3,3.8529594821782727,0.19156202145979934,0.5304060778262762,False,True,True
18.9747,10min,1,3,3.8529594821782727,0.19156202145979934,0.5304060778262762,False,True,True
19.2727,10min,1,3,3.8529594821782727,0.19156202145979934,0.5304060778262762,False,True,True
19.5707,10min,1,3,3.8529594821782727,0.19156202145979934,0.5304060778262762,False,True,True
19.8687,10min,1,3,3.8529594821782727,0.19156202145979934,0.5304060778262762,False,True,True
20.1667,10min,1,2,3.40819743181143,0.32240503762220296,0.2667649878001407,False,True,True
20.4646,10min,1,2,3.40819743181143,0.32240503762220296,0.2667649878001407,False,True,True
20.7626,10min,1,2,3.40819743181143,0.32240503762220296,0.2667649878001407,False,True,True
21.0606,10min,1,2,3.40819743181143,0.32240503762220296,0.2667649878001407,False,True,True
21.3586,10min,1,2,3.40819743181143,0.32240503762220296,0.2667649878001407,False,True,True
21.6566,10min,1,2,3.40819743181143,0.32240503762220296,0.2667649878001407,False,True,True
21.9545,10min,1,2,3.40819743181143,0.32240503762220296,0.2667649878001407,False,True,True
22.2525,10min,1,2,3.40819743181143,0.32240503762220296,0.2667649878001407,False,True,True
22.5505,10min,1,2,3.40819743181143,0.32240503762220296,0.2667649878001407,False,True,True
22.8485,10min,1,2,3.40819743181143,0.32240503762220296,0.2667649878001407,False,True,True
23.1465,10min,1,2,3.40819743181143,0.32240503762220296,0.2667649878001407,False,True,True
23.4444,10min,1,1,0.0,0.0,-1.4428232973175175e-12,False,False,True
23.7424,10min,1,1,0.0,0.0,-1.4428232973175175e-12,False,False,True
24.0404,10min,1,1,0.0,0.0,-1.4428232973175175e-12,False,False,True
24.3384,10min,1,1,0.0,0.0,-1.4428232973175175e-12,False,False,True
24.6364,10min,1,1,0.0,0.0,-1.4428232973175175e-12,False,False,True
24.9343,10min,1,1,0.0,0.0,-1.4428232973175175e-12,False,False,True
25.2323,10min,1,1,0.0,0.0,-1.4428232973175175e-12,False,False,True
25.5303,10min,1,1,0.0,0.0,-1.4428232973175175e-12,False,False,True
25.8283,10min,1,1,0.0,0.0,-1.4428232973175175e-12,False,False,True
26.1263,10min,1,1,0.0,0.0,-1.4428232973175175e-12,False,False,True
26.4242,10min,1,1,0.0,0.0,-1.4428232973175175e-12,False,False,True
26.7222,10min,1,1,0.0,0.0,-1.4428232973175175e-12,False,False,True
27.0202,10min,1,1,0.0,0.0,-1.4428232973175175e-12,False,False,True
27.3182,10min,1,1,0.0,0.0,-1.4428232973175175e-12,False,False,True
27.6162,10min,1,1,0.0,0.0,-1.4428232973175175e-12,False,False,True
27.9141,10min,1,1,0.0,0.0,-1.4428232973175175e-12,False,False,True
28.2121,10min,1,1,0.0,0.0,-1.4428232973175175e-12,False,False,True
28.5101,10min,1,1,0.0,0.0,-1.4428232973175175e-12,False,False,True
28.8081,10min,1,1,0.0,0.0,-1.4428232973175175e-12,False,False,True
29.1061,10min,1,1,0.0,0.0,-1.4428232973175175e-12,False,False,True
29.404,10min,1,1,0.0,0.0,-1.4428232973175175e-12,False,False,True
29.702,10min,1,1,0.0,0.0,-1.4428232973175175e-12,False,False,True
30.0,10min,1,1,0.0,0.0,-1.4428232973175175e-12,False,False,True
0.5,10min,2,22,0.0,0.0,4.459431618605558,True,False,False
0.798,10min,2,22,0.0,0.0,4.459431618605558,True,False,False
1.096,10min,2,22,0.0,0.0,4.459431618605558,True,False,False
1.3939,10min,2,21,889.5088301563009,0.05851222298038703,4.368522527697911,True,False,False
1.6919,10min,2,21,889.5088301563009,0.05851222298038703,4.368522527697911,True,False,False
1.9899,10min,2,20,534.0971606499335,0.11322081393422878,4.277613436790262,True,False,False
2.2879,10min,2,20,534.0971606499335,0.11322081393422878,4.277613436790262,True,False,False
2.5859,10min,2,20,534.0971606499335,0.11322081393422878,4.277613436790262,True,False,False
2.8838,10min,2,19,206.98066900814638,0.11829024704588141,4.152391277602456,True,False,False
3.1818,10min,2,19,206.98066900814638,0.11829024704588141,4.152391277602456,True,False,False
3.4798,10min,2,19,206.98066900814638,0.11829024704588141,4.152391277602456,True,False,False
3.7778,10min,2,18,167.63521617221423,0.16251084685787054,4.061482186694808,True,False,False
4.0758,10min,2,17,113.13700557671524,0.1680912982791218,3.936260027507002,True,False,False
4.3737,10min,2,15,102.37370627768914,0.2581887705298136,3.697845823062772,True,False,False
4.6717,10min,2,15,102.37370627768914,0.2581887705298136,3.697845823062772,True,False,False
4.9697,10min,2,14,50.247129807951644,0.22277652216851127,3.3843641434169536,False,False,False
5.2677,10min,2,14,50.247129807951644,0.22277652216851127,3.3843641434169536,False,False,False
5.5657,10min,2,13,54.94544104462746,0.2734895776984938,3.293455052509305,False,False,False
5.8636,10min,2,13,54.94544104462746,0.2734895776984938,3.293455052509305,False,False,False
6.1616,10min,2,13,54.94544104462746,0.2734895776984938,3.293455052509305,False,False,False
6.4596,10min,2,12,37.07714410058036,0.27329034375365696,2.9808259362117666,False,True,False
6.7576,10min,2,12,37.07714410058036,0.27329034375365696,2.9808259362117666,False,True,False
7.0556,10min,2,12,37.07714410058036,0.27329034375365696,2.9808259362117666,False,True,False
7.3535,10min,2,12,37.07714410058036,0.27329034375365696,2.9808259362117666,False,True,False
7.6515,10min,2,12,37.07714410058036,0.27329034375365696,2.9808259362117666,False,True,False
7.9495,10min,2,11,27.810790588718532,0.3006191479134314,2.7676461209453542,False,True,False
8.2475,10min,2,10,31.18115331026959,0.32303583072912034,2.676737030037706,False,True,False
8.5455,10min,2,9,31.72539986337754,0.3837076149204211,2.5515148708499,False,True,False
8.8434,10min,2,9,31.72539986337754,0.3837076149204211,2.5515148708499,False,True,False
9.1414,10min,2,9,31.72539986337754,0.3837076149204211,2.5515148708499,False,True,False
9.4394,10min,2,8,19.25151594786167,0.35298982828456443,2.1969571863158768,False,True,False
9.7374,10min,2,8,19.25151594786167,0.35298982828456443,2.1969571863158768,False,True,False
10.0354,10min,2,8,19.25151594786167,0.35298982828456443,2.1969571863158768,False,True,False
10.3333,10min,2,6,23.154264680584387,0.38539159152769203,1.9242299135914895,False,True,False
10.6313,10min,2,5,9.343037188757108,0.2666359825392088,1.432006212533367,False,True,False
10.9293,10min,2,5,9.343037188757108,0.2666359825392088,1.432006212533367,False,True,False
11.2273,10min,2,4,9.927110291664043,0.3211196285690152,1.1867043459042537,False,True,False
11.5253,10min,2,4,9.927110291664043,0.3211196285690152,1.1867043459042537,False,True,False
11.8232,10min,2,4,9.927110291664043,0.3211196285690152,1.1867043459042537,False,True,False
12.1212,10min,2,4,9.927110291664043,0.3211196285690152,1.1867043459042537,False,True,False
12.4192,10min,2,4,9.927110291664043,0.3211196285690152,1.1867043459042537,False,True,False
12.7172,10min,2,4,9.927110291664043,0.3211196285690152,1.1867043459042537,False,True,False
13.0152,10min,2,4,9.927110291664043,0.3211196285690152,1.1867043459042537,False,True,False
13.3131,10min,2,4,9.927110291664043,0.3211196285690152,1.1867043459042537,False,True,False
13.6111,10min,2,4,9.927110291664043,0.3211196285690152,1.1867043459042537,False,True,False
13.9091,10min,2,4,9.927110291664043,0.3211196285690152,1.1867043459042537,False,True,False
14.2071,10min,2,3,5.315811061892587,0.19104904723046093,0.5304060778262762,False,True,True
14.5051,10min,2,3,5.315811061892587,0.19104904723046093,0.5304060778262762,False,True,True
14.803,10min,2,3,5.315811061892587,0.19104904723046093,0.5304060778262762,False,True,True
15.101,10min,2,3,5.315811061892587,0.19104904723046093,0.5304060778262762,False,True,True
15.399,10min,2,3,5.315811061892587,0.19104904723046093,0.5304060778262762,False,True,True
15.697,10min,2,3,5.315811061892587,0.19104904723046093,0.5304060778262762,False,True,True
15.9949,10min,2,3,5.315811061892587,0.19104904723046093,0.5304060778262762,False,True,True
16.2929,10min,2,3,5.315811061892587,0.19104904723046093,0.5304060778262762,False,True,True
16.5909,10min,2,3,5.315811061892587,0.19104904723046093,0.5304060778262762,False,True,True
16.8889,10min,2,3,5.315811061892587,0.19104904723046093,0.5304060778262762,False,True,True
17.1869,10min,2,3,5.315811061892587,0.19104904723046093,0.5304060778262762,False,True,True
17.4848,10min,2,3,5.315811061892587,0.19104904723046093,0.5304060778262762,False,True,True
17.7828,10min,2,3,5.315811061892587,0.19104904723046093,0.5304060778262762,False,True,True
18.0808,10min,2,2,6.906473365096624,0.4601948274062588,0.2667649878001407,False,True,True
18.3788,10min,2,2,6.906473365096624,0.4601948274062588,0.2667649878001407,False,True,True
18.6768,10min,2,2,6.906473365096624,0.4601948274062588,0.2667649878001407,False,True,True
18.9747,10min,2,2,6.906473365096624,0.4601948274062588,0.2667649878001407,False,True,True
19.2727,10min,2,2,6.906473365096624,0.4601948274062588,0.2667649878001407,False,True,True
19.5707,10min,2,2,6.906473365096624,0.4601948274062588,0.2667649878001407,False,True,True
19.8687,10min,2,2,6.906473365096624,0.4601948274062588,0.2667649878001407,False,True,True
20.1667,10min,2,2,6.906473365096624,0.4601948274062588,0.2667649878001407,False,True,True
20.4646,10min,2,2,6.906473365096624,0.4601948274062588,0.2667649878001407,False,True,True
20.7626,10min,2,2,6.906473365096624,0.4601948274062588,0.2667649878001407,False,True,True
21.0606,10min,2,2,6.906473365096624,0.4601948274062588,0.2667649878001407,False,True,True
21.3586,10min,2,2,6.906473365096624,0.4601948274062588,0.2667649878001407,False,True,True
21.6566,10min,2,2,6.906473365096624,0.4601948274062588,0.2667649878001407,False,True,True
21.9545,10min,2,2,6.906473365096624,0.4601948274062588,0.2667649878001407,False,True,True
22.2525,10min,2,2,6.906473365096624,0.4601948274062588,0.2667649878001407,False,True,True
22.5505,10min,2,2,6.906473365096624,0.4601948274062588,0.2667649878001407,False,True,True
22.8485,10min,2,2,6.906473365096624,0.4601948274062588,0.2667649878001407,False,True,True
23.1465,10min,2,2,6.906473365096624,0.4601948274062588,0.2667649878001407,False,True,True
23.4444,10min,2,2,6.906473365096624,0.4601948274062588,0.2667649878001407,False,True,True
23.7424,10min,2,2,6.906473365096624,0.4601948274062588,0.2667649878001407,False,True,True
24.0404,10min,2,2,6.906473365096624,0.4601948274062588,0.2667649878001407,False,True,True
24.3384,10min,2,2,6.906473365096624,0.4601948274062588,0.2667649878001407,False,True,True
24.6364,10min,2,2,6.906473365096624,0.4601948274062588,0.2667649878001407,False,True,True
24.9343,10min,2,2,6.906473365096624,0.4601948274062588,0.2667649878001407,False,True,True
25.2323,10min,2,2,6.906473365096624,0.4601948274062588,0.2667649878001407,False,True,True
25.5303,10min,2,2,6.906473365096624,0.4601948274062588,0.2667649878001407,False,True,True
25.8283,10min,2,2,6.906473365096624,0.4601948274062588,0.2667649878001407,False,True,True
26.1263,10min,2,2,6.906473365096624,0.4601948274062588,0.2667649878001407,False,True,True
26.4242,10min,2,2,6.906473365096624,0.4601948274062588,0.2667649878001407,False,True,True
26.7222,10min,2,2,6.906473365096624,0.4601948274062588,0.2667649878001407,False,True,True
27.0202,10min,2,2,6.906473365096624,0.4601948274062588,0.2667649878001407,False,True,True
27.3182,10min,2,2,6.906473365096624,0.4601948274062588,0.2667649878001407,False,True,True
27.6162,10min,2,2,6.906473365096624,0.4601948274062588,0.2667649878001407,False,True,True
27.9141,10min,2,2,6.906473365096624,0.4601948274062588,0.2667649878001407,False,True,True
28.2121,10min,2,1,0.0,0.0,-1.4428232973175175e-12,False,False,True
28.5101,10min,2,1,0.0,0.0,-1.4428232973175175e-12,False,False,True
28.8081,10min,2,1,0.0,0.0,-1.4428232973175175e-12,False,False,True
29.1061,10min,2,1,0.0,0.0,-1.4428232973175175e-12,False,False,True
29.404,10min,2,1,0.0,0.0,-1.4428232973175175e-12,False,False,True
29.702,10min,2,1,0.0,0.0,-1.4428232973175175e-12,False,False,True
30.0,10min,2,1,0.0,0.0,-1.4428232973175175e-12,False,False,True
